Date,gross_revenue,net_revenue,COGS
2012-07-04,5123547.94,4968762.12,3982991.19
2012-07-05,2751773.45,2520721.79,2150580.23
2012-07-06,3054029.42,2646490.5500000003,2517632.84
2012-07-07,2667930.94,2337896.96,2108246.62
2012-07-08,2360851.9,2199273.37,1808622.79
2012-07-09,3548386.46,2909927.18,2787841.68
2012-07-10,5234938.62,4809139.38,4044438.84
2012-07-11,5582884.78,5279686.05,4338313.07
2012-07-12,5734632.02,5418901.4,4458811.27
2012-07-13,5309511.71,4767890.64,4143402.78
2012-07-14,3820831.41,3467004.08,3075464.87
2012-07-15,3948841.28,3611558.93,3154482.05
2012-07-16,3503801.49,3304298.02,2708219.59
2012-07-17,4476729.49,4009144.84,3463061.65
2012-07-18,5184141.46,4616731.78,4072012.16
2012-07-19,6421487.11,5833266.12,5007270.91
2012-07-20,5171470.46,4715258.79,4213989.64
2012-07-21,3442157.02,3092301.9,2746075.45
2012-07-22,3117550.57,2871623.47,2531656.38
2012-07-23,4730517.69,4557857.42,3685006.66
2012-07-24,4096496.12,3664854.9899999998,3248450.65
2012-07-25,5246688.08,4809259.03,4140019.37
2012-07-26,5851965.06,5084409.2700000005,4579171.74
2012-07-27,5156699.45,4617829.51,3989402.2
2012-07-28,4326956.84,4007323.09,3403662.59
2012-07-29,4804199.65,4367596.82,3819645.91
2012-07-30,6586130.95,6042464.3,5195109.56
2012-07-31,9151622.14,8127128.82,7142891.18
2012-08-01,9148357.3,8174939.25,7308514.33
2012-08-02,9692427.0,8795861.97,7537501.15
2012-08-03,9297269.95,8470204.92,7118808.46
2012-08-04,6384195.03,5642879.11,5087528.11
2012-08-05,2359224.19,2162529.26,1863413.11
2012-08-06,3630003.7,3342726.45,2922718.71
2012-08-07,2240253.44,1880483.96,1781265.84
2012-08-08,2617553.36,2213952.45,1997006.42
2012-08-09,4478691.52,4037002.9,3621672.71
2012-08-10,3412496.65,2919365.39,2699279.56
2012-08-11,2732604.35,2517011.44,2168668.05
2012-08-12,3388181.83,3183954.64,2654275.25
2012-08-13,3928170.01,3559008.94,3189564.96
2012-08-14,4033912.16,3797425.58,3258198.58
2012-08-15,3780293.26,3617629.73,2886923.59
2012-08-16,5249978.18,4532660.34,4222455.97
2012-08-17,4089284.05,3848204.64,3238908.92
2012-08-18,3450015.71,3364468.95,2808916.94
2012-08-19,3904300.93,3722884.48,3006801.4
2012-08-20,3541027.32,3288180.06,2827038.81
2012-08-21,4147483.23,3703326.67,3364364.64
2012-08-22,4597682.81,4089522.06,3562468.33
2012-08-23,5478869.55,5095471.6899999995,4195738.04
2012-08-24,4637850.57,4038337.96,3632210.67
2012-08-25,3589566.28,3153324.91,2784342.75
2012-08-26,4280204.53,3942667.39,3476942.48
2012-08-27,3038895.84,2840663.96,2365260.68
2012-08-28,9508676.62,8539277.55,7439851.59
2012-08-29,9260558.32,8315612.42,7336294.54
2012-08-30,10086534.1,8895019.51,7950911.72
2012-08-31,9104678.52,8033889.92,7277460.12
2012-09-01,8560208.92,7791131.42,6738335.17
2012-09-02,2587099.44,2329542.22,1946097.28
2012-09-03,3865505.01,3478710.92,3063431.08
2012-09-04,3645749.44,3368596.8,2876968.79
2012-09-05,2398185.51,2026742.3699999999,1966376.48
2012-09-06,2858227.37,2554299.5,2147909.96
2012-09-07,3282753.8,2888642.57,2580035.06
2012-09-08,3666204.89,3324858.12,2804001.32
2012-09-09,4458501.42,4244460.64,3589475.8
2012-09-10,4548962.79,4403460.78,3517300.88
2012-09-11,4021565.55,3661253.41,3264364.41
2012-09-12,3335978.29,3110224.81,2673690.65
2012-09-13,2609609.29,2480038.5500000003,2103806.97
2012-09-14,3729228.43,3465463.26,2835412.27
2012-09-15,3605125.64,3246720.74,2849539.9
2012-09-16,4452012.44,3973515.84,3561492.95
2012-09-17,4811788.67,4414053.81,3932069.23
2012-09-18,5078878.07,4616899.91,4123200.89
2012-09-19,3680241.62,3265670.1,3014323.76
2012-09-20,3763143.75,3366339.21,3080273.62
2012-09-21,3943768.14,3572914.11,2978697.93
2012-09-22,3872374.03,3400073.71,3011266.74
2012-09-23,4118299.54,3847605.46,3294951.2
2012-09-24,5733263.53,5152723.94,4585762.62
2012-09-25,5639897.53,5274143.24,4502395.62
2012-09-26,4592282.59,4208090.79,3670417.04
2012-09-27,7556892.66,6634283.39,6017108.13
2012-09-28,4892631.14,4551956.57,3884590.92
2012-09-29,5304374.46,4761522.13,4170120.63
2012-09-30,4694379.86,4142506.6,3812737.52
2012-10-01,4752532.1,4488336.87,3764447.04
2012-10-02,3233135.78,3084402.47,2566510.62
2012-10-03,3515132.03,3192461.71,2762823.63
2012-10-04,2398137.74,2153229.07,1902425.74
2012-10-05,2665953.06,2284146.06,2064899.19
2012-10-06,2205266.94,1982291.51,1755004.4
2012-10-07,3389598.07,3133079.04,2725469.75
2012-10-08,4037039.45,3759085.63,3285493.04
2012-10-09,4298675.76,3860828.3000000003,3472700.63
2012-10-10,3548716.67,3361842.98,2839202.59
2012-10-11,3421490.39,3313424.78,2765374.16
2012-10-12,2380119.87,2199769.9,1830898.15
2012-10-13,2798011.44,2449317.31,2256579.15
2012-10-14,3055629.78,2925149.53,2516987.32
2012-10-15,3234517.3,2843707.36,2632811.8
2012-10-16,3549298.21,3358731.37,2763325.25
2012-10-17,3818048.0,3617752.42,3108682.75
2012-10-18,2909728.89,2499713.53,2301277.14
2012-10-19,2877379.81,2735640.48,2352068.71
2012-10-20,3242557.3,2752979.28,2647331.71
2012-10-21,2395609.91,2313835.61,1920246.47
2012-10-22,3596158.34,3172395.85,2873316.18
2012-10-23,3999141.88,3565477.75,3151858.27
2012-10-24,3829179.99,3514652.54,3037851.31
2012-10-25,3104460.52,2953050.91,2528526.7
2012-10-26,2138927.17,1998675.15,1671777.12
2012-10-27,2816872.34,2603690.9,2296869.06
2012-10-28,6259883.83,5696526.42,5044146.85
2012-10-29,5424539.1,5049224.9,4294440.71
2012-10-30,6347274.89,5763435.83,5049887.71
2012-10-31,4942677.89,4303075.27,3871571.88
2012-11-01,5536748.35,5023503.6,4440955.34
2012-11-02,1936831.08,1635569.9,1547786.14
2012-11-03,2911848.61,2850963.39,2151815.97
2012-11-04,2658832.75,2266111.0,2131401.7
2012-11-05,3332448.46,2786705.92,2732792.99
2012-11-06,3439495.01,3067553.1,2809375.18
2012-11-07,1969815.91,1740293.15,1538155.1
2012-11-08,2197716.17,2006103.21,1723412.77
2012-11-09,2920310.06,2531544.67,2308918.6
2012-11-10,3124993.27,2823595.47,2475389.25
2012-11-11,3484874.3,3211795.34,2713727.18
2012-11-12,3806978.06,3541770.9499999997,3077336.49
2012-11-13,3848498.06,3703868.04,3048755.92
2012-11-14,3213518.64,2864544.01,2550177.92
2012-11-15,2996358.37,2630938.66,2282178.26
2012-11-16,2851503.98,2680033.3,2255928.16
2012-11-17,3258479.4,2828903.31,2499839.57
2012-11-18,3292697.97,2788229.71,2632996.71
2012-11-19,4654711.93,3816777.97,3714724.53
2012-11-20,3532139.01,3043724.69,2841184.71
2012-11-21,3144567.59,2997196.19,2465022.82
2012-11-22,2661394.83,2320968.27,2082526.75
2012-11-23,3625609.77,3386061.67,2879673.14
2012-11-24,2283866.51,2023923.48,1759438.38
2012-11-25,2891169.43,2697881.36,2288045.69
2012-11-26,3626699.25,3358494.82,2942841.67
2012-11-27,4703189.22,4011912.34,3751057.26
2012-11-28,3980270.66,3407899.71,3143037.5
2012-11-29,3116036.61,2775690.02,2564940.27
2012-11-30,3184691.98,2915111.55,2466641.44
2012-12-01,3064822.76,2819833.9699999997,2435991.34
2012-12-02,1765509.34,1610471.8800000001,1464812.23
2012-12-03,2315389.05,2097959.71,1807129.65
2012-12-04,2382954.42,2151723.52,1864688.02
2012-12-05,2286277.45,2097440.59,1849992.69
2012-12-06,2733678.5,2318725.62,2184618.1
2012-12-07,2065198.04,1950101.74,1633326.72
2012-12-08,2087384.34,1906435.28,1719369.91
2012-12-09,2430122.78,2081785.55,1883727.02
2012-12-10,2542389.69,2363031.4,2015472.58
2012-12-11,3699430.17,3446797.29,3001083.16
2012-12-12,4386420.92,4029197.51,3545221.89
2012-12-13,2326824.81,2108377.0300000003,1839144.84
2012-12-14,2659317.57,2354824.14,2101555.8
2012-12-15,3385542.75,3135959.86,2693057.28
2012-12-16,3484853.43,3181493.11,2706611.68
2012-12-17,4281691.85,3874794.52,3433745.61
2012-12-18,4394537.67,3961001.84,3473710.24
2012-12-19,3785472.73,3659971.12,3004383.53
2012-12-20,3905985.95,3467810.85,3132486.67
2012-12-21,3966203.09,3452449.77,3174444.37
2012-12-22,3225123.87,2823824.74,2559516.54
2012-12-23,2151580.15,2073363.23,1770780.57
2012-12-24,3297376.6,3059865.84,2599138.83
2012-12-25,4917024.98,4575063.61,3856446.89
2012-12-26,3285221.25,3142409.04,2658633.45
2012-12-27,4994041.71,4613297.65,3924374.73
2012-12-28,8573663.31,8072455.15,6682336.48
2012-12-29,7842913.37,6888083.21,6260959.87
2012-12-30,6511908.92,5759234.86,5180121.12
2012-12-31,5573749.22,5139199.46,4432224.44
2013-01-01,5304546.99,4763062.61,4156070.2
2013-01-02,1606940.44,1499824.58,1237497.84
2013-01-03,2281680.01,2095453.38,1832133.02
2013-01-04,2376895.46,1981929.03,1940747.07
2013-01-05,2509462.77,2309833.31,1977027.71
2013-01-06,2603356.52,2361732.55,2060481.76
2013-01-07,3048100.39,2819378.43,2452517.39
2013-01-08,2449700.42,2281624.17,1973182.14
2013-01-09,2049715.7,1925572.02,1654806.5
2013-01-10,2794331.46,2565424.75,2122153.07
2013-01-11,2343077.25,2146422.03,1805692.13
2013-01-12,2814596.53,2593779.29,2241879.07
2013-01-13,2919719.62,2737434.1,2279740.92
2013-01-14,3077677.28,2898967.67,2477490.97
2013-01-15,2536405.93,2390470.44,2094291.34
2013-01-16,1849789.43,1720934.85,1445623.48
2013-01-17,2173214.95,1796355.1199999999,1763012.0
2013-01-18,2099249.56,1790167.51,1615535.57
2013-01-19,2477132.79,2091227.95,2033637.15
2013-01-20,2522776.58,2263090.54,2018671.04
2013-01-21,4100379.42,3894107.4,3250868.59
2013-01-22,3538734.12,3337142.71,2801650.02
2013-01-23,2836455.88,2624437.21,2322088.98
2013-01-24,2522924.71,2309621.64,2102458.71
2013-01-25,2823082.71,2682340.5,2273250.41
2013-01-26,2312290.79,2214387.12,1869897.73
2013-01-27,3818881.29,3684939.46,3023842.24
2013-01-28,5008712.77,4436525.24,4035190.91
2013-01-29,4833870.43,4500184.64,4015854.7
2013-01-30,4296295.37,4163624.44,3414688.28
2013-01-31,3378679.46,2993769.79,2731823.14
2013-02-01,4073777.92,3465622.48,3289266.58
2013-02-02,2351969.75,2240239.03,1915236.16
2013-02-03,2743224.75,2474871.72,2293960.05
2013-02-04,3599084.22,3247612.1,2986552.92
2013-02-05,3829186.14,3344142.4899999998,3181079.49
2013-02-06,2313071.08,2009732.95,1919077.04
2013-02-07,2839296.13,2562569.58,2338660.54
2013-02-08,2648161.4,2350419.0,2136088.4
2013-02-09,2957587.36,2643343.32,2354253.06
2013-02-10,3380985.73,2890965.79,2832001.18
2013-02-11,4189315.44,3790210.87,3426089.62
2013-02-12,3967295.55,3294064.04,3276616.25
2013-02-13,3156812.35,2849788.25,2628245.52
2013-02-14,3286622.13,2918034.96,2725794.93
2013-02-15,2860640.37,2598758.0100000002,2293142.09
2013-02-16,3339909.75,2953832.0,2755975.45
2013-02-17,3433567.61,2853658.34,2907659.44
2013-02-18,4473211.04,4026481.31,3823113.82
2013-02-19,4318301.23,4009644.4699999997,3421155.04
2013-02-20,3392471.04,2898299.25,2787089.48
2013-02-21,3412803.18,2807642.67,2676550.95
2013-02-22,3535377.38,3242472.2199999997,2908690.59
2013-02-23,4286140.45,3396683.25,3439856.85
2013-02-24,5419232.89,4745132.86,4431878.1
2013-02-25,9128225.25,7823006.6,7430696.94
2013-02-26,6762535.71,5666748.46,5653323.87
2013-02-27,5716765.68,4945138.85,4880975.48
2013-02-28,4367566.41,3777390.65,3573846.75
2013-03-01,2693901.21,2451177.95,2256905.73
2013-03-02,279813.94,234946.90000000002,236576.31
2013-03-03,1959484.08,1729136.02,1505793.8
2013-03-04,1412869.43,1278365.41,1130489.5
2013-03-05,2440470.72,2263662.05,1954056.55
2013-03-06,3247761.18,2683418.22,2622451.1
2013-03-07,4017685.67,3588977.38,3191424.08
2013-03-08,3622255.55,2967102.38,2838056.23
2013-03-09,3263371.09,2788124.33,2560913.71
2013-03-10,3510986.19,3174914.95,2877727.07
2013-03-11,3242639.13,3091630.73,2568418.97
2013-03-12,3660190.99,3424584.0,2853606.73
2013-03-13,4335373.37,3748751.54,3463021.54
2013-03-14,6692797.3,5585573.3,5359353.2
2013-03-15,5330057.69,4945629.66,4206775.58
2013-03-16,3591734.21,3340945.94,2762570.88
2013-03-17,4401297.64,3902709.49,3565497.63
2013-03-18,4567013.37,3895285.31,3743618.37
2013-03-19,4645433.62,3959124.26,3929520.42
2013-03-20,4992105.19,4301249.16,4308112.41
2013-03-21,7355693.45,6230037.97,6496769.78
2013-03-22,6603332.26,5282875.0,6021167.98
2013-03-23,6009508.61,4595174.94,5393148.03
2013-03-24,5088153.2,4109501.4899999998,4610104.28
2013-03-25,4694308.82,3816211.84,4169990.65
2013-03-26,5731432.22,4676215.48,5192620.7
2013-03-27,6872130.59,5540798.9799999995,6081507.57
2013-03-28,8099154.93,6683225.36,7239463.63
2013-03-29,8381683.44,6893845.16,7644413.84
2013-03-30,11636994.38,9350981.93,10600188.31
2013-03-31,9455023.8,7679622.2,8513517.85
2013-04-01,10313848.23,7797419.37,9188774.52
2013-04-02,8250013.05,6464913.95,7374699.1
2013-04-03,8740749.51,7062280.78,7769943.74
2013-04-04,4270660.8,3631943.75,3779960.51
2013-04-05,3073716.42,2130763.7,2637291.44
2013-04-06,3663196.56,2949772.8,3221790.63
2013-04-07,2924734.26,2140936.44,2598895.09
2013-04-08,4670874.28,3526090.64,4351446.44
2013-04-09,4293257.18,3367075.92,3845242.09
2013-04-10,6011834.78,4871182.24,5327749.04
2013-04-11,4244755.76,3529501.39,3794688.65
2013-04-12,4282161.81,3465188.79,3850989.97
2013-04-13,5214391.75,4318250.06,4691901.42
2013-04-14,4506492.03,3759134.42,3873550.82
2013-04-15,5167610.5,4464707.24,4514315.72
2013-04-16,5887221.88,5340204.5,4755791.57
2013-04-17,8104639.53,7396093.62,6617328.78
2013-04-18,6536742.64,6013299.57,5253454.75
2013-04-19,5871312.85,5597943.75,4657092.08
2013-04-20,6012115.71,5487288.58,4722140.67
2013-04-21,6323547.99,5805972.87,5021941.78
2013-04-22,7292352.56,6782113.86,5866886.82
2013-04-23,8757473.08,7977303.12,6907927.03
2013-04-24,9358565.61,8378711.94,7286897.36
2013-04-25,9127283.0,8458468.4,7206948.14
2013-04-26,6156392.84,5689555.22,4860244.05
2013-04-27,6420235.09,5950996.18,5103697.51
2013-04-28,9099343.31,7811513.7,7234100.22
2013-04-29,13160942.22,11903277.85,10423989.71
2013-04-30,11190466.86,9867167.67,8842281.65
2013-05-01,13051232.31,12014078.07,10395426.51
2013-05-02,11179665.29,10206446.86,8989067.99
2013-05-03,8173550.12,7255362.0,6507576.59
2013-05-04,3225175.57,2944900.15,2586608.79
2013-05-05,3906711.0,3467929.18,3268319.42
2013-05-06,4311626.38,4036490.29,3384442.35
2013-05-07,3763332.37,3497715.98,3079887.85
2013-05-08,5458168.5,4791346.16,4267785.48
2013-05-09,5815611.07,5209165.67,4647084.74
2013-05-10,4248246.45,3962100.89,3392369.6
2013-05-11,4388803.6,4165865.65,3347274.34
2013-05-12,4298069.68,4087768.55,3423974.02
2013-05-13,4663488.62,4012434.65,3677688.54
2013-05-14,5622176.45,5063370.19,4515976.68
2013-05-15,6416011.44,5544997.32,5136196.06
2013-05-16,7727680.05,7101388.23,6101584.58
2013-05-17,6520355.77,5865937.89,5213542.1
2013-05-18,5126131.05,4826310.89,4165368.61
2013-05-19,5417543.03,4880765.11,4323889.4
2013-05-20,5837064.06,5270665.16,4872375.63
2013-05-21,5156527.79,4450833.01,4086850.49
2013-05-22,6977473.78,6468736.76,5617374.39
2013-05-23,9166919.02,8451169.62,7150676.62
2013-05-24,6670030.19,6061197.61,5242528.96
2013-05-25,5054594.94,4493067.9,3916382.21
2013-05-26,3649585.05,3270014.05,2889501.26
2013-05-27,4403026.04,3849642.77,3471897.02
2013-05-28,6274027.61,5515046.16,4977411.59
2013-05-29,7359639.59,6530196.2,5841803.19
2013-05-30,12828293.48,11569991.52,10036927.65
2013-05-31,13809349.18,12562327.0,11231361.14
2013-06-01,13162597.88,12094490.92,10314262.16
2013-06-02,12079925.72,11162126.66,9610953.04
2013-06-03,9411997.25,8578581.66,7525850.2
2013-06-04,5397308.75,5126270.83,4297393.33
2013-06-05,6860958.96,6405227.05,5505167.85
2013-06-06,5692902.11,5310521.77,4632206.37
2013-06-07,3843507.28,3306550.43,2986865.05
2013-06-08,3646959.35,3418620.63,2897196.14
2013-06-09,3880132.51,3529891.2600000002,3070545.08
2013-06-10,4476887.83,4192508.83,3582347.82
2013-06-11,5003847.86,4549138.78,3903592.44
2013-06-12,7209020.15,6374329.2,5796177.46
2013-06-13,6845836.24,5774278.84,5559998.61
2013-06-14,4871516.57,4303020.32,3975403.65
2013-06-15,5166292.57,4789890.08,4029821.84
2013-06-16,5794009.15,5320895.32,4551326.63
2013-06-17,5795298.96,5470954.44,4637293.92
2013-06-18,6632615.61,5972609.18,5459331.17
2013-06-19,7437341.02,6555915.67,6031157.35
2013-06-20,7078652.68,6764181.23,5515676.8
2013-06-21,5526354.45,4885756.71,4396745.86
2013-06-22,5117274.96,4551349.02,4111300.17
2013-06-23,5844565.63,5153431.29,4855247.11
2013-06-24,5243774.5,4456662.16,4800223.91
2013-06-25,6728887.1,5336024.86,6142934.34
2013-06-26,8817278.13,6472550.34,8290194.65
2013-06-27,7748199.74,5871867.11,7462815.86
2013-06-28,6285354.21,4633441.2299999995,6043485.1
2013-06-29,9546012.78,6967090.05,9167617.84
2013-06-30,7372318.59,5257414.3,7149429.97
2013-07-01,6359864.53,4921574.16,6248239.94
2013-07-02,7209130.33,5283345.03,6927420.38
2013-07-03,8038680.63,5898393.01,7869401.17
2013-07-04,2521315.44,1905076.6099999999,2408274.98
2013-07-05,2494107.65,1962713.44,2432073.97
2013-07-06,2452372.43,1719684.1,2331799.51
2013-07-07,2958215.01,2179217.76,2950992.63
2013-07-08,2571901.18,1933933.55,2450996.77
2013-07-09,4624825.33,3478161.67,4592718.95
2013-07-10,3855254.64,2922173.27,3797797.81
2013-07-11,5785320.61,4266382.05,5626075.87
2013-07-12,6053300.71,4468301.7700000005,5886949.95
2013-07-13,4161301.31,2979896.7800000003,3995435.41
2013-07-14,4482102.22,3391445.2600000002,4419156.67
2013-07-15,4387240.36,3248407.21,4219310.04
2013-07-16,4411030.39,3269089.11,4135243.61
2013-07-17,4475453.64,3380108.96,4375610.63
2013-07-18,6265533.39,4658687.08,6163756.55
2013-07-19,6310739.5,4823776.25,5960928.51
2013-07-20,4157746.85,2971472.09,3978173.28
2013-07-21,4847680.2,3870016.88,4301699.27
2013-07-22,5926190.4,5030133.96,5032346.99
2013-07-23,4436778.28,4147184.74,3552350.42
2013-07-24,7329505.1,6480028.38,5924978.27
2013-07-25,6342757.31,5748380.6,4978292.65
2013-07-26,6941436.71,6285500.84,5543496.22
2013-07-27,4353958.13,3951589.99,3499528.32
2013-07-28,6017516.42,5499337.78,4917333.26
2013-07-29,8158241.16,7511673.5200000005,6599164.67
2013-07-30,7711378.77,6803735.35,7073525.07
2013-07-31,10104475.36,9166873.59,10851542.12
2013-08-01,10998208.4,9923281.81,12167214.07
2013-08-02,7422715.15,6796390.91,9601836.11
2013-08-03,5599602.67,4801184.77,7786528.35
2013-08-04,5021938.29,4585791.21,7089757.76
2013-08-05,2231563.34,2005425.8699999999,3064145.21
2013-08-06,2493225.51,2142251.03,3592496.3
2013-08-07,2638845.23,2341533.07,3381813.66
2013-08-08,3065089.0,2681064.05,4223344.7
2013-08-09,2598855.08,2312411.11,3418548.13
2013-08-10,1776113.02,1589318.58,2320738.01
2013-08-11,2074476.53,1888615.92,2834815.33
2013-08-12,1933036.01,1780979.22,2566277.36
2013-08-13,2531884.21,2347870.88,3266499.42
2013-08-14,2791478.67,2567342.82,3740726.27
2013-08-15,3665019.45,3183134.48,4896607.22
2013-08-16,3619170.1,3250634.65,4661015.06
2013-08-17,3066137.96,2769482.81,4129676.85
2013-08-18,2385617.18,2212439.46,2947242.18
2013-08-19,2870843.18,2595125.75,3669528.41
2013-08-20,2730112.88,2394085.46,3528369.0
2013-08-21,2707776.73,2399696.05,3591906.04
2013-08-22,3821233.2,3257726.31,5275320.79
2013-08-23,3454696.96,2969623.97,4693020.59
2013-08-24,2837188.07,2555485.79,4087795.83
2013-08-25,3018860.44,2705095.97,3945685.24
2013-08-26,3465971.03,3068599.21,4845153.03
2013-08-27,3008572.56,2611988.72,3950990.04
2013-08-28,3749158.5,3310832.09,4845899.79
2013-08-29,6385124.62,5672560.66,8251851.88
2013-08-30,5499141.72,5078725.12,7247803.25
2013-08-31,6810100.27,6073953.1,8325085.12
2013-09-01,6018993.92,5150134.93,6937336.62
2013-09-02,5386759.65,4632732.12,5986639.99
2013-09-03,4126941.12,3513035.69,3701795.41
2013-09-04,5401049.96,4521428.59,4808183.3
2013-09-05,3168900.6,2654396.09,2729766.04
2013-09-06,2705040.33,2286012.83,2367475.06
2013-09-07,2468479.29,2057136.8499999999,2187848.67
2013-09-08,3056823.21,2565713.5,2611808.27
2013-09-09,3771227.87,3213076.06,3399993.99
2013-09-10,5357130.97,4408873.91,4737093.81
2013-09-11,4636476.74,3748237.54,4075727.91
2013-09-12,3865949.23,3105057.25,3502787.78
2013-09-13,3034568.95,2475302.07,2783517.1
2013-09-14,3664631.38,2998500.18,3289032.18
2013-09-15,3078369.62,2392751.2,2753095.6
2013-09-16,3927167.34,3321190.07,3489729.16
2013-09-17,5410121.46,4557355.92,4728526.43
2013-09-18,4460453.69,3694282.14,3992756.75
2013-09-19,2995364.48,2411116.29,2599191.98
2013-09-20,3316913.08,2758066.65,3045593.87
2013-09-21,3799564.88,3235658.57,3399323.86
2013-09-22,3243304.2,2710621.59,2980813.06
2013-09-23,4426354.9,3641057.01,3977701.82
2013-09-24,4673257.46,3866163.24,4051335.39
2013-09-25,4851490.55,3982382.96,4336304.71
2013-09-26,4120039.5,3248393.09,3761711.17
2013-09-27,4676571.41,3912826.58,4202205.54
2013-09-28,7035889.97,5777232.08,6246182.51
2013-09-29,5087376.98,4323294.4,4359895.07
2013-09-30,5768935.23,4823030.74,5117966.77
2013-10-01,5389130.81,4466949.02,4591599.54
2013-10-02,5393969.29,4609508.55,4651419.05
2013-10-03,2026611.74,1803729.14,1672946.51
2013-10-04,2912944.43,2596824.2399999998,2284930.64
2013-10-05,2463961.82,2387600.47,1952842.64
2013-10-06,2875234.12,2643851.2,2170808.86
2013-10-07,2084519.3,1882667.81,1674894.34
2013-10-08,2982770.86,2779465.9,2404722.52
2013-10-09,3524600.98,3078232.9,2822967.5
2013-10-10,4018321.34,3683399.23,3267316.51
2013-10-11,1938342.36,1874877.17,1556262.82
2013-10-12,3170838.37,2991769.76,2562812.71
2013-10-13,3719451.39,3534918.15,2946745.46
2013-10-14,3097590.81,2836153.53,2398025.79
2013-10-15,4062456.23,3833522.77,3281418.54
2013-10-16,4801027.51,4288719.98,3944302.72
2013-10-17,3348412.32,3022923.87,2713865.33
2013-10-18,3238854.55,3140729.2399999998,2560313.88
2013-10-19,3376648.2,2902962.59,2769325.22
2013-10-20,2888479.98,2796066.53,2302148.44
2013-10-21,3409990.75,3081087.46,2751364.44
2013-10-22,3932052.89,3648983.27,3189287.97
2013-10-23,4895108.72,4206539.92,3861527.06
2013-10-24,4333852.18,3953153.46,3403031.49
2013-10-25,3503713.92,3255063.69,2743366.59
2013-10-26,2923604.47,2733483.96,2331573.03
2013-10-27,2949737.88,2622006.1,2365410.99
2013-10-28,3235799.73,2982024.23,2588267.2
2013-10-29,5981959.98,5553503.34,4833162.34
2013-10-30,6960811.52,6210456.09,5563340.73
2013-10-31,5649038.29,5297295.07,4525813.51
2013-11-01,4823330.61,4602897.0,3780905.84
2013-11-02,4871579.51,4251670.84,3874376.58
2013-11-03,2310551.56,2253025.77,1894570.42
2013-11-04,2638652.15,2150621.61,2128739.96
2013-11-05,3529966.51,3258579.4,2818098.89
2013-11-06,2440647.75,2129744.68,1890461.99
2013-11-07,2145217.46,1761836.06,1755584.37
2013-11-08,2200221.02,1994685.98,1790704.8
2013-11-09,2018930.67,1617563.34,1594615.53
2013-11-10,2722218.97,2491880.16,2099682.78
2013-11-11,3495969.18,3283425.99,2676318.51
2013-11-12,5162437.56,4659768.95,3979066.87
2013-11-13,4681263.25,4320186.11,3622930.35
2013-11-14,3118904.74,2869143.07,2460188.52
2013-11-15,3370811.62,3128359.9,2719077.99
2013-11-16,3365890.12,3133660.85,2733920.22
2013-11-17,2416530.15,2345167.64,1906202.04
2013-11-18,2109164.6,1718439.3800000001,1778409.36
2013-11-19,3237660.32,2693871.71,2746026.34
2013-11-20,3321114.32,2635394.54,2983892.23
2013-11-21,2595234.4,1994761.93,2362389.95
2013-11-22,2550262.64,1846862.69,2542345.82
2013-11-23,2054330.57,1404131.79,2011741.48
2013-11-24,2519706.85,1844660.68,2537974.67
2013-11-25,2406331.38,1785087.1,2358037.25
2013-11-26,3107204.99,2227699.5,3083734.78
2013-11-27,3123410.59,2285967.09,3027393.58
2013-11-28,3580033.44,2597243.27,3514991.8
2013-11-29,1768057.43,1313034.8900000001,1773822.57
2013-11-30,2685677.46,1925067.79,2672025.29
2013-12-01,2391698.09,1672937.1,2420438.06
2013-12-02,2263746.75,1641870.71,2226485.61
2013-12-03,1933337.47,1408294.37,1904782.57
2013-12-04,2924599.17,2142328.22,2877557.67
2013-12-05,2231578.75,1694706.3399999999,2246889.53
2013-12-06,1718341.54,1327387.64,1744505.5
2013-12-07,1444180.43,1030352.44,1408359.66
2013-12-08,1714762.98,1266966.94,1677034.75
2013-12-09,1959405.6,1491896.7,1928205.78
2013-12-10,2256213.74,1563431.18,2198430.55
2013-12-11,3016597.65,2189685.81,3024225.14
2013-12-12,2988571.87,2129532.12,2946591.17
2013-12-13,2131538.29,1505130.78,2083673.81
2013-12-14,2245758.87,1743518.69,2305729.18
2013-12-15,2154695.59,1646504.05,2095032.07
2013-12-16,2694197.04,2006720.08,2720062.14
2013-12-17,3167410.81,2302391.44,3021649.06
2013-12-18,3189533.36,2437232.15,3219583.56
2013-12-19,3062553.19,2290914.2,2981811.67
2013-12-20,2500743.7,1678567.19,2516358.41
2013-12-21,3213344.27,2373344.32,3159953.94
2013-12-22,3476225.97,2407635.97,3458589.82
2013-12-23,2932660.62,2078286.37,2856672.71
2013-12-24,2629786.52,1825906.6099999999,2542278.8
2013-12-25,3807864.44,2650832.73,3711704.9
2013-12-26,3278628.42,2446690.91,3269160.78
2013-12-27,1853472.36,1342272.0,1854636.14
2013-12-28,3547336.16,2432552.55,3487806.62
2013-12-29,6516622.75,4886937.36,6506519.56
2013-12-30,5792994.45,4137060.97,5695206.04
2013-12-31,6247467.59,4679072.54,6080338.22
2014-01-01,5743739.48,4474751.23,5563113.31
2014-01-02,3787850.5,2914076.69,3666330.68
2014-01-03,2354832.6,2131579.2,1871645.41
2014-01-04,2243604.06,1885237.6,1747621.88
2014-01-05,2361866.5,1939122.57,1851453.14
2014-01-06,2639202.87,2488432.47,2146455.69
2014-01-07,3437125.39,3263891.05,2809411.95
2014-01-08,2250519.73,2096919.31,1808614.16
2014-01-09,2214274.18,2060349.25,1884156.18
2014-01-10,1886360.71,1765184.79,1560748.05
2014-01-11,2550841.93,2428668.67,2031865.95
2014-01-12,2172729.29,2020848.43,1773388.32
2014-01-13,2467719.52,1982725.09,1991302.84
2014-01-14,3356963.59,3121752.96,2731972.75
2014-01-15,3637788.72,3156239.62,2842296.43
2014-01-16,2005770.41,1925423.68,1635446.76
2014-01-17,2464459.86,2287537.46,2002144.2
2014-01-18,1718246.3,1614540.4,1332157.65
2014-01-19,2453121.94,2144030.06,1918965.99
2014-01-20,3133739.97,2930091.39,2422846.03
2014-01-21,3590697.9,3449147.2399999998,2848601.86
2014-01-22,3244854.06,2912808.92,2563525.38
2014-01-23,3187811.81,3005972.1,2528375.63
2014-01-24,1812010.8,1580247.54,1397879.36
2014-01-25,2221742.74,1981735.69,1777122.99
2014-01-26,2002533.83,1807313.57,1553846.68
2014-01-27,2983790.31,2790840.65,2360438.19
2014-01-28,5411096.61,4691761.53,4320849.3
2014-01-29,4892083.36,4503808.09,3928929.64
2014-01-30,3844256.32,3525877.78,3007196.76
2014-01-31,3732079.59,3379081.79,2938223.15
2014-02-01,3825094.63,3510852.51,3049434.19
2014-02-02,2382294.19,2209620.58,1885054.33
2014-02-03,2051412.93,1831974.34,1563684.31
2014-02-04,2787111.54,2468960.75,2197609.21
2014-02-05,2599325.56,2302015.54,2019260.92
2014-02-06,2415914.42,2371624.47,1966150.9
2014-02-07,3381887.13,2918380.55,2654650.93
2014-02-08,2907660.51,2538706.26,2328115.15
2014-02-09,2947940.87,2517746.63,2410207.36
2014-02-10,3705563.44,3516296.32,2772562.54
2014-02-11,4637151.61,4072679.87,3649526.8
2014-02-12,3457342.17,3043459.88,2728834.4
2014-02-13,3190217.92,2950036.26,2601375.48
2014-02-14,2632487.0,2311128.69,2058838.35
2014-02-15,2873057.42,2581405.09,2155414.19
2014-02-16,3990264.22,3546368.82,3220526.51
2014-02-17,3757742.25,3239418.88,3005221.34
2014-02-18,4902775.35,4388504.78,3900047.01
2014-02-19,4469573.84,4195546.26,3530912.16
2014-02-20,3050037.65,2689076.51,2452045.97
2014-02-21,3394380.68,3047818.59,2732646.22
2014-02-22,4262143.74,3869699.55,3402076.06
2014-02-23,3997442.72,3646235.9899999998,3186343.91
2014-02-24,4743111.4,4471891.7,3834496.32
2014-02-25,6869199.08,6291787.03,5572490.58
2014-02-26,7766238.39,7063787.92,6157127.45
2014-02-27,5932389.78,5363625.63,4717814.02
2014-02-28,5511196.67,5068628.0200000005,4511480.57
2014-03-01,4400079.49,3932972.8,3611872.46
2014-03-02,4943352.33,4620426.6,3968450.0
2014-03-03,3637156.46,3368883.65,2881941.03
2014-03-04,4742209.79,4344217.6,3846248.96
2014-03-05,5310211.41,4850175.63,4366670.54
2014-03-06,5506734.13,4812549.1,4454685.13
2014-03-07,3167820.98,3006931.48,2582186.62
2014-03-08,3577664.95,3251149.41,2914921.51
2014-03-09,3828277.38,3594312.93,3070464.44
2014-03-10,4725035.68,4584093.61,3759283.28
2014-03-11,5775004.59,5215617.68,4559934.88
2014-03-12,6930320.53,6201438.88,5534691.64
2014-03-13,5304893.97,4847582.9,4244468.26
2014-03-14,4544809.4,4177121.2199999997,3647946.39
2014-03-15,4691387.16,4293096.62,3744464.98
2014-03-16,5553669.8,5208774.07,4426899.92
2014-03-17,6623777.28,6174758.64,5406586.76
2014-03-18,5707570.51,4987940.6,4657479.17
2014-03-19,7282983.0,6498950.46,6147005.74
2014-03-20,6459634.76,5260244.09,5394910.61
2014-03-21,4506741.28,3886968.65,3883392.78
2014-03-22,4682426.76,3617630.33,4390336.24
2014-03-23,5239607.0,4315440.5,4727286.58
2014-03-24,5516390.06,4682941.87,5135733.73
2014-03-25,6858764.17,5506328.46,6248964.6
2014-03-26,7966063.19,6489294.67,7366934.0
2014-03-27,8330175.47,6660390.78,7600114.49
2014-03-28,5747360.19,4490731.08,5214181.96
2014-03-29,6857129.34,5597537.78,6302802.0
2014-03-30,12784107.1,10501495.27,11757805.12
2014-03-31,12312523.89,9937326.45,11321960.71
2014-04-01,12163891.23,9978626.15,11150883.99
2014-04-02,13046471.25,10288177.28,11843249.22
2014-04-03,9642469.77,7805984.46,8683847.27
2014-04-04,3027057.03,2342550.7,2762337.1
2014-04-05,4578612.03,3684062.52,4277766.79
2014-04-06,4749333.13,3689151.9699999997,4416528.48
2014-04-07,4614814.59,3470738.35,4275798.75
2014-04-08,6392830.04,5370445.84,5806623.81
2014-04-09,6139037.72,4862131.96,5584747.6
2014-04-10,5203589.72,4178387.4,4738923.88
2014-04-11,5105964.56,4195415.86,4552400.07
2014-04-12,5687376.75,4415457.81,5248378.46
2014-04-13,4945405.38,3965316.13,4494711.75
2014-04-14,6921493.59,5759221.61,6054527.76
2014-04-15,7871571.71,6688141.07,6776042.49
2014-04-16,7912857.96,6879987.01,6785359.76
2014-04-17,5557754.18,4875570.96,4737292.06
2014-04-18,5700339.67,5162958.71,4462371.41
2014-04-19,6624958.05,6080979.95,5350753.37
2014-04-20,6418388.34,5951223.1,5065177.85
2014-04-21,8414591.83,7827887.49,6893636.69
2014-04-22,10131097.46,9299520.74,8109722.27
2014-04-23,8191044.84,7415446.09,6573636.73
2014-04-24,6761050.63,6425481.5,5427294.9
2014-04-25,7297129.72,6725989.17,5878423.04
2014-04-26,7473782.26,6458969.32,5884034.36
2014-04-27,9019804.81,8088597.5600000005,7060147.55
2014-04-28,11814441.72,10592013.8,9367036.91
2014-04-29,17347427.27,15595798.81,13752034.86
2014-04-30,13811054.06,12244993.49,10868835.13
2014-05-01,13289875.45,11833588.51,10604429.39
2014-05-02,9037359.63,8464295.02,7277515.81
2014-05-03,8214103.42,7683800.46,6577016.62
2014-05-04,2887053.22,2636400.87,2293661.95
2014-05-05,4251113.98,3837827.92,3397014.1
2014-05-06,5130961.6,4622098.73,4130431.51
2014-05-07,6175024.0,5830351.54,5012292.24
2014-05-08,6845994.59,6160572.67,5424944.1
2014-05-09,3896896.85,3472701.1,3172234.57
2014-05-10,5476367.67,4849488.48,4341371.17
2014-05-11,5960839.36,5207655.2700000005,4817268.38
2014-05-12,6171798.51,5752947.8,4876269.62
2014-05-13,6357034.06,5613638.82,5124302.35
2014-05-14,8953168.22,8071438.71,7238881.78
2014-05-15,7521179.22,6896841.43,5970183.39
2014-05-16,7254155.54,6737294.28,5828882.18
2014-05-17,6473741.19,5814258.93,5173264.38
2014-05-18,7502869.16,6754530.43,6017924.93
2014-05-19,6717427.22,6101640.8,5373895.24
2014-05-20,6998009.98,6271325.9,5565704.32
2014-05-21,9232803.8,8209630.95,7257287.25
2014-05-22,8682669.79,7929356.44,6984588.89
2014-05-23,6481511.11,5923192.03,5117307.95
2014-05-24,5624884.34,4974402.4,4535522.53
2014-05-25,7834743.41,7589371.3100000005,6254562.47
2014-05-26,7196331.6,6736167.42,5750840.38
2014-05-27,11197544.52,10368726.49,8926851.08
2014-05-28,14237002.33,12514185.7,11276884.86
2014-05-29,12708438.64,11916231.65,10157319.36
2014-05-30,13573669.01,12108663.49,10729950.95
2014-05-31,12424970.9,10832327.36,9985304.33
2014-06-01,11536710.05,10592811.72,9170211.02
2014-06-02,10120772.07,9077136.71,8076952.84
2014-06-03,7433951.35,7041403.86,5784897.37
2014-06-04,6422990.57,5704728.76,5214120.6
2014-06-05,4701261.04,4357491.45,3843536.1
2014-06-06,4455750.46,3907413.69,3475184.85
2014-06-07,5291724.53,4647984.78,4145797.41
2014-06-08,5672479.42,4684555.68,4555972.93
2014-06-09,5745736.68,5391442.42,4655455.78
2014-06-10,8176131.42,6856240.97,6751336.8
2014-06-11,6815089.25,6194975.77,5416132.65
2014-06-12,6198469.27,5863567.72,4930278.7
2014-06-13,5808360.57,5497765.64,4689299.84
2014-06-14,6159350.48,5699948.66,4887308.6
2014-06-15,6251988.62,5474865.72,5001362.67
2014-06-16,7506669.47,6655371.46,5993922.63
2014-06-17,7985873.38,7369671.65,6364228.97
2014-06-18,6928139.58,6045482.41,5573372.83
2014-06-19,5160401.64,4851808.52,4101123.87
2014-06-20,5726955.46,5173178.0,4649863.18
2014-06-21,5534870.9,5155031.03,4397465.45
2014-06-22,6871043.81,6382218.17,5449439.25
2014-06-23,7520898.79,6737288.89,6115811.37
2014-06-24,8318751.36,6999182.62,7165579.48
2014-06-25,7464560.81,6168766.02,6650267.82
2014-06-26,5465498.81,4263620.87,5160550.9
2014-06-27,6215342.27,4742436.26,5942103.5
2014-06-28,6715989.51,4974195.41,6489880.35
2014-06-29,10967240.25,8146442.95,10676762.03
2014-06-30,8960784.4,6528814.99,8779889.34
2014-07-01,9836345.7,7520041.59,9652958.13
2014-07-02,8037264.4,5688331.39,7829854.35
2014-07-03,6599126.14,4636071.22,6280312.35
2014-07-04,1539342.27,1203157.63,1546984.48
2014-07-05,2247607.0,1669316.7,2088267.2
2014-07-06,2992177.47,2138593.27,2950653.66
2014-07-07,3321041.63,2538842.09,3237780.91
2014-07-08,4389991.98,3053356.14,4344681.53
2014-07-09,5089459.45,3790199.88,5002533.36
2014-07-10,5277348.24,4044568.5300000003,5193788.09
2014-07-11,3680744.54,2872988.19,3649066.92
2014-07-12,3635150.5,2732674.01,3488161.59
2014-07-13,4538183.38,3465226.78,4461396.49
2014-07-14,4180514.48,2967853.65,4093927.18
2014-07-15,4729914.86,3403010.56,4685468.3
2014-07-16,5725200.44,4275788.95,5688906.29
2014-07-17,5475110.93,4027894.32,5378778.65
2014-07-18,4518235.32,3493918.02,4447047.74
2014-07-19,4203668.56,3428925.44,3770693.84
2014-07-20,4322625.55,3885170.08,3600969.69
2014-07-21,4796649.21,4345119.01,3768111.9
2014-07-22,6208113.76,5811956.95,5011530.91
2014-07-23,7566031.17,6860265.33,5950276.5
2014-07-24,5905615.09,5158354.53,4674430.56
2014-07-25,4437108.92,3838171.61,3571085.86
2014-07-26,4875867.56,4271378.04,3838617.04
2014-07-27,4695097.96,4221083.72,3728682.43
2014-07-28,5659848.32,5313433.03,4577648.87
2014-07-29,8325936.32,7553982.4799999995,6673852.31
2014-07-30,9849002.97,8862882.57,7950504.57
2014-07-31,12499623.55,11368520.74,10113088.37
2014-08-01,10268362.3,9154675.68,8266400.63
2014-08-02,9437585.35,8795498.89,7486465.1
2014-08-03,8311634.97,7879707.4399999995,6613684.99
2014-08-04,7920532.02,7188303.69,6253439.86
2014-08-05,4783590.74,4444654.09,3865614.98
2014-08-06,5768372.14,5216866.65,4433911.0
2014-08-07,4368310.48,4023914.02,3451434.03
2014-08-08,2772020.29,2583662.71,2220747.24
2014-08-09,3001539.63,2757356.44,2354553.12
2014-08-10,3823485.27,3353518.1,3003127.77
2014-08-11,4332284.65,3875282.04,3523421.42
2014-08-12,4968367.41,4654692.85,3950793.43
2014-08-13,5893608.69,5431206.4799999995,4708354.21
2014-08-14,5049141.59,4590490.97,3986642.15
2014-08-15,4964547.64,4695566.61,3886890.99
2014-08-16,4183136.08,3807972.5100000002,3312917.75
2014-08-17,4553293.21,4068279.59,3569236.73
2014-08-18,3852897.93,3467771.28,3032853.62
2014-08-19,5491853.95,5061900.37,4329773.16
2014-08-20,6252896.94,5645110.94,5003338.92
2014-08-21,5420386.94,4998344.83,4272987.79
2014-08-22,3980335.94,3497255.6,3221586.25
2014-08-23,3604919.44,3268714.57,2824202.4
2014-08-24,3975022.95,3628193.8,3208598.81
2014-08-25,4982068.72,4304327.01,3931111.8
2014-08-26,5315751.01,4780733.25,4151656.84
2014-08-27,7880420.55,7174642.4,6267001.76
2014-08-28,13900846.53,12859527.87,11188888.43
2014-08-29,12683009.27,11637971.41,10136587.4
2014-08-30,11574198.37,10602590.75,9088009.4
2014-08-31,11951398.65,11019549.13,9415326.58
2014-09-01,10306541.25,9085722.16,8432677.93
2014-09-02,1980913.22,1718201.16,1699049.31
2014-09-03,2013419.84,1617041.63,1783705.47
2014-09-04,2079554.62,1808344.51,1858190.69
2014-09-05,3009749.32,2383367.71,2650108.54
2014-09-06,2651615.67,2232936.88,2379303.77
2014-09-07,3257294.39,2792034.77,2733813.81
2014-09-08,3789247.34,3281376.92,3234658.91
2014-09-09,3050893.58,2595116.47,2636295.62
2014-09-10,2734213.18,2127375.57,2344334.17
2014-09-11,3603376.76,2916024.68,3063452.95
2014-09-12,3387921.49,2875470.75,2941397.85
2014-09-13,4488375.88,3657916.73,3882301.0
2014-09-14,4664595.04,3985645.53,4241668.09
2014-09-15,3434401.74,2915777.8,2989155.15
2014-09-16,3499018.93,2797438.05,3094674.95
2014-09-17,2159581.94,1829109.33,1891350.86
2014-09-18,3245614.46,2672782.94,2827312.43
2014-09-19,3152106.06,2635388.4699999997,2800614.8
2014-09-20,3934660.56,3229443.98,3508771.25
2014-09-21,4973677.98,4065642.84,4472971.42
2014-09-22,4691002.44,3691965.28,4096769.99
2014-09-23,3267077.04,2699590.02,2950868.62
2014-09-24,3651189.03,2981902.37,3193891.83
2014-09-25,3991936.34,3273254.32,3513164.66
2014-09-26,4802241.84,3925962.46,4364819.46
2014-09-27,5922266.1,4756535.67,5104748.73
2014-09-28,6894981.49,5622850.62,6104020.61
2014-09-29,6358369.55,5171632.79,5385912.36
2014-09-30,5625701.93,4703222.19,4992117.65
2014-10-01,4131059.59,3531748.13,3367707.8
2014-10-02,2166020.29,1814630.09,1638411.83
2014-10-03,2713373.58,2509871.9,2209685.83
2014-10-04,3061013.56,2843535.08,2383424.37
2014-10-05,3514973.01,3142047.19,2703049.67
2014-10-06,4584954.57,4390152.46,3714150.0
2014-10-07,3826571.36,3429387.95,3029706.85
2014-10-08,3298742.48,3017155.45,2595357.42
2014-10-09,2480246.09,2294667.31,1949299.28
2014-10-10,3324677.65,3174995.76,2616526.38
2014-10-11,3249272.4,3007745.61,2455378.82
2014-10-12,3964814.61,3631988.18,3263898.52
2014-10-13,5257692.13,4882580.02,4155288.51
2014-10-14,5353820.23,4766689.36,4242284.88
2014-10-15,3174858.73,2796528.88,2517101.9
2014-10-16,3035433.21,2869451.04,2343522.12
2014-10-17,3041887.24,2769170.4499999997,2405340.07
2014-10-18,3295901.64,2901211.61,2641429.14
2014-10-19,3906454.96,3544947.84,3097527.04
2014-10-20,4406719.83,4286692.72,3563304.85
2014-10-21,4158469.93,3784623.33,3334418.16
2014-10-22,3185076.38,2900846.43,2622321.88
2014-10-23,3397945.31,3089759.06,2701811.9
2014-10-24,2910624.78,2637379.1,2393219.16
2014-10-25,3710088.5,3412917.87,3052761.25
2014-10-26,3332635.64,3234111.15,2620840.72
2014-10-27,5247620.14,4684281.87,4151809.58
2014-10-28,6122484.1,5778372.28,4933576.08
2014-10-29,6191276.35,5737052.91,4949513.22
2014-10-30,6250389.79,5538224.71,4894988.48
2014-10-31,4687679.79,4298085.13,3734196.88
2014-11-01,4474322.51,4016956.1,3463929.06
2014-11-02,3503909.61,3288998.21,2759213.27
2014-11-03,2511155.37,2217595.72,1925980.79
2014-11-04,1758772.81,1477099.08,1413005.18
2014-11-05,2080412.08,1863018.41,1649512.63
2014-11-06,2338580.92,2183786.14,1815525.82
2014-11-07,2391118.65,2278809.22,1914802.56
2014-11-08,2603594.99,2285101.67,2058134.47
2014-11-09,3896973.5,3502952.44,2948324.76
2014-11-10,3578790.21,3063460.99,2955883.0
2014-11-11,3265211.84,3028157.85,2544268.23
2014-11-12,2687977.35,2454147.46,2131053.41
2014-11-13,3661668.42,3232270.94,2973473.14
2014-11-14,4104922.66,3910456.43,3206387.48
2014-11-15,3332537.35,3003105.67,2666922.09
2014-11-16,3926705.12,3379543.62,3165100.53
2014-11-17,3901928.25,3744194.6,3135379.39
2014-11-18,2299920.21,1986285.07,1777742.22
2014-11-19,2365334.24,2029813.8499999999,2037392.28
2014-11-20,2712056.74,2151221.61,2364468.06
2014-11-21,2642726.69,1978798.97,2469983.77
2014-11-22,2355839.63,1670857.75,2373102.5
2014-11-23,2702782.41,1935168.64,2732923.6
2014-11-24,2994851.12,2269017.41,2989623.83
2014-11-25,1951300.95,1531003.19,1961306.08
2014-11-26,3005133.94,2165470.42,3070985.43
2014-11-27,4582936.62,3419985.5,4552287.3
2014-11-28,3803816.23,2736960.39,3776489.22
2014-11-29,3693923.36,2551654.35,3714680.69
2014-11-30,4164373.0,3088932.44,4139199.1
2014-12-01,3293606.72,2380911.64,3371041.49
2014-12-02,1913468.28,1456576.53,1934027.84
2014-12-03,1725054.96,1295883.85,1639460.56
2014-12-04,1490172.71,1126185.32,1377244.92
2014-12-05,1855814.16,1334829.93,1814623.65
2014-12-06,2498471.96,1799986.75,2457252.11
2014-12-07,2209128.82,1564168.61,2214964.0
2014-12-08,3029845.63,2181250.06,2938276.72
2014-12-09,3265900.4,2402269.89,3069037.78
2014-12-10,2659858.85,1813751.53,2559688.79
2014-12-11,2499031.03,1774927.87,2479880.93
2014-12-12,2451281.84,1713512.9,2348048.7
2014-12-13,2618181.33,1829550.42,2655502.75
2014-12-14,2868448.18,2107143.65,2822169.24
2014-12-15,3675108.42,2640989.24,3622573.69
2014-12-16,3587166.39,2674826.28,3452397.12
2014-12-17,2950563.8,2228580.82,2911687.56
2014-12-18,2684991.91,1956638.06,2614938.98
2014-12-19,3424258.6,2501639.79,3465424.79
2014-12-20,3898670.99,2919293.99,3764085.99
2014-12-21,4372128.59,3288658.49,4286124.01
2014-12-22,3430574.36,2490173.8,3435107.36
2014-12-23,2791569.02,1993037.94,2665014.26
2014-12-24,2610156.84,1898203.97,2591612.44
2014-12-25,2573745.23,1921258.54,2584515.85
2014-12-26,2922497.3,2190909.35,2877653.62
2014-12-27,3575283.76,2675460.42,3538078.72
2014-12-28,8484445.21,6114179.09,8405135.96
2014-12-29,7063840.79,5279051.3,6908131.26
2014-12-30,5708142.92,4101635.45,5488862.89
2014-12-31,5625288.94,4291848.5200000005,5528179.38
2015-01-01,4576460.18,3480688.72,4315048.16
2015-01-02,1625420.31,1513267.69,1281805.11
2015-01-03,1176312.94,919428.21,876576.96
2015-01-04,2651400.23,2202446.22,2169221.09
2015-01-05,2457539.39,2032954.95,1930809.0
2015-01-06,1621284.62,1517353.56,1301383.65
2015-01-07,1981408.07,1962767.79,1560596.56
2015-01-08,1318438.15,1263779.6199999999,1057739.56
2015-01-09,2144901.8,1885714.3699999999,1679915.91
2015-01-10,1830727.22,1644324.55,1385986.39
2015-01-11,3254430.17,2862801.2,2604455.39
2015-01-12,2427966.79,2411936.9,1902989.93
2015-01-13,2138729.21,1944150.75,1742327.89
2015-01-14,2835456.9,2554811.85,2191456.13
2015-01-15,2047933.05,1850215.6300000001,1631831.77
2015-01-16,2569213.44,2167189.45,2030636.7
2015-01-17,2588700.22,2300033.3,2035239.72
2015-01-18,3021302.7,2866112.7,2433685.6
2015-01-19,2851705.68,2654118.31,2258471.9
2015-01-20,2455411.13,2190333.56,1957537.38
2015-01-21,2603856.87,2398644.84,2019373.54
2015-01-22,2683523.21,2440053.73,2190572.01
2015-01-23,2703262.73,2305919.05,2149537.87
2015-01-24,4004609.82,3742582.84,3181968.24
2015-01-25,4665645.74,4367841.14,3747345.78
2015-01-26,4084367.08,3652471.68,3209020.3
2015-01-27,3116141.82,2949448.93,2455632.77
2015-01-28,4612174.41,4274108.3,3603868.33
2015-01-29,5300109.93,4744251.04,4295752.25
2015-01-30,4336302.07,4027065.91,3457573.62
2015-01-31,4195901.17,3855409.1,3269383.7
2015-02-01,4977201.37,4593261.19,4063980.38
2015-02-02,2901454.29,2693033.88,2325361.53
2015-02-03,1779457.49,1704573.73,1427675.21
2015-02-04,2496729.14,2313108.92,2129083.48
2015-02-05,2500351.24,2119163.1999999997,2064567.04
2015-02-06,3457294.9,2758713.48,2699578.13
2015-02-07,3570886.94,3239390.74,2952636.69
2015-02-08,4197082.23,3606348.53,3455113.24
2015-02-09,4490187.64,3904628.43,3675813.84
2015-02-10,2813867.9,2337159.57,2247526.75
2015-02-11,3311241.3,3014797.7600000002,2623112.64
2015-02-12,3468141.29,3081785.09,2797170.91
2015-02-13,4164849.99,3654077.35,3458801.88
2015-02-14,4312422.12,3808947.41,3541992.72
2015-02-15,4757224.49,4470423.89,3925128.98
2015-02-16,4817928.66,4115111.92,3988291.36
2015-02-17,4293160.67,3840048.89,3537248.79
2015-02-18,3209407.04,2711026.9,2685036.44
2015-02-19,3793775.02,3287918.59,3109300.19
2015-02-20,4760336.65,4395125.86,3942085.3
2015-02-21,4368539.08,3716766.59,3544819.23
2015-02-22,5784606.22,5024431.46,4804964.15
2015-02-23,7360399.98,6649644.89,5966271.62
2015-02-24,5473140.47,4652862.81,4450268.77
2015-02-25,8502202.85,7622808.25,7083827.01
2015-02-26,6528340.52,5863904.54,5386905.64
2015-02-27,4695415.58,4305015.7,3896449.69
2015-02-28,3896812.17,3540848.73,3287398.94
2015-03-01,4612623.19,3891460.96,3760240.57
2015-03-02,1204115.66,1143996.1,996728.16
2015-03-03,2971078.12,2612827.08,2450231.82
2015-03-04,3275231.73,2819481.13,2540097.74
2015-03-05,3623778.02,3195288.57,2818823.69
2015-03-06,4126698.63,3532729.89,3333077.32
2015-03-07,3652751.16,3534723.69,2946148.77
2015-03-08,3679065.16,3215775.77,2903799.07
2015-03-09,4520902.2,3803789.23,3610296.4
2015-03-10,5042080.93,4342836.31,3980962.03
2015-03-11,6098020.8,5438725.37,4928286.75
2015-03-12,4869770.72,4408496.61,3760439.95
2015-03-13,3474969.89,3233409.36,2712283.16
2015-03-14,4711284.42,4451434.64,3671123.8
2015-03-15,5040735.75,4484162.66,4008157.53
2015-03-16,5602879.7,5331891.87,4422966.9
2015-03-17,5692241.74,5365430.04,4623906.32
2015-03-18,6793794.72,6180023.14,5583548.33
2015-03-19,6012381.06,5239742.31,5053767.27
2015-03-20,4887915.96,4368402.21,4122124.89
2015-03-21,4566270.71,3747798.8,4002288.11
2015-03-22,5271032.0,4259569.36,4721422.49
2015-03-23,5172623.98,4051530.37,4663072.48
2015-03-24,6187718.83,4729616.57,5662250.07
2015-03-25,6763449.95,5630757.26,6062883.43
2015-03-26,6983791.47,5489045.11,6190732.25
2015-03-27,5007891.27,3835365.46,4516109.24
2015-03-28,5941997.22,4766227.8,5296480.62
2015-03-29,6087900.7,5022188.93,5431213.47
2015-03-30,14251354.04,11507228.6,12890205.46
2015-03-31,14813965.34,11609120.04,13306811.36
2015-04-01,13697879.88,11081760.31,12323133.99
2015-04-02,11638587.41,9340127.33,10494545.99
2015-04-03,10239965.04,8040699.28,9205352.56
2015-04-04,4214414.51,3504735.98,3835706.41
2015-04-05,4549233.48,3580096.7800000003,4060392.25
2015-04-06,5947351.85,4841662.69,5501604.96
2015-04-07,6969771.13,5300442.72,6115686.29
2015-04-08,6923568.08,5654805.75,6092200.11
2015-04-09,5334934.77,4284049.28,4630574.68
2015-04-10,5286341.9,4236440.91,4755107.84
2015-04-11,7223512.23,5528054.32,6692976.84
2015-04-12,6941143.47,5444041.66,6173613.48
2015-04-13,8008850.6,6265126.46,7198672.06
2015-04-14,9764966.49,8023932.43,8525033.47
2015-04-15,8464241.45,6927762.97,7283839.1
2015-04-16,6025485.77,5226152.41,5033699.98
2015-04-17,6481493.13,5547813.53,5294636.04
2015-04-18,7432727.07,6604680.58,5745887.3
2015-04-19,6854069.17,6193205.72,5371424.19
2015-04-20,8942873.22,8348462.72,6952833.82
2015-04-21,11246554.8,10206798.34,8986101.87
2015-04-22,9099886.14,8272731.02,7216624.95
2015-04-23,7548994.85,6965922.57,5939101.06
2015-04-24,6578500.68,5867951.04,5143109.11
2015-04-25,9981817.81,8894795.74,7741342.2
2015-04-26,8486257.42,7844336.65,6790371.72
2015-04-27,11233528.64,10331002.63,8990933.6
2015-04-28,14371525.01,13303763.33,11368208.46
2015-04-29,15294818.22,13632437.13,12456433.34
2015-04-30,14911130.64,13736519.67,11744026.43
2015-05-01,11462217.29,10163062.3,9026019.09
2015-05-02,8951414.69,8223779.81,7003240.14
2015-05-03,7902349.85,7227734.66,6325430.88
2015-05-04,4063632.19,3817900.18,3220456.05
2015-05-05,4993358.48,4445119.45,3895803.59
2015-05-06,5912157.02,5230415.9,4721080.32
2015-05-07,6417545.13,6019418.42,5062352.65
2015-05-08,4654167.53,4401755.94,3561342.38
2015-05-09,4178643.57,3882401.37,3269969.19
2015-05-10,5135747.06,4694851.19,3949880.44
2015-05-11,6740124.2,5944158.56,5364204.35
2015-05-12,6877097.83,6393706.79,5464941.46
2015-05-13,8472230.27,7775834.96,6752088.25
2015-05-14,8373161.73,7602066.92,6566657.69
2015-05-15,6454103.0,5896746.46,5103049.75
2015-05-16,6409003.84,5596570.59,5140481.43
2015-05-17,6593507.34,6023327.74,5168476.45
2015-05-18,7049312.68,6141030.93,5707463.8
2015-05-19,8167385.27,7217191.63,6584434.28
2015-05-20,10886447.11,9615615.88,8610088.68
2015-05-21,9585349.34,8759912.28,7629673.54
2015-05-22,6849849.55,6383425.15,5526949.11
2015-05-23,5769728.11,5212328.32,4699867.99
2015-05-24,7759286.87,6792831.89,6115304.75
2015-05-25,6648911.62,6003204.74,5479719.27
2015-05-26,7250067.07,6753885.75,5753775.74
2015-05-27,11264269.11,10495987.26,8911794.91
2015-05-28,10886440.76,9838845.47,8702126.28
2015-05-29,7443400.33,6765247.9,6010039.49
2015-05-30,14386454.27,13040577.89,11671007.33
2015-05-31,12847323.1,11805227.73,10142347.13
2015-06-01,12707400.56,11358082.35,9938849.85
2015-06-02,10370270.22,9545084.89,8221123.6
2015-06-03,12915899.82,11683772.48,10182209.97
2015-06-04,4389371.3,3817231.08,3612066.24
2015-06-05,4689415.18,4335830.17,3666593.72
2015-06-06,4504545.31,4193371.16,3683127.75
2015-06-07,4737477.49,4370763.09,3636812.14
2015-06-08,5997977.12,5380274.77,4767036.54
2015-06-09,7149148.38,6219304.07,5741574.05
2015-06-10,7033422.25,6219398.99,5437275.2
2015-06-11,5174085.58,4423631.05,4188520.67
2015-06-12,6351066.12,5851914.02,4900508.38
2015-06-13,5087923.97,4758258.68,3913528.15
2015-06-14,7257781.25,6629472.5,5645520.63
2015-06-15,7185781.7,6704448.24,5677039.63
2015-06-16,7904688.49,7089160.33,6283325.81
2015-06-17,8476249.0,7104547.25,6775868.17
2015-06-18,6561476.72,6030063.03,5174441.56
2015-06-19,5300940.37,4962934.17,4147889.8
2015-06-20,5709630.01,5019664.38,4391167.7
2015-06-21,5755437.59,4982168.67,4546815.45
2015-06-22,8091120.75,7315248.41,6486078.97
2015-06-23,8014615.36,6976449.1,6549729.21
2015-06-24,8106694.48,6903132.57,6848465.28
2015-06-25,6395417.81,5521728.2,5471074.95
2015-06-26,5791488.27,4529459.02,5164656.66
2015-06-27,5907901.77,4636357.0,5761761.16
2015-06-28,7048110.81,5183411.05,6755443.51
2015-06-29,10266326.47,7822782.28,10003747.48
2015-06-30,10954727.42,8191371.46,10628217.87
2015-07-01,9503954.04,7241784.21,9190648.76
2015-07-02,8552727.69,6520789.86,8154787.16
2015-07-03,6047919.06,4593406.99,5867150.51
2015-07-04,1184319.43,909416.24,1068025.58
2015-07-05,2966146.59,2245316.83,2810871.75
2015-07-06,2490899.57,1730417.06,2437063.72
2015-07-07,4185006.32,3102586.98,3947428.34
2015-07-08,4333446.86,3162778.47,4256271.94
2015-07-09,6011409.46,4395828.68,5756814.71
2015-07-10,3936544.23,2739662.29,3750891.91
2015-07-11,3965266.87,3129531.09,3859812.43
2015-07-12,4444033.83,3328239.41,4308843.11
2015-07-13,4008119.02,3034460.41,3879117.89
2015-07-14,4541662.42,3342181.13,4427340.58
2015-07-15,6195528.74,4291261.13,5945270.24
2015-07-16,5351713.45,4116727.89,5204783.4
2015-07-17,3953465.4,2950606.66,3879500.64
2015-07-18,4352743.94,3360294.1,4230281.82
2015-07-19,4734057.3,3930553.51,4244345.55
2015-07-20,4593431.52,3681755.41,3967198.09
2015-07-21,6205610.6,5465227.36,5212906.4
2015-07-22,7003315.42,5722941.79,5699625.87
2015-07-23,6241579.84,5998101.49,5041557.0
2015-07-24,4815209.73,4505884.65,3864863.25
2015-07-25,4869837.46,4566267.0,3980424.09
2015-07-26,5323996.74,5067093.8,4436550.96
2015-07-27,5603376.79,4970464.58,4431670.86
2015-07-28,6826651.55,6397791.84,5538901.92
2015-07-29,9470985.24,8720868.09,7602775.68
2015-07-30,10296776.67,9297387.58,9762134.91
2015-07-31,8227312.7,7668482.88,8001039.19
2015-08-01,7969399.16,7177931.29,8307674.69
2015-08-02,5808782.79,5354088.7,6999844.19
2015-08-03,4720575.96,4318409.09,6451104.36
2015-08-04,2658117.34,2426014.58,3894709.67
2015-08-05,2978173.12,2685329.21,4001425.35
2015-08-06,2558707.18,2305231.12,3656184.22
2015-08-07,1981109.04,1761417.66,2648627.83
2015-08-08,1709563.14,1493643.04,2428463.02
2015-08-09,2122689.02,1879086.42,2864218.57
2015-08-10,2341717.61,2081264.6199999999,3233525.06
2015-08-11,2434219.28,2083403.15,3451194.49
2015-08-12,3555473.95,3128341.65,4878289.67
2015-08-13,2921138.79,2597403.62,3979730.24
2015-08-14,2842163.51,2551161.32,3979723.24
2015-08-15,2655077.08,2331738.46,3723026.61
2015-08-16,2851597.29,2522812.79,3843042.72
2015-08-17,2804909.03,2381047.61,3580539.39
2015-08-18,3797369.86,3518768.25,5081331.41
2015-08-19,3996506.07,3725657.77,5388360.8
2015-08-20,3542649.14,3030498.72,4967122.51
2015-08-21,2826694.43,2597921.0,4029608.29
2015-08-22,2330134.4,2082160.59,3196044.6
2015-08-23,2980880.01,2617279.95,4035327.45
2015-08-24,2905862.72,2623390.88,4140352.34
2015-08-25,3470416.25,3200207.12,4713031.14
2015-08-26,4027164.09,3751809.49,5549423.27
2015-08-27,3564052.29,3259267.02,4867784.09
2015-08-28,8506950.72,7448216.79,11044258.41
2015-08-29,7794439.44,7000782.26,10361751.16
2015-08-30,7344062.69,6570413.5,9260104.74
2015-08-31,7854391.23,6972043.27,10070785.58
2015-09-01,6760812.85,6032635.49,8154672.78
2015-09-02,2200298.26,1913419.97,2129220.78
2015-09-03,2827263.54,2188937.84,2604249.38
2015-09-04,3174821.93,2517431.77,2868467.84
2015-09-05,4060108.04,3268400.04,3677521.7
2015-09-06,5806076.99,4675360.05,5165364.57
2015-09-07,5427754.58,4525604.34,4736445.82
2015-09-08,4280040.71,3423337.06,3769505.38
2015-09-09,3647303.9,2980836.37,3266493.41
2015-09-10,3721441.58,3213874.82,3354394.08
2015-09-11,5440903.55,4277627.51,4839456.19
2015-09-12,4950740.04,3994684.75,4404176.85
2015-09-13,6063850.75,4820008.07,5333297.85
2015-09-14,5951627.11,4790535.82,5241870.86
2015-09-15,4289955.17,3402414.45,3759560.12
2015-09-16,4578098.38,3898453.41,4047593.29
2015-09-17,4322042.75,3606908.04,3890293.3
2015-09-18,4626830.39,3568174.2199999997,4125549.97
2015-09-19,4866373.41,4136583.59,4338177.32
2015-09-20,5970375.19,4816945.25,5199616.34
2015-09-21,5429549.96,4559552.83,4922952.43
2015-09-22,3989413.65,3106392.47,3510644.34
2015-09-23,4492195.74,3712815.69,4136948.97
2015-09-24,4990183.49,4142474.5,4532817.65
2015-09-25,5455949.84,4491332.95,4738294.51
2015-09-26,6622087.86,5285890.26,5772363.74
2015-09-27,9527329.68,7674391.53,8445286.43
2015-09-28,8161672.8,6577348.95,7449690.47
2015-09-29,7149980.42,5962051.34,6330231.0
2015-09-30,6245594.21,4991051.07,5509034.08
2015-10-01,5328206.77,4737527.26,4579676.64
2015-10-02,2171539.56,1934351.49,1796561.55
2015-10-03,4071748.88,3736630.0,3247591.03
2015-10-04,3492367.73,3157803.13,2871726.8
2015-10-05,4507541.9,4309344.04,3678096.41
2015-10-06,4188998.54,3665615.52,3415837.46
2015-10-07,3426493.43,2956691.04,2803278.62
2015-10-08,3233949.18,2923703.14,2641121.98
2015-10-09,3267999.74,3103237.41,2663149.73
2015-10-10,3378102.79,2943937.94,2705337.11
2015-10-11,3286486.34,3030884.79,2566855.85
2015-10-12,4956524.37,4672719.59,4081540.58
2015-10-13,5498991.17,4822196.7,4432958.2
2015-10-14,3411355.27,3053049.21,2666618.8
2015-10-15,3768908.71,3546673.62,2948986.13
2015-10-16,3821540.36,3385867.63,2987369.39
2015-10-17,3662021.88,3142591.36,2894880.7
2015-10-18,4235369.07,3791313.26,3332133.13
2015-10-19,6150586.07,5354998.4799999995,4953145.42
2015-10-20,5151254.9,4801013.29,4073078.24
2015-10-21,3861128.76,3507227.23,3112793.66
2015-10-22,3503062.58,3122255.31,2822517.81
2015-10-23,4220053.16,3937948.71,3535441.18
2015-10-24,3836294.44,3444954.61,2963519.26
2015-10-25,4371735.18,4055223.76,3592252.8
2015-10-26,5670407.54,5092759.35,4548016.77
2015-10-27,5227347.01,4618464.71,4220293.85
2015-10-28,7029977.95,6267761.6,5631491.38
2015-10-29,7420192.54,6795839.0,6015934.85
2015-10-30,7246849.63,6704228.5,5898873.81
2015-10-31,5833943.99,5125018.39,4766615.28
2015-11-01,5794071.48,5293524.63,4691433.96
2015-11-02,2770297.66,2317396.81,2300656.83
2015-11-03,2095237.3,1873965.49,1642341.12
2015-11-04,2658412.16,2328767.9,2230527.42
2015-11-05,2550367.78,2381206.79,2095931.27
2015-11-06,3113759.4,2691706.3,2524846.93
2015-11-07,2523233.52,2299315.93,2111797.74
2015-11-08,4183206.42,3854360.46,3467217.26
2015-11-09,3409517.01,2991556.86,2730600.71
2015-11-10,3237404.66,3114835.69,2600539.96
2015-11-11,2928494.89,2640458.53,2445001.94
2015-11-12,3900732.76,3660106.7600000002,3072175.13
2015-11-13,3144926.75,2794677.35,2547598.28
2015-11-14,4369752.69,3934675.83,3445998.98
2015-11-15,4297274.47,3974466.2600000002,3488973.66
2015-11-16,4316238.63,3929897.94,3541079.15
2015-11-17,3035948.85,2735962.37,2418023.08
2015-11-18,3208924.12,2850400.6,2787131.03
2015-11-19,2934934.24,2271175.96,2722267.8
2015-11-20,3389498.76,2667029.31,3170548.9
2015-11-21,2291920.41,1693352.27,2320486.62
2015-11-22,3070301.17,2307067.77,3152837.2
2015-11-23,2329823.55,1761661.98,2370762.85
2015-11-24,1994420.05,1557537.8599999999,2017128.44
2015-11-25,1994246.64,1414695.27,2069297.94
2015-11-26,3361942.92,2445256.54,3392781.25
2015-11-27,5242225.8,3679801.77,5137790.23
2015-11-28,5114979.4,3767352.84,5281806.7
2015-11-29,5018236.03,3418556.35,4955536.7
2015-11-30,4031497.64,3079976.12,4065929.95
2015-12-01,3221463.05,2299981.28,3262618.05
2015-12-02,953639.35,612411.18,978207.15
2015-12-03,1852279.15,1357766.9,1907081.99
2015-12-04,2076429.7,1494607.1,2095572.96
2015-12-05,2287846.3,1717516.5999999999,2292826.58
2015-12-06,2028034.94,1369305.02,2013778.51
2015-12-07,2286683.02,1596143.15,2364273.69
2015-12-08,2785090.6,1907514.48,2715044.46
2015-12-09,1648123.41,1244283.35,1664248.89
2015-12-10,2450848.03,1633147.79,2579079.6
2015-12-11,2027594.98,1461373.14,1955884.16
2015-12-12,2888573.7,2096882.75,2824587.14
2015-12-13,3442735.4,2581741.19,3382073.59
2015-12-14,3272227.86,2441759.84,3176504.37
2015-12-15,3089177.63,2359406.05,3106617.67
2015-12-16,2310884.14,1533031.98,2367574.49
2015-12-17,2671287.02,2017988.9,2646046.82
2015-12-18,2923802.97,2215034.73,2954646.8
2015-12-19,2965218.72,2096788.3800000001,3081409.43
2015-12-20,3613917.61,2754811.76,3711607.1
2015-12-21,5050481.76,3774948.91,5131271.18
2015-12-22,3719442.83,2674241.93,3727031.54
2015-12-23,3656481.63,2715103.56,3646146.76
2015-12-24,2398336.72,1847374.55,2262884.17
2015-12-25,3229207.58,2357383.18,3048061.85
2015-12-26,3645783.09,2496266.17,3633106.61
2015-12-27,5096354.17,3546805.7,5095420.51
2015-12-28,8179976.67,6050517.8,8163764.62
2015-12-29,7760149.23,5501875.37,7689336.24
2015-12-30,5941753.52,4415169.48,5888436.34
2015-12-31,6375571.66,4924516.13,6217888.06
2016-01-01,5846204.33,4572271.4,5354701.23
2016-01-02,2558616.91,2321057.14,2072521.54
2016-01-03,2744446.82,2300347.7,2169775.39
2016-01-04,2387838.0,2318595.19,1861702.6
2016-01-05,1557710.07,1466912.74,1249444.02
2016-01-06,2337143.16,2253018.09,1917221.35
2016-01-07,2503287.51,2267960.56,2024858.69
2016-01-08,2738103.45,2477694.77,2202044.96
2016-01-09,3026961.32,2766971.89,2446095.09
2016-01-10,4122392.05,3887939.9,3201417.67
2016-01-11,3434076.67,3252728.29,2780091.13
2016-01-12,2627637.47,2513366.73,2110300.27
2016-01-13,2268324.18,2037387.44,1914275.35
2016-01-14,3247398.41,3113666.82,2705497.94
2016-01-15,3532606.36,3171365.8,3003599.85
2016-01-16,3856871.3,3521492.09,3138016.53
2016-01-17,4229318.34,3721878.25,3477169.21
2016-01-18,4105149.52,3908886.54,3409714.29
2016-01-19,2818234.03,2585566.81,2313238.83
2016-01-20,2842888.66,2362231.74,2294689.37
2016-01-21,3981191.66,3625294.96,3293021.93
2016-01-22,3322730.4,3053824.79,2667153.86
2016-01-23,3998813.29,3641317.0,3324513.23
2016-01-24,4734624.57,4559459.0,3904936.72
2016-01-25,5007306.32,4708674.16,4047871.63
2016-01-26,3544741.3,3083107.84,2876880.62
2016-01-27,4728554.45,4504427.14,3994526.08
2016-01-28,6717660.92,6076259.2,5529962.06
2016-01-29,5013253.01,4434618.9,4078543.96
2016-01-30,6920879.78,6017020.04,5546795.93
2016-01-31,6449751.32,5618578.98,5251383.47
2016-02-01,5200767.32,4775774.96,4131331.82
2016-02-02,2966994.87,2531856.16,2413250.92
2016-02-03,2273911.2,2136087.96,1841992.31
2016-02-04,2819439.59,2564722.3,2305544.16
2016-02-05,3680939.41,3380691.68,2987435.62
2016-02-06,4735761.79,4369336.88,3973322.09
2016-02-07,4032333.88,3683961.11,3144310.26
2016-02-08,3848593.44,3532478.69,3120549.68
2016-02-09,3979641.11,3811705.49,3286349.1
2016-02-10,3448601.24,3039851.63,2764263.83
2016-02-11,3717348.88,3100085.66,3000678.76
2016-02-12,4035900.93,3392241.73,3269439.67
2016-02-13,4701818.64,4205267.5,3727060.93
2016-02-14,4925684.12,4546147.41,4030980.54
2016-02-15,4588032.77,4251461.4799999995,3702428.02
2016-02-16,3941056.12,3722693.42,3209642.29
2016-02-17,2962078.99,2650213.22,2374063.71
2016-02-18,4009498.5,3812363.93,3301336.9
2016-02-19,4571419.08,4347841.12,3665043.13
2016-02-20,5176883.79,4582541.18,4193086.14
2016-02-21,4758472.96,4168782.1,3843027.26
2016-02-22,4721935.01,4365572.83,3825599.58
2016-02-23,4550216.22,4311428.58,3722357.32
2016-02-24,5790273.07,5119479.14,4665515.38
2016-02-25,7677182.49,7118129.5,6237906.21
2016-02-26,7096236.89,6609830.92,5762106.77
2016-02-27,6837275.28,6206217.98,5301081.64
2016-02-28,5117740.12,4686300.33,4142676.19
2016-02-29,3529083.59,3185766.85,2843903.05
2016-03-01,709982.79,698531.34,623398.17
2016-03-02,1479744.0,1344516.81,1243049.71
2016-03-03,2251060.05,2081671.26,1853979.92
2016-03-04,2778579.79,2514981.96,2305820.78
2016-03-05,3472294.22,3193453.77,2819038.04
2016-03-06,3501407.51,3315127.28,2754054.05
2016-03-07,4275566.76,3993912.71,3544887.63
2016-03-08,4693887.34,4297045.24,3819333.06
2016-03-09,5050829.68,4666155.62,4101613.27
2016-03-10,7374516.48,6795009.62,5983967.59
2016-03-11,6281759.31,5588988.45,5065973.55
2016-03-12,4673863.75,3968212.46,3853834.05
2016-03-13,4655322.31,4310390.64,3707033.48
2016-03-14,5214530.57,4792104.39,4150309.08
2016-03-15,5319085.92,4886085.75,4384259.36
2016-03-16,6412758.35,5455938.11,5219744.05
2016-03-17,8569336.81,7806979.41,6809198.69
2016-03-18,6917674.02,6046143.27,5792586.92
2016-03-19,5852909.53,4818715.2,4990341.15
2016-03-20,4759469.17,4170267.99,3951071.76
2016-03-21,5534732.74,4736782.88,4759221.87
2016-03-22,5449314.63,4253573.59,4970365.56
2016-03-23,6046593.49,4698334.89,5532819.27
2016-03-24,7933448.72,6462328.96,7157854.93
2016-03-25,7008643.3,5862059.64,6273523.88
2016-03-26,5197781.65,4149304.19,4790136.82
2016-03-27,6141114.6,4761939.59,5639995.87
2016-03-28,5291170.65,4166058.91,4853169.6
2016-03-29,7521778.94,5998948.56,6878616.36
2016-03-30,14545392.64,11711370.87,13412468.3
2016-03-31,14231299.73,11464046.81,12932629.87
2016-04-01,12298083.49,9611312.03,11254792.81
2016-04-02,13123488.4,10381877.23,12292938.79
2016-04-03,10576481.39,8303974.58,9627706.26
2016-04-04,4230255.21,3499954.86,3886345.44
2016-04-05,4598444.87,3606345.94,4315060.71
2016-04-06,5873076.02,4666264.86,5465466.98
2016-04-07,5504606.21,4376917.57,5121344.12
2016-04-08,4323869.8,3454094.06,3902265.35
2016-04-09,4537873.44,3642004.0,4208365.26
2016-04-10,4898415.28,3936753.5,4517178.31
2016-04-11,6193751.24,5025596.22,5553289.41
2016-04-12,5962850.28,4679992.01,5477134.6
2016-04-13,8636899.06,7067731.79,7772805.93
2016-04-14,7184576.35,5770213.52,6220003.38
2016-04-15,5910167.4,4807535.45,5244820.29
2016-04-16,7075518.69,5921274.51,5997253.75
2016-04-17,9065525.85,8093635.95,7747445.67
2016-04-18,7930420.94,7378456.66,6496267.7
2016-04-19,9299472.01,8343586.25,7665794.67
2016-04-20,11470503.55,10331331.58,9220652.39
2016-04-21,9681621.65,8728794.05,7780628.47
2016-04-22,6442191.99,5762515.08,5276646.93
2016-04-23,8225755.2,7708836.5,6488166.41
2016-04-24,8005992.5,7279021.39,6468446.01
2016-04-25,11068078.01,9512335.14,8923524.58
2016-04-26,11387120.36,10315064.66,9133066.32
2016-04-27,16379722.53,14759326.21,13128158.81
2016-04-28,17388183.19,15697639.27,13978683.94
2016-04-29,16966030.5,15415360.18,13610990.42
2016-04-30,12874790.56,11796741.64,10476104.29
2016-05-01,11553720.73,10428402.88,9387796.08
2016-05-02,8891959.72,7791047.19,7094979.67
2016-05-03,6609488.85,6161656.59,5263847.33
2016-05-04,6041365.35,5359623.82,4874007.55
2016-05-05,6026491.95,5239357.71,4682705.07
2016-05-06,5884185.84,5132524.42,4692160.58
2016-05-07,5016235.82,4527910.78,3962154.52
2016-05-08,4730903.12,4226963.61,3759762.75
2016-05-09,7307039.01,6446194.0,5990848.79
2016-05-10,6636687.87,6249639.52,5216849.07
2016-05-11,8452886.26,7639896.26,6878143.05
2016-05-12,10736290.28,9721995.56,8789857.02
2016-05-13,9817523.43,8867296.44,7817935.3
2016-05-14,7446413.22,6594915.4,6064015.7
2016-05-15,6413929.56,5783703.39,4998345.42
2016-05-16,7701732.93,6922556.33,5993216.92
2016-05-17,8631034.09,7806983.83,6848845.3
2016-05-18,8416389.92,7770624.7700000005,6811181.17
2016-05-19,11212790.37,10157675.94,9063577.59
2016-05-20,10058131.11,9372929.1,8217262.68
2016-05-21,7447083.47,6620763.09,5895652.1
2016-05-22,7687940.04,7071764.83,6156525.22
2016-05-23,8645211.05,7838280.88,7045764.67
2016-05-24,8183351.87,7319906.67,6580079.91
2016-05-25,9916196.12,9302684.52,7860116.29
2016-05-26,12748857.56,11466578.08,10440320.85
2016-05-27,10645860.16,10060600.58,8560911.95
2016-05-28,7818417.53,7131669.16,6306590.85
2016-05-29,6277386.71,5759604.8,4980964.03
2016-05-30,15902645.06,14435422.56,12868500.26
2016-05-31,15273734.62,13996489.13,12146387.51
2016-06-01,15027967.48,13137599.84,12020718.26
2016-06-02,15450407.81,14184860.49,12454831.83
2016-06-03,14905219.23,13602828.35,12099283.96
2016-06-04,3543917.94,3395839.84,2852864.04
2016-06-05,5281645.29,4913129.37,4151357.66
2016-06-06,5164395.26,4664819.64,4100125.08
2016-06-07,6484605.21,5780325.26,5302528.24
2016-06-08,8622987.0,7804109.39,7158408.04
2016-06-09,6719422.7,5817697.51,5484927.09
2016-06-10,5856690.47,5344490.08,4774033.93
2016-06-11,5949391.29,5397492.47,4761365.56
2016-06-12,6087764.33,5592314.65,4901187.37
2016-06-13,6889883.95,6079826.97,5491827.46
2016-06-14,9141001.7,8479559.05,7338757.88
2016-06-15,9864183.86,8795028.28,7853426.55
2016-06-16,10058421.18,9363004.38,8220535.81
2016-06-17,5423957.08,4894468.65,4250810.07
2016-06-18,7882351.1,7067200.75,6322388.46
2016-06-19,7908073.31,6962893.36,6297385.32
2016-06-20,7266335.58,6395416.2,5841977.09
2016-06-21,8500049.69,7316380.82,6752198.15
2016-06-22,10283795.21,9337102.17,8167871.69
2016-06-23,9872888.2,8406470.63,7950198.34
2016-06-24,7881916.83,7342152.88,6508523.99
2016-06-25,6886227.09,5654550.16,6096912.54
2016-06-26,6698524.32,5148981.9,6144242.3
2016-06-27,6871506.56,5252958.08,6833479.69
2016-06-28,8247984.99,6315648.27,8163713.72
2016-06-29,13343751.12,9905809.05,13303063.47
2016-06-30,11824115.33,8881170.14,11686500.64
2016-07-01,10173764.85,7581739.38,10138330.52
2016-07-02,8800553.93,6457732.41,8597989.65
2016-07-03,6426683.62,4842492.98,6344095.57
2016-07-04,1386571.93,985496.42,1325944.63
2016-07-05,2748779.52,2109856.79,2677876.06
2016-07-06,2703265.31,2041382.61,2729115.94
2016-07-07,4517288.27,3389476.89,4518370.11
2016-07-08,3773827.56,2872262.61,3763622.72
2016-07-09,4051086.89,2928973.3,3956559.68
2016-07-10,4008532.54,2988384.8,3789183.06
2016-07-11,4094198.38,3106441.45,3954521.72
2016-07-12,4373623.08,3160978.61,4271906.38
2016-07-13,3978100.94,2999202.01,3903887.84
2016-07-14,5834657.65,4536429.05,5776926.66
2016-07-15,5538171.41,4066942.34,5410397.02
2016-07-16,4146739.21,3224202.72,3932641.54
2016-07-17,4362617.65,3260383.5100000002,4257377.15
2016-07-18,4037086.77,3126053.65,4032049.3
2016-07-19,4972014.76,4082344.88,4468539.05
2016-07-20,5743038.13,4608452.11,4989427.8
2016-07-21,6234589.1,5583790.7,5454135.01
2016-07-22,6429688.49,5476511.37,5405412.2
2016-07-23,5794840.19,5492354.01,4693760.16
2016-07-24,4992598.4,4249388.7299999995,3988427.93
2016-07-25,6602810.86,5966770.63,5210533.01
2016-07-26,7851989.46,7044841.84,6298482.2
2016-07-27,7880563.86,6934767.35,6294203.51
2016-07-28,10561338.25,9701822.91,8364736.75
2016-07-29,9786083.49,9118193.18,8009568.05
2016-07-30,6346290.87,5801962.31,5035247.55
2016-07-31,11015269.56,10173852.959999999,8901256.98
2016-08-01,10793582.2,9813543.55,8684114.27
2016-08-02,9744357.22,8955212.54,7715286.95
2016-08-03,9904285.99,9368472.74,7903743.51
2016-08-04,9495153.07,8822010.34,7445312.45
2016-08-05,5608281.75,5205959.64,4405172.77
2016-08-06,3417126.9,3131772.39,2778007.61
2016-08-07,4427581.45,4037916.91,3417549.23
2016-08-08,4350104.4,3756010.5,3457274.61
2016-08-09,5367433.58,4925628.06,4307308.14
2016-08-10,6219835.93,5672017.12,4989664.4
2016-08-11,6515630.05,5844269.03,5260377.53
2016-08-12,6119372.31,5306229.54,4890673.79
2016-08-13,4911652.24,4455276.85,4032826.41
2016-08-14,4133214.74,3822008.7600000002,3276890.85
2016-08-15,5605211.59,5159750.36,4497185.08
2016-08-16,5622571.31,5166828.54,4439845.57
2016-08-17,5481191.48,5154989.21,4224740.02
2016-08-18,9528740.46,8165917.12,7920089.68
2016-08-19,6546299.57,6171351.52,5278113.04
2016-08-20,5781551.94,5120315.08,4564247.81
2016-08-21,6521389.47,5760344.61,5328696.02
2016-08-22,5219998.72,4759960.99,4287522.68
2016-08-23,4815121.42,4300359.1,3868404.84
2016-08-24,6292751.73,5883289.89,5100249.41
2016-08-25,8794928.73,8200555.68,6977759.11
2016-08-26,5680360.34,5168245.01,4488665.83
2016-08-27,4561647.77,4203192.95,3662367.33
2016-08-28,15158669.18,14210633.72,12249721.23
2016-08-29,14043471.1,12638740.209999999,11328872.12
2016-08-30,13812380.3,12636679.65,11037531.68
2016-08-31,12534594.92,11554151.2,10091516.93
2016-09-01,12403544.62,11223109.27,10116739.78
2016-09-02,2363186.38,2056040.21,2197302.32
2016-09-03,2854708.14,2173636.22,2576390.08
2016-09-04,2911393.7,2396223.71,2610346.46
2016-09-05,4157930.98,3196672.4,3683805.93
2016-09-06,4457820.99,3717081.06,4021959.96
2016-09-07,2727504.52,2189514.37,2482230.36
2016-09-08,2950156.73,2191607.1,2710099.28
2016-09-09,4080455.52,3115968.35,3550531.35
2016-09-10,3383667.97,2601675.51,3081087.79
2016-09-11,4791697.67,3861162.13,4209772.35
2016-09-12,5675073.45,4465825.35,5130706.55
2016-09-13,5639925.61,4492713.1,5076124.78
2016-09-14,4385149.48,3532238.52,3911967.05
2016-09-15,3714513.35,3100469.22,3311188.02
2016-09-16,4018602.31,3468999.83,3556568.41
2016-09-17,4431680.09,3524018.33,3843688.85
2016-09-18,4942620.63,4097683.69,4382989.7
2016-09-19,5350877.2,4511645.77,4783146.79
2016-09-20,4950112.24,3907819.21,4381290.5
2016-09-21,4415854.52,3652721.02,4042078.78
2016-09-22,3570383.96,3014505.02,3326231.28
2016-09-23,4188287.62,3159481.2,3857859.5
2016-09-24,3669054.98,2880157.29,3149906.57
2016-09-25,5830714.93,4810885.16,5221915.5
2016-09-26,6888617.97,5437394.41,6121949.95
2016-09-27,8489123.16,6972499.11,7795904.94
2016-09-28,7567886.85,6454350.5,6824968.63
2016-09-29,5432931.71,4364808.45,4892504.82
2016-09-30,4909635.76,4098646.06,4205412.15
2016-10-01,4366699.03,3811604.9899999998,3701260.21
2016-10-02,2596796.4,2392124.42,1974164.43
2016-10-03,2548741.44,2426150.23,2097911.33
2016-10-04,3461082.31,3296610.65,2850191.25
2016-10-05,3424882.78,3254347.85,2746226.47
2016-10-06,2895028.23,2695658.12,2454432.63
2016-10-07,3222934.99,2844187.71,2477341.55
2016-10-08,3101070.27,2804901.25,2574361.13
2016-10-09,3313712.48,3136251.96,2583489.11
2016-10-10,4264616.83,3924901.29,3371581.16
2016-10-11,4422185.53,4217346.67,3581266.99
2016-10-12,4541598.24,4255070.43,3524730.02
2016-10-13,3317032.06,3116099.43,2649214.4
2016-10-14,3511630.87,3321268.33,2718591.77
2016-10-15,3943248.97,3466351.04,3043533.56
2016-10-16,4376304.87,4071979.01,3413503.15
2016-10-17,3037287.93,2669370.47,2453991.87
2016-10-18,4508859.09,4169629.31,3657069.31
2016-10-19,4228189.57,3854968.27,3396000.86
2016-10-20,2846518.01,2572288.42,2260628.69
2016-10-21,3272036.28,3070594.14,2634207.2
2016-10-22,3948044.16,3570219.39,3231763.1
2016-10-23,3383059.2,3170373.69,2666084.61
2016-10-24,4380387.44,4168789.44,3526727.23
2016-10-25,4299274.8,3818456.89,3249930.02
2016-10-26,4706906.11,3950632.79,3751859.51
2016-10-27,4202633.76,3803941.19,3430770.86
2016-10-28,7095459.64,6587180.22,5821255.79
2016-10-29,7748034.04,7112333.88,6291672.94
2016-10-30,6231866.09,5538341.7299999995,5021019.4
2016-10-31,6154479.92,5756379.11,4923620.6
2016-11-01,7719179.86,7147879.15,6108632.49
2016-11-02,2019573.39,1935857.1099999999,1671538.84
2016-11-03,2167731.38,1951137.61,1630172.24
2016-11-04,2921457.72,2729843.1,2325634.63
2016-11-05,3331729.51,2968677.01,2510325.05
2016-11-06,3177194.93,2760774.28,2614531.12
2016-11-07,4013690.76,3546656.99,3164694.75
2016-11-08,2902668.64,2763947.33,2275142.13
2016-11-09,3088936.2,2910156.09,2415653.4
2016-11-10,3524443.54,3220611.92,2787453.25
2016-11-11,3242466.89,2859396.9699999997,2622416.39
2016-11-12,4067309.35,3759417.45,3215859.82
2016-11-13,4108240.53,3697696.7,3298120.47
2016-11-14,5384564.17,4895519.4,4287246.16
2016-11-15,4067351.79,3711349.2,3266049.08
2016-11-16,2666254.64,2554852.35,2184170.77
2016-11-17,3253737.52,3039907.37,2657687.82
2016-11-18,2750384.49,2433553.3,2341586.51
2016-11-19,3049656.36,2352528.42,2797715.85
2016-11-20,2422645.76,1841755.05,2208447.77
2016-11-21,2849528.18,2134551.62,2622825.33
2016-11-22,2953802.19,2214293.36,3010640.25
2016-11-23,1781135.32,1355213.92,1682846.05
2016-11-24,1693041.1,1270221.5,1727778.84
2016-11-25,3314537.94,2408046.13,3343367.28
2016-11-26,3392192.14,2568904.32,3360164.37
2016-11-27,5299633.2,3931391.52,5281944.59
2016-11-28,5196318.58,3923853.2,5131257.93
2016-11-29,4921786.18,3501049.7800000003,4962698.8
2016-11-30,3832887.02,2761386.25,3897608.89
2016-12-01,2358573.02,1683953.69,2341309.79
2016-12-02,907573.74,624522.01,925477.21
2016-12-03,1333890.05,988428.16,1218185.92
2016-12-04,2237557.76,1644563.83,2224630.3
2016-12-05,1925286.27,1522083.76,1939563.58
2016-12-06,2605334.49,1921624.93,2510982.32
2016-12-07,2299467.49,1691330.44,2274139.79
2016-12-08,2075549.34,1456439.6500000001,2136761.21
2016-12-09,2553283.93,1994255.92,2600587.96
2016-12-10,2913080.54,1995359.17,2889190.43
2016-12-11,2853330.5,2021239.38,2812545.24
2016-12-12,3248145.42,2293088.4,3217430.0
2016-12-13,3823629.31,2719642.47,3830277.56
2016-12-14,2792734.55,2069558.88,2831410.87
2016-12-15,2707101.38,2054831.13,2742933.88
2016-12-16,2646651.72,2046685.91,2651717.38
2016-12-17,3238132.58,2329303.57,3280502.46
2016-12-18,3271429.4,2317470.59,3285398.32
2016-12-19,4135316.35,2998594.42,4095588.8
2016-12-20,4293749.29,3051136.99,4224108.67
2016-12-21,4279775.59,3220497.61,4100591.43
2016-12-22,3117384.48,2397013.77,3057416.11
2016-12-23,2500798.47,1678046.29,2509747.01
2016-12-24,2034069.49,1444402.7,2007308.18
2016-12-25,3488378.94,2540575.0,3406046.44
2016-12-26,3839559.68,2878568.73,3806837.33
2016-12-27,5844260.6,4176970.28,5750792.35
2016-12-28,7554359.22,5464855.82,7421332.69
2016-12-29,7928143.58,5738564.12,7951767.41
2016-12-30,5840732.73,4420355.52,5741938.39
2016-12-31,4969730.15,3825226.27,4920694.41
2017-01-01,3998895.08,3248921.65,3583814.01
2017-01-02,1748553.87,1673076.85,1374452.07
2017-01-03,1891837.91,1752139.15,1573537.28
2017-01-04,847466.28,806071.97,682698.81
2017-01-05,1464435.52,1430702.48,1145400.53
2017-01-06,2311449.24,2133005.56,1842665.52
2017-01-07,2148635.45,2107808.27,1767280.58
2017-01-08,2907768.3,2662628.63,2272946.44
2017-01-09,3437216.12,3167511.31,2814472.11
2017-01-10,3014515.71,2754248.2199999997,2440786.22
2017-01-11,2227157.79,2079260.63,1674420.56
2017-01-12,2704158.21,2480916.96,2101198.8
2017-01-13,3136819.59,2812459.18,2599219.64
2017-01-14,2056300.58,1877895.1600000001,1704845.73
2017-01-15,2415343.55,2320425.45,1994964.86
2017-01-16,3848368.92,3425398.02,3102404.56
2017-01-17,2829843.68,2475899.75,2229864.7
2017-01-18,2138817.82,2025749.12,1652537.47
2017-01-19,2663777.41,2617253.84,2187863.56
2017-01-20,2871845.05,2656878.6,2318588.01
2017-01-21,2790303.1,2680965.1,2232164.85
2017-01-22,2438538.62,2262534.86,2064760.98
2017-01-23,3466339.69,3056396.63,2719480.1
2017-01-24,2856042.21,2541020.66,2288079.89
2017-01-25,2345949.16,2236412.75,1953862.54
2017-01-26,3398297.86,3144099.48,2689465.29
2017-01-27,3893498.97,3553729.79,3118864.85
2017-01-28,5454445.79,4832003.07,4466542.85
2017-01-29,6530902.38,5646660.29,5313138.23
2017-01-30,5647441.37,5236541.22,4545794.61
2017-01-31,5786663.6,5165233.83,4731579.01
2017-02-01,3754242.39,3598736.29,3007642.45
2017-02-02,2084558.98,1927264.02,1704689.79
2017-02-03,2527455.7,2423582.26,2118774.82
2017-02-04,2511052.37,2386004.36,2067059.03
2017-02-05,2436308.96,2249971.71,2039899.33
2017-02-06,2567404.94,2201072.75,2085607.67
2017-02-07,2738634.88,2607076.93,2219123.05
2017-02-08,1933130.03,1744071.97,1586818.66
2017-02-09,2516914.69,2053064.12,2076822.36
2017-02-10,2588464.94,1982208.41,2130151.17
2017-02-11,3014037.02,2419547.09,2552520.25
2017-02-12,3603536.48,3249141.64,2886850.52
2017-02-13,4440040.43,3712438.73,3602625.97
2017-02-14,3875527.43,3502736.08,3254271.21
2017-02-15,2042667.61,1763921.6300000001,1725509.05
2017-02-16,3533527.8,3149299.43,2858753.36
2017-02-17,3023518.61,2629735.75,2507056.83
2017-02-18,3277433.63,3117633.2800000003,2800726.99
2017-02-19,4520643.56,3947517.15,3744775.49
2017-02-20,5623470.83,4927749.62,4661358.55
2017-02-21,5243661.46,4862990.66,4397106.06
2017-02-22,4461426.24,3892763.75,3673004.77
2017-02-23,5005082.74,4364402.51,4050645.07
2017-02-24,5197080.94,4509711.78,4291124.12
2017-02-25,7193655.77,6401008.04,5984598.22
2017-02-26,6951383.99,6061861.66,5568547.06
2017-02-27,7418488.93,6672856.92,6084966.92
2017-02-28,5900508.14,4955462.28,4852701.48
2017-03-01,4138759.12,3676836.58,3461752.84
2017-03-02,1084768.59,1026143.76,894235.96
2017-03-03,1291387.67,1243859.22,1088338.93
2017-03-04,1414852.54,1297041.36,1091358.11
2017-03-05,2359240.19,1955454.0,1784452.73
2017-03-06,3890607.23,3768044.53,3160109.06
2017-03-07,3220221.21,3019039.71,2644266.94
2017-03-08,4553707.12,4179944.15,3607122.81
2017-03-09,4967983.41,4575017.47,4034647.4
2017-03-10,6057343.95,5548255.96,4929376.63
2017-03-11,4368486.87,3989436.11,3465509.34
2017-03-12,3116003.75,2842146.16,2481856.51
2017-03-13,4924647.72,4331632.12,4152542.23
2017-03-14,5669415.23,5346347.94,4519981.15
2017-03-15,7298281.44,6351833.26,5862653.36
2017-03-16,7437742.79,6908475.45,6020449.52
2017-03-17,7834618.24,7069364.12,6274517.1
2017-03-18,5974783.9,5319970.95,4875618.15
2017-03-19,5122059.27,4586308.42,4468071.53
2017-03-20,5574811.65,4779013.05,4750949.98
2017-03-21,6395400.59,5205464.19,5699224.23
2017-03-22,6704488.72,5255464.35,5884865.16
2017-03-23,8227253.04,6536536.09,7586583.97
2017-03-24,8043513.7,6340832.37,7275137.93
2017-03-25,5949599.34,4685860.26,5438511.57
2017-03-26,5631526.96,4527343.21,5140078.21
2017-03-27,6690279.11,5343512.22,5981854.17
2017-03-28,7528150.84,6131191.51,6808020.58
2017-03-29,8839810.76,7297949.02,8216778.38
2017-03-30,17516038.82,13777286.05,16224964.49
2017-03-31,16556662.03,13366663.41,15209810.1
2017-04-01,15808755.61,12824644.78,14645912.76
2017-04-02,14750037.65,11701902.96,13407725.54
2017-04-03,11986923.68,9794178.62,10898039.76
2017-04-04,3822590.98,3025940.44,3438348.87
2017-04-05,4629254.97,3700101.72,4199168.99
2017-04-06,3991728.43,3181210.87,3603945.57
2017-04-07,3428956.51,2768448.5100000002,3033332.62
2017-04-08,3512061.04,2787703.97,3104040.68
2017-04-09,5195329.1,4168163.9,4683867.18
2017-04-10,4956146.85,3825741.54,4458418.44
2017-04-11,6400896.15,5168628.48,5775011.4
2017-04-12,6346191.53,5304252.32,5932271.71
2017-04-13,6080699.31,4721162.2700000005,5675033.32
2017-04-14,5046450.29,3869710.99,4501125.15
2017-04-15,5118767.2,4282835.51,4382670.97
2017-04-16,5550880.17,4881999.17,4613246.21
2017-04-17,6659045.31,5436652.36,5533903.49
2017-04-18,8056843.67,7398410.0,6512827.94
2017-04-19,8628781.58,7824067.71,6869166.87
2017-04-20,7240460.1,6631592.2,5704449.86
2017-04-21,5516371.41,4910261.24,4399591.55
2017-04-22,5307716.56,4922459.67,4273571.86
2017-04-23,7933547.43,7238818.69,6292750.65
2017-04-24,7075130.23,6345298.89,5783275.04
2017-04-25,8289377.68,7817801.22,6751931.23
2017-04-26,11677117.94,10820226.92,9490915.85
2017-04-27,10910842.34,10236145.64,8767860.5
2017-04-28,8873238.46,8108836.19,7052027.5
2017-04-29,13969061.08,12395411.88,11193381.32
2017-04-30,12763691.95,11404202.82,10213945.04
2017-05-01,10437173.89,9530849.78,8248934.13
2017-05-02,10668293.77,9608469.94,8545428.77
2017-05-03,11066087.91,10257462.25,8850240.81
2017-05-04,5096072.55,4246408.37,4205229.55
2017-05-05,5663567.39,5051343.8,4486107.35
2017-05-06,3743378.15,3394685.56,2996412.53
2017-05-07,4893557.72,4606280.43,3947883.38
2017-05-08,5867384.27,5159540.05,4768855.8
2017-05-09,6383091.75,5550543.5,5203605.53
2017-05-10,7501996.22,6815537.87,6032076.17
2017-05-11,10239562.28,9248735.42,8268973.88
2017-05-12,8320439.9,7565223.17,6726540.41
2017-05-13,7357524.23,6323042.78,5896933.82
2017-05-14,6662133.39,6380692.25,5287890.68
2017-05-15,7541584.53,7065388.53,6196974.67
2017-05-16,6978902.38,6446626.13,5556954.23
2017-05-17,7526190.32,6807934.65,5942140.35
2017-05-18,10554187.11,9575156.11,8417567.55
2017-05-19,8723026.23,7986630.7700000005,6978931.62
2017-05-20,6210104.92,5562161.54,4916762.05
2017-05-21,7924193.43,7380960.2,6410830.66
2017-05-22,7701304.95,6886473.78,6167091.35
2017-05-23,8875094.41,8310104.66,7259320.81
2017-05-24,9809118.2,8912638.11,7989958.15
2017-05-25,12997641.6,11855154.64,10345551.33
2017-05-26,10924584.92,9764770.91,8936147.49
2017-05-27,6842735.97,6282029.3,5377732.71
2017-05-28,6133951.19,5803525.0200000005,4817050.8
2017-05-29,7513494.18,6744920.2700000005,5975112.76
2017-05-30,15437626.24,14204441.56,12468271.46
2017-05-31,17314841.86,16218818.7,13846685.08
2017-06-01,17639270.88,15987431.959999999,14102311.81
2017-06-02,17528852.88,15809345.36,14154253.77
2017-06-03,15308256.14,13854126.97,12312510.57
2017-06-04,4982217.86,4405311.38,4015671.63
2017-06-05,6879970.92,6123226.53,5535512.4
2017-06-06,5342823.74,4801952.82,4216558.08
2017-06-07,7640608.49,7031218.56,6119021.16
2017-06-08,7229728.05,6536893.93,5870597.71
2017-06-09,6070420.59,5652453.24,4805414.43
2017-06-10,6331260.25,5661430.06,5062026.02
2017-06-11,6522568.24,5682391.0,5237226.84
2017-06-12,6628740.01,6295410.28,5335810.64
2017-06-13,9097973.24,8533235.64,7325847.9
2017-06-14,10026676.46,9298499.35,8103723.85
2017-06-15,7940593.56,7227760.57,6369139.96
2017-06-16,7143718.68,6425034.84,5840484.65
2017-06-17,7455304.37,6592068.34,6136710.77
2017-06-18,7827068.5,6967209.51,6257008.19
2017-06-19,7342525.83,6647455.19,5820728.91
2017-06-20,8225238.75,7100419.64,6368214.24
2017-06-21,10655514.59,9790921.14,8609715.32
2017-06-22,9198620.13,8265260.18,7431185.52
2017-06-23,6526283.84,6055842.55,5230359.86
2017-06-24,7602436.11,6615632.22,6685562.91
2017-06-25,7066545.51,5571475.17,6587328.34
2017-06-26,7983541.46,6114651.65,7671373.55
2017-06-27,9250037.34,6935246.64,9101777.72
2017-06-28,11067229.74,8214753.28,10779722.88
2017-06-29,14575854.67,10993569.71,14163551.21
2017-06-30,10343460.86,7736947.57,10016805.64
2017-07-01,9399552.7,6932109.59,9077728.29
2017-07-02,8465410.55,6190948.64,8425628.54
2017-07-03,7335280.55,5254639.38,7353625.52
2017-07-04,1548331.57,1187508.15,1505172.52
2017-07-05,2498941.43,1892650.14,2468637.84
2017-07-06,3806545.74,2797061.65,3785638.98
2017-07-07,3910669.38,2867245.65,3735165.73
2017-07-08,2775904.89,2125196.56,2709365.34
2017-07-09,4305575.04,3124942.06,4091213.73
2017-07-10,4406742.02,3368288.72,4296558.78
2017-07-11,4944810.32,3834280.93,4863855.67
2017-07-12,4751983.65,3457260.08,4543652.2
2017-07-13,6163660.52,4374276.04,5965250.9
2017-07-14,4470547.96,3372038.16,4429144.59
2017-07-15,4914470.82,3656999.8,4964833.31
2017-07-16,5679726.46,4297259.1,5555676.19
2017-07-17,5903451.12,4359498.37,5721733.07
2017-07-18,5722567.0,4065638.41,5454385.63
2017-07-19,5823778.88,4605997.38,5343161.22
2017-07-20,7767875.77,6140779.82,6983084.24
2017-07-21,7742137.96,6330111.16,6801188.17
2017-07-22,5031209.52,4450390.8,4280297.37
2017-07-23,5822844.6,5206547.97,4618045.67
2017-07-24,5657508.49,5276926.3,4478937.41
2017-07-25,7277905.64,6295393.8,5735726.58
2017-07-26,8323356.74,7690880.7,6749350.5
2017-07-27,10162217.48,9062344.51,8082143.68
2017-07-28,8483149.48,7782215.41,6878556.14
2017-07-29,7623158.15,6911940.97,6127361.47
2017-07-30,8808543.18,7982099.96,8256517.97
2017-07-31,9466549.72,8318294.2700000005,11128407.08
2017-08-01,7103485.92,6382196.46,8893176.14
2017-08-02,6242432.38,5725801.18,8556480.36
2017-08-03,6560878.74,5964638.93,8998020.07
2017-08-04,5472043.99,4992843.79,7638550.59
2017-08-05,1626028.13,1480516.54,2192300.16
2017-08-06,2056024.63,1932765.67,2936220.92
2017-08-07,2070918.21,1771193.92,2673620.96
2017-08-08,2631383.27,2380973.27,3603508.2
2017-08-09,2635632.31,2348391.12,3591835.02
2017-08-10,3124252.01,2684178.6,4079777.28
2017-08-11,3164344.57,2804860.38,4365179.69
2017-08-12,2404905.33,2252922.28,3325606.06
2017-08-13,2375693.54,2213419.03,3146463.17
2017-08-14,3038574.28,2764504.14,4128458.45
2017-08-15,2570726.93,2316879.55,3709393.15
2017-08-16,3226436.89,2885293.13,4462853.41
2017-08-17,4035498.92,3644574.44,5750566.25
2017-08-18,3226338.29,2816689.03,4356894.77
2017-08-19,2594209.32,2383033.46,3620782.22
2017-08-20,2793076.6,2466848.5,3941814.02
2017-08-21,2634922.72,2460966.29,3676913.21
2017-08-22,3146373.54,2827258.32,4106696.92
2017-08-23,3476965.73,3073020.33,4769850.97
2017-08-24,4910360.99,4448643.58,6796852.79
2017-08-25,3349335.96,2982334.22,4548124.98
2017-08-26,2646726.51,2453931.02,3741666.75
2017-08-27,2383553.18,2167567.82,3067888.41
2017-08-28,3635080.01,3210878.91,5161278.75
2017-08-29,7306573.99,6327875.85,9554867.54
2017-08-30,6946636.36,6131994.29,9396255.8
2017-08-31,7907948.51,7134832.92,10017576.0
2017-09-01,5962206.68,5347573.07,7605277.51
2017-09-02,6245530.26,5428673.89,7453975.27
2017-09-03,2366258.16,1950924.78,2028274.79
2017-09-04,3110959.61,2620532.27,2696832.33
2017-09-05,4156708.13,3431179.21,3697301.2
2017-09-06,3962558.61,2985365.85,3470517.33
2017-09-07,3177169.11,2815797.9,2911789.0
2017-09-08,2758623.23,2278869.56,2466116.27
2017-09-09,3407389.12,2621028.04,3057748.67
2017-09-10,2833078.04,2247877.66,2447241.71
2017-09-11,4351501.62,3657461.23,3874079.03
2017-09-12,5272757.92,4320906.39,4657582.93
2017-09-13,4375381.18,3460764.47,3897483.92
2017-09-14,2944995.39,2422853.7600000002,2598454.0
2017-09-15,4050240.35,3587667.35,3493814.51
2017-09-16,3998480.39,3377051.42,3572766.48
2017-09-17,3646297.83,2944480.23,3324722.05
2017-09-18,4708998.08,3872141.49,4108242.1
2017-09-19,5863767.93,4708495.09,5193156.23
2017-09-20,4348094.84,3514089.76,3813888.37
2017-09-21,3941062.22,3170997.95,3437534.89
2017-09-22,4296469.47,3292851.97,3871217.73
2017-09-23,4068464.64,3265102.23,3622953.87
2017-09-24,3893369.27,3129723.6,3496467.09
2017-09-25,5274815.56,4240586.52,4684517.64
2017-09-26,5803004.55,4692390.65,5062124.41
2017-09-27,7446035.82,5775595.24,6568633.22
2017-09-28,7777371.32,6329501.55,7033425.19
2017-09-29,5297992.65,4440342.15,4816175.26
2017-09-30,5604370.48,4846507.2,4849617.32
2017-10-01,4057941.88,3399033.7,3476480.87
2017-10-02,2879522.46,2446671.23,2342981.57
2017-10-03,2733645.95,2317535.0,2251158.64
2017-10-04,3991921.57,3659257.32,3166198.46
2017-10-05,3219806.7,2949249.08,2540926.63
2017-10-06,2919860.88,2635650.33,2393697.54
2017-10-07,3614512.4,3225941.57,2790501.3
2017-10-08,3915909.65,3701144.76,3064193.34
2017-10-09,3295589.64,3142158.04,2601027.16
2017-10-10,3865996.54,3613985.2600000002,3056078.01
2017-10-11,5115944.9,4781416.05,4157714.79
2017-10-12,4480692.67,4097910.5,3480805.66
2017-10-13,3073492.71,2910862.64,2485145.78
2017-10-14,3790006.69,3173428.33,2996354.65
2017-10-15,3744243.63,3480374.65,2920145.88
2017-10-16,4113305.99,3901629.01,3202804.6
2017-10-17,4345077.6,3924014.86,3330124.96
2017-10-18,6078621.94,5699922.52,4769081.72
2017-10-19,3916465.28,3623333.9,3063562.45
2017-10-20,3454637.53,3172517.43,2776840.51
2017-10-21,3395571.6,3058918.03,2700303.7
2017-10-22,3560322.33,3224186.18,2849008.19
2017-10-23,3915143.5,3721746.76,3019168.91
2017-10-24,3172297.01,2829706.86,2492929.42
2017-10-25,6656072.71,5895091.0,5320570.98
2017-10-26,5244501.34,4748203.8,4208554.22
2017-10-27,3452345.34,3069605.92,2711681.12
2017-10-28,3658997.27,3491808.7,2958790.37
2017-10-29,7644126.36,6993670.13,6130363.53
2017-10-30,7135440.35,6269719.46,5691818.99
2017-10-31,7280919.6,6856681.16,5711548.55
2017-11-01,7083914.55,6539505.55,5591633.48
2017-11-02,5199936.08,4773548.24,4288675.49
2017-11-03,1577128.76,1203710.1,1289906.6
2017-11-04,1931786.56,1711289.42,1566251.33
2017-11-05,2523519.9,2232602.2399999998,2073018.57
2017-11-06,3018330.58,2784598.69,2360833.81
2017-11-07,4095990.43,3584886.67,3338509.96
2017-11-08,4277782.67,4043626.79,3348300.89
2017-11-09,2792998.33,2446962.85,2205753.88
2017-11-10,3541249.75,3259992.66,2843011.6
2017-11-11,2921904.65,2667665.72,2403613.27
2017-11-12,3084484.33,2813207.53,2422146.93
2017-11-13,3746234.93,3239982.88,2946152.31
2017-11-14,4154076.39,3963692.34,3314644.14
2017-11-15,3854132.18,3559697.92,3119546.66
2017-11-16,3066706.38,2813091.61,2516030.25
2017-11-17,2781968.82,2520125.05,2191402.04
2017-11-18,2774765.8,2319334.82,2218818.06
2017-11-19,3132539.58,2540174.49,2911417.5
2017-11-20,2995966.89,2454632.48,2760945.71
2017-11-21,2297213.47,1638959.91,2128140.16
2017-11-22,2248567.69,1587314.99,2263677.12
2017-11-23,1749357.29,1320708.31,1656734.06
2017-11-24,1620958.87,1252242.25,1618303.7
2017-11-25,2674533.14,1853757.15,2727514.77
2017-11-26,2940959.43,2098775.35,2955583.74
2017-11-27,3888410.38,2928880.28,3813390.96
2017-11-28,5847881.51,4292936.88,5752351.51
2017-11-29,4871438.96,3482169.9,4803864.88
2017-11-30,4264134.96,3166568.6999999997,4156136.15
2017-12-01,2565213.32,1868442.93,2510402.2
2017-12-02,2798541.49,1998515.54,2818052.3
2017-12-03,1410398.63,954490.37,1318304.86
2017-12-04,1209471.35,811691.77,1144863.17
2017-12-05,1723297.16,1282627.84,1680632.44
2017-12-06,1875094.15,1422177.76,1865514.43
2017-12-07,2133387.42,1519548.99,2193351.43
2017-12-08,1553493.17,1152618.01,1488945.36
2017-12-09,1605808.62,1197211.88,1631952.74
2017-12-10,1836022.63,1320962.37,1769756.1
2017-12-11,2040261.84,1507407.5999999999,2142116.71
2017-12-12,2636835.06,1979168.5799999998,2612267.82
2017-12-13,2887343.12,2111352.72,2845278.71
2017-12-14,2544808.4,1892376.18,2511218.15
2017-12-15,2615767.25,1863663.6400000001,2602096.36
2017-12-16,1895310.17,1246954.42,1824600.76
2017-12-17,2997880.85,1938698.04,2962168.44
2017-12-18,2575839.99,1828785.91,2572642.87
2017-12-19,2830509.48,1973201.54,2835294.19
2017-12-20,3950305.28,2843370.89,3962113.72
2017-12-21,2446276.92,1638893.26,2392977.63
2017-12-22,2423079.28,1729004.11,2383321.92
2017-12-23,2343205.29,1743893.39,2302420.5
2017-12-24,1582944.12,1174416.41,1537881.36
2017-12-25,1888197.46,1324344.59,1829750.85
2017-12-26,2701416.56,1947078.96,2654070.12
2017-12-27,4103218.35,3006454.16,4112542.69
2017-12-28,3545279.44,2638850.53,3453711.8
2017-12-29,6520226.98,4898934.8,6483039.79
2017-12-30,5342810.18,4037405.81,5371586.26
2017-12-31,5157535.61,3708914.59,5013423.96
2018-01-01,4076479.77,3280394.43,3905605.37
2018-01-02,3624718.09,2874092.61,3245091.67
2018-01-03,1228388.32,1125922.24,997328.86
2018-01-04,1209588.0,1127209.04,943742.57
2018-01-05,1515574.79,1446182.68,1226621.86
2018-01-06,1836672.15,1606582.08,1424469.16
2018-01-07,1476050.73,1306673.27,1224918.4
2018-01-08,2536686.97,2257677.27,2085102.3
2018-01-09,2729162.63,2410842.05,2140605.04
2018-01-10,2434343.96,2270063.8,1884221.76
2018-01-11,2183840.91,2049555.4,1845305.97
2018-01-12,2862550.24,2709741.92,2341061.28
2018-01-13,2753366.32,2632239.61,2271479.73
2018-01-14,2226116.52,1917071.33,1762940.79
2018-01-15,3128561.64,2902791.03,2520530.26
2018-01-16,3770286.85,3268663.61,3022848.85
2018-01-17,3240996.79,2760476.45,2645347.64
2018-01-18,2110305.53,1921827.04,1667911.37
2018-01-19,2086549.59,1889744.09,1700643.75
2018-01-20,2418121.84,2109397.33,2008335.01
2018-01-21,2484308.01,2300083.28,1971853.24
2018-01-22,3315490.36,3110605.69,2730843.03
2018-01-23,4611238.46,4478773.28,3755442.15
2018-01-24,3270861.1,2960011.45,2653232.42
2018-01-25,2275701.54,2166748.4,1820602.61
2018-01-26,2897617.42,2648840.18,2400983.47
2018-01-27,3617772.88,3281772.41,2965865.28
2018-01-28,3128272.36,2856989.82,2453931.52
2018-01-29,5197360.04,4867265.65,4086899.16
2018-01-30,5706924.49,5054674.75,4618954.53
2018-01-31,5009601.43,4574442.92,4199624.93
2018-02-01,3670728.79,3315994.54,3012405.31
2018-02-02,4258063.02,3968008.81,3505527.95
2018-02-03,1981564.16,1652674.45,1568068.11
2018-02-04,2874335.62,2660854.5,2202119.84
2018-02-05,3130745.66,2879103.01,2498095.83
2018-02-06,3339473.15,3124807.6,2568216.59
2018-02-07,2805812.6,2550122.27,2202832.26
2018-02-08,2150875.76,1751941.62,1718669.78
2018-02-09,2144621.01,1869678.29,1686060.42
2018-02-10,2584198.15,2196279.35,2095864.1
2018-02-11,2962791.58,2744638.84,2320546.01
2018-02-12,3622566.63,3211987.84,2796978.04
2018-02-13,4418784.14,3986486.17,3538184.9
2018-02-14,4218153.95,4114088.93,3395697.77
2018-02-15,3128927.36,2714015.75,2501462.4
2018-02-16,3463265.1,3118939.47,2649618.11
2018-02-17,4206774.3,3515398.05,3318989.93
2018-02-18,3926304.19,3544525.66,3167573.08
2018-02-19,4186201.52,3750972.94,3338454.11
2018-02-20,5091061.73,4555843.83,4033905.61
2018-02-21,3907743.08,3618025.0,3150049.7
2018-02-22,3063440.84,2733763.35,2341066.15
2018-02-23,3544367.16,3401996.46,2804587.84
2018-02-24,3364498.21,3017199.96,2679591.94
2018-02-25,4015454.83,3494469.26,3238625.9
2018-02-26,7426597.23,6854485.36,5998758.22
2018-02-27,8416365.51,7867348.05,6844455.72
2018-02-28,8409092.75,7296355.1,6627677.09
2018-03-01,6963830.59,6177521.83,5570058.79
2018-03-02,5613671.87,5272002.19,4371797.12
2018-03-03,1177076.3,1026389.78,967531.27
2018-03-04,2218712.31,1922062.86,1781519.01
2018-03-05,2742871.53,2499690.3,2230053.99
2018-03-06,3203122.41,3068276.91,2519131.06
2018-03-07,4507553.37,3917995.73,3470623.71
2018-03-08,3419972.83,2858530.97,2864363.46
2018-03-09,3250890.44,2709137.15,2689334.35
2018-03-10,3479853.91,3235260.14,2832299.24
2018-03-11,4342360.28,3792432.82,3337146.36
2018-03-12,3648185.26,3216004.78,2790754.99
2018-03-13,5344808.38,5050393.9799999995,4343953.93
2018-03-14,6867137.98,6339749.7,5489756.33
2018-03-15,6357153.0,5671950.9399999995,4930724.06
2018-03-16,4667689.08,4225542.05,3716263.52
2018-03-17,6875294.96,6404031.6,5458868.53
2018-03-18,5615859.9,4685699.59,4613908.21
2018-03-19,5314373.17,4247367.88,4472182.88
2018-03-20,6054738.37,5162265.2700000005,5116787.38
2018-03-21,6826815.9,5524043.24,5913005.8
2018-03-22,5512035.33,4565129.06,4925778.06
2018-03-23,4008326.65,3230794.39,3711085.6
2018-03-24,5227586.74,4341872.34,4619965.13
2018-03-25,4970364.06,3672249.2,4473153.96
2018-03-26,6133670.91,5102786.41,5616024.38
2018-03-27,6350306.2,5155096.59,5743746.71
2018-03-28,8582287.61,6989500.65,7811323.78
2018-03-29,7363015.35,5664519.5,6638405.71
2018-03-30,12176690.89,9885433.53,10927925.46
2018-03-31,11278748.95,8857767.88,10156610.77
2018-04-01,9326921.27,7418697.64,8552479.35
2018-04-02,9532990.22,7486347.55,8745489.29
2018-04-03,9176055.6,7328900.93,8274855.19
2018-04-04,3771895.32,3028798.54,3451444.47
2018-04-05,2915055.94,2373747.85,2584733.26
2018-04-06,3716970.57,3003817.58,3290630.48
2018-04-07,4650087.25,3625366.4,4137264.98
2018-04-08,4317415.31,3482605.81,3833384.91
2018-04-09,4916546.48,3942947.26,4479387.83
2018-04-10,7060893.97,5818900.27,6323343.96
2018-04-11,5719121.32,4658212.9,5144349.61
2018-04-12,4925768.26,3942134.07,4274900.55
2018-04-13,4955951.73,3965056.67,4445276.84
2018-04-14,5934960.89,5042703.04,5111153.97
2018-04-15,5904150.09,5103320.09,4782715.57
2018-04-16,7603253.45,6498424.7299999995,6190718.89
2018-04-17,9179593.09,8071494.56,7283796.97
2018-04-18,9507550.23,8496541.55,7504171.54
2018-04-19,6670677.39,6094397.58,5141784.57
2018-04-20,7753365.66,7140611.34,6032943.55
2018-04-21,6793803.83,6111113.19,5216087.55
2018-04-22,7058897.65,6692448.77,5480418.64
2018-04-23,8991635.45,7707788.28,7095225.16
2018-04-24,10052878.22,9136447.17,8047009.91
2018-04-25,9547875.66,8548570.95,7562805.33
2018-04-26,7281885.08,6478017.12,5826147.75
2018-04-27,7916179.31,7555746.75,6291028.22
2018-04-28,10502784.65,9654569.67,8150501.12
2018-04-29,12074392.53,10869310.38,9758209.64
2018-04-30,12464011.32,11255881.78,10080235.11
2018-05-01,13778926.53,12922783.45,10888681.41
2018-05-02,12779953.62,11363990.94,10186293.15
2018-05-03,9480205.54,8792812.19,7740627.05
2018-05-04,3081716.09,2825367.25,2431808.71
2018-05-05,4882374.55,4600693.61,3844333.13
2018-05-06,4852630.6,4396085.32,3859217.33
2018-05-07,5630735.57,4922276.64,4477313.26
2018-05-08,5961711.29,5437872.21,4782188.47
2018-05-09,8207932.76,7485852.53,6468074.72
2018-05-10,7249267.2,6681402.21,5767724.99
2018-05-11,5934039.42,5139303.81,4706572.43
2018-05-12,5782619.05,5465637.87,4599452.28
2018-05-13,5902938.45,5202611.91,4640987.62
2018-05-14,7023913.46,6152383.43,5532477.08
2018-05-15,8789772.31,8296501.27,6971865.67
2018-05-16,9398231.32,8549765.87,7399830.54
2018-05-17,9816742.13,9061432.95,7698242.57
2018-05-18,7337944.43,6507846.53,5819237.35
2018-05-19,6925640.35,6284533.47,5627670.43
2018-05-20,8653992.04,7923936.57,6799995.97
2018-05-21,6241809.14,5485542.2,4958178.74
2018-05-22,7847121.97,6848510.51,6132458.54
2018-05-23,11779004.94,10803029.58,9369180.79
2018-05-24,9030397.74,7861947.72,7160269.86
2018-05-25,6498399.18,5627963.42,5141245.68
2018-05-26,5600677.63,5069980.36,4596266.34
2018-05-27,6413198.63,5917078.15,5135755.4
2018-05-28,7438573.25,6643383.6899999995,5854231.41
2018-05-29,10262818.32,8968569.61,7905889.83
2018-05-30,20905271.35,19381886.26,16535857.67
2018-05-31,19289944.12,17763587.31,15561846.1
2018-06-01,19245165.78,17447471.61,15287542.6
2018-06-02,17529108.34,15978309.04,13707707.44
2018-06-03,13779702.07,12483175.75,10827445.24
2018-06-04,4373078.45,4013873.06,3458754.81
2018-06-05,5537841.59,5254555.09,4323885.63
2018-06-06,6238754.07,5522697.26,4903699.53
2018-06-07,4523493.87,4100869.91,3579003.08
2018-06-08,5863271.23,5117322.86,4570207.33
2018-06-09,7018402.9,6206186.25,5469599.5
2018-06-10,6333777.67,5876866.72,5115963.75
2018-06-11,7812992.68,7115878.83,6338472.32
2018-06-12,8959000.0,8063831.08,7232971.98
2018-06-13,9047626.88,8303866.41,7216006.11
2018-06-14,6994969.99,6085404.07,5361729.98
2018-06-15,7278400.85,6578436.3100000005,5850026.61
2018-06-16,9653316.6,8682303.79,7581593.64
2018-06-17,8270248.42,7775805.59,6473926.23
2018-06-18,9578590.6,8598304.36,7481623.41
2018-06-19,10591854.27,9590883.06,8526409.74
2018-06-20,10442554.6,9791501.75,8340504.64
2018-06-21,7960357.2,6798798.0,6345143.3
2018-06-22,7890035.7,6841714.9799999995,6262366.78
2018-06-23,7919846.87,6691930.82,6623002.69
2018-06-24,7114017.67,5862357.15,6244799.31
2018-06-25,8744485.32,6623041.58,8162955.36
2018-06-26,10888893.34,8651470.84,10123784.8
2018-06-27,11081146.52,8259706.75,10874461.91
2018-06-28,8513932.2,6360652.01,8332592.17
2018-06-29,12484085.14,9361044.95,11945221.58
2018-06-30,10005221.27,7432997.42,9784802.48
2018-07-01,8830377.17,6694923.05,8529895.83
2018-07-02,8070014.23,5903929.42,7743177.14
2018-07-03,9033060.75,6741228.28,8644208.55
2018-07-04,2096565.2,1599264.35,2027736.06
2018-07-05,2944993.36,2209708.2,2822619.07
2018-07-06,2036989.14,1425786.78,2040145.8
2018-07-07,3253556.07,2331405.25,3156576.31
2018-07-08,2752144.2,1950038.1,2725199.41
2018-07-09,4430764.61,3361484.55,4215804.43
2018-07-10,5201122.72,3900861.53,4881351.11
2018-07-11,6502831.07,4941360.82,6236313.66
2018-07-12,6228668.47,4813348.98,6094439.16
2018-07-13,4250921.4,3207434.32,4213700.8
2018-07-14,4868504.46,3694718.16,4786402.77
2018-07-15,5393026.83,3935555.15,5249791.03
2018-07-16,4994805.9,3786336.69,4716050.05
2018-07-17,5712604.18,4131589.6,5386803.9
2018-07-18,7639039.23,5405897.89,7484190.04
2018-07-19,6252432.84,4579555.94,5912775.72
2018-07-20,5761282.54,4644369.7,5222554.73
2018-07-21,4939690.9,4020908.83,4320031.79
2018-07-22,5641320.53,4934226.36,4834937.23
2018-07-23,6121614.15,5565260.38,4864263.18
2018-07-24,6821739.77,6446562.21,5344675.82
2018-07-25,7944998.65,7331609.45,6241710.94
2018-07-26,6463508.32,5860697.11,5212368.25
2018-07-27,5162979.4,4651261.86,4110689.88
2018-07-28,6313222.5,5931673.9799999995,5068784.77
2018-07-29,6597216.94,6075182.27,5284529.74
2018-07-30,7314460.76,6670275.14,5725898.93
2018-07-31,12496367.04,10973997.43,9909115.53
2018-08-01,13786351.91,12679396.9,10884999.4
2018-08-02,10106943.25,9358473.55,7999614.76
2018-08-03,9026931.62,8449275.47,7058116.81
2018-08-04,6859151.1,6312510.05,5490125.8
2018-08-05,3117800.12,2757595.37,2491453.39
2018-08-06,3924563.55,3623574.87,3048117.59
2018-08-07,4212970.63,3534500.76,3334965.62
2018-08-08,4647118.76,4273124.46,3610702.93
2018-08-09,4946125.63,4588279.8,3977801.47
2018-08-10,3705554.89,3465012.89,2859379.41
2018-08-11,4591065.72,3877152.92,3598807.89
2018-08-12,4030885.81,3788108.08,3179458.32
2018-08-13,4244815.28,3849067.81,3284829.91
2018-08-14,6041631.13,5586302.82,4766947.5
2018-08-15,6058071.07,5546196.7299999995,4807626.36
2018-08-16,5333680.81,4969941.76,4015767.27
2018-08-17,4314679.61,3778241.0,3455461.38
2018-08-18,4960825.43,4250725.22,3902500.12
2018-08-19,4978431.53,4645516.64,3847035.88
2018-08-20,4896843.63,4436695.93,3837284.3
2018-08-21,5971341.33,5307824.88,4692653.97
2018-08-22,7086185.79,6561846.57,5662221.43
2018-08-23,5392520.44,4996886.67,4260217.92
2018-08-24,3329330.38,3029631.46,2630754.1
2018-08-25,4716376.41,4002354.0,3836954.01
2018-08-26,4717920.92,4365479.42,3744613.34
2018-08-27,6151109.31,5643130.9,4800826.49
2018-08-28,12207075.48,11232885.72,9954369.46
2018-08-29,10330752.34,8980460.2,8329694.93
2018-08-30,10819458.93,10085288.7,8497693.47
2018-08-31,9769233.6,8760041.26,7975907.3
2018-09-01,8834290.53,7536817.89,7236711.56
2018-09-02,2926208.13,2353995.7399999998,2475973.31
2018-09-03,3730127.97,2989639.92,3250956.11
2018-09-04,2895558.56,2244622.1,2566039.59
2018-09-05,2683914.3,2325455.26,2352008.69
2018-09-06,2220736.04,1829153.4,1976596.92
2018-09-07,2737800.42,2278098.52,2305499.6
2018-09-08,3138040.11,2562769.9,2844198.87
2018-09-09,4428844.18,3631070.39,3809539.78
2018-09-10,3518686.76,2808699.59,3115017.21
2018-09-11,2737148.82,2293978.55,2457613.39
2018-09-12,3907657.89,3239396.28,3473624.08
2018-09-13,3198359.98,2631464.79,2826009.39
2018-09-14,3759913.17,3272368.29,3409768.94
2018-09-15,3182906.62,2560998.94,2708850.83
2018-09-16,4513878.02,3667308.35,4134396.21
2018-09-17,3684035.33,2889572.88,3185261.69
2018-09-18,3511249.8,2738643.94,3093197.05
2018-09-19,3203671.41,2626372.91,2850137.86
2018-09-20,2967505.47,2610069.7399999998,2634513.81
2018-09-21,3391440.87,2770192.11,3055926.25
2018-09-22,3067943.56,2523852.61,2653342.07
2018-09-23,4892505.92,3917427.0100000002,4455722.87
2018-09-24,4916532.68,4222151.19,4394814.48
2018-09-25,3834324.5,3285116.56,3363603.04
2018-09-26,4727732.71,3607925.5700000003,4050861.46
2018-09-27,5609192.49,4542306.49,4998150.71
2018-09-28,5221949.72,4355936.53,4643296.21
2018-09-29,5089871.44,4226163.12,4351327.13
2018-09-30,5437181.81,4628217.64,4591821.05
2018-10-01,4742181.64,3988628.87,4115311.14
2018-10-02,1807247.84,1638743.58,1354070.12
2018-10-03,1798411.4,1547394.85,1414782.3
2018-10-04,2726313.6,2596018.46,2140614.37
2018-10-05,2484898.47,2175038.57,1911895.45
2018-10-06,2157385.6,1968010.78,1668290.7
2018-10-07,2767415.65,2203977.06,2075893.96
2018-10-08,3075660.75,2759132.9899999998,2408923.48
2018-10-09,2768213.46,2657740.31,2199027.83
2018-10-10,1759060.3,1520243.52,1352309.05
2018-10-11,2288675.28,2141138.2,1804152.97
2018-10-12,3801607.19,3129913.0100000002,3093283.75
2018-10-13,3486645.25,3263886.74,2756384.22
2018-10-14,3516624.21,3262555.73,2744217.98
2018-10-15,3593428.63,3142296.86,2809961.8
2018-10-16,4126610.48,3664750.27,3221862.51
2018-10-17,2193280.79,1900382.09,1721100.93
2018-10-18,2364712.74,2098571.1,1825738.91
2018-10-19,2753648.17,2576904.48,2191447.61
2018-10-20,3067392.26,2855203.81,2428564.0
2018-10-21,2965006.46,2785926.63,2322786.28
2018-10-22,3760345.32,3671622.16,3093167.35
2018-10-23,3210408.93,2808951.53,2590626.71
2018-10-24,2388950.39,2274443.18,1810211.59
2018-10-25,2281239.32,2100338.02,1789602.98
2018-10-26,2925667.62,2631603.73,2326884.75
2018-10-27,3517566.83,3020660.13,2788248.35
2018-10-28,5148086.02,4552659.38,4236118.44
2018-10-29,6121160.36,5634263.25,4854267.79
2018-10-30,5647021.76,5172389.43,4534254.48
2018-10-31,5340696.76,4781973.67,4313400.22
2018-11-01,4100504.23,3641358.32,3207191.36
2018-11-02,1332091.2,1287690.85,973346.43
2018-11-03,1775113.55,1597065.48,1429465.35
2018-11-04,2595301.17,2383498.45,2110463.11
2018-11-05,2667990.75,2282194.47,2059523.3
2018-11-06,2019349.93,1815471.1,1662050.67
2018-11-07,2141247.67,1968894.15,1769789.01
2018-11-08,1913450.02,1750328.34,1511722.76
2018-11-09,2619129.29,2341922.86,2039164.75
2018-11-10,2402388.27,2298634.22,1910373.68
2018-11-11,3568388.14,3379988.5,2844379.91
2018-11-12,2517159.72,2335571.76,2054634.4
2018-11-13,1925203.6,1881811.78,1550255.36
2018-11-14,1687382.45,1534115.91,1226935.5
2018-11-15,2055680.2,1801124.39,1571568.0
2018-11-16,2040967.69,1893410.65,1635316.04
2018-11-17,2025956.74,1863669.07,1601361.16
2018-11-18,3630560.3,3251123.83,3005034.69
2018-11-19,2171786.9,1768910.62,1822847.47
2018-11-20,2495899.61,1979349.48,2196442.6
2018-11-21,1870994.01,1396579.58,1826252.29
2018-11-22,1690197.81,1261209.42,1647708.27
2018-11-23,1647035.11,1153302.95,1656826.5
2018-11-24,1991985.26,1593588.21,1889498.02
2018-11-25,2085511.05,1593864.54,2029509.86
2018-11-26,2543960.96,1861383.96,2433523.18
2018-11-27,2369522.33,1771252.3800000001,2218838.51
2018-11-28,1733474.59,1245034.84,1753556.92
2018-11-29,2226459.09,1557558.8,2127649.92
2018-11-30,2058963.14,1504398.51,2054767.53
2018-12-01,1216044.13,863538.01,1211686.23
2018-12-02,977052.29,732950.42,950959.05
2018-12-03,1855981.25,1375643.25,1750191.91
2018-12-04,1606060.57,1263456.79,1508604.3
2018-12-05,1085024.44,732339.87,1036671.25
2018-12-06,942014.91,671313.39,946159.68
2018-12-07,1200649.15,912613.99,1205634.51
2018-12-08,1453175.2,1060904.31,1434521.0
2018-12-09,1834112.01,1324333.1099999999,1791856.09
2018-12-10,1719022.37,1315799.94,1695031.78
2018-12-11,1670763.83,1181295.45,1670771.64
2018-12-12,1416824.27,998386.86,1409602.12
2018-12-13,1605917.55,1210927.04,1631146.11
2018-12-14,1986080.6,1474103.98,1901692.62
2018-12-15,1761139.67,1302583.95,1649696.47
2018-12-16,1956185.08,1501946.44,1973002.66
2018-12-17,1975625.37,1370925.53,2012021.47
2018-12-18,1917848.83,1439065.45,1813056.96
2018-12-19,1548668.19,1140042.46,1537872.76
2018-12-20,2111859.13,1568334.73,1955020.76
2018-12-21,1795780.71,1250713.58,1747996.02
2018-12-22,1497206.71,1088518.23,1451328.96
2018-12-23,1221387.72,835499.72,1203158.82
2018-12-24,2110373.43,1495370.69,2051630.86
2018-12-25,1398293.31,931845.87,1329598.03
2018-12-26,1989426.16,1430011.54,1906954.63
2018-12-27,2379859.2,1812532.45,2336594.02
2018-12-28,4637468.16,3279510.08,4553417.55
2018-12-29,4597405.16,3434962.96,4592577.25
2018-12-30,3975279.59,2856406.22,3817470.28
2018-12-31,3827364.78,2939882.25,3811034.54
2019-01-01,2430742.1,1839549.08,2422276.45
2019-01-02,857486.8,853756.08,611460.51
2019-01-03,1095516.84,1036877.54,931676.57
2019-01-04,1356732.44,1182780.68,1032253.29
2019-01-05,1752585.71,1605706.54,1344358.95
2019-01-06,1660128.37,1494167.25,1324455.7
2019-01-07,1936096.71,1759572.05,1554210.1
2019-01-08,1715399.79,1490678.72,1347590.83
2019-01-09,1858318.85,1599226.19,1516237.67
2019-01-10,1259650.79,1207478.84,1032558.86
2019-01-11,2153841.45,2009291.49,1671962.72
2019-01-12,2073990.81,1777705.08,1674370.35
2019-01-13,3354624.45,2998610.44,2671314.89
2019-01-14,2361690.18,1984321.25,1807957.6
2019-01-15,1504083.3,1382613.15,1181548.42
2019-01-16,1724908.79,1411100.11,1349961.65
2019-01-17,2280332.07,2083651.73,1816414.62
2019-01-18,1474326.17,1372873.8499999999,1227149.16
2019-01-19,1754206.62,1609263.43,1335367.18
2019-01-20,3160071.59,3045737.16,2517012.51
2019-01-21,2299476.91,1954042.32,1856585.16
2019-01-22,2108562.98,1953071.49,1708188.75
2019-01-23,1826741.5,1755864.27,1369479.14
2019-01-24,2523490.79,2141914.87,2014906.08
2019-01-25,2014411.34,1923132.43,1674040.36
2019-01-26,2940618.52,2620416.08,2385985.7
2019-01-27,4391507.1,3877698.3,3459322.38
2019-01-28,4748349.69,4087318.79,3779471.66
2019-01-29,4822586.51,4344500.14,3839462.75
2019-01-30,3962494.16,3520298.5,3161585.88
2019-01-31,3557233.24,3248784.7600000002,2914824.87
2019-02-01,2922884.32,2621198.95,2311260.65
2019-02-02,1988116.58,1831436.18,1648391.91
2019-02-03,2075616.33,1945896.8900000001,1663159.13
2019-02-04,1690969.52,1519147.28,1412906.86
2019-02-05,1648913.11,1493841.67,1341931.74
2019-02-06,2019237.55,1848104.11,1620812.0
2019-02-07,1807804.86,1489722.52,1498934.77
2019-02-08,1887002.96,1655970.82,1514639.32
2019-02-09,2204244.85,2014726.76,1794590.32
2019-02-10,2992194.41,2773405.1,2405467.55
2019-02-11,3050258.51,2841581.2600000002,2505704.13
2019-02-12,2270445.76,2010202.99,1865294.51
2019-02-13,2305149.57,2012531.13,1875958.77
2019-02-14,2959207.82,2692493.13,2441504.63
2019-02-15,2813189.48,2544365.41,2241015.21
2019-02-16,2890421.0,2599233.15,2337140.26
2019-02-17,3658575.54,3135949.11,2895275.54
2019-02-18,4680433.34,3968338.88,3760557.76
2019-02-19,1783513.49,1615604.85,1498699.8
2019-02-20,3142305.74,2611143.84,2556936.4
2019-02-21,3225995.91,2861171.21,2685076.1
2019-02-22,2981029.98,2566997.26,2400898.37
2019-02-23,3243671.03,3017682.57,2744035.42
2019-02-24,4659488.7,3679920.15,3774721.6
2019-02-25,6710330.49,6050055.43,5461991.46
2019-02-26,5143906.53,4633295.53,4181682.12
2019-02-27,4911504.39,4405547.54,3881267.76
2019-02-28,3391644.13,3100130.5,2722597.05
2019-03-01,2228532.66,2079542.74,1861831.11
2019-03-02,662215.74,662215.74,563992.66
2019-03-03,925441.51,918399.01,757846.4
2019-03-04,1915592.53,1832203.14,1559541.64
2019-03-05,2386338.6,2045611.42,1912200.04
2019-03-06,3341337.75,3175021.89,2745260.51
2019-03-07,2432557.33,2259737.64,1818192.91
2019-03-08,2666858.91,2397333.21,2181539.6
2019-03-09,3019892.33,2749351.7,2454977.33
2019-03-10,2681616.97,2451171.36,2134676.6
2019-03-11,2420084.85,2189420.36,1983304.37
2019-03-12,3925730.26,3541736.99,3314125.8
2019-03-13,5148543.25,4542247.36,4034220.49
2019-03-14,4367141.68,4047192.75,3458729.41
2019-03-15,3296671.21,2930308.94,2596766.78
2019-03-16,2593942.24,2414321.72,2020686.01
2019-03-17,3647905.41,3055463.13,2976722.37
2019-03-18,4462652.85,4106374.27,3659897.03
2019-03-19,4580736.76,3985191.85,3861332.4
2019-03-20,5766530.12,4571178.99,4960357.22
2019-03-21,4408617.11,3497045.0,3962414.33
2019-03-22,3610928.89,2851509.35,3304221.4
2019-03-23,3582976.25,2852614.02,3279702.06
2019-03-24,4240123.5,3440005.43,3766823.0
2019-03-25,4446564.37,3495875.89,4012232.01
2019-03-26,5345042.2,4079146.92,4766707.57
2019-03-27,6535411.89,5204425.72,5978075.49
2019-03-28,5315964.12,4070264.58,4667097.61
2019-03-29,4309156.23,3347626.42,3848197.98
2019-03-30,9442671.99,7390610.62,8583254.53
2019-03-31,7501232.88,5985651.77,6774268.33
2019-04-01,7842271.08,6288207.68,7122821.67
2019-04-02,6799630.38,5386654.56,6231069.37
2019-04-03,6787287.3,5465049.13,6224164.42
2019-04-04,2048272.63,1697385.6300000001,1722283.77
2019-04-05,1919484.59,1571612.06,1795248.81
2019-04-06,2259659.48,1796000.3499999999,2043470.72
2019-04-07,2241076.34,1793855.44,2042622.76
2019-04-08,3104721.28,2533476.45,2774939.49
2019-04-09,3989319.25,3295793.57,3630481.23
2019-04-10,3426420.13,2536584.71,3160123.01
2019-04-11,3579994.96,2745258.59,3276911.01
2019-04-12,3059845.93,2430895.23,2753429.2
2019-04-13,3248777.0,2596104.97,3006192.84
2019-04-14,4002434.76,3203699.76,3635296.53
2019-04-15,3468600.1,2886727.84,3009772.87
2019-04-16,5005921.07,4352611.4,4277532.29
2019-04-17,4866105.58,4229941.51,3844447.57
2019-04-18,3458407.78,3231906.88,2689432.07
2019-04-19,3282803.64,3023671.61,2507866.68
2019-04-20,3583833.11,3324283.5300000003,2817340.98
2019-04-21,4280648.65,3819833.97,3400564.11
2019-04-22,5111723.35,4708734.83,4071500.83
2019-04-23,6076381.37,5302490.57,4899064.86
2019-04-24,6020945.99,5427214.41,4856675.57
2019-04-25,4244369.27,3847647.42,3305396.09
2019-04-26,3983588.88,3694998.77,3067018.69
2019-04-27,4765470.57,4464943.08,3742260.25
2019-04-28,5579108.13,5204367.05,4391470.92
2019-04-29,9634257.78,9098095.54,7639657.66
2019-04-30,8059929.99,7107423.52,6487250.52
2019-05-01,8442603.96,7323447.7,6897673.92
2019-05-02,7808399.68,7102991.52,6038961.99
2019-05-03,4022286.5,3745608.3,3234443.01
2019-05-04,2045383.76,1937458.02,1603260.81
2019-05-05,2460393.45,2270795.88,1889099.54
2019-05-06,3089088.99,2653614.48,2546015.45
2019-05-07,3216799.62,2930652.19,2460959.9
2019-05-08,3179618.97,2887558.24,2549583.11
2019-05-09,3478743.01,3020586.35,2820877.92
2019-05-10,3379956.2,2927813.54,2669556.82
2019-05-11,3223254.17,2805849.7,2537597.46
2019-05-12,3692378.28,3158380.99,2866716.95
2019-05-13,4792349.11,4319712.6,3788342.27
2019-05-14,4862166.63,4320005.61,3833993.27
2019-05-15,5013097.75,4664340.93,3959824.14
2019-05-16,4763396.54,4474322.61,3739102.59
2019-05-17,4890006.38,4490229.21,3947766.75
2019-05-18,4212074.41,3882340.89,3390993.32
2019-05-19,3110577.15,2911361.27,2404869.12
2019-05-20,4833855.83,4526030.03,3883813.76
2019-05-21,4376980.41,4133598.17,3545197.6
2019-05-22,5873623.7,5451068.64,4676076.56
2019-05-23,5059289.39,4684149.2700000005,4065945.82
2019-05-24,4257574.66,3933214.05,3427856.53
2019-05-25,2703860.17,2555945.53,2041659.91
2019-05-26,3290638.14,2936650.36,2614660.18
2019-05-27,3692587.25,3342978.36,3103910.35
2019-05-28,4649913.83,4342563.68,3737938.55
2019-05-29,6694197.08,6105348.65,5100391.64
2019-05-30,10560540.55,9736218.92,8440357.87
2019-05-31,8767512.49,7730350.15,6975728.64
2019-06-01,8443797.15,7581179.78,6772402.64
2019-06-02,7455195.67,7068524.39,6102711.18
2019-06-03,6200836.36,5455334.86,4928192.22
2019-06-04,3657388.71,3340549.6,2889750.29
2019-06-05,3116184.22,3013344.05,2354873.53
2019-06-06,3413543.4,3006720.32,2707745.48
2019-06-07,2810118.57,2546211.63,2267280.87
2019-06-08,3253725.42,2918890.75,2576270.0
2019-06-09,4254903.93,3916379.64,3456557.9
2019-06-10,4783133.64,4406638.46,3750235.77
2019-06-11,4164146.71,3705420.54,3288307.35
2019-06-12,4780123.09,4516281.08,3862755.17
2019-06-13,3141446.63,2624525.12,2434324.12
2019-06-14,3321275.31,3165792.32,2699480.09
2019-06-15,4401658.94,3857486.34,3526274.43
2019-06-16,3952891.26,3570841.36,3206561.32
2019-06-17,4164327.54,3647814.81,3246799.45
2019-06-18,5036738.58,4557009.03,4114695.79
2019-06-19,5640058.49,4848707.6,4485935.07
2019-06-20,4189605.48,3810693.05,3314789.57
2019-06-21,3812450.83,3198803.0,3058079.55
2019-06-22,4550924.39,4020154.37,3531072.86
2019-06-23,3568419.01,3006900.73,3068943.59
2019-06-24,3996277.5,3442957.2,3433419.57
2019-06-25,5688790.13,4516759.23,5142260.13
2019-06-26,5662278.62,4459779.73,5280030.26
2019-06-27,3630711.11,2858164.12,3603596.44
2019-06-28,4670111.28,3317167.7,4617792.03
2019-06-29,7024746.69,5393716.88,6925205.4
2019-06-30,4945041.75,3347521.09,4627222.46
2019-07-01,4925285.45,3759421.97,4871863.28
2019-07-02,4873332.05,3726084.85,4786134.47
2019-07-03,4886424.07,3781187.62,4756249.61
2019-07-04,1489388.03,1160315.28,1415805.18
2019-07-05,1841931.9,1409853.17,1789551.81
2019-07-06,1673667.75,1291160.2,1672504.8
2019-07-07,2108446.49,1391307.51,2118852.35
2019-07-08,2671803.54,1821165.86,2584413.1
2019-07-09,2568480.24,1911469.02,2386535.86
2019-07-10,2970737.48,2256208.17,2920183.57
2019-07-11,3613434.66,2629303.88,3602172.41
2019-07-12,2385921.03,1696111.05,2226726.44
2019-07-13,2098969.4,1543198.19,1932133.96
2019-07-14,2644124.5,2021178.05,2456787.05
2019-07-15,2978181.99,2154104.96,2929468.55
2019-07-16,3187013.74,2465610.37,3153087.05
2019-07-17,3959202.82,2947996.81,3896487.16
2019-07-18,3615222.41,2668732.21,3550288.82
2019-07-19,2386618.42,1844252.73,2254762.11
2019-07-20,3483966.92,2755496.84,3119293.47
2019-07-21,2833440.98,2361975.26,2457034.76
2019-07-22,3439033.06,3040065.72,2731287.61
2019-07-23,3417186.56,3128368.77,2643724.49
2019-07-24,4684554.37,4123455.04,3722991.01
2019-07-25,4181297.47,3612181.35,3389253.8
2019-07-26,2974387.4,2807808.67,2282672.9
2019-07-27,2400455.83,2219483.36,1937294.99
2019-07-28,3130479.33,2955447.17,2444819.96
2019-07-29,3105749.62,2767750.56,2493332.47
2019-07-30,3330499.22,3114635.93,3199104.79
2019-07-31,5525632.29,5025642.29,6089074.09
2019-08-01,4455488.15,3891513.2800000003,5321254.35
2019-08-02,3938923.04,3483268.04,4562144.93
2019-08-03,2470651.33,2006568.21,3392027.67
2019-08-04,2494912.22,2340144.53,3600849.09
2019-08-05,1043419.2,879718.95,1459268.06
2019-08-06,1858125.18,1700891.66,2640605.83
2019-08-07,2612652.22,2373035.27,3641188.5
2019-08-08,2075506.82,1914423.69,2794288.53
2019-08-09,1373112.09,1133406.79,1937571.87
2019-08-10,1564845.37,1483348.06,2196994.14
2019-08-11,2346475.31,2164628.66,3292514.02
2019-08-12,1668045.94,1512032.7,2290560.15
2019-08-13,1490813.69,1306368.19,2171947.13
2019-08-14,3101196.53,2864179.37,4169515.66
2019-08-15,2478038.89,2180841.01,3512738.3
2019-08-16,1829640.99,1723663.13,2493094.05
2019-08-17,2003878.36,1915262.19,2733913.19
2019-08-18,1947390.84,1656656.09,2839386.72
2019-08-19,2333967.14,2167548.46,3290384.64
2019-08-20,2278154.51,1907083.71,3059344.57
2019-08-21,2902500.19,2655013.2600000002,3975109.52
2019-08-22,3279690.88,2924819.39,4303594.26
2019-08-23,1923531.37,1705318.32,2481146.96
2019-08-24,1741999.11,1633500.16,2380723.06
2019-08-25,2343821.96,2116101.33,2973037.78
2019-08-26,1566162.85,1476563.35,2092259.75
2019-08-27,2452198.24,2281259.41,3395896.49
2019-08-28,5201709.9,4768418.61,7205663.14
2019-08-29,4504012.62,3956570.24,6055206.11
2019-08-30,5157053.02,4757597.92,6765323.43
2019-08-31,5057671.9,4552879.91,6368386.98
2019-09-01,4505538.06,3905501.39,5575548.49
2019-09-02,1524133.27,1339238.61,1524323.94
2019-09-03,1594821.11,1326884.78,1372800.55
2019-09-04,870213.71,643783.69,795474.98
2019-09-05,1849227.68,1563945.91,1737296.3
2019-09-06,2055566.63,1706794.82,1816545.14
2019-09-07,2056135.02,1744554.34,1821442.12
2019-09-08,2799308.76,2393768.2,2590587.34
2019-09-09,3586421.12,2870690.18,3025750.34
2019-09-10,2327550.31,1922066.52,2102928.06
2019-09-11,2579418.47,2132624.43,2224939.94
2019-09-12,2239528.24,1867092.25,2055638.17
2019-09-13,2602979.12,2177526.73,2360984.02
2019-09-14,2471379.44,1997519.18,2104170.27
2019-09-15,2704686.82,2355812.0,2355376.75
2019-09-16,3377677.52,2791130.76,3056070.46
2019-09-17,2208634.91,1744369.7,1901278.99
2019-09-18,2218355.01,1882890.12,1872520.36
2019-09-19,2750834.47,2182071.49,2383301.79
2019-09-20,1849923.37,1594500.69,1616131.82
2019-09-21,3723308.64,3140374.62,3312576.87
2019-09-22,3164897.45,2652533.94,2715456.74
2019-09-23,3099449.09,2498744.17,2787237.94
2019-09-24,2947408.34,2254479.65,2515101.0
2019-09-25,2898334.29,2412224.42,2483117.25
2019-09-26,2908501.91,2290919.88,2610054.46
2019-09-27,3950186.78,3209873.43,3564014.93
2019-09-28,3814692.18,3146669.46,3453282.93
2019-09-29,4292493.62,3573606.76,3763429.08
2019-09-30,4319120.35,3652737.43,3566624.12
2019-10-01,3461580.0,2820890.2199999997,2846842.32
2019-10-02,1385364.76,1258082.0,1073130.28
2019-10-03,1326788.68,1258061.93,1033086.86
2019-10-04,1866207.62,1824782.66,1478185.6
2019-10-05,1911023.55,1709425.05,1500730.35
2019-10-06,2387439.44,2178539.39,1819262.68
2019-10-07,1999285.69,1863660.33,1511800.84
2019-10-08,1470915.7,1434501.66,1203719.05
2019-10-09,1397689.65,1224645.78,1162543.67
2019-10-10,1458507.56,1431634.58,1177103.47
2019-10-11,2040409.76,1839024.22,1602691.87
2019-10-12,1557560.26,1457692.1,1243446.67
2019-10-13,2002257.12,1807675.78,1582043.04
2019-10-14,1775994.7,1682210.19,1462978.37
2019-10-15,2018887.59,1916633.46,1548517.17
2019-10-16,1464108.41,1442130.2,1141541.16
2019-10-17,1372058.65,1257518.58,1046890.17
2019-10-18,1653633.26,1231987.83,1278811.6
2019-10-19,2811323.63,2413097.08,2269521.38
2019-10-20,2844841.01,2319082.99,2392660.05
2019-10-21,2711153.32,2325156.9,2148763.37
2019-10-22,2214683.33,1978393.47,1838977.01
2019-10-23,1759141.45,1663712.6600000001,1358481.77
2019-10-24,2022900.04,1873835.84,1666320.71
2019-10-25,3187144.16,2754347.58,2421364.94
2019-10-26,2566324.34,2344205.29,2091249.47
2019-10-27,2753908.73,2599487.9,2215124.51
2019-10-28,4549329.18,4253213.04,3685783.91
2019-10-29,4173624.95,3672193.29,3482498.58
2019-10-30,4011152.34,3837209.64,3303293.41
2019-10-31,3902622.14,3573725.27,3200919.46
2019-11-01,2457372.77,2415294.55,1859550.39
2019-11-02,1251673.78,1190524.59,1011108.33
2019-11-03,1429798.26,1413702.14,1038587.83
2019-11-04,1262571.36,1224034.21,995581.04
2019-11-05,1612667.27,1500160.6099999999,1321321.71
2019-11-06,1293265.9,1064228.52,977612.75
2019-11-07,1946539.7,1698451.53,1520179.67
2019-11-08,1109713.24,1031748.1900000001,903061.67
2019-11-09,2311380.72,2051969.73,1875909.56
2019-11-10,3011648.48,2593314.22,2352435.67
2019-11-11,2092297.23,1750942.0,1711092.76
2019-11-12,2105090.82,1940881.5,1720904.41
2019-11-13,2427345.64,2351750.42,1997625.77
2019-11-14,2269908.4,2117144.7199999997,1766713.41
2019-11-15,2141001.63,1909135.7,1662947.41
2019-11-16,1941582.58,1711672.66,1536690.27
2019-11-17,2590750.35,2280326.2,2104287.3
2019-11-18,2099691.1,1930394.44,1835944.86
2019-11-19,1303736.25,1232909.49,1077699.56
2019-11-20,1211508.93,1020562.12,1056017.89
2019-11-21,1758120.57,1257836.45,1675422.59
2019-11-22,1717259.82,1236069.18,1683212.87
2019-11-23,1275541.97,995875.78,1314745.82
2019-11-24,1513582.11,1064283.42,1601636.32
2019-11-25,1823713.36,1324099.66,1796200.75
2019-11-26,1658805.72,1245022.75,1632988.64
2019-11-27,1673862.79,1150620.74,1730384.96
2019-11-28,2283224.58,1531070.08,2385990.97
2019-11-29,1727675.92,1227249.68,1763358.52
2019-11-30,1706944.78,1278882.83,1590980.52
2019-12-01,1570052.1,1162314.13,1541270.84
2019-12-02,939051.09,748226.08,913949.28
2019-12-03,1049432.49,802434.21,1050128.15
2019-12-04,808148.29,644397.46,776278.66
2019-12-05,584316.21,448043.55,549261.88
2019-12-06,1028672.61,631513.48,965955.9
2019-12-07,1004670.88,792967.28,991134.01
2019-12-08,992442.58,727239.74,1015934.13
2019-12-09,1419175.87,1067559.1,1414450.62
2019-12-10,902926.09,694460.28,843652.61
2019-12-11,1013400.28,766886.63,984737.87
2019-12-12,928048.97,697817.1900000001,925066.67
2019-12-13,1377941.74,1018554.0700000001,1350365.69
2019-12-14,1133983.1,833807.28,1100467.71
2019-12-15,1178357.1,938510.71,1177403.13
2019-12-16,2441615.29,1812600.89,2435335.9
2019-12-17,1509802.09,1124542.28,1466889.03
2019-12-18,1081751.46,831245.42,1118946.01
2019-12-19,1755344.65,1191829.5,1729566.17
2019-12-20,1591897.49,1178945.28,1519651.21
2019-12-21,1604411.0,1197970.24,1557139.8
2019-12-22,1998393.15,1443706.6,2053342.91
2019-12-23,1553261.7,1154119.77,1489890.38
2019-12-24,1516895.67,1058403.44,1497007.31
2019-12-25,1299670.93,993479.1699999999,1288364.93
2019-12-26,962186.25,723687.4199999999,831064.78
2019-12-27,2014300.3,1468770.56,2077708.75
2019-12-28,3502828.06,2477117.58,3565984.26
2019-12-29,3313547.73,2341945.85,3269447.73
2019-12-30,3576704.95,2468777.57,3493583.35
2019-12-31,2778326.07,1990228.36,2777906.18
2020-01-01,1871817.88,1468929.59,1823332.03
2020-01-02,306693.87,217498.04,273455.38
2020-01-03,766406.86,600739.86,609099.87
2020-01-04,888245.03,781461.92,704147.35
2020-01-05,1285208.07,969898.1,1020467.61
2020-01-06,970782.47,934410.61,779316.08
2020-01-07,764267.46,764267.46,602605.56
2020-01-08,1107287.26,988661.37,894624.14
2020-01-09,1056334.6,1022606.9500000001,871321.63
2020-01-10,1052535.45,1011889.29,809623.15
2020-01-11,1482481.4,1211004.92,1217653.88
2020-01-12,1377373.92,1211868.69,1076992.76
2020-01-13,1823598.04,1313122.26,1448101.5
2020-01-14,1243925.22,1201158.45,978766.56
2020-01-15,1380005.06,1248308.1300000001,1018100.72
2020-01-16,1030944.9,1009354.63,795470.95
2020-01-17,1830660.94,1744570.18,1431085.31
2020-01-18,1766837.19,1690097.67,1324243.87
2020-01-19,1524971.65,1458943.45,1235381.65
2020-01-20,1754063.39,1654215.75,1357099.14
2020-01-21,1339757.99,1267796.15,1058996.46
2020-01-22,1519425.6,1485009.53,1259362.61
2020-01-23,1004242.27,997140.71,765471.69
2020-01-24,1704378.2,1533062.07,1375285.81
2020-01-25,1822074.98,1662564.8699999999,1406914.83
2020-01-26,2456410.62,2322777.81,1973809.59
2020-01-27,3063079.4,2749201.4,2398030.81
2020-01-28,2756106.46,2564291.0,2116903.62
2020-01-29,2649423.01,2328908.49,2056424.25
2020-01-30,2487204.75,2233249.58,2078176.85
2020-01-31,1641713.06,1469821.17,1229647.19
2020-02-01,1463943.76,1420265.14,1142123.1
2020-02-02,1093114.88,1023683.5700000001,845764.23
2020-02-03,1316072.4,1286345.68,1043180.49
2020-02-04,1029616.88,961898.66,806175.81
2020-02-05,1584431.42,1313450.06,1282491.8
2020-02-06,1426441.72,1320599.52,1176781.21
2020-02-07,1459386.86,1215193.3599999999,1149577.39
2020-02-08,2184212.09,1945113.29,1826022.53
2020-02-09,2055783.58,1883850.1199999999,1523755.95
2020-02-10,2291998.17,2223854.93,1847054.74
2020-02-11,1213349.37,1069835.28,971610.69
2020-02-12,1321005.73,1157346.3900000001,1096334.73
2020-02-13,1581431.75,1249514.42,1352362.12
2020-02-14,2037539.68,1903720.3800000001,1651978.34
2020-02-15,2021731.66,1828964.26,1579252.08
2020-02-16,2850540.94,2485339.08,2254151.72
2020-02-17,3027388.85,2725044.11,2358428.94
2020-02-18,1906269.53,1782413.01,1488503.07
2020-02-19,2587869.93,2365076.17,2040282.29
2020-02-20,2179252.94,2081344.63,1655887.69
2020-02-21,1875282.27,1821269.29,1484938.15
2020-02-22,2816611.42,2664219.43,2298912.93
2020-02-23,3660447.62,3434811.13,2943311.48
2020-02-24,4913668.98,4173476.93,3894010.08
2020-02-25,3883383.17,3552729.09,3094926.07
2020-02-26,3776016.2,3201939.95,3155920.72
2020-02-27,2799802.2,2421941.52,2267130.6
2020-02-28,1651589.28,1460225.99,1198881.14
2020-02-29,440505.08,426980.12,389641.44
2020-03-01,574193.42,424280.01,436323.03
2020-03-02,723891.53,670121.56,597321.16
2020-03-03,943222.71,930391.71,762767.07
2020-03-04,1909614.63,1901137.18,1505586.81
2020-03-05,2333220.72,1987773.67,1843371.65
2020-03-06,1511362.89,1382168.26,1171921.71
2020-03-07,1871812.61,1667258.81,1532326.46
2020-03-08,2407053.63,2241948.33,1849597.49
2020-03-09,2614688.4,2455637.5,2090705.98
2020-03-10,2160515.74,1927783.48,1668007.68
2020-03-11,3433278.78,3005906.35,2692451.6
2020-03-12,4588363.52,4078361.5,3791750.44
2020-03-13,3021810.51,2945618.32,2369481.88
2020-03-14,2973651.06,2651082.66,2401421.48
2020-03-15,3221293.98,2925327.1,2639677.91
2020-03-16,3825962.41,3488335.57,3158330.02
2020-03-17,3337087.52,2940532.61,2593918.94
2020-03-18,4361415.01,3714236.7800000003,3636509.4
2020-03-19,4192556.63,3728063.84,3408251.62
2020-03-20,4714923.6,4033655.58,4026187.52
2020-03-21,3786624.27,3153032.36,3364585.08
2020-03-22,3660217.49,2824642.21,3308325.46
2020-03-23,4599846.79,3789167.28,4217636.5
2020-03-24,3777061.29,3074890.59,3491500.34
2020-03-25,5473119.8,4182455.57,4913905.47
2020-03-26,4976074.87,4150997.99,4486016.71
2020-03-27,5292649.55,4259470.13,4770553.08
2020-03-28,4107108.15,3425080.9,3626441.43
2020-03-29,4853424.1,3930629.91,4204693.19
2020-03-30,8661154.35,6639552.69,7724558.44
2020-03-31,7897174.25,6578815.3100000005,7105527.86
2020-04-01,8755809.46,7122536.32,7957568.75
2020-04-02,7577709.18,5934873.71,6681340.51
2020-04-03,6784809.88,5372960.67,6004344.42
2020-04-04,2596249.84,2049926.9000000001,2421613.19
2020-04-05,2270549.35,1740515.97,2115323.24
2020-04-06,2174513.69,1711314.95,1986210.77
2020-04-07,2970609.75,2445660.68,2686271.15
2020-04-08,4245321.13,3407349.56,3850661.27
2020-04-09,3887991.65,3350656.09,3427172.36
2020-04-10,3023393.36,2404987.99,2760209.97
2020-04-11,3732689.24,3158571.43,3332780.74
2020-04-12,2907846.49,2303743.4,2591717.12
2020-04-13,3947462.22,3091883.42,3605060.08
2020-04-14,3808658.46,3139327.94,3373247.72
2020-04-15,4628778.3,3948155.71,3891917.12
2020-04-16,4375989.59,3765357.41,3596667.75
2020-04-17,4558971.27,3959064.25,3709799.59
2020-04-18,3884483.75,3420048.31,3074401.15
2020-04-19,5420905.61,4638899.99,4354985.3
2020-04-20,3709374.1,3515429.2,2922517.52
2020-04-21,3772726.0,3331633.23,2994859.61
2020-04-22,5657450.97,4996667.17,4439369.34
2020-04-23,5173024.12,4196264.46,4119922.93
2020-04-24,3753095.45,3548964.7,2970279.3
2020-04-25,3664845.35,3450286.59,2858437.84
2020-04-26,4605371.55,4272208.18,3664887.11
2020-04-27,5455531.12,4743626.85,4305091.4
2020-04-28,5014129.21,4556083.37,3953650.56
2020-04-29,10020939.03,8996276.77,8067774.24
2020-04-30,7581421.63,6808436.69,6073119.3
2020-05-01,6232298.35,5801826.74,4980016.59
2020-05-02,4883269.9,4400258.64,3978529.52
2020-05-03,4614868.43,4090832.81,3622251.36
2020-05-04,1696650.37,1378226.81,1285985.68
2020-05-05,2127409.75,1894389.65,1664266.24
2020-05-06,2719040.36,2644158.45,2101438.95
2020-05-07,3735794.57,3468594.93,3081283.21
2020-05-08,3885246.63,3491470.25,3057670.15
2020-05-09,2045722.89,1936382.08,1564919.31
2020-05-10,3584812.06,3154316.96,2817308.7
2020-05-11,2782658.98,2343682.85,2126531.87
2020-05-12,3333481.33,3193890.58,2554876.05
2020-05-13,3150929.25,2869610.31,2367805.02
2020-05-14,4015255.86,3593890.71,3222738.56
2020-05-15,5094966.3,4539728.15,4205637.32
2020-05-16,3808061.0,3333864.11,3113947.78
2020-05-17,3532524.59,3383998.9,2826498.79
2020-05-18,3000875.02,2555562.05,2429735.03
2020-05-19,3027466.21,2689051.61,2447172.14
2020-05-20,3689172.21,3270116.13,3019892.02
2020-05-21,4498828.44,3899207.84,3647887.78
2020-05-22,5108046.04,4661756.58,3839020.41
2020-05-23,4015420.66,3802068.94,3313265.28
2020-05-24,4700650.04,4298591.12,3764671.03
2020-05-25,4378883.27,4172090.37,3340216.53
2020-05-26,3938416.11,3270805.06,3225312.26
2020-05-27,4400378.84,3726841.43,3586763.01
2020-05-28,7125254.26,6519707.0,5586999.34
2020-05-29,8058075.78,7307550.41,6156826.89
2020-05-30,8571150.17,7689785.56,6917398.63
2020-05-31,7068160.11,6077646.51,5722407.19
2020-06-01,7434640.87,6923370.64,6007912.51
2020-06-02,3295138.19,3169042.7399999998,2630884.15
2020-06-03,3497127.32,3094564.42,2854677.4
2020-06-04,2962471.81,2400016.38,2212520.77
2020-06-05,2452274.28,2209386.26,2042840.96
2020-06-06,2258600.23,2190798.44,1840555.75
2020-06-07,2693731.83,2416847.57,2065838.19
2020-06-08,3084455.23,2966315.96,2459766.38
2020-06-09,3331413.85,2921453.65,2608681.96
2020-06-10,3810023.86,3163786.37,3037801.06
2020-06-11,4027121.39,3534773.44,3106482.9
2020-06-12,2833219.35,2617299.64,2245340.12
2020-06-13,2840132.87,2368177.52,2324352.25
2020-06-14,3797554.63,3575217.99,3078986.36
2020-06-15,3921468.12,3513234.94,3112876.56
2020-06-16,3620819.64,3416339.2199999997,2950472.85
2020-06-17,4864660.1,4456560.71,3741174.91
2020-06-18,4188150.34,3725505.08,3329563.04
2020-06-19,2960897.79,2682308.55,2329260.25
2020-06-20,2189006.74,1842891.06,1795056.75
2020-06-21,3477329.48,3031770.69,2740967.86
2020-06-22,3068801.79,2716282.89,2472668.81
2020-06-23,3277142.11,2807495.92,2715748.0
2020-06-24,4983800.13,4133580.11,4272479.54
2020-06-25,4480875.32,3631050.08,3949301.47
2020-06-26,3538964.96,2886957.14,3128909.95
2020-06-27,2952009.99,2024196.83,2893474.01
2020-06-28,4033143.22,2982336.9,4037949.63
2020-06-29,5223388.62,3867872.7,5021085.51
2020-06-30,5506677.04,4125708.85,5509880.9
2020-07-01,4785799.65,3493897.8,4637675.06
2020-07-02,4866951.38,3567972.15,4707883.99
2020-07-03,3696972.88,2914444.9899999998,3771036.88
2020-07-04,706367.78,436353.19,665027.87
2020-07-05,1406074.5,1052335.0,1343687.36
2020-07-06,2077312.99,1457852.55,1986626.45
2020-07-07,2024009.16,1551499.25,2068227.77
2020-07-08,1848400.71,1432453.22,1796794.0
2020-07-09,2881762.16,2175470.35,2884926.26
2020-07-10,2456330.77,1851761.2,2270775.74
2020-07-11,2777782.43,2036535.34,2617463.18
2020-07-12,2353469.99,1757942.32,2352864.85
2020-07-13,2674159.75,2087120.87,2528820.54
2020-07-14,2241406.69,1750098.41,2199143.63
2020-07-15,2628917.79,1999149.21,2573366.47
2020-07-16,3496916.1,2371524.19,3417273.9
2020-07-17,2963494.21,2283943.52,2910103.21
2020-07-18,2167217.41,1570821.49,2102740.45
2020-07-19,2598183.41,2177699.1,2439859.2
2020-07-20,2378509.49,2076796.36,2153084.64
2020-07-21,3060145.15,2497913.82,2555988.41
2020-07-22,3102912.51,2746235.97,2421357.03
2020-07-23,3882974.91,3584066.63,3066175.92
2020-07-24,3897982.79,3723038.67,3118044.81
2020-07-25,2726776.18,2572524.37,2185291.86
2020-07-26,2852671.37,2439411.39,2228931.73
2020-07-27,2831486.13,2567371.91,2289596.5
2020-07-28,2395619.59,2122549.95,1857411.18
2020-07-29,3158908.2,2703388.1,2317187.54
2020-07-30,4151632.35,3837580.49,3350026.58
2020-07-31,5610491.95,5005419.22,4496247.74
2020-08-01,6132541.37,5564998.86,4909626.33
2020-08-02,5345584.67,4358681.56,4186394.94
2020-08-03,4397713.48,3882929.12,3443554.44
2020-08-04,3298352.62,3042670.44,2591360.98
2020-08-05,2223462.81,1961790.02,1734678.05
2020-08-06,2991469.99,2622854.25,2308279.85
2020-08-07,3277756.91,2936148.3,2547914.06
2020-08-08,2449651.51,2325150.53,2088845.7
2020-08-09,2935305.67,2672371.82,2352528.07
2020-08-10,2914723.92,2655623.03,2318822.04
2020-08-11,2533038.45,2341379.62,2110648.66
2020-08-12,4245177.97,3706896.95,3574622.62
2020-08-13,3438121.83,3212559.42,2662240.38
2020-08-14,3685522.51,3024399.02,2879232.79
2020-08-15,2556409.43,2282495.07,2072000.19
2020-08-16,2596444.46,2318578.31,2077063.06
2020-08-17,3646382.12,3239097.2,2892437.08
2020-08-18,3240488.83,3136431.93,2493505.46
2020-08-19,3279887.27,2937396.0300000003,2543910.75
2020-08-20,3569013.59,3013222.94,2909846.44
2020-08-21,3939388.46,3477073.58,3133654.06
2020-08-22,2465099.71,2236842.85,2000862.66
2020-08-23,2832425.22,2635633.83,2280579.88
2020-08-24,3217603.07,2951510.71,2631929.43
2020-08-25,2428315.18,2182974.52,1917538.84
2020-08-26,3194953.82,2980348.89,2616197.98
2020-08-27,4445347.68,4146166.33,3675387.97
2020-08-28,7296538.72,6681563.1,5928088.7
2020-08-29,7517051.79,6623701.97,6089417.86
2020-08-30,8480394.59,7604210.51,6775599.46
2020-08-31,7490849.71,7046067.29,6294569.34
2020-09-01,6047477.92,5488110.93,5072223.86
2020-09-02,1434923.77,1197503.75,1282633.72
2020-09-03,1557705.54,1319433.7,1435356.63
2020-09-04,1425115.38,1245219.17,1249060.77
2020-09-05,1581867.47,1253244.27,1449235.72
2020-09-06,2654105.11,2128957.63,2377874.42
2020-09-07,2479133.84,1989300.82,2159138.36
2020-09-08,2542645.13,2115030.83,2183405.0
2020-09-09,1979410.07,1690529.67,1799215.01
2020-09-10,3146008.14,2500376.1,2761931.92
2020-09-11,1990335.39,1729843.74,1821328.74
2020-09-12,2806228.3,2193716.39,2605429.08
2020-09-13,2240095.92,1643609.49,1957201.32
2020-09-14,2832905.03,2340759.88,2603630.98
2020-09-15,2914536.51,2363366.5100000002,2476205.19
2020-09-16,1994638.41,1668165.31,1821831.75
2020-09-17,1827659.24,1580805.83,1626961.14
2020-09-18,2600220.08,2031121.4100000001,2233677.06
2020-09-19,1806587.98,1577317.25,1582702.76
2020-09-20,2334885.81,1874651.46,2132834.58
2020-09-21,3082015.84,2510343.08,2723671.97
2020-09-22,2827707.7,2246071.87,2426080.5
2020-09-23,2254030.17,1929428.25,2095482.45
2020-09-24,2021614.99,1630524.0,1879290.21
2020-09-25,2587034.31,2140627.05,2341681.4
2020-09-26,2219447.23,1752680.18,2025784.18
2020-09-27,3907778.93,3267787.67,3495826.9
2020-09-28,4681424.38,3645671.61,4163962.01
2020-09-29,3862957.51,3115664.61,3418321.41
2020-09-30,3185317.6,2689461.69,2835582.57
2020-10-01,2053948.94,1753664.8900000001,1801442.13
2020-10-02,844947.12,787410.38,672777.16
2020-10-03,1819620.17,1692814.3900000001,1400911.62
2020-10-04,1305849.84,1155683.86,1031248.84
2020-10-05,1476045.28,1309608.78,1106750.78
2020-10-06,2225510.95,1851973.0899999999,1785750.97
2020-10-07,2084609.48,1909553.78,1633404.7
2020-10-08,1798621.9,1512186.38,1415449.28
2020-10-09,1682037.65,1657876.39,1404182.57
2020-10-10,2023437.43,1842290.85,1582185.76
2020-10-11,1446988.51,1381655.26,1177371.98
2020-10-12,1856496.7,1773535.93,1470316.91
2020-10-13,3071390.97,2828119.82,2435896.58
2020-10-14,2627129.58,2451879.72,2030216.9
2020-10-15,1826480.99,1628715.5,1499468.55
2020-10-16,2213689.11,1780322.32,1814772.4
2020-10-17,2024181.52,1843999.53,1623856.95
2020-10-18,2416150.55,2124371.42,2000897.4
2020-10-19,1798941.77,1432961.55,1455468.16
2020-10-20,2361849.87,2090620.1400000001,1800189.76
2020-10-21,2168284.88,1916532.92,1762213.02
2020-10-22,2384359.77,2199709.62,1939167.59
2020-10-23,1313373.58,1144300.28,984874.54
2020-10-24,2435210.66,2312594.04,1935814.16
2020-10-25,2045855.5,1784356.36,1595051.09
2020-10-26,2383306.02,2221330.07,1881515.76
2020-10-27,3242319.66,3069169.91,2668015.76
2020-10-28,4138715.4,3792828.2,3246854.44
2020-10-29,3361148.04,3220323.2399999998,2777298.73
2020-10-30,2606337.42,2371651.93,2045887.36
2020-10-31,3099623.67,2688591.73,2419274.6
2020-11-01,2000351.9,1940192.2,1651707.88
2020-11-02,1609265.54,1563377.3599999999,1276568.22
2020-11-03,1148970.3,1043241.78,951051.1
2020-11-04,1475675.48,1240697.51,1140886.92
2020-11-05,1340308.97,1207603.03,1063954.02
2020-11-06,717152.89,606179.61,537123.9
2020-11-07,1261006.58,1149793.0,1012158.51
2020-11-08,1462906.75,1404219.63,1152752.12
2020-11-09,1841341.67,1811994.86,1500031.86
2020-11-10,1423817.05,1218324.08,1131446.53
2020-11-11,1850484.56,1692506.71,1510899.02
2020-11-12,1742209.81,1537602.55,1490266.12
2020-11-13,1874908.56,1663680.78,1475799.13
2020-11-14,1505407.33,1220347.28,1170919.18
2020-11-15,1822943.34,1605423.14,1452200.16
2020-11-16,1677772.33,1603088.25,1289405.39
2020-11-17,1698265.63,1417913.62,1375791.27
2020-11-18,1708292.62,1425074.82,1460231.18
2020-11-19,1389140.38,1201147.39,1147069.41
2020-11-20,1761075.99,1513689.89,1653768.63
2020-11-21,1277317.49,828952.09,1191035.2
2020-11-22,1402812.95,1003949.73,1422457.39
2020-11-23,1254495.47,927474.36,1331674.56
2020-11-24,1234768.03,865916.77,1251831.61
2020-11-25,1016787.85,813430.2799999999,1011073.66
2020-11-26,1003033.14,730262.6900000001,1066907.31
2020-11-27,2064673.72,1527756.19,2076697.24
2020-11-28,2102733.52,1575431.48,2118368.35
2020-11-29,1696662.48,1191668.45,1642786.66
2020-11-30,1376299.12,1025507.83,1423882.94
2020-12-01,1160032.88,825352.93,1083886.83
2020-12-02,370653.23,246058.53000000003,366277.85
2020-12-03,528608.48,354312.57999999996,509665.44
2020-12-04,645703.05,512988.89,632473.93
2020-12-05,653591.96,489216.61,700683.81
2020-12-06,755648.75,600382.87,731905.7
2020-12-07,832522.38,650908.02,856716.78
2020-12-08,1297656.34,1017465.57,1226584.15
2020-12-09,1154833.63,903302.38,1135523.17
2020-12-10,696601.42,542260.66,694712.49
2020-12-11,708701.4,553009.68,714731.83
2020-12-12,1122552.93,808779.62,1114505.97
2020-12-13,937152.62,699733.8,894184.44
2020-12-14,1601200.69,1209317.7,1536265.51
2020-12-15,1355809.66,955450.37,1345601.61
2020-12-16,1368150.26,1032991.72,1378715.06
2020-12-17,1104685.57,773902.48,1105268.19
2020-12-18,1251306.12,971252.0399999999,1173503.24
2020-12-19,1648432.09,1109901.6199999999,1604918.15
2020-12-20,1777867.4,1350641.01,1748875.07
2020-12-21,2040125.86,1456885.83,2025685.77
2020-12-22,2050706.5,1389949.78,1957791.36
2020-12-23,1964805.24,1440900.34,2036033.68
2020-12-24,1223063.47,909484.78,1196024.1
2020-12-25,1200258.49,840473.9,1181002.97
2020-12-26,1099988.0,780687.16,1121806.33
2020-12-27,1517374.4,1162899.36,1548752.98
2020-12-28,3627797.75,2777262.88,3660309.96
2020-12-29,2940732.69,2200500.81,2915164.04
2020-12-30,2881135.64,2094198.7,2881761.18
2020-12-31,2153864.87,1487396.58,2157011.11
2021-01-01,1553431.51,1216434.24,1547553.58
2021-01-02,378420.41,261657.47,311258.46
2021-01-03,677894.56,525713.39,516308.19
2021-01-04,819877.04,636921.37,631242.67
2021-01-05,1174326.91,988605.1,961163.6
2021-01-06,1114251.05,1066921.69,906466.26
2021-01-07,837846.02,757305.66,690390.14
2021-01-08,1023293.14,942376.17,849565.94
2021-01-09,853729.27,689533.1799999999,699954.28
2021-01-10,1180728.66,961974.41,984866.85
2021-01-11,1515387.6,1478444.28,1201417.37
2021-01-12,1062807.64,852848.71,869052.09
2021-01-13,1070756.5,960030.36,856031.34
2021-01-14,764427.24,594762.45,629061.31
2021-01-15,977003.78,866804.74,779003.57
2021-01-16,1185774.61,1185774.6099999999,916210.38
2021-01-17,1224098.2,1187888.99,966990.57
2021-01-18,2502006.18,2323689.46,1916159.06
2021-01-19,2011018.39,1763378.49,1652010.17
2021-01-20,1595354.2,1328116.68,1216527.62
2021-01-21,1698207.91,1398493.95,1250048.47
2021-01-22,1620041.5,1561543.97,1267935.48
2021-01-23,1744298.27,1625467.1199999999,1412867.08
2021-01-24,1862707.42,1525150.42,1491339.57
2021-01-25,2346216.5,2144879.16,1913189.53
2021-01-26,2993616.58,2618504.5,2282478.29
2021-01-27,2258351.94,1690709.97,1690062.59
2021-01-28,2405871.45,2276429.2,1845885.39
2021-01-29,2246568.53,2018373.0,1778946.6
2021-01-30,2167603.39,2024093.03,1754979.72
2021-01-31,1607178.02,1424865.89,1317474.79
2021-02-01,1551374.11,1372941.46,1281321.59
2021-02-02,958876.9,884396.37,764858.08
2021-02-03,1095535.11,1045488.18,933310.92
2021-02-04,1345207.17,1132354.3,1009834.12
2021-02-05,1749418.05,1513621.87,1399602.15
2021-02-06,1240787.91,1160141.94,940727.48
2021-02-07,1814367.53,1645192.89,1394396.68
2021-02-08,1325809.68,1190776.07,1131072.08
2021-02-09,1448124.96,1262271.25,1194857.77
2021-02-10,1851743.73,1522449.12,1575581.32
2021-02-11,1689417.95,1483803.04,1396084.38
2021-02-12,1983824.96,1620270.39,1679342.84
2021-02-13,1986462.63,1654160.6300000001,1556559.62
2021-02-14,2942830.48,2603715.5,2472928.79
2021-02-15,3142099.08,2789144.39,2531323.24
2021-02-16,1874868.49,1691577.19,1645455.89
2021-02-17,2468895.03,2233170.07,1948858.13
2021-02-18,1729200.62,1465502.81,1374282.0
2021-02-19,2485137.46,2220209.78,1894234.27
2021-02-20,2510521.11,2325639.72,1978226.96
2021-02-21,2673937.37,2436112.35,2158355.9
2021-02-22,3295922.4,2856965.81,2680528.93
2021-02-23,4952064.84,4672681.9,3886168.63
2021-02-24,2880648.13,2581112.9,2377495.5
2021-02-25,5675843.97,4591490.7,4598510.35
2021-02-26,3813868.44,3354405.36,3118356.14
2021-02-27,3241854.71,2909885.86,2733660.27
2021-02-28,2348995.75,2065492.8900000001,1901704.24
2021-03-01,1942260.67,1667214.9,1595206.21
2021-03-02,679248.37,610279.39,536287.19
2021-03-03,1202803.22,1162026.72,982110.07
2021-03-04,2188811.67,1895810.9,1718125.54
2021-03-05,1350969.16,1301555.84,1101818.84
2021-03-06,1702498.76,1572935.2,1385168.73
2021-03-07,2475099.15,2229052.2,2022240.35
2021-03-08,2765984.78,2575811.05,2054703.58
2021-03-09,2910840.37,2482877.41,2318282.64
2021-03-10,2793536.43,2643614.7,2183321.72
2021-03-11,4291688.17,3818281.72,3434300.04
2021-03-12,4134860.06,3846755.41,3361961.81
2021-03-13,2417371.88,2230768.47,1968099.73
2021-03-14,2889680.59,2715623.5,2334076.0
2021-03-15,3654509.31,3253722.0700000003,2866925.36
2021-03-16,4008350.11,3642377.05,3320217.27
2021-03-17,4400411.89,3950354.25,3480694.63
2021-03-18,5516765.31,5129251.44,4537155.51
2021-03-19,3614457.51,3154816.34,2975958.79
2021-03-20,3232018.55,2845378.2,2766387.35
2021-03-21,2822145.24,2416049.77,2475231.8
2021-03-22,3923103.49,3054579.57,3698730.81
2021-03-23,4222620.69,3452451.43,3768846.71
2021-03-24,4003647.57,3313282.62,3639438.17
2021-03-25,4847687.37,4097672.28,4322456.49
2021-03-26,4034615.27,3108047.89,3623284.41
2021-03-27,3612774.77,2759475.47,3405524.2
2021-03-28,3528929.89,2588932.81,3193051.24
2021-03-29,4090090.6,3275308.94,3735223.94
2021-03-30,10795905.35,8454739.879999999,9875208.04
2021-03-31,9220320.43,7612475.32,8547874.84
2021-04-01,9027075.84,7107334.89,8225391.38
2021-04-02,7866035.23,5910520.42,7228630.89
2021-04-03,7594752.42,6107142.63,7064149.71
2021-04-04,1720555.46,1435921.11,1597615.49
2021-04-05,2665962.66,1987503.81,2489752.36
2021-04-06,2627509.32,2163248.93,2395678.58
2021-04-07,3504391.02,2737176.06,3200078.0
2021-04-08,3026850.22,2376682.78,2768519.33
2021-04-09,3110153.27,2566633.27,2714930.73
2021-04-10,2505766.01,2098507.4,2142941.81
2021-04-11,2755337.37,1955033.54,2528446.54
2021-04-12,3206411.87,2619594.08,3006280.88
2021-04-13,3231903.43,2630078.89,2897501.76
2021-04-14,5218947.03,4283553.0,4826353.96
2021-04-15,4270735.63,3796786.9899999998,3783812.65
2021-04-16,3735241.12,3196290.15,3308841.35
2021-04-17,3800876.52,3210392.77,3259298.49
2021-04-18,4448113.81,3877441.01,3495208.68
2021-04-19,3468512.12,2852847.81,2925337.15
2021-04-20,4030055.78,3601295.23,3186833.6
2021-04-21,5244905.44,4850242.31,4141247.89
2021-04-22,4635126.49,4224200.02,3691630.05
2021-04-23,2503702.41,2201938.2600000002,1966755.8
2021-04-24,3966260.92,3739057.04,3199689.13
2021-04-25,4545990.29,4164485.75,3630097.75
2021-04-26,4718077.11,4343088.34,3814996.18
2021-04-27,5303542.87,4536571.56,4355535.28
2021-04-28,5606431.49,5386629.56,4335482.99
2021-04-29,9535515.05,8947899.79,7714922.63
2021-04-30,6962149.33,6507419.57,5622679.65
2021-05-01,6555221.49,6360028.24,5276005.92
2021-05-02,5301495.07,4945081.0200000005,4383106.98
2021-05-03,3778243.02,3370206.9899999998,3051862.47
2021-05-04,1930133.97,1696376.09,1605646.92
2021-05-05,2491751.76,2089112.04,1992920.65
2021-05-06,3090364.98,2796920.5100000002,2462408.5
2021-05-07,3099539.75,2496478.64,2583097.98
2021-05-08,2448108.31,2373354.33,2024581.03
2021-05-09,3801718.87,3639582.34,3192875.3
2021-05-10,3546216.71,3316528.12,2807669.46
2021-05-11,3323078.36,3195888.86,2752138.51
2021-05-12,4782841.68,4498896.7,3847828.01
2021-05-13,5666923.8,5105866.05,4709813.19
2021-05-14,5250104.11,4711369.62,4258778.21
2021-05-15,3858160.76,3589365.51,3146686.62
2021-05-16,3981359.06,3472188.43,3199505.04
2021-05-17,4684806.7,4210752.44,3826508.17
2021-05-18,3549112.31,3216121.67,2889339.05
2021-05-19,4795038.58,4304158.22,3840346.57
2021-05-20,5057797.75,4466251.26,4088691.43
2021-05-21,5434543.62,5326842.19,4271132.76
2021-05-22,4310539.38,3993921.4699999997,3526722.84
2021-05-23,3846392.54,3778149.0100000002,3086892.89
2021-05-24,3987573.28,3469236.97,3177252.48
2021-05-25,3822459.48,3571832.38,3142554.15
2021-05-26,4915453.17,4636101.76,4056932.97
2021-05-27,7320510.07,6525103.23,6048379.93
2021-05-28,6925957.27,6312921.03,5561587.62
2021-05-29,4630943.52,4157802.32,3787091.31
2021-05-30,8887935.6,8386968.3,7274840.31
2021-05-31,7996369.9,7395915.28,6466327.4
2021-06-01,7479521.04,6820816.96,6141761.22
2021-06-02,6960798.21,6267641.08,5572082.02
2021-06-03,6367799.03,5277318.66,5139667.32
2021-06-04,2524112.16,2237606.89,2097669.41
2021-06-05,2884765.01,2674574.52,2262050.61
2021-06-06,3795966.84,3530135.1,3084551.9
2021-06-07,3757477.99,3468354.12,3136794.28
2021-06-08,3948452.32,3358501.91,3177527.58
2021-06-09,3733884.76,3202250.54,3009506.21
2021-06-10,3994102.54,3635322.64,3220973.51
2021-06-11,3221511.31,3126905.64,2622379.46
2021-06-12,3618435.07,3306992.54,2920008.48
2021-06-13,3349171.43,3017294.95,2778202.9
2021-06-14,4007931.92,3910874.28,3159812.63
2021-06-15,4162142.95,3763960.51,3326425.2
2021-06-16,4740156.23,4450145.4799999995,3752544.13
2021-06-17,5807751.43,5463295.5,4698668.17
2021-06-18,4316861.14,4067245.83,3463681.18
2021-06-19,3596996.21,3219734.98,3016398.92
2021-06-20,3113780.62,2737264.6,2502341.31
2021-06-21,3454322.45,3355675.95,2831163.45
2021-06-22,3814525.81,3558190.31,3072656.32
2021-06-23,5129834.24,4591711.23,4258385.56
2021-06-24,5015283.26,4205188.5,4491924.42
2021-06-25,3255836.16,2781945.31,2807033.14
2021-06-26,3202321.56,2495997.68,2946230.91
2021-06-27,3938214.81,2956759.69,3832008.26
2021-06-28,4255543.96,3246647.12,4082242.05
2021-06-29,5907160.01,4298065.39,5911751.11
2021-06-30,5094915.79,3778575.31,4949985.1
2021-07-01,4975867.15,3690431.56,5024857.74
2021-07-02,4397949.68,3238463.36,4326458.07
2021-07-03,3132513.38,2366447.49,3101143.37
2021-07-04,730601.15,583589.01,647312.84
2021-07-05,1878817.85,1444798.85,1927429.12
2021-07-06,1616214.16,1208178.22,1626948.22
2021-07-07,1741509.6,1275257.37,1715092.93
2021-07-08,2563149.38,1926570.1,2518109.42
2021-07-09,2685812.87,2013774.82,2706650.91
2021-07-10,2524108.8,1757729.35,2448068.41
2021-07-11,2592712.85,1884242.04,2553763.2
2021-07-12,3123873.5,2373789.51,3108780.0
2021-07-13,2650746.43,1970476.72,2549076.58
2021-07-14,2970833.54,2225706.52,2785803.91
2021-07-15,3628282.86,2557441.46,3639556.87
2021-07-16,2768513.94,2047868.83,2780496.25
2021-07-17,2453122.24,1812235.6099999999,2399937.97
2021-07-18,2827723.47,1931158.02,2930478.35
2021-07-19,2859598.56,2295908.68,2696150.18
2021-07-20,3389960.06,2913605.71,3045138.98
2021-07-21,3336465.66,2924410.69,2928248.05
2021-07-22,4388007.92,3960159.69,3796262.13
2021-07-23,4385215.41,3793519.47,3753800.99
2021-07-24,2294305.45,2059022.52,1930929.33
2021-07-25,2549303.61,2425298.93,2173412.06
2021-07-26,3676952.36,3454812.36,2918564.14
2021-07-27,3460197.23,3118905.37,2857159.07
2021-07-28,4046860.27,3703263.09,3235448.81
2021-07-29,5547857.68,5050703.48,4566302.38
2021-07-30,6548042.77,6034292.24,6322433.77
2021-07-31,5256382.47,4844532.61,5446793.9
2021-08-01,3652376.75,3436459.18,4109973.08
2021-08-02,4399616.65,4074421.84,4886236.3
2021-08-03,2422462.49,2234215.87,3359505.36
2021-08-04,1157658.1,1096824.68,1697391.73
2021-08-05,1482037.52,1382125.51,2026425.65
2021-08-06,1591502.8,1496351.27,2374360.64
2021-08-07,1632328.25,1502663.23,2336736.46
2021-08-08,1411882.22,1264483.02,1918090.72
2021-08-09,1376421.76,1152108.08,2167285.81
2021-08-10,1581357.61,1458815.98,2246981.07
2021-08-11,1740229.21,1628148.81,2604985.61
2021-08-12,2480973.68,2256980.88,3548924.53
2021-08-13,2199306.57,2102205.9,3444159.74
2021-08-14,1494099.71,1372074.49,1993428.41
2021-08-15,1862118.62,1561835.3800000001,2645589.05
2021-08-16,2220064.67,1985660.76,3319453.91
2021-08-17,2263302.37,2014795.75,3320429.89
2021-08-18,1875383.97,1519337.36,2630473.94
2021-08-19,2535597.13,2269518.73,3644326.12
2021-08-20,2553183.49,2291784.29,3860236.79
2021-08-21,1453356.23,1348807.94,2098001.94
2021-08-22,1640268.07,1488523.87,2295711.5
2021-08-23,1883869.71,1737760.17,2626041.33
2021-08-24,1836322.27,1654135.53,2808012.6
2021-08-25,1939866.54,1716766.87,2821994.79
2021-08-26,1886569.08,1720165.65,2959216.09
2021-08-27,1662732.77,1549412.67,2371412.62
2021-08-28,1664938.51,1432480.06,2453257.65
2021-08-29,4443078.33,3957726.2,6342118.62
2021-08-30,3996164.3,3605346.57,5499176.03
2021-08-31,3940957.44,3530598.81,5240978.22
2021-09-01,3579634.39,3133053.54,4583108.31
2021-09-02,3917618.96,3553273.32,4722341.9
2021-09-03,1070973.42,801867.74,1003268.02
2021-09-04,1839742.83,1475514.79,1710231.68
2021-09-05,1682890.37,1389273.45,1626164.36
2021-09-06,2097434.58,1701924.2,1931198.13
2021-09-07,2244132.38,1941293.71,1986738.71
2021-09-08,3716975.63,3104441.32,3437593.72
2021-09-09,2187074.96,1651612.54,2082447.03
2021-09-10,1980857.12,1529237.2,1821707.08
2021-09-11,1547495.48,1298328.79,1455524.4
2021-09-12,2102573.99,1617330.95,1909199.54
2021-09-13,2488502.06,2016895.6,2265837.09
2021-09-14,2715006.68,2219298.69,2532491.32
2021-09-15,3275643.47,2403228.41,3007258.03
2021-09-16,1853200.26,1578249.42,1657780.29
2021-09-17,2031900.2,1561643.18,1889074.28
2021-09-18,1910747.73,1564486.01,1785651.61
2021-09-19,1952437.84,1609251.74,1794752.16
2021-09-20,2307149.39,1610901.97,2140377.91
2021-09-21,3210995.34,2749745.05,2839955.92
2021-09-22,2518917.94,2070529.76,2299264.05
2021-09-23,2220736.52,1816274.25,2001371.7
2021-09-24,2008968.22,1755062.1400000001,1790130.16
2021-09-25,2281967.32,1915461.19,2112780.84
2021-09-26,1602075.57,1298496.7,1461503.99
2021-09-27,3058684.14,2233805.52,2864098.57
2021-09-28,4749132.81,3749929.88,4287087.43
2021-09-29,3184253.74,2560150.4699999997,2793067.38
2021-09-30,3504126.92,2920620.1,3102295.47
2021-10-01,2465559.4,2086966.83,2269641.63
2021-10-02,2584886.96,2068451.29,2309451.71
2021-10-03,920334.15,830823.87,789349.71
2021-10-04,1043382.83,840973.62,864297.5
2021-10-05,1440909.2,1363137.29,1238586.01
2021-10-06,1793088.31,1656137.87,1465294.6
2021-10-07,1826196.69,1713544.81,1497790.82
2021-10-08,1613264.94,1310211.81,1325310.58
2021-10-09,1794510.68,1725779.6,1447840.15
2021-10-10,1883117.98,1820054.2,1559914.53
2021-10-11,2300450.29,2058190.09,1848634.77
2021-10-12,1567144.44,1457913.67,1334199.42
2021-10-13,1918678.27,1831149.22,1624278.45
2021-10-14,2148334.67,2035727.93,1733671.89
2021-10-15,1900056.41,1653596.9,1665667.16
2021-10-16,2106301.79,2002553.1800000002,1750771.11
2021-10-17,2495144.25,2171839.41,2124471.09
2021-10-18,2029589.44,1915745.77,1714394.15
2021-10-19,1794195.22,1603684.49,1443278.64
2021-10-20,2748359.42,2521069.95,2249708.28
2021-10-21,1715238.6,1652081.71,1425166.31
2021-10-22,2513749.87,2421774.21,2045877.61
2021-10-23,1853822.02,1767110.84,1521941.02
2021-10-24,2201542.06,1868623.73,1879343.83
2021-10-25,2021989.32,1802932.26,1646748.37
2021-10-26,2162674.08,1873093.72,1776598.49
2021-10-27,2151921.73,1816745.05,1803290.61
2021-10-28,2489853.45,2378643.54,2036708.17
2021-10-29,3746325.95,3388273.51,3090953.59
2021-10-30,3434826.63,3059931.15,2965454.49
2021-10-31,3026687.11,2706784.53,2545466.76
2021-11-01,2926691.09,2636527.7800000003,2398381.34
2021-11-02,3072730.67,2664180.72,2536221.43
2021-11-03,1262904.96,1065015.6300000001,1055921.75
2021-11-04,1344901.28,1315707.03,1136391.76
2021-11-05,1257605.18,1170370.04,1084704.98
2021-11-06,2093872.9,2029413.85,1714441.6
2021-11-07,942802.49,881789.75,782264.44
2021-11-08,2064680.43,2007912.26,1687466.21
2021-11-09,2462296.67,2391095.15,2100076.52
2021-11-10,1774844.23,1735528.06,1518855.62
2021-11-11,1412638.65,1158558.37,1123822.69
2021-11-12,1777590.33,1651617.4000000001,1460783.5
2021-11-13,1291079.97,1022892.86,1073274.92
2021-11-14,1228705.01,1180576.82,1065683.97
2021-11-15,1206377.91,1132317.8499999999,983743.19
2021-11-16,2106714.51,1769989.93,1725304.97
2021-11-17,1531889.09,1403851.38,1349321.43
2021-11-18,1661241.07,1448496.47,1433114.76
2021-11-19,1253389.32,1118354.09,1095039.04
2021-11-20,1071404.44,878709.99,1040227.2
2021-11-21,1222908.7,906467.79,1238315.19
2021-11-22,1558297.56,1149935.36,1613383.51
2021-11-23,1613168.79,1150942.17,1629011.23
2021-11-24,1665269.85,1217208.98,1709718.17
2021-11-25,1278003.36,985657.08,1305823.05
2021-11-26,970756.2,773524.21,1019443.98
2021-11-27,1407280.07,1059339.53,1519826.79
2021-11-28,2359645.42,1628244.3499999999,2324536.28
2021-11-29,1830856.99,1204495.73,1894919.03
2021-11-30,2987950.32,2214244.31,3045686.15
2021-12-01,1881588.13,1318472.55,1920538.46
2021-12-02,1911470.99,1148276.94,1996362.17
2021-12-03,586748.17,412034.41,626899.33
2021-12-04,819389.63,564146.1,787101.35
2021-12-05,1101768.07,807758.93,1082761.55
2021-12-06,1167887.5,899192.8200000001,1132700.46
2021-12-07,708706.53,566965.24,724333.47
2021-12-08,919265.14,673660.8400000001,968146.91
2021-12-09,999032.78,785723.94,1047782.72
2021-12-10,1214991.34,895077.57,1243394.6
2021-12-11,948995.31,679561.9400000001,997983.77
2021-12-12,1285064.15,995609.1799999999,1307106.22
2021-12-13,1112918.62,808707.36,1168775.11
2021-12-14,1821860.68,1421366.6,1884666.84
2021-12-15,1773908.51,1303650.82,1816537.46
2021-12-16,1771984.63,1305178.82,1846296.05
2021-12-17,1463605.82,989978.21,1523555.95
2021-12-18,1214550.47,774381.81,1217310.4
2021-12-19,1546435.59,1030304.67,1510053.63
2021-12-20,1676753.39,1235414.68,1642291.41
2021-12-21,2017237.85,1450670.99,2127476.27
2021-12-22,2327738.57,1773751.79,2283587.28
2021-12-23,2415914.18,1851596.93,2480623.5
2021-12-24,1448810.25,1140666.01,1505101.29
2021-12-25,1120986.7,863503.55,1156338.1
2021-12-26,1317218.46,1047324.64,1338753.3
2021-12-27,1025037.51,756852.22,986082.95
2021-12-28,1855064.19,1342688.94,1847193.9
2021-12-29,4065184.9,2904405.98,4208667.7
2021-12-30,3842586.5,2645967.63,3948015.94
2021-12-31,3041203.79,2133655.74,3121467.33
2022-01-01,2932155.47,2057700.1199999999,3019583.5
2022-01-02,2361965.0,1911241.95,2368851.11
2022-01-03,545563.72,545563.72,476501.31
2022-01-04,1242319.38,1130260.44,1057834.07
2022-01-05,809977.6,749159.53,684605.3
2022-01-06,993048.62,901441.2999999999,827696.4
2022-01-07,1294963.64,1141904.2,1109631.82
2022-01-08,1641747.05,1367648.32,1369252.03
2022-01-09,1706485.37,1700012.2,1491356.56
2022-01-10,2569113.21,2159146.94,2158709.88
2022-01-11,1640806.35,1640806.35,1336967.26
2022-01-12,1775526.5,1609882.41,1506945.6
2022-01-13,1173172.99,1140405.99,946254.56
2022-01-14,1548726.82,1394210.6099999999,1300219.1
2022-01-15,1461990.71,1237768.05,1263054.33
2022-01-16,2064339.13,1875547.0,1781850.02
2022-01-17,1621773.2,1578580.81,1340632.16
2022-01-18,1861205.18,1633805.42,1606509.55
2022-01-19,2020862.53,1977438.0,1738187.82
2022-01-20,1249233.56,1202530.28,1043117.49
2022-01-21,1580948.85,1482668.02,1245282.02
2022-01-22,1758593.8,1504836.7,1468639.94
2022-01-23,1785338.17,1606299.23,1512426.38
2022-01-24,1915906.28,1840900.91,1601822.71
2022-01-25,2471179.3,2137782.27,1957064.07
2022-01-26,2278973.82,2130188.53,1903209.07
2022-01-27,1604489.99,1525155.31,1290075.13
2022-01-28,2792317.48,2656069.72,2306948.5
2022-01-29,3897632.5,3544650.71,3247780.03
2022-01-30,3903300.55,3291864.04,3262713.48
2022-01-31,3159829.55,2802846.31,2627738.4
2022-02-01,3672475.88,3204157.67,3092119.13
2022-02-02,3072419.17,2869615.68,2457270.01
2022-02-03,1056919.3,774779.59,915391.24
2022-02-04,1135262.35,1061363.16,959597.02
2022-02-05,1325806.77,1211118.57,1094262.79
2022-02-06,1360544.32,1353935.32,1086414.25
2022-02-07,1777072.87,1649390.11,1505671.69
2022-02-08,2324022.32,2112658.3,1858719.97
2022-02-09,2087968.13,1956952.42,1716217.3
2022-02-10,1681958.09,1519480.69,1377183.24
2022-02-11,1868277.55,1674087.54,1450465.3
2022-02-12,2483675.48,2405677.17,2002526.57
2022-02-13,2471088.82,2336244.82,2037847.39
2022-02-14,2477651.08,2463571.94,2066561.36
2022-02-15,2911470.49,2842259.94,2304155.38
2022-02-16,3189077.73,2884691.55,2624063.44
2022-02-17,2365001.98,2136371.76,1930644.21
2022-02-18,2218074.92,1991488.7,1902787.38
2022-02-19,2497284.24,2312823.81,2073056.25
2022-02-20,3274514.0,3084656.25,2808978.4
2022-02-21,3231879.49,3072126.67,2662096.96
2022-02-22,3646117.64,3228739.2,3080342.28
2022-02-23,3297595.34,2726627.82,2768284.27
2022-02-24,2768850.97,2521053.97,2337359.85
2022-02-25,2943786.98,2571759.7800000003,2445090.2
2022-02-26,6304749.98,5877068.78,4896174.07
2022-02-27,5652340.75,5165190.04,4889448.26
2022-02-28,6007208.86,5313319.95,4942844.92
2022-03-01,4532724.33,4261528.01,3774772.1
2022-03-02,5221766.09,4883978.33,4446394.75
2022-03-03,1113577.08,931539.68,936517.95
2022-03-04,1265611.41,1085841.1099999999,1001621.35
2022-03-05,1917604.21,1747646.97,1671253.56
2022-03-06,2406752.08,2231925.34,1881208.83
2022-03-07,3077438.94,2720959.7199999997,2603663.56
2022-03-08,3777839.97,3346655.5,3199498.52
2022-03-09,4138590.91,3811748.89,3354044.48
2022-03-10,3544992.79,3479493.78,2897669.69
2022-03-11,3499825.21,3352805.11,2868355.02
2022-03-12,3731020.06,3128061.95,3230097.43
2022-03-13,4026635.22,3406278.84,3346220.86
2022-03-14,4709281.9,4425765.6,3928279.43
2022-03-15,4619237.89,4272911.48,3907599.13
2022-03-16,4519934.96,3975483.38,3787149.37
2022-03-17,5222281.22,5067324.68,4421275.88
2022-03-18,4426435.98,3804428.2,3648313.01
2022-03-19,4313906.61,3965697.7,3587200.12
2022-03-20,4198964.15,3597526.94,3744253.09
2022-03-21,4036051.82,3336571.12,3737447.21
2022-03-22,4626820.15,3605615.9499999997,4342565.79
2022-03-23,5301842.45,4393184.04,4915987.31
2022-03-24,5052034.89,4096936.23,4744310.26
2022-03-25,4122489.22,3250071.06,4014534.97
2022-03-26,4325007.4,3255852.46,4010228.32
2022-03-27,5169170.11,4113275.17,4775502.11
2022-03-28,4855258.01,3923668.2,4607293.73
2022-03-29,4908504.49,3962851.86,4613958.54
2022-03-30,11643208.73,9268745.72,10896036.48
2022-03-31,9233141.0,7161575.78,8773718.15
2022-04-01,8299060.74,6604473.64,8041756.19
2022-04-02,8289456.22,6134565.52,7808017.19
2022-04-03,6547965.12,5414694.41,6148445.74
2022-04-04,1974536.55,1686630.53,1802524.97
2022-04-05,3017582.3,2514722.54,2782222.29
2022-04-06,2934004.6,2485729.99,2645021.55
2022-04-07,1947894.58,1606045.3599999999,1833343.52
2022-04-08,2516364.3,1955980.8,2311523.71
2022-04-09,3523261.24,2683495.35,3380510.41
2022-04-10,3747690.93,2886897.02,3511278.1
2022-04-11,4187283.4,3235493.97,3982564.11
2022-04-12,4300020.35,3304146.64,4061975.74
2022-04-13,4888627.31,3976102.82,4546028.85
2022-04-14,4670014.27,3831242.39,4407778.78
2022-04-15,4908291.49,4361782.87,4288050.23
2022-04-16,5147946.06,4388407.04,4540748.11
2022-04-17,4470361.38,3979796.08,3877207.22
2022-04-18,3680888.01,3399596.99,2995894.73
2022-04-19,4426735.65,4210880.4799999995,3630694.51
2022-04-20,4874458.71,4527962.24,4017615.85
2022-04-21,2926459.0,2650440.57,2418771.53
2022-04-22,4609506.19,4256118.06,3890393.56
2022-04-23,4709847.04,3979431.45,3925675.06
2022-04-24,5020542.99,4632520.58,4173556.86
2022-04-25,4873788.42,4524735.5,3954819.04
2022-04-26,5688161.6,5172656.61,4770812.83
2022-04-27,5361513.76,4895222.46,4376745.35
2022-04-28,5590934.3,5023344.51,4645081.23
2022-04-29,7579535.07,6746508.53,6187238.79
2022-04-30,6592777.23,6215430.96,5405333.92
2022-05-01,5680859.44,5003040.12,4706859.17
2022-05-02,4291036.44,3896760.39,3434252.59
2022-05-03,5504853.65,4454299.5200000005,4531490.74
2022-05-04,1792730.62,1643032.1,1492900.17
2022-05-05,3556300.98,3173642.47,2916616.09
2022-05-06,2532060.94,2372032.42,2027456.78
2022-05-07,3620303.23,3338531.27,3000039.1
2022-05-08,2468343.71,2151031.06,1923320.47
2022-05-09,2985986.67,2607642.24,2430054.67
2022-05-10,3668495.19,3474321.69,2955983.75
2022-05-11,4347378.73,4110850.72,3521156.43
2022-05-12,4753134.02,4297891.06,3878195.49
2022-05-13,3479131.38,3313727.24,2953956.65
2022-05-14,4406804.98,3963098.88,3730445.32
2022-05-15,4455089.7,4230680.39,3604418.84
2022-05-16,4323621.35,3953137.54,3469983.75
2022-05-17,4158982.96,3909090.3,3363524.3
2022-05-18,6094171.87,5534979.67,4997123.61
2022-05-19,5824908.18,4990830.92,4737898.72
2022-05-20,2226534.2,2021589.44,1797128.71
2022-05-21,4033154.28,3717399.67,3341369.82
2022-05-22,5000275.74,4458314.89,4124194.76
2022-05-23,3647180.26,3382885.44,3055864.88
2022-05-24,4442598.36,3848561.7,3584450.45
2022-05-25,6573956.43,5906848.87,5501922.55
2022-05-26,6284218.49,5873272.67,5141408.99
2022-05-27,3652675.9,3494750.57,2933129.2
2022-05-28,3223975.84,3007183.23,2664148.14
2022-05-29,5327455.25,4610119.39,4413502.81
2022-05-30,8158502.0,7487416.21,6931185.72
2022-05-31,8513166.37,7619157.61,6787523.6
2022-06-01,8373363.4,7856801.93,7038218.52
2022-06-02,8325437.52,7886657.99,6796380.79
2022-06-03,6585522.44,6206981.96,5345747.87
2022-06-04,2998952.42,2686732.93,2492875.15
2022-06-05,2945501.79,2720295.44,2481566.23
2022-06-06,3100859.0,2760545.84,2519872.17
2022-06-07,3673238.8,3491965.33,3096187.02
2022-06-08,3686799.9,3326969.0,3086016.13
2022-06-09,2619038.14,2240039.14,2169844.13
2022-06-10,3369544.01,3081140.63,2830537.04
2022-06-11,4463584.56,3884032.63,3478666.52
2022-06-12,4561669.81,4202054.41,3820200.11
2022-06-13,4221162.05,3869584.02,3579316.15
2022-06-14,4843640.76,4513740.37,3943051.0
2022-06-15,4969823.53,4593531.68,4197066.37
2022-06-16,4143877.35,3602791.51,3546880.86
2022-06-17,4914374.7,4365432.79,4127718.74
2022-06-18,4817780.87,4368684.52,3824360.06
2022-06-19,3795086.21,3538289.79,3161112.99
2022-06-20,3323030.57,2757929.13,2753309.16
2022-06-21,4271838.09,3540876.76,3517936.59
2022-06-22,5182306.11,4651034.41,4283552.22
2022-06-23,3276933.23,2923905.18,2698817.37
2022-06-24,4334289.08,3805040.73,3840132.24
2022-06-25,3650772.37,2882680.52,3465656.03
2022-06-26,3313898.55,2451426.12,3251613.07
2022-06-27,3481464.68,2498055.7199999997,3545701.77
2022-06-28,5799352.35,4398317.86,5797836.84
2022-06-29,7265484.49,5277020.3100000005,7471904.08
2022-06-30,5503799.91,4025521.85,5548808.71
2022-07-01,5150082.22,3917219.94,5158929.6
2022-07-02,4591824.74,3283364.81,4681370.69
2022-07-03,3487232.0,2634310.5,3467227.39
2022-07-04,1208545.64,858465.7,1210803.29
2022-07-05,1079245.09,764157.49,1067117.75
2022-07-06,2003115.26,1471175.77,1958001.67
2022-07-07,2178171.4,1719181.35,2191625.58
2022-07-08,1881078.1,1473863.05,1982500.01
2022-07-09,1988747.3,1526696.4100000001,2091746.39
2022-07-10,2250020.87,1727981.0,2249417.16
2022-07-11,3085208.06,2125737.7,3120714.69
2022-07-12,3275001.85,2571050.08,3465716.5
2022-07-13,3331997.68,2546956.63,3265956.0
2022-07-14,3428606.64,2555895.8200000003,3482102.84
2022-07-15,3272104.3,2381463.09,3382105.17
2022-07-16,3060600.17,2350739.59,3054594.29
2022-07-17,3238870.01,2186022.37,3239433.47
2022-07-18,3305333.1,2608391.48,3363292.96
2022-07-19,3101945.44,2370357.14,3019090.18
2022-07-20,3436240.82,2955744.03,3222539.9
2022-07-21,3596036.01,3164139.62,3119249.05
2022-07-22,2771453.13,2123881.04,2364982.84
2022-07-23,4190232.53,3844579.79,3612754.83
2022-07-24,3833852.9,3450528.2600000002,3118207.38
2022-07-25,2614143.21,2351577.53,2099890.98
2022-07-26,3176075.37,3015668.04,2651641.17
2022-07-27,4214912.76,3989117.0,3467925.47
2022-07-28,4859620.98,4380079.11,3942867.94
2022-07-29,3226100.81,2999686.64,2681143.22
2022-07-30,2682461.47,2464516.6,2137462.32
2022-07-31,4622917.86,4462431.96,3735517.99
2022-08-01,4081818.17,3644886.37,3201046.8
2022-08-02,4490226.96,3970059.01,3711709.11
2022-08-03,5085558.26,4612556.28,4209543.55
2022-08-04,4345026.44,3840928.67,3614349.89
2022-08-05,2114789.45,2086558.35,1780212.48
2022-08-06,2325289.52,2292469.75,2017328.21
2022-08-07,2331541.43,2231141.28,1882527.46
2022-08-08,3054473.91,2652837.25,2576748.48
2022-08-09,2488386.71,2336346.01,1932711.49
2022-08-10,2963483.62,2578641.34,2399743.47
2022-08-11,3674343.1,3288419.13,3109434.98
2022-08-12,2787707.25,2524560.25,2241846.4
2022-08-13,1789226.45,1569347.22,1446390.99
2022-08-14,2557373.24,2385160.84,2109123.95
2022-08-15,3869248.63,3522497.19,3309171.5
2022-08-16,3139997.28,2968957.5100000002,2622848.5
2022-08-17,3480892.06,3265506.88,2948849.64
2022-08-18,4171974.77,3798536.17,3471070.42
2022-08-19,2011108.63,1708061.38,1643391.76
2022-08-20,2479005.37,2205214.34,2092133.98
2022-08-21,2235990.02,2034361.81,1905397.24
2022-08-22,3743695.22,3382420.7600000002,3095599.8
2022-08-23,2422220.1,2119727.17,1951701.71
2022-08-24,3292983.26,3001602.36,2679505.93
2022-08-25,3512475.16,3241835.76,2996327.54
2022-08-26,3544046.7,3182832.31,2980867.4
2022-08-27,2367664.33,2026145.05,1897436.06
2022-08-28,7051722.27,6462160.6,5879145.36
2022-08-29,7928796.83,6872831.63,6503005.43
2022-08-30,6574345.89,5886115.75,5482415.72
2022-08-31,7627532.44,6761974.74,6341793.09
2022-09-01,6284732.49,5583189.77,5155753.38
2022-09-02,1902817.9,1332068.42,1746845.19
2022-09-03,1443083.36,1171159.08,1319555.66
2022-09-04,1814811.35,1280145.85,1668265.18
2022-09-05,2214621.47,1786426.87,2091481.45
2022-09-06,1440405.44,1189221.25,1324005.11
2022-09-07,1890879.55,1527691.48,1717460.94
2022-09-08,3137260.99,2469527.26,2854328.48
2022-09-09,1905843.43,1640119.39,1773901.8
2022-09-10,3003150.84,2495007.06,2629180.97
2022-09-11,3574194.77,2960676.13,3355823.68
2022-09-12,3415849.51,2735923.81,3102681.39
2022-09-13,2521208.91,2021180.92,2449598.89
2022-09-14,2125189.04,1870335.94,1992207.12
2022-09-15,3154006.65,2693503.6,2833555.37
2022-09-16,2557894.76,2105487.19,2402816.85
2022-09-17,1810510.0,1392854.93,1735920.18
2022-09-18,2355578.71,1907532.46,2098692.33
2022-09-19,2832515.44,2350840.57,2618684.64
2022-09-20,1813002.77,1453628.09,1685796.46
2022-09-21,2262085.02,1862226.95,2156585.58
2022-09-22,3106149.95,2532537.82,2910964.29
2022-09-23,2634119.24,2223910.07,2453809.45
2022-09-24,2896411.14,2326437.6,2694695.72
2022-09-25,3041369.47,2469652.48,2753150.12
2022-09-26,5205389.57,4376182.08,4849044.63
2022-09-27,4259834.95,3479288.09,3803492.23
2022-09-28,4257301.76,3563923.64,3860995.61
2022-09-29,4352754.23,3737939.1,4023586.93
2022-09-30,2551313.88,2248214.46,2332362.64
2022-10-01,1469771.93,1247788.11,1293984.1
2022-10-02,1289798.82,1150304.97,1015484.47
2022-10-03,2179072.88,2077941.86,1799910.69
2022-10-04,2751920.12,2397676.78,2302490.12
2022-10-05,1527341.84,1382292.26,1209546.76
2022-10-06,2026518.43,1762199.77,1678609.18
2022-10-07,1406363.3,1310546.31,1112130.94
2022-10-08,2137543.63,1763203.14,1805932.34
2022-10-09,1805775.79,1620885.47,1488842.7
2022-10-10,2356440.12,2279995.55,1975941.69
2022-10-11,2270162.6,2007859.58,1955651.17
2022-10-12,1976207.14,1600785.95,1617749.24
2022-10-13,2430819.33,2169115.47,1940628.06
2022-10-14,1927818.67,1860914.35,1586067.15
2022-10-15,1986495.19,1764426.51,1576156.75
2022-10-16,1897952.11,1630143.04,1655869.65
2022-10-17,2507328.8,2013835.92,2119354.36
2022-10-18,3170696.65,2810347.92,2645141.42
2022-10-19,2324314.45,2280930.67,1931007.25
2022-10-20,2591151.06,2481624.56,2095872.66
2022-10-21,2662328.56,2643874.39,2201489.2
2022-10-22,2407124.47,2156164.35,1949055.98
2022-10-23,1971627.46,1886831.05,1628494.03
2022-10-24,2678456.17,2325911.71,2245907.36
2022-10-25,3003375.87,2362020.98,2373976.27
2022-10-26,2345490.55,2163419.92,1902512.75
2022-10-27,2493935.72,2286916.97,2087492.57
2022-10-28,4210212.53,3658444.27,3513694.7
2022-10-29,3626939.26,3056360.44,2918150.87
2022-10-30,3130677.4,2976677.83,2518990.77
2022-10-31,4630791.46,4077614.5100000002,3823758.6
2022-11-01,3025164.28,2786674.5,2504688.31
2022-11-02,1338326.56,1151857.85,1136192.76
2022-11-03,1253721.23,1216041.87,994106.82
2022-11-04,1065066.0,904424.79,908402.36
2022-11-05,1826120.07,1755486.56,1592683.79
2022-11-06,2207719.98,1880022.09,1750011.7
2022-11-07,1655852.99,1573255.97,1340974.43
2022-11-08,1781413.12,1723970.6300000001,1480654.53
2022-11-09,845358.47,816908.95,699535.31
2022-11-10,2079598.87,1833613.72,1694276.76
2022-11-11,1581745.15,1441644.09,1307363.48
2022-11-12,1354235.95,1339958.52,1091940.76
2022-11-13,2903552.41,2856664.04,2399414.44
2022-11-14,1656739.7,1360586.42,1428653.75
2022-11-15,1547150.37,1524158.26,1239694.48
2022-11-16,1436853.58,1309935.02,1152791.3
2022-11-17,1542318.91,1393979.78,1326508.48
2022-11-18,2067584.69,1777219.7,1767319.2
2022-11-19,1496563.56,1385788.93,1377725.1
2022-11-20,1857748.24,1445744.62,1631718.89
2022-11-21,1349907.06,1034362.74,1276634.29
2022-11-22,853188.02,553499.65,904694.78
2022-11-23,1060969.69,841869.11,1157743.64
2022-11-24,1729664.2,1172204.67,1775190.25
2022-11-25,1527923.9,1077682.08,1576795.62
2022-11-26,2035639.78,1325127.5,2105948.81
2022-11-27,3138619.13,2277898.5,3283279.48
2022-11-28,2104917.42,1565092.92,2152332.4
2022-11-29,2558728.79,1682977.87,2694391.19
2022-11-30,1317689.52,923781.3200000001,1346354.39
2022-12-01,1668445.9,1233930.94,1683082.9
2022-12-02,720381.04,571481.37,726739.78
2022-12-03,753704.17,557047.6900000001,751384.0
2022-12-04,664409.51,475074.43,678890.04
2022-12-05,1607335.1,1102313.42,1688255.85
2022-12-06,1436188.44,957260.58,1460346.38
2022-12-07,760218.13,546335.3099999999,731672.82
2022-12-08,818209.67,634529.98,832757.07
2022-12-09,1323267.85,908528.3,1366777.35
2022-12-10,1598936.84,1215856.24,1616981.65
2022-12-11,1420910.74,962805.3099999999,1526398.5
2022-12-12,1983085.06,1458414.06,2071778.79
2022-12-13,1652309.19,1192581.69,1687562.98
2022-12-14,1662243.59,1227140.85,1688191.22
2022-12-15,1494318.64,1118040.4,1554407.68
2022-12-16,1482192.97,1088364.74,1521540.05
2022-12-17,1302193.74,1003252.4,1321522.92
2022-12-18,2201374.59,1579482.6199999999,2308997.06
2022-12-19,2250767.39,1621125.16,2245767.23
2022-12-20,2026810.08,1373108.7,2053084.16
2022-12-21,1795395.02,1401193.81,1806884.57
2022-12-22,1791622.46,1296691.69,1773829.08
2022-12-23,1501209.11,976545.4,1499234.75
2022-12-24,1390870.89,1073169.71,1401661.67
2022-12-25,1136772.53,773871.2000000001,1160100.63
2022-12-26,2110830.12,1534502.16,2160963.69
2022-12-27,2100553.66,1510200.8,2184872.24
2022-12-28,3448729.2,2525676.52,3513621.0
2022-12-29,3083944.33,2028791.03,3170787.1
2022-12-30,2884668.76,2081913.21,3022292.15
2022-12-31,2383037.48,1994727.22,2279288.13
