Date,year,month,quarter,day_of_week,day_of_month,month_sin,month_cos,dow_sin,dow_cos,is_post_2019,is_post_2019_transition,days_from_tet,is_low_margin_season,trend_index,is_holiday_302_305,is_holiday_qk,is_christmas,is_partial_year_2012,Revenue,COGS
2012-07-04,2012,7,3,2,4,-0.4999999999999998,-0.8660254037844388,0.9749279121818236,-0.22252093395631434,0,0,163,1,0,0,0,0,1,5123547.94,3982991.19
2012-07-05,2012,7,3,3,5,-0.4999999999999998,-0.8660254037844388,0.43388373911755823,-0.900968867902419,0,0,164,1,1,0,0,0,1,2751773.45,2150580.23
2012-07-06,2012,7,3,4,6,-0.4999999999999998,-0.8660254037844388,-0.433883739117558,-0.9009688679024191,0,0,165,1,2,0,0,0,1,3054029.42,2517632.84
2012-07-07,2012,7,3,5,7,-0.4999999999999998,-0.8660254037844388,-0.9749279121818236,-0.2225209339563146,0,0,166,1,3,0,0,0,1,2667930.94,2108246.62
2012-07-08,2012,7,3,6,8,-0.4999999999999998,-0.8660254037844388,-0.7818314824680299,0.6234898018587334,0,0,167,1,4,0,0,0,1,2360851.9,1808622.79
2012-07-09,2012,7,3,0,9,-0.4999999999999998,-0.8660254037844388,0.0,1.0,0,0,168,1,5,0,0,0,1,3548386.46,2787841.68
2012-07-10,2012,7,3,1,10,-0.4999999999999998,-0.8660254037844388,0.7818314824680298,0.6234898018587336,0,0,169,1,6,0,0,0,1,5234938.62,4044438.84
2012-07-11,2012,7,3,2,11,-0.4999999999999998,-0.8660254037844388,0.9749279121818236,-0.22252093395631434,0,0,170,1,7,0,0,0,1,5582884.78,4338313.07
2012-07-12,2012,7,3,3,12,-0.4999999999999998,-0.8660254037844388,0.43388373911755823,-0.900968867902419,0,0,171,1,8,0,0,0,1,5734632.02,4458811.27
2012-07-13,2012,7,3,4,13,-0.4999999999999998,-0.8660254037844388,-0.433883739117558,-0.9009688679024191,0,0,172,1,9,0,0,0,1,5309511.71,4143402.78
2012-07-14,2012,7,3,5,14,-0.4999999999999998,-0.8660254037844388,-0.9749279121818236,-0.2225209339563146,0,0,173,1,10,0,0,0,1,3820831.41,3075464.87
2012-07-15,2012,7,3,6,15,-0.4999999999999998,-0.8660254037844388,-0.7818314824680299,0.6234898018587334,0,0,174,1,11,0,0,0,1,3948841.28,3154482.05
2012-07-16,2012,7,3,0,16,-0.4999999999999998,-0.8660254037844388,0.0,1.0,0,0,175,1,12,0,0,0,1,3503801.49,2708219.59
2012-07-17,2012,7,3,1,17,-0.4999999999999998,-0.8660254037844388,0.7818314824680298,0.6234898018587336,0,0,176,1,13,0,0,0,1,4476729.49,3463061.65
2012-07-18,2012,7,3,2,18,-0.4999999999999998,-0.8660254037844388,0.9749279121818236,-0.22252093395631434,0,0,177,1,14,0,0,0,1,5184141.46,4072012.16
2012-07-19,2012,7,3,3,19,-0.4999999999999998,-0.8660254037844388,0.43388373911755823,-0.900968867902419,0,0,178,1,15,0,0,0,1,6421487.11,5007270.91
2012-07-20,2012,7,3,4,20,-0.4999999999999998,-0.8660254037844388,-0.433883739117558,-0.9009688679024191,0,0,179,1,16,0,0,0,1,5171470.46,4213989.64
2012-07-21,2012,7,3,5,21,-0.4999999999999998,-0.8660254037844388,-0.9749279121818236,-0.2225209339563146,0,0,180,1,17,0,0,0,1,3442157.02,2746075.45
2012-07-22,2012,7,3,6,22,-0.4999999999999998,-0.8660254037844388,-0.7818314824680299,0.6234898018587334,0,0,181,1,18,0,0,0,1,3117550.57,2531656.38
2012-07-23,2012,7,3,0,23,-0.4999999999999998,-0.8660254037844388,0.0,1.0,0,0,182,1,19,0,0,0,1,4730517.69,3685006.66
2012-07-24,2012,7,3,1,24,-0.4999999999999998,-0.8660254037844388,0.7818314824680298,0.6234898018587336,0,0,183,1,20,0,0,0,1,4096496.12,3248450.65
2012-07-25,2012,7,3,2,25,-0.4999999999999998,-0.8660254037844388,0.9749279121818236,-0.22252093395631434,0,0,184,1,21,0,0,0,1,5246688.08,4140019.37
2012-07-26,2012,7,3,3,26,-0.4999999999999998,-0.8660254037844388,0.43388373911755823,-0.900968867902419,0,0,185,1,22,0,0,0,1,5851965.06,4579171.74
2012-07-27,2012,7,3,4,27,-0.4999999999999998,-0.8660254037844388,-0.433883739117558,-0.9009688679024191,0,0,186,1,23,0,0,0,1,5156699.45,3989402.2
2012-07-28,2012,7,3,5,28,-0.4999999999999998,-0.8660254037844388,-0.9749279121818236,-0.2225209339563146,0,0,187,1,24,0,0,0,1,4326956.84,3403662.59
2012-07-29,2012,7,3,6,29,-0.4999999999999998,-0.8660254037844388,-0.7818314824680299,0.6234898018587334,0,0,188,1,25,0,0,0,1,4804199.65,3819645.91
2012-07-30,2012,7,3,0,30,-0.4999999999999998,-0.8660254037844388,0.0,1.0,0,0,189,1,26,0,0,0,1,6586130.95,5195109.56
2012-07-31,2012,7,3,1,31,-0.4999999999999998,-0.8660254037844388,0.7818314824680298,0.6234898018587336,0,0,190,1,27,0,0,0,1,9151622.14,7142891.18
2012-08-01,2012,8,3,2,1,-0.8660254037844384,-0.5000000000000004,0.9749279121818236,-0.22252093395631434,0,0,191,1,28,0,0,0,1,9148357.3,7308514.33
2012-08-02,2012,8,3,3,2,-0.8660254037844384,-0.5000000000000004,0.43388373911755823,-0.900968867902419,0,0,192,1,29,0,0,0,1,9692427.0,7537501.15
2012-08-03,2012,8,3,4,3,-0.8660254037844384,-0.5000000000000004,-0.433883739117558,-0.9009688679024191,0,0,-191,1,30,0,0,0,1,9297269.95,7118808.46
2012-08-04,2012,8,3,5,4,-0.8660254037844384,-0.5000000000000004,-0.9749279121818236,-0.2225209339563146,0,0,-190,1,31,0,0,0,1,6384195.03,5087528.11
2012-08-05,2012,8,3,6,5,-0.8660254037844384,-0.5000000000000004,-0.7818314824680299,0.6234898018587334,0,0,-189,1,32,0,0,0,1,2359224.19,1863413.11
2012-08-06,2012,8,3,0,6,-0.8660254037844384,-0.5000000000000004,0.0,1.0,0,0,-188,1,33,0,0,0,1,3630003.7,2922718.71
2012-08-07,2012,8,3,1,7,-0.8660254037844384,-0.5000000000000004,0.7818314824680298,0.6234898018587336,0,0,-187,1,34,0,0,0,1,2240253.44,1781265.84
2012-08-08,2012,8,3,2,8,-0.8660254037844384,-0.5000000000000004,0.9749279121818236,-0.22252093395631434,0,0,-186,1,35,0,0,0,1,2617553.36,1997006.42
2012-08-09,2012,8,3,3,9,-0.8660254037844384,-0.5000000000000004,0.43388373911755823,-0.900968867902419,0,0,-185,1,36,0,0,0,1,4478691.52,3621672.71
2012-08-10,2012,8,3,4,10,-0.8660254037844384,-0.5000000000000004,-0.433883739117558,-0.9009688679024191,0,0,-184,1,37,0,0,0,1,3412496.65,2699279.56
2012-08-11,2012,8,3,5,11,-0.8660254037844384,-0.5000000000000004,-0.9749279121818236,-0.2225209339563146,0,0,-183,1,38,0,0,0,1,2732604.35,2168668.05
2012-08-12,2012,8,3,6,12,-0.8660254037844384,-0.5000000000000004,-0.7818314824680299,0.6234898018587334,0,0,-182,1,39,0,0,0,1,3388181.83,2654275.25
2012-08-13,2012,8,3,0,13,-0.8660254037844384,-0.5000000000000004,0.0,1.0,0,0,-181,1,40,0,0,0,1,3928170.01,3189564.96
2012-08-14,2012,8,3,1,14,-0.8660254037844384,-0.5000000000000004,0.7818314824680298,0.6234898018587336,0,0,-180,1,41,0,0,0,1,4033912.16,3258198.58
2012-08-15,2012,8,3,2,15,-0.8660254037844384,-0.5000000000000004,0.9749279121818236,-0.22252093395631434,0,0,-179,1,42,0,0,0,1,3780293.26,2886923.59
2012-08-16,2012,8,3,3,16,-0.8660254037844384,-0.5000000000000004,0.43388373911755823,-0.900968867902419,0,0,-178,1,43,0,0,0,1,5249978.18,4222455.97
2012-08-17,2012,8,3,4,17,-0.8660254037844384,-0.5000000000000004,-0.433883739117558,-0.9009688679024191,0,0,-177,1,44,0,0,0,1,4089284.05,3238908.92
2012-08-18,2012,8,3,5,18,-0.8660254037844384,-0.5000000000000004,-0.9749279121818236,-0.2225209339563146,0,0,-176,1,45,0,0,0,1,3450015.71,2808916.94
2012-08-19,2012,8,3,6,19,-0.8660254037844384,-0.5000000000000004,-0.7818314824680299,0.6234898018587334,0,0,-175,1,46,0,0,0,1,3904300.93,3006801.4
2012-08-20,2012,8,3,0,20,-0.8660254037844384,-0.5000000000000004,0.0,1.0,0,0,-174,1,47,0,0,0,1,3541027.32,2827038.81
2012-08-21,2012,8,3,1,21,-0.8660254037844384,-0.5000000000000004,0.7818314824680298,0.6234898018587336,0,0,-173,1,48,0,0,0,1,4147483.23,3364364.64
2012-08-22,2012,8,3,2,22,-0.8660254037844384,-0.5000000000000004,0.9749279121818236,-0.22252093395631434,0,0,-172,1,49,0,0,0,1,4597682.81,3562468.33
2012-08-23,2012,8,3,3,23,-0.8660254037844384,-0.5000000000000004,0.43388373911755823,-0.900968867902419,0,0,-171,1,50,0,0,0,1,5478869.55,4195738.04
2012-08-24,2012,8,3,4,24,-0.8660254037844384,-0.5000000000000004,-0.433883739117558,-0.9009688679024191,0,0,-170,1,51,0,0,0,1,4637850.57,3632210.67
2012-08-25,2012,8,3,5,25,-0.8660254037844384,-0.5000000000000004,-0.9749279121818236,-0.2225209339563146,0,0,-169,1,52,0,0,0,1,3589566.28,2784342.75
2012-08-26,2012,8,3,6,26,-0.8660254037844384,-0.5000000000000004,-0.7818314824680299,0.6234898018587334,0,0,-168,1,53,0,0,0,1,4280204.53,3476942.48
2012-08-27,2012,8,3,0,27,-0.8660254037844384,-0.5000000000000004,0.0,1.0,0,0,-167,1,54,0,0,0,1,3038895.84,2365260.68
2012-08-28,2012,8,3,1,28,-0.8660254037844384,-0.5000000000000004,0.7818314824680298,0.6234898018587336,0,0,-166,1,55,0,0,0,1,9508676.62,7439851.59
2012-08-29,2012,8,3,2,29,-0.8660254037844384,-0.5000000000000004,0.9749279121818236,-0.22252093395631434,0,0,-165,1,56,0,0,0,1,9260558.32,7336294.54
2012-08-30,2012,8,3,3,30,-0.8660254037844384,-0.5000000000000004,0.43388373911755823,-0.900968867902419,0,0,-164,1,57,0,0,0,1,10086534.1,7950911.72
2012-08-31,2012,8,3,4,31,-0.8660254037844384,-0.5000000000000004,-0.433883739117558,-0.9009688679024191,0,0,-163,1,58,0,0,0,1,9104678.52,7277460.12
2012-09-01,2012,9,3,5,1,-1.0,-1.8369701987210297e-16,-0.9749279121818236,-0.2225209339563146,0,0,-162,1,59,0,0,0,1,8560208.92,6738335.17
2012-09-02,2012,9,3,6,2,-1.0,-1.8369701987210297e-16,-0.7818314824680299,0.6234898018587334,0,0,-161,1,60,0,1,0,1,2587099.44,1946097.28
2012-09-03,2012,9,3,0,3,-1.0,-1.8369701987210297e-16,0.0,1.0,0,0,-160,1,61,0,0,0,1,3865505.01,3063431.08
2012-09-04,2012,9,3,1,4,-1.0,-1.8369701987210297e-16,0.7818314824680298,0.6234898018587336,0,0,-159,1,62,0,0,0,1,3645749.44,2876968.79
2012-09-05,2012,9,3,2,5,-1.0,-1.8369701987210297e-16,0.9749279121818236,-0.22252093395631434,0,0,-158,1,63,0,0,0,1,2398185.51,1966376.48
2012-09-06,2012,9,3,3,6,-1.0,-1.8369701987210297e-16,0.43388373911755823,-0.900968867902419,0,0,-157,1,64,0,0,0,1,2858227.37,2147909.96
2012-09-07,2012,9,3,4,7,-1.0,-1.8369701987210297e-16,-0.433883739117558,-0.9009688679024191,0,0,-156,1,65,0,0,0,1,3282753.8,2580035.06
2012-09-08,2012,9,3,5,8,-1.0,-1.8369701987210297e-16,-0.9749279121818236,-0.2225209339563146,0,0,-155,1,66,0,0,0,1,3666204.89,2804001.32
2012-09-09,2012,9,3,6,9,-1.0,-1.8369701987210297e-16,-0.7818314824680299,0.6234898018587334,0,0,-154,1,67,0,0,0,1,4458501.42,3589475.8
2012-09-10,2012,9,3,0,10,-1.0,-1.8369701987210297e-16,0.0,1.0,0,0,-153,1,68,0,0,0,1,4548962.79,3517300.88
2012-09-11,2012,9,3,1,11,-1.0,-1.8369701987210297e-16,0.7818314824680298,0.6234898018587336,0,0,-152,1,69,0,0,0,1,4021565.55,3264364.41
2012-09-12,2012,9,3,2,12,-1.0,-1.8369701987210297e-16,0.9749279121818236,-0.22252093395631434,0,0,-151,1,70,0,0,0,1,3335978.29,2673690.65
2012-09-13,2012,9,3,3,13,-1.0,-1.8369701987210297e-16,0.43388373911755823,-0.900968867902419,0,0,-150,1,71,0,0,0,1,2609609.29,2103806.97
2012-09-14,2012,9,3,4,14,-1.0,-1.8369701987210297e-16,-0.433883739117558,-0.9009688679024191,0,0,-149,1,72,0,0,0,1,3729228.43,2835412.27
2012-09-15,2012,9,3,5,15,-1.0,-1.8369701987210297e-16,-0.9749279121818236,-0.2225209339563146,0,0,-148,1,73,0,0,0,1,3605125.64,2849539.9
2012-09-16,2012,9,3,6,16,-1.0,-1.8369701987210297e-16,-0.7818314824680299,0.6234898018587334,0,0,-147,1,74,0,0,0,1,4452012.44,3561492.95
2012-09-17,2012,9,3,0,17,-1.0,-1.8369701987210297e-16,0.0,1.0,0,0,-146,1,75,0,0,0,1,4811788.67,3932069.23
2012-09-18,2012,9,3,1,18,-1.0,-1.8369701987210297e-16,0.7818314824680298,0.6234898018587336,0,0,-145,1,76,0,0,0,1,5078878.07,4123200.89
2012-09-19,2012,9,3,2,19,-1.0,-1.8369701987210297e-16,0.9749279121818236,-0.22252093395631434,0,0,-144,1,77,0,0,0,1,3680241.62,3014323.76
2012-09-20,2012,9,3,3,20,-1.0,-1.8369701987210297e-16,0.43388373911755823,-0.900968867902419,0,0,-143,1,78,0,0,0,1,3763143.75,3080273.62
2012-09-21,2012,9,3,4,21,-1.0,-1.8369701987210297e-16,-0.433883739117558,-0.9009688679024191,0,0,-142,1,79,0,0,0,1,3943768.14,2978697.93
2012-09-22,2012,9,3,5,22,-1.0,-1.8369701987210297e-16,-0.9749279121818236,-0.2225209339563146,0,0,-141,1,80,0,0,0,1,3872374.03,3011266.74
2012-09-23,2012,9,3,6,23,-1.0,-1.8369701987210297e-16,-0.7818314824680299,0.6234898018587334,0,0,-140,1,81,0,0,0,1,4118299.54,3294951.2
2012-09-24,2012,9,3,0,24,-1.0,-1.8369701987210297e-16,0.0,1.0,0,0,-139,1,82,0,0,0,1,5733263.53,4585762.62
2012-09-25,2012,9,3,1,25,-1.0,-1.8369701987210297e-16,0.7818314824680298,0.6234898018587336,0,0,-138,1,83,0,0,0,1,5639897.53,4502395.62
2012-09-26,2012,9,3,2,26,-1.0,-1.8369701987210297e-16,0.9749279121818236,-0.22252093395631434,0,0,-137,1,84,0,0,0,1,4592282.59,3670417.04
2012-09-27,2012,9,3,3,27,-1.0,-1.8369701987210297e-16,0.43388373911755823,-0.900968867902419,0,0,-136,1,85,0,0,0,1,7556892.66,6017108.13
2012-09-28,2012,9,3,4,28,-1.0,-1.8369701987210297e-16,-0.433883739117558,-0.9009688679024191,0,0,-135,1,86,0,0,0,1,4892631.14,3884590.92
2012-09-29,2012,9,3,5,29,-1.0,-1.8369701987210297e-16,-0.9749279121818236,-0.2225209339563146,0,0,-134,1,87,0,0,0,1,5304374.46,4170120.63
2012-09-30,2012,9,3,6,30,-1.0,-1.8369701987210297e-16,-0.7818314824680299,0.6234898018587334,0,0,-133,1,88,0,0,0,1,4694379.86,3812737.52
2012-10-01,2012,10,4,0,1,-0.8660254037844386,0.5000000000000001,0.0,1.0,0,0,-132,0,89,0,0,0,1,4752532.1,3764447.04
2012-10-02,2012,10,4,1,2,-0.8660254037844386,0.5000000000000001,0.7818314824680298,0.6234898018587336,0,0,-131,0,90,0,0,0,1,3233135.78,2566510.62
2012-10-03,2012,10,4,2,3,-0.8660254037844386,0.5000000000000001,0.9749279121818236,-0.22252093395631434,0,0,-130,0,91,0,0,0,1,3515132.03,2762823.63
2012-10-04,2012,10,4,3,4,-0.8660254037844386,0.5000000000000001,0.43388373911755823,-0.900968867902419,0,0,-129,0,92,0,0,0,1,2398137.74,1902425.74
2012-10-05,2012,10,4,4,5,-0.8660254037844386,0.5000000000000001,-0.433883739117558,-0.9009688679024191,0,0,-128,0,93,0,0,0,1,2665953.06,2064899.19
2012-10-06,2012,10,4,5,6,-0.8660254037844386,0.5000000000000001,-0.9749279121818236,-0.2225209339563146,0,0,-127,0,94,0,0,0,1,2205266.94,1755004.4
2012-10-07,2012,10,4,6,7,-0.8660254037844386,0.5000000000000001,-0.7818314824680299,0.6234898018587334,0,0,-126,0,95,0,0,0,1,3389598.07,2725469.75
2012-10-08,2012,10,4,0,8,-0.8660254037844386,0.5000000000000001,0.0,1.0,0,0,-125,0,96,0,0,0,1,4037039.45,3285493.04
2012-10-09,2012,10,4,1,9,-0.8660254037844386,0.5000000000000001,0.7818314824680298,0.6234898018587336,0,0,-124,0,97,0,0,0,1,4298675.76,3472700.63
2012-10-10,2012,10,4,2,10,-0.8660254037844386,0.5000000000000001,0.9749279121818236,-0.22252093395631434,0,0,-123,0,98,0,0,0,1,3548716.67,2839202.59
2012-10-11,2012,10,4,3,11,-0.8660254037844386,0.5000000000000001,0.43388373911755823,-0.900968867902419,0,0,-122,0,99,0,0,0,1,3421490.39,2765374.16
2012-10-12,2012,10,4,4,12,-0.8660254037844386,0.5000000000000001,-0.433883739117558,-0.9009688679024191,0,0,-121,0,100,0,0,0,1,2380119.87,1830898.15
2012-10-13,2012,10,4,5,13,-0.8660254037844386,0.5000000000000001,-0.9749279121818236,-0.2225209339563146,0,0,-120,0,101,0,0,0,1,2798011.44,2256579.15
2012-10-14,2012,10,4,6,14,-0.8660254037844386,0.5000000000000001,-0.7818314824680299,0.6234898018587334,0,0,-119,0,102,0,0,0,1,3055629.78,2516987.32
2012-10-15,2012,10,4,0,15,-0.8660254037844386,0.5000000000000001,0.0,1.0,0,0,-118,0,103,0,0,0,1,3234517.3,2632811.8
2012-10-16,2012,10,4,1,16,-0.8660254037844386,0.5000000000000001,0.7818314824680298,0.6234898018587336,0,0,-117,0,104,0,0,0,1,3549298.21,2763325.25
2012-10-17,2012,10,4,2,17,-0.8660254037844386,0.5000000000000001,0.9749279121818236,-0.22252093395631434,0,0,-116,0,105,0,0,0,1,3818048.0,3108682.75
2012-10-18,2012,10,4,3,18,-0.8660254037844386,0.5000000000000001,0.43388373911755823,-0.900968867902419,0,0,-115,0,106,0,0,0,1,2909728.89,2301277.14
2012-10-19,2012,10,4,4,19,-0.8660254037844386,0.5000000000000001,-0.433883739117558,-0.9009688679024191,0,0,-114,0,107,0,0,0,1,2877379.81,2352068.71
2012-10-20,2012,10,4,5,20,-0.8660254037844386,0.5000000000000001,-0.9749279121818236,-0.2225209339563146,0,0,-113,0,108,0,0,0,1,3242557.3,2647331.71
2012-10-21,2012,10,4,6,21,-0.8660254037844386,0.5000000000000001,-0.7818314824680299,0.6234898018587334,0,0,-112,0,109,0,0,0,1,2395609.91,1920246.47
2012-10-22,2012,10,4,0,22,-0.8660254037844386,0.5000000000000001,0.0,1.0,0,0,-111,0,110,0,0,0,1,3596158.34,2873316.18
2012-10-23,2012,10,4,1,23,-0.8660254037844386,0.5000000000000001,0.7818314824680298,0.6234898018587336,0,0,-110,0,111,0,0,0,1,3999141.88,3151858.27
2012-10-24,2012,10,4,2,24,-0.8660254037844386,0.5000000000000001,0.9749279121818236,-0.22252093395631434,0,0,-109,0,112,0,0,0,1,3829179.99,3037851.31
2012-10-25,2012,10,4,3,25,-0.8660254037844386,0.5000000000000001,0.43388373911755823,-0.900968867902419,0,0,-108,0,113,0,0,0,1,3104460.52,2528526.7
2012-10-26,2012,10,4,4,26,-0.8660254037844386,0.5000000000000001,-0.433883739117558,-0.9009688679024191,0,0,-107,0,114,0,0,0,1,2138927.17,1671777.12
2012-10-27,2012,10,4,5,27,-0.8660254037844386,0.5000000000000001,-0.9749279121818236,-0.2225209339563146,0,0,-106,0,115,0,0,0,1,2816872.34,2296869.06
2012-10-28,2012,10,4,6,28,-0.8660254037844386,0.5000000000000001,-0.7818314824680299,0.6234898018587334,0,0,-105,0,116,0,0,0,1,6259883.83,5044146.85
2012-10-29,2012,10,4,0,29,-0.8660254037844386,0.5000000000000001,0.0,1.0,0,0,-104,0,117,0,0,0,1,5424539.1,4294440.71
2012-10-30,2012,10,4,1,30,-0.8660254037844386,0.5000000000000001,0.7818314824680298,0.6234898018587336,0,0,-103,0,118,0,0,0,1,6347274.89,5049887.71
2012-10-31,2012,10,4,2,31,-0.8660254037844386,0.5000000000000001,0.9749279121818236,-0.22252093395631434,0,0,-102,0,119,0,0,0,1,4942677.89,3871571.88
2012-11-01,2012,11,4,3,1,-0.5000000000000004,0.8660254037844384,0.43388373911755823,-0.900968867902419,0,0,-101,1,120,0,0,0,1,5536748.35,4440955.34
2012-11-02,2012,11,4,4,2,-0.5000000000000004,0.8660254037844384,-0.433883739117558,-0.9009688679024191,0,0,-100,1,121,0,0,0,1,1936831.08,1547786.14
2012-11-03,2012,11,4,5,3,-0.5000000000000004,0.8660254037844384,-0.9749279121818236,-0.2225209339563146,0,0,-99,1,122,0,0,0,1,2911848.61,2151815.97
2012-11-04,2012,11,4,6,4,-0.5000000000000004,0.8660254037844384,-0.7818314824680299,0.6234898018587334,0,0,-98,1,123,0,0,0,1,2658832.75,2131401.7
2012-11-05,2012,11,4,0,5,-0.5000000000000004,0.8660254037844384,0.0,1.0,0,0,-97,1,124,0,0,0,1,3332448.46,2732792.99
2012-11-06,2012,11,4,1,6,-0.5000000000000004,0.8660254037844384,0.7818314824680298,0.6234898018587336,0,0,-96,1,125,0,0,0,1,3439495.01,2809375.18
2012-11-07,2012,11,4,2,7,-0.5000000000000004,0.8660254037844384,0.9749279121818236,-0.22252093395631434,0,0,-95,1,126,0,0,0,1,1969815.91,1538155.1
2012-11-08,2012,11,4,3,8,-0.5000000000000004,0.8660254037844384,0.43388373911755823,-0.900968867902419,0,0,-94,1,127,0,0,0,1,2197716.17,1723412.77
2012-11-09,2012,11,4,4,9,-0.5000000000000004,0.8660254037844384,-0.433883739117558,-0.9009688679024191,0,0,-93,1,128,0,0,0,1,2920310.06,2308918.6
2012-11-10,2012,11,4,5,10,-0.5000000000000004,0.8660254037844384,-0.9749279121818236,-0.2225209339563146,0,0,-92,1,129,0,0,0,1,3124993.27,2475389.25
2012-11-11,2012,11,4,6,11,-0.5000000000000004,0.8660254037844384,-0.7818314824680299,0.6234898018587334,0,0,-91,1,130,0,0,0,1,3484874.3,2713727.18
2012-11-12,2012,11,4,0,12,-0.5000000000000004,0.8660254037844384,0.0,1.0,0,0,-90,1,131,0,0,0,1,3806978.06,3077336.49
2012-11-13,2012,11,4,1,13,-0.5000000000000004,0.8660254037844384,0.7818314824680298,0.6234898018587336,0,0,-89,1,132,0,0,0,1,3848498.06,3048755.92
2012-11-14,2012,11,4,2,14,-0.5000000000000004,0.8660254037844384,0.9749279121818236,-0.22252093395631434,0,0,-88,1,133,0,0,0,1,3213518.64,2550177.92
2012-11-15,2012,11,4,3,15,-0.5000000000000004,0.8660254037844384,0.43388373911755823,-0.900968867902419,0,0,-87,1,134,0,0,0,1,2996358.37,2282178.26
2012-11-16,2012,11,4,4,16,-0.5000000000000004,0.8660254037844384,-0.433883739117558,-0.9009688679024191,0,0,-86,1,135,0,0,0,1,2851503.98,2255928.16
2012-11-17,2012,11,4,5,17,-0.5000000000000004,0.8660254037844384,-0.9749279121818236,-0.2225209339563146,0,0,-85,1,136,0,0,0,1,3258479.4,2499839.57
2012-11-18,2012,11,4,6,18,-0.5000000000000004,0.8660254037844384,-0.7818314824680299,0.6234898018587334,0,0,-84,1,137,0,0,0,1,3292697.97,2632996.71
2012-11-19,2012,11,4,0,19,-0.5000000000000004,0.8660254037844384,0.0,1.0,0,0,-83,1,138,0,0,0,1,4654711.93,3714724.53
2012-11-20,2012,11,4,1,20,-0.5000000000000004,0.8660254037844384,0.7818314824680298,0.6234898018587336,0,0,-82,1,139,0,0,0,1,3532139.01,2841184.71
2012-11-21,2012,11,4,2,21,-0.5000000000000004,0.8660254037844384,0.9749279121818236,-0.22252093395631434,0,0,-81,1,140,0,0,0,1,3144567.59,2465022.82
2012-11-22,2012,11,4,3,22,-0.5000000000000004,0.8660254037844384,0.43388373911755823,-0.900968867902419,0,0,-80,1,141,0,0,0,1,2661394.83,2082526.75
2012-11-23,2012,11,4,4,23,-0.5000000000000004,0.8660254037844384,-0.433883739117558,-0.9009688679024191,0,0,-79,1,142,0,0,0,1,3625609.77,2879673.14
2012-11-24,2012,11,4,5,24,-0.5000000000000004,0.8660254037844384,-0.9749279121818236,-0.2225209339563146,0,0,-78,1,143,0,0,0,1,2283866.51,1759438.38
2012-11-25,2012,11,4,6,25,-0.5000000000000004,0.8660254037844384,-0.7818314824680299,0.6234898018587334,0,0,-77,1,144,0,0,0,1,2891169.43,2288045.69
2012-11-26,2012,11,4,0,26,-0.5000000000000004,0.8660254037844384,0.0,1.0,0,0,-76,1,145,0,0,0,1,3626699.25,2942841.67
2012-11-27,2012,11,4,1,27,-0.5000000000000004,0.8660254037844384,0.7818314824680298,0.6234898018587336,0,0,-75,1,146,0,0,0,1,4703189.22,3751057.26
2012-11-28,2012,11,4,2,28,-0.5000000000000004,0.8660254037844384,0.9749279121818236,-0.22252093395631434,0,0,-74,1,147,0,0,0,1,3980270.66,3143037.5
2012-11-29,2012,11,4,3,29,-0.5000000000000004,0.8660254037844384,0.43388373911755823,-0.900968867902419,0,0,-73,1,148,0,0,0,1,3116036.61,2564940.27
2012-11-30,2012,11,4,4,30,-0.5000000000000004,0.8660254037844384,-0.433883739117558,-0.9009688679024191,0,0,-72,1,149,0,0,0,1,3184691.98,2466641.44
2012-12-01,2012,12,4,5,1,-2.4492935982947064e-16,1.0,-0.9749279121818236,-0.2225209339563146,0,0,-71,1,150,0,0,0,1,3064822.76,2435991.34
2012-12-02,2012,12,4,6,2,-2.4492935982947064e-16,1.0,-0.7818314824680299,0.6234898018587334,0,0,-70,1,151,0,0,0,1,1765509.34,1464812.23
2012-12-03,2012,12,4,0,3,-2.4492935982947064e-16,1.0,0.0,1.0,0,0,-69,1,152,0,0,0,1,2315389.05,1807129.65
2012-12-04,2012,12,4,1,4,-2.4492935982947064e-16,1.0,0.7818314824680298,0.6234898018587336,0,0,-68,1,153,0,0,0,1,2382954.42,1864688.02
2012-12-05,2012,12,4,2,5,-2.4492935982947064e-16,1.0,0.9749279121818236,-0.22252093395631434,0,0,-67,1,154,0,0,0,1,2286277.45,1849992.69
2012-12-06,2012,12,4,3,6,-2.4492935982947064e-16,1.0,0.43388373911755823,-0.900968867902419,0,0,-66,1,155,0,0,0,1,2733678.5,2184618.1
2012-12-07,2012,12,4,4,7,-2.4492935982947064e-16,1.0,-0.433883739117558,-0.9009688679024191,0,0,-65,1,156,0,0,0,1,2065198.04,1633326.72
2012-12-08,2012,12,4,5,8,-2.4492935982947064e-16,1.0,-0.9749279121818236,-0.2225209339563146,0,0,-64,1,157,0,0,0,1,2087384.34,1719369.91
2012-12-09,2012,12,4,6,9,-2.4492935982947064e-16,1.0,-0.7818314824680299,0.6234898018587334,0,0,-63,1,158,0,0,0,1,2430122.78,1883727.02
2012-12-10,2012,12,4,0,10,-2.4492935982947064e-16,1.0,0.0,1.0,0,0,-62,1,159,0,0,0,1,2542389.69,2015472.58
2012-12-11,2012,12,4,1,11,-2.4492935982947064e-16,1.0,0.7818314824680298,0.6234898018587336,0,0,-61,1,160,0,0,0,1,3699430.17,3001083.16
2012-12-12,2012,12,4,2,12,-2.4492935982947064e-16,1.0,0.9749279121818236,-0.22252093395631434,0,0,-60,1,161,0,0,0,1,4386420.92,3545221.89
2012-12-13,2012,12,4,3,13,-2.4492935982947064e-16,1.0,0.43388373911755823,-0.900968867902419,0,0,-59,1,162,0,0,0,1,2326824.81,1839144.84
2012-12-14,2012,12,4,4,14,-2.4492935982947064e-16,1.0,-0.433883739117558,-0.9009688679024191,0,0,-58,1,163,0,0,0,1,2659317.57,2101555.8
2012-12-15,2012,12,4,5,15,-2.4492935982947064e-16,1.0,-0.9749279121818236,-0.2225209339563146,0,0,-57,1,164,0,0,0,1,3385542.75,2693057.28
2012-12-16,2012,12,4,6,16,-2.4492935982947064e-16,1.0,-0.7818314824680299,0.6234898018587334,0,0,-56,1,165,0,0,0,1,3484853.43,2706611.68
2012-12-17,2012,12,4,0,17,-2.4492935982947064e-16,1.0,0.0,1.0,0,0,-55,1,166,0,0,0,1,4281691.85,3433745.61
2012-12-18,2012,12,4,1,18,-2.4492935982947064e-16,1.0,0.7818314824680298,0.6234898018587336,0,0,-54,1,167,0,0,0,1,4394537.67,3473710.24
2012-12-19,2012,12,4,2,19,-2.4492935982947064e-16,1.0,0.9749279121818236,-0.22252093395631434,0,0,-53,1,168,0,0,0,1,3785472.73,3004383.53
2012-12-20,2012,12,4,3,20,-2.4492935982947064e-16,1.0,0.43388373911755823,-0.900968867902419,0,0,-52,1,169,0,0,0,1,3905985.95,3132486.67
2012-12-21,2012,12,4,4,21,-2.4492935982947064e-16,1.0,-0.433883739117558,-0.9009688679024191,0,0,-51,1,170,0,0,0,1,3966203.09,3174444.37
2012-12-22,2012,12,4,5,22,-2.4492935982947064e-16,1.0,-0.9749279121818236,-0.2225209339563146,0,0,-50,1,171,0,0,0,1,3225123.87,2559516.54
2012-12-23,2012,12,4,6,23,-2.4492935982947064e-16,1.0,-0.7818314824680299,0.6234898018587334,0,0,-49,1,172,0,0,0,1,2151580.15,1770780.57
2012-12-24,2012,12,4,0,24,-2.4492935982947064e-16,1.0,0.0,1.0,0,0,-48,1,173,0,0,0,1,3297376.6,2599138.83
2012-12-25,2012,12,4,1,25,-2.4492935982947064e-16,1.0,0.7818314824680298,0.6234898018587336,0,0,-47,1,174,0,0,1,1,4917024.98,3856446.89
2012-12-26,2012,12,4,2,26,-2.4492935982947064e-16,1.0,0.9749279121818236,-0.22252093395631434,0,0,-46,1,175,0,0,0,1,3285221.25,2658633.45
2012-12-27,2012,12,4,3,27,-2.4492935982947064e-16,1.0,0.43388373911755823,-0.900968867902419,0,0,-45,1,176,0,0,0,1,4994041.71,3924374.73
2012-12-28,2012,12,4,4,28,-2.4492935982947064e-16,1.0,-0.433883739117558,-0.9009688679024191,0,0,-44,1,177,0,0,0,1,8573663.31,6682336.48
2012-12-29,2012,12,4,5,29,-2.4492935982947064e-16,1.0,-0.9749279121818236,-0.2225209339563146,0,0,-43,1,178,0,0,0,1,7842913.37,6260959.87
2012-12-30,2012,12,4,6,30,-2.4492935982947064e-16,1.0,-0.7818314824680299,0.6234898018587334,0,0,-42,1,179,0,0,0,1,6511908.92,5180121.12
2012-12-31,2012,12,4,0,31,-2.4492935982947064e-16,1.0,0.0,1.0,0,0,-41,1,180,0,0,0,1,5573749.22,4432224.44
2013-01-01,2013,1,1,1,1,0.49999999999999994,0.8660254037844387,0.7818314824680298,0.6234898018587336,0,0,-40,0,181,0,0,0,0,5304546.99,4156070.2
2013-01-02,2013,1,1,2,2,0.49999999999999994,0.8660254037844387,0.9749279121818236,-0.22252093395631434,0,0,-39,0,182,0,0,0,0,1606940.44,1237497.84
2013-01-03,2013,1,1,3,3,0.49999999999999994,0.8660254037844387,0.43388373911755823,-0.900968867902419,0,0,-38,0,183,0,0,0,0,2281680.01,1832133.02
2013-01-04,2013,1,1,4,4,0.49999999999999994,0.8660254037844387,-0.433883739117558,-0.9009688679024191,0,0,-37,0,184,0,0,0,0,2376895.46,1940747.07
2013-01-05,2013,1,1,5,5,0.49999999999999994,0.8660254037844387,-0.9749279121818236,-0.2225209339563146,0,0,-36,0,185,0,0,0,0,2509462.77,1977027.71
2013-01-06,2013,1,1,6,6,0.49999999999999994,0.8660254037844387,-0.7818314824680299,0.6234898018587334,0,0,-35,0,186,0,0,0,0,2603356.52,2060481.76
2013-01-07,2013,1,1,0,7,0.49999999999999994,0.8660254037844387,0.0,1.0,0,0,-34,0,187,0,0,0,0,3048100.39,2452517.39
2013-01-08,2013,1,1,1,8,0.49999999999999994,0.8660254037844387,0.7818314824680298,0.6234898018587336,0,0,-33,0,188,0,0,0,0,2449700.42,1973182.14
2013-01-09,2013,1,1,2,9,0.49999999999999994,0.8660254037844387,0.9749279121818236,-0.22252093395631434,0,0,-32,0,189,0,0,0,0,2049715.7,1654806.5
2013-01-10,2013,1,1,3,10,0.49999999999999994,0.8660254037844387,0.43388373911755823,-0.900968867902419,0,0,-31,0,190,0,0,0,0,2794331.46,2122153.07
2013-01-11,2013,1,1,4,11,0.49999999999999994,0.8660254037844387,-0.433883739117558,-0.9009688679024191,0,0,-30,0,191,0,0,0,0,2343077.25,1805692.13
2013-01-12,2013,1,1,5,12,0.49999999999999994,0.8660254037844387,-0.9749279121818236,-0.2225209339563146,0,0,-29,0,192,0,0,0,0,2814596.53,2241879.07
2013-01-13,2013,1,1,6,13,0.49999999999999994,0.8660254037844387,-0.7818314824680299,0.6234898018587334,0,0,-28,0,193,0,0,0,0,2919719.62,2279740.92
2013-01-14,2013,1,1,0,14,0.49999999999999994,0.8660254037844387,0.0,1.0,0,0,-27,0,194,0,0,0,0,3077677.28,2477490.97
2013-01-15,2013,1,1,1,15,0.49999999999999994,0.8660254037844387,0.7818314824680298,0.6234898018587336,0,0,-26,0,195,0,0,0,0,2536405.93,2094291.34
2013-01-16,2013,1,1,2,16,0.49999999999999994,0.8660254037844387,0.9749279121818236,-0.22252093395631434,0,0,-25,0,196,0,0,0,0,1849789.43,1445623.48
2013-01-17,2013,1,1,3,17,0.49999999999999994,0.8660254037844387,0.43388373911755823,-0.900968867902419,0,0,-24,0,197,0,0,0,0,2173214.95,1763012.0
2013-01-18,2013,1,1,4,18,0.49999999999999994,0.8660254037844387,-0.433883739117558,-0.9009688679024191,0,0,-23,0,198,0,0,0,0,2099249.56,1615535.57
2013-01-19,2013,1,1,5,19,0.49999999999999994,0.8660254037844387,-0.9749279121818236,-0.2225209339563146,0,0,-22,0,199,0,0,0,0,2477132.79,2033637.15
2013-01-20,2013,1,1,6,20,0.49999999999999994,0.8660254037844387,-0.7818314824680299,0.6234898018587334,0,0,-21,0,200,0,0,0,0,2522776.58,2018671.04
2013-01-21,2013,1,1,0,21,0.49999999999999994,0.8660254037844387,0.0,1.0,0,0,-20,0,201,0,0,0,0,4100379.42,3250868.59
2013-01-22,2013,1,1,1,22,0.49999999999999994,0.8660254037844387,0.7818314824680298,0.6234898018587336,0,0,-19,0,202,0,0,0,0,3538734.12,2801650.02
2013-01-23,2013,1,1,2,23,0.49999999999999994,0.8660254037844387,0.9749279121818236,-0.22252093395631434,0,0,-18,0,203,0,0,0,0,2836455.88,2322088.98
2013-01-24,2013,1,1,3,24,0.49999999999999994,0.8660254037844387,0.43388373911755823,-0.900968867902419,0,0,-17,0,204,0,0,0,0,2522924.71,2102458.71
2013-01-25,2013,1,1,4,25,0.49999999999999994,0.8660254037844387,-0.433883739117558,-0.9009688679024191,0,0,-16,0,205,0,0,0,0,2823082.71,2273250.41
2013-01-26,2013,1,1,5,26,0.49999999999999994,0.8660254037844387,-0.9749279121818236,-0.2225209339563146,0,0,-15,0,206,0,0,0,0,2312290.79,1869897.73
2013-01-27,2013,1,1,6,27,0.49999999999999994,0.8660254037844387,-0.7818314824680299,0.6234898018587334,0,0,-14,0,207,0,0,0,0,3818881.29,3023842.24
2013-01-28,2013,1,1,0,28,0.49999999999999994,0.8660254037844387,0.0,1.0,0,0,-13,0,208,0,0,0,0,5008712.77,4035190.91
2013-01-29,2013,1,1,1,29,0.49999999999999994,0.8660254037844387,0.7818314824680298,0.6234898018587336,0,0,-12,0,209,0,0,0,0,4833870.43,4015854.7
2013-01-30,2013,1,1,2,30,0.49999999999999994,0.8660254037844387,0.9749279121818236,-0.22252093395631434,0,0,-11,0,210,0,0,0,0,4296295.37,3414688.28
2013-01-31,2013,1,1,3,31,0.49999999999999994,0.8660254037844387,0.43388373911755823,-0.900968867902419,0,0,-10,0,211,0,0,0,0,3378679.46,2731823.14
2013-02-01,2013,2,1,4,1,0.8660254037844386,0.5000000000000001,-0.433883739117558,-0.9009688679024191,0,0,-9,0,212,0,0,0,0,4073777.92,3289266.58
2013-02-02,2013,2,1,5,2,0.8660254037844386,0.5000000000000001,-0.9749279121818236,-0.2225209339563146,0,0,-8,0,213,0,0,0,0,2351969.75,1915236.16
2013-02-03,2013,2,1,6,3,0.8660254037844386,0.5000000000000001,-0.7818314824680299,0.6234898018587334,0,0,-7,0,214,0,0,0,0,2743224.75,2293960.05
2013-02-04,2013,2,1,0,4,0.8660254037844386,0.5000000000000001,0.0,1.0,0,0,-6,0,215,0,0,0,0,3599084.22,2986552.92
2013-02-05,2013,2,1,1,5,0.8660254037844386,0.5000000000000001,0.7818314824680298,0.6234898018587336,0,0,-5,0,216,0,0,0,0,3829186.14,3181079.49
2013-02-06,2013,2,1,2,6,0.8660254037844386,0.5000000000000001,0.9749279121818236,-0.22252093395631434,0,0,-4,0,217,0,0,0,0,2313071.08,1919077.04
2013-02-07,2013,2,1,3,7,0.8660254037844386,0.5000000000000001,0.43388373911755823,-0.900968867902419,0,0,-3,0,218,0,0,0,0,2839296.13,2338660.54
2013-02-08,2013,2,1,4,8,0.8660254037844386,0.5000000000000001,-0.433883739117558,-0.9009688679024191,0,0,-2,0,219,0,0,0,0,2648161.4,2136088.4
2013-02-09,2013,2,1,5,9,0.8660254037844386,0.5000000000000001,-0.9749279121818236,-0.2225209339563146,0,0,-1,0,220,0,0,0,0,2957587.36,2354253.06
2013-02-10,2013,2,1,6,10,0.8660254037844386,0.5000000000000001,-0.7818314824680299,0.6234898018587334,0,0,0,0,221,0,0,0,0,3380985.73,2832001.18
2013-02-11,2013,2,1,0,11,0.8660254037844386,0.5000000000000001,0.0,1.0,0,0,1,0,222,0,0,0,0,4189315.44,3426089.62
2013-02-12,2013,2,1,1,12,0.8660254037844386,0.5000000000000001,0.7818314824680298,0.6234898018587336,0,0,2,0,223,0,0,0,0,3967295.55,3276616.25
2013-02-13,2013,2,1,2,13,0.8660254037844386,0.5000000000000001,0.9749279121818236,-0.22252093395631434,0,0,3,0,224,0,0,0,0,3156812.35,2628245.52
2013-02-14,2013,2,1,3,14,0.8660254037844386,0.5000000000000001,0.43388373911755823,-0.900968867902419,0,0,4,0,225,0,0,0,0,3286622.13,2725794.93
2013-02-15,2013,2,1,4,15,0.8660254037844386,0.5000000000000001,-0.433883739117558,-0.9009688679024191,0,0,5,0,226,0,0,0,0,2860640.37,2293142.09
2013-02-16,2013,2,1,5,16,0.8660254037844386,0.5000000000000001,-0.9749279121818236,-0.2225209339563146,0,0,6,0,227,0,0,0,0,3339909.75,2755975.45
2013-02-17,2013,2,1,6,17,0.8660254037844386,0.5000000000000001,-0.7818314824680299,0.6234898018587334,0,0,7,0,228,0,0,0,0,3433567.61,2907659.44
2013-02-18,2013,2,1,0,18,0.8660254037844386,0.5000000000000001,0.0,1.0,0,0,8,0,229,0,0,0,0,4473211.04,3823113.82
2013-02-19,2013,2,1,1,19,0.8660254037844386,0.5000000000000001,0.7818314824680298,0.6234898018587336,0,0,9,0,230,0,0,0,0,4318301.23,3421155.04
2013-02-20,2013,2,1,2,20,0.8660254037844386,0.5000000000000001,0.9749279121818236,-0.22252093395631434,0,0,10,0,231,0,0,0,0,3392471.04,2787089.48
2013-02-21,2013,2,1,3,21,0.8660254037844386,0.5000000000000001,0.43388373911755823,-0.900968867902419,0,0,11,0,232,0,0,0,0,3412803.18,2676550.95
2013-02-22,2013,2,1,4,22,0.8660254037844386,0.5000000000000001,-0.433883739117558,-0.9009688679024191,0,0,12,0,233,0,0,0,0,3535377.38,2908690.59
2013-02-23,2013,2,1,5,23,0.8660254037844386,0.5000000000000001,-0.9749279121818236,-0.2225209339563146,0,0,13,0,234,0,0,0,0,4286140.45,3439856.85
2013-02-24,2013,2,1,6,24,0.8660254037844386,0.5000000000000001,-0.7818314824680299,0.6234898018587334,0,0,14,0,235,0,0,0,0,5419232.89,4431878.1
2013-02-25,2013,2,1,0,25,0.8660254037844386,0.5000000000000001,0.0,1.0,0,0,15,0,236,0,0,0,0,9128225.25,7430696.94
2013-02-26,2013,2,1,1,26,0.8660254037844386,0.5000000000000001,0.7818314824680298,0.6234898018587336,0,0,16,0,237,0,0,0,0,6762535.71,5653323.87
2013-02-27,2013,2,1,2,27,0.8660254037844386,0.5000000000000001,0.9749279121818236,-0.22252093395631434,0,0,17,0,238,0,0,0,0,5716765.68,4880975.48
2013-02-28,2013,2,1,3,28,0.8660254037844386,0.5000000000000001,0.43388373911755823,-0.900968867902419,0,0,18,0,239,0,0,0,0,4367566.41,3573846.75
2013-03-01,2013,3,1,4,1,1.0,6.123233995736766e-17,-0.433883739117558,-0.9009688679024191,0,0,19,0,240,0,0,0,0,2693901.21,2256905.73
2013-03-02,2013,3,1,5,2,1.0,6.123233995736766e-17,-0.9749279121818236,-0.2225209339563146,0,0,20,0,241,0,0,0,0,279813.94,236576.31
2013-03-03,2013,3,1,6,3,1.0,6.123233995736766e-17,-0.7818314824680299,0.6234898018587334,0,0,21,0,242,0,0,0,0,1959484.08,1505793.8
2013-03-04,2013,3,1,0,4,1.0,6.123233995736766e-17,0.0,1.0,0,0,22,0,243,0,0,0,0,1412869.43,1130489.5
2013-03-05,2013,3,1,1,5,1.0,6.123233995736766e-17,0.7818314824680298,0.6234898018587336,0,0,23,0,244,0,0,0,0,2440470.72,1954056.55
2013-03-06,2013,3,1,2,6,1.0,6.123233995736766e-17,0.9749279121818236,-0.22252093395631434,0,0,24,0,245,0,0,0,0,3247761.18,2622451.1
2013-03-07,2013,3,1,3,7,1.0,6.123233995736766e-17,0.43388373911755823,-0.900968867902419,0,0,25,0,246,0,0,0,0,4017685.67,3191424.08
2013-03-08,2013,3,1,4,8,1.0,6.123233995736766e-17,-0.433883739117558,-0.9009688679024191,0,0,26,0,247,0,0,0,0,3622255.55,2838056.23
2013-03-09,2013,3,1,5,9,1.0,6.123233995736766e-17,-0.9749279121818236,-0.2225209339563146,0,0,27,0,248,0,0,0,0,3263371.09,2560913.71
2013-03-10,2013,3,1,6,10,1.0,6.123233995736766e-17,-0.7818314824680299,0.6234898018587334,0,0,28,0,249,0,0,0,0,3510986.19,2877727.07
2013-03-11,2013,3,1,0,11,1.0,6.123233995736766e-17,0.0,1.0,0,0,29,0,250,0,0,0,0,3242639.13,2568418.97
2013-03-12,2013,3,1,1,12,1.0,6.123233995736766e-17,0.7818314824680298,0.6234898018587336,0,0,30,0,251,0,0,0,0,3660190.99,2853606.73
2013-03-13,2013,3,1,2,13,1.0,6.123233995736766e-17,0.9749279121818236,-0.22252093395631434,0,0,31,0,252,0,0,0,0,4335373.37,3463021.54
2013-03-14,2013,3,1,3,14,1.0,6.123233995736766e-17,0.43388373911755823,-0.900968867902419,0,0,32,0,253,0,0,0,0,6692797.3,5359353.2
2013-03-15,2013,3,1,4,15,1.0,6.123233995736766e-17,-0.433883739117558,-0.9009688679024191,0,0,33,0,254,0,0,0,0,5330057.69,4206775.58
2013-03-16,2013,3,1,5,16,1.0,6.123233995736766e-17,-0.9749279121818236,-0.2225209339563146,0,0,34,0,255,0,0,0,0,3591734.21,2762570.88
2013-03-17,2013,3,1,6,17,1.0,6.123233995736766e-17,-0.7818314824680299,0.6234898018587334,0,0,35,0,256,0,0,0,0,4401297.64,3565497.63
2013-03-18,2013,3,1,0,18,1.0,6.123233995736766e-17,0.0,1.0,0,0,36,0,257,0,0,0,0,4567013.37,3743618.37
2013-03-19,2013,3,1,1,19,1.0,6.123233995736766e-17,0.7818314824680298,0.6234898018587336,0,0,37,0,258,0,0,0,0,4645433.62,3929520.42
2013-03-20,2013,3,1,2,20,1.0,6.123233995736766e-17,0.9749279121818236,-0.22252093395631434,0,0,38,0,259,0,0,0,0,4992105.19,4308112.41
2013-03-21,2013,3,1,3,21,1.0,6.123233995736766e-17,0.43388373911755823,-0.900968867902419,0,0,39,0,260,0,0,0,0,7355693.45,6496769.78
2013-03-22,2013,3,1,4,22,1.0,6.123233995736766e-17,-0.433883739117558,-0.9009688679024191,0,0,40,0,261,0,0,0,0,6603332.26,6021167.98
2013-03-23,2013,3,1,5,23,1.0,6.123233995736766e-17,-0.9749279121818236,-0.2225209339563146,0,0,41,0,262,0,0,0,0,6009508.61,5393148.03
2013-03-24,2013,3,1,6,24,1.0,6.123233995736766e-17,-0.7818314824680299,0.6234898018587334,0,0,42,0,263,0,0,0,0,5088153.2,4610104.28
2013-03-25,2013,3,1,0,25,1.0,6.123233995736766e-17,0.0,1.0,0,0,43,0,264,0,0,0,0,4694308.82,4169990.65
2013-03-26,2013,3,1,1,26,1.0,6.123233995736766e-17,0.7818314824680298,0.6234898018587336,0,0,44,0,265,0,0,0,0,5731432.22,5192620.7
2013-03-27,2013,3,1,2,27,1.0,6.123233995736766e-17,0.9749279121818236,-0.22252093395631434,0,0,45,0,266,0,0,0,0,6872130.59,6081507.57
2013-03-28,2013,3,1,3,28,1.0,6.123233995736766e-17,0.43388373911755823,-0.900968867902419,0,0,46,0,267,0,0,0,0,8099154.93,7239463.63
2013-03-29,2013,3,1,4,29,1.0,6.123233995736766e-17,-0.433883739117558,-0.9009688679024191,0,0,47,0,268,0,0,0,0,8381683.44,7644413.84
2013-03-30,2013,3,1,5,30,1.0,6.123233995736766e-17,-0.9749279121818236,-0.2225209339563146,0,0,48,0,269,0,0,0,0,11636994.38,10600188.31
2013-03-31,2013,3,1,6,31,1.0,6.123233995736766e-17,-0.7818314824680299,0.6234898018587334,0,0,49,0,270,0,0,0,0,9455023.8,8513517.85
2013-04-01,2013,4,2,0,1,0.8660254037844387,-0.49999999999999983,0.0,1.0,0,0,50,0,271,0,0,0,0,10313848.23,9188774.52
2013-04-02,2013,4,2,1,2,0.8660254037844387,-0.49999999999999983,0.7818314824680298,0.6234898018587336,0,0,51,0,272,0,0,0,0,8250013.05,7374699.1
2013-04-03,2013,4,2,2,3,0.8660254037844387,-0.49999999999999983,0.9749279121818236,-0.22252093395631434,0,0,52,0,273,0,0,0,0,8740749.51,7769943.74
2013-04-04,2013,4,2,3,4,0.8660254037844387,-0.49999999999999983,0.43388373911755823,-0.900968867902419,0,0,53,0,274,0,0,0,0,4270660.8,3779960.51
2013-04-05,2013,4,2,4,5,0.8660254037844387,-0.49999999999999983,-0.433883739117558,-0.9009688679024191,0,0,54,0,275,0,0,0,0,3073716.42,2637291.44
2013-04-06,2013,4,2,5,6,0.8660254037844387,-0.49999999999999983,-0.9749279121818236,-0.2225209339563146,0,0,55,0,276,0,0,0,0,3663196.56,3221790.63
2013-04-07,2013,4,2,6,7,0.8660254037844387,-0.49999999999999983,-0.7818314824680299,0.6234898018587334,0,0,56,0,277,0,0,0,0,2924734.26,2598895.09
2013-04-08,2013,4,2,0,8,0.8660254037844387,-0.49999999999999983,0.0,1.0,0,0,57,0,278,0,0,0,0,4670874.28,4351446.44
2013-04-09,2013,4,2,1,9,0.8660254037844387,-0.49999999999999983,0.7818314824680298,0.6234898018587336,0,0,58,0,279,0,0,0,0,4293257.18,3845242.09
2013-04-10,2013,4,2,2,10,0.8660254037844387,-0.49999999999999983,0.9749279121818236,-0.22252093395631434,0,0,59,0,280,0,0,0,0,6011834.78,5327749.04
2013-04-11,2013,4,2,3,11,0.8660254037844387,-0.49999999999999983,0.43388373911755823,-0.900968867902419,0,0,60,0,281,0,0,0,0,4244755.76,3794688.65
2013-04-12,2013,4,2,4,12,0.8660254037844387,-0.49999999999999983,-0.433883739117558,-0.9009688679024191,0,0,61,0,282,0,0,0,0,4282161.81,3850989.97
2013-04-13,2013,4,2,5,13,0.8660254037844387,-0.49999999999999983,-0.9749279121818236,-0.2225209339563146,0,0,62,0,283,0,0,0,0,5214391.75,4691901.42
2013-04-14,2013,4,2,6,14,0.8660254037844387,-0.49999999999999983,-0.7818314824680299,0.6234898018587334,0,0,63,0,284,0,0,0,0,4506492.03,3873550.82
2013-04-15,2013,4,2,0,15,0.8660254037844387,-0.49999999999999983,0.0,1.0,0,0,64,0,285,0,0,0,0,5167610.5,4514315.72
2013-04-16,2013,4,2,1,16,0.8660254037844387,-0.49999999999999983,0.7818314824680298,0.6234898018587336,0,0,65,0,286,0,0,0,0,5887221.88,4755791.57
2013-04-17,2013,4,2,2,17,0.8660254037844387,-0.49999999999999983,0.9749279121818236,-0.22252093395631434,0,0,66,0,287,0,0,0,0,8104639.53,6617328.78
2013-04-18,2013,4,2,3,18,0.8660254037844387,-0.49999999999999983,0.43388373911755823,-0.900968867902419,0,0,67,0,288,0,0,0,0,6536742.64,5253454.75
2013-04-19,2013,4,2,4,19,0.8660254037844387,-0.49999999999999983,-0.433883739117558,-0.9009688679024191,0,0,68,0,289,0,0,0,0,5871312.85,4657092.08
2013-04-20,2013,4,2,5,20,0.8660254037844387,-0.49999999999999983,-0.9749279121818236,-0.2225209339563146,0,0,69,0,290,0,0,0,0,6012115.71,4722140.67
2013-04-21,2013,4,2,6,21,0.8660254037844387,-0.49999999999999983,-0.7818314824680299,0.6234898018587334,0,0,70,0,291,0,0,0,0,6323547.99,5021941.78
2013-04-22,2013,4,2,0,22,0.8660254037844387,-0.49999999999999983,0.0,1.0,0,0,71,0,292,0,0,0,0,7292352.56,5866886.82
2013-04-23,2013,4,2,1,23,0.8660254037844387,-0.49999999999999983,0.7818314824680298,0.6234898018587336,0,0,72,0,293,0,0,0,0,8757473.08,6907927.03
2013-04-24,2013,4,2,2,24,0.8660254037844387,-0.49999999999999983,0.9749279121818236,-0.22252093395631434,0,0,73,0,294,0,0,0,0,9358565.61,7286897.36
2013-04-25,2013,4,2,3,25,0.8660254037844387,-0.49999999999999983,0.43388373911755823,-0.900968867902419,0,0,74,0,295,0,0,0,0,9127283.0,7206948.14
2013-04-26,2013,4,2,4,26,0.8660254037844387,-0.49999999999999983,-0.433883739117558,-0.9009688679024191,0,0,75,0,296,0,0,0,0,6156392.84,4860244.05
2013-04-27,2013,4,2,5,27,0.8660254037844387,-0.49999999999999983,-0.9749279121818236,-0.2225209339563146,0,0,76,0,297,0,0,0,0,6420235.09,5103697.51
2013-04-28,2013,4,2,6,28,0.8660254037844387,-0.49999999999999983,-0.7818314824680299,0.6234898018587334,0,0,77,0,298,0,0,0,0,9099343.31,7234100.22
2013-04-29,2013,4,2,0,29,0.8660254037844387,-0.49999999999999983,0.0,1.0,0,0,78,0,299,0,0,0,0,13160942.22,10423989.71
2013-04-30,2013,4,2,1,30,0.8660254037844387,-0.49999999999999983,0.7818314824680298,0.6234898018587336,0,0,79,0,300,1,0,0,0,11190466.86,8842281.65
2013-05-01,2013,5,2,2,1,0.49999999999999994,-0.8660254037844387,0.9749279121818236,-0.22252093395631434,0,0,80,0,301,1,0,0,0,13051232.31,10395426.51
2013-05-02,2013,5,2,3,2,0.49999999999999994,-0.8660254037844387,0.43388373911755823,-0.900968867902419,0,0,81,0,302,0,0,0,0,11179665.29,8989067.99
2013-05-03,2013,5,2,4,3,0.49999999999999994,-0.8660254037844387,-0.433883739117558,-0.9009688679024191,0,0,82,0,303,0,0,0,0,8173550.12,6507576.59
2013-05-04,2013,5,2,5,4,0.49999999999999994,-0.8660254037844387,-0.9749279121818236,-0.2225209339563146,0,0,83,0,304,0,0,0,0,3225175.57,2586608.79
2013-05-05,2013,5,2,6,5,0.49999999999999994,-0.8660254037844387,-0.7818314824680299,0.6234898018587334,0,0,84,0,305,0,0,0,0,3906711.0,3268319.42
2013-05-06,2013,5,2,0,6,0.49999999999999994,-0.8660254037844387,0.0,1.0,0,0,85,0,306,0,0,0,0,4311626.38,3384442.35
2013-05-07,2013,5,2,1,7,0.49999999999999994,-0.8660254037844387,0.7818314824680298,0.6234898018587336,0,0,86,0,307,0,0,0,0,3763332.37,3079887.85
2013-05-08,2013,5,2,2,8,0.49999999999999994,-0.8660254037844387,0.9749279121818236,-0.22252093395631434,0,0,87,0,308,0,0,0,0,5458168.5,4267785.48
2013-05-09,2013,5,2,3,9,0.49999999999999994,-0.8660254037844387,0.43388373911755823,-0.900968867902419,0,0,88,0,309,0,0,0,0,5815611.07,4647084.74
2013-05-10,2013,5,2,4,10,0.49999999999999994,-0.8660254037844387,-0.433883739117558,-0.9009688679024191,0,0,89,0,310,0,0,0,0,4248246.45,3392369.6
2013-05-11,2013,5,2,5,11,0.49999999999999994,-0.8660254037844387,-0.9749279121818236,-0.2225209339563146,0,0,90,0,311,0,0,0,0,4388803.6,3347274.34
2013-05-12,2013,5,2,6,12,0.49999999999999994,-0.8660254037844387,-0.7818314824680299,0.6234898018587334,0,0,91,0,312,0,0,0,0,4298069.68,3423974.02
2013-05-13,2013,5,2,0,13,0.49999999999999994,-0.8660254037844387,0.0,1.0,0,0,92,0,313,0,0,0,0,4663488.62,3677688.54
2013-05-14,2013,5,2,1,14,0.49999999999999994,-0.8660254037844387,0.7818314824680298,0.6234898018587336,0,0,93,0,314,0,0,0,0,5622176.45,4515976.68
2013-05-15,2013,5,2,2,15,0.49999999999999994,-0.8660254037844387,0.9749279121818236,-0.22252093395631434,0,0,94,0,315,0,0,0,0,6416011.44,5136196.06
2013-05-16,2013,5,2,3,16,0.49999999999999994,-0.8660254037844387,0.43388373911755823,-0.900968867902419,0,0,95,0,316,0,0,0,0,7727680.05,6101584.58
2013-05-17,2013,5,2,4,17,0.49999999999999994,-0.8660254037844387,-0.433883739117558,-0.9009688679024191,0,0,96,0,317,0,0,0,0,6520355.77,5213542.1
2013-05-18,2013,5,2,5,18,0.49999999999999994,-0.8660254037844387,-0.9749279121818236,-0.2225209339563146,0,0,97,0,318,0,0,0,0,5126131.05,4165368.61
2013-05-19,2013,5,2,6,19,0.49999999999999994,-0.8660254037844387,-0.7818314824680299,0.6234898018587334,0,0,98,0,319,0,0,0,0,5417543.03,4323889.4
2013-05-20,2013,5,2,0,20,0.49999999999999994,-0.8660254037844387,0.0,1.0,0,0,99,0,320,0,0,0,0,5837064.06,4872375.63
2013-05-21,2013,5,2,1,21,0.49999999999999994,-0.8660254037844387,0.7818314824680298,0.6234898018587336,0,0,100,0,321,0,0,0,0,5156527.79,4086850.49
2013-05-22,2013,5,2,2,22,0.49999999999999994,-0.8660254037844387,0.9749279121818236,-0.22252093395631434,0,0,101,0,322,0,0,0,0,6977473.78,5617374.39
2013-05-23,2013,5,2,3,23,0.49999999999999994,-0.8660254037844387,0.43388373911755823,-0.900968867902419,0,0,102,0,323,0,0,0,0,9166919.02,7150676.62
2013-05-24,2013,5,2,4,24,0.49999999999999994,-0.8660254037844387,-0.433883739117558,-0.9009688679024191,0,0,103,0,324,0,0,0,0,6670030.19,5242528.96
2013-05-25,2013,5,2,5,25,0.49999999999999994,-0.8660254037844387,-0.9749279121818236,-0.2225209339563146,0,0,104,0,325,0,0,0,0,5054594.94,3916382.21
2013-05-26,2013,5,2,6,26,0.49999999999999994,-0.8660254037844387,-0.7818314824680299,0.6234898018587334,0,0,105,0,326,0,0,0,0,3649585.05,2889501.26
2013-05-27,2013,5,2,0,27,0.49999999999999994,-0.8660254037844387,0.0,1.0,0,0,106,0,327,0,0,0,0,4403026.04,3471897.02
2013-05-28,2013,5,2,1,28,0.49999999999999994,-0.8660254037844387,0.7818314824680298,0.6234898018587336,0,0,107,0,328,0,0,0,0,6274027.61,4977411.59
2013-05-29,2013,5,2,2,29,0.49999999999999994,-0.8660254037844387,0.9749279121818236,-0.22252093395631434,0,0,108,0,329,0,0,0,0,7359639.59,5841803.19
2013-05-30,2013,5,2,3,30,0.49999999999999994,-0.8660254037844387,0.43388373911755823,-0.900968867902419,0,0,109,0,330,0,0,0,0,12828293.48,10036927.65
2013-05-31,2013,5,2,4,31,0.49999999999999994,-0.8660254037844387,-0.433883739117558,-0.9009688679024191,0,0,110,0,331,0,0,0,0,13809349.18,11231361.14
2013-06-01,2013,6,2,5,1,1.2246467991473532e-16,-1.0,-0.9749279121818236,-0.2225209339563146,0,0,111,0,332,0,0,0,0,13162597.88,10314262.16
2013-06-02,2013,6,2,6,2,1.2246467991473532e-16,-1.0,-0.7818314824680299,0.6234898018587334,0,0,112,0,333,0,0,0,0,12079925.72,9610953.04
2013-06-03,2013,6,2,0,3,1.2246467991473532e-16,-1.0,0.0,1.0,0,0,113,0,334,0,0,0,0,9411997.25,7525850.2
2013-06-04,2013,6,2,1,4,1.2246467991473532e-16,-1.0,0.7818314824680298,0.6234898018587336,0,0,114,0,335,0,0,0,0,5397308.75,4297393.33
2013-06-05,2013,6,2,2,5,1.2246467991473532e-16,-1.0,0.9749279121818236,-0.22252093395631434,0,0,115,0,336,0,0,0,0,6860958.96,5505167.85
2013-06-06,2013,6,2,3,6,1.2246467991473532e-16,-1.0,0.43388373911755823,-0.900968867902419,0,0,116,0,337,0,0,0,0,5692902.11,4632206.37
2013-06-07,2013,6,2,4,7,1.2246467991473532e-16,-1.0,-0.433883739117558,-0.9009688679024191,0,0,117,0,338,0,0,0,0,3843507.28,2986865.05
2013-06-08,2013,6,2,5,8,1.2246467991473532e-16,-1.0,-0.9749279121818236,-0.2225209339563146,0,0,118,0,339,0,0,0,0,3646959.35,2897196.14
2013-06-09,2013,6,2,6,9,1.2246467991473532e-16,-1.0,-0.7818314824680299,0.6234898018587334,0,0,119,0,340,0,0,0,0,3880132.51,3070545.08
2013-06-10,2013,6,2,0,10,1.2246467991473532e-16,-1.0,0.0,1.0,0,0,120,0,341,0,0,0,0,4476887.83,3582347.82
2013-06-11,2013,6,2,1,11,1.2246467991473532e-16,-1.0,0.7818314824680298,0.6234898018587336,0,0,121,0,342,0,0,0,0,5003847.86,3903592.44
2013-06-12,2013,6,2,2,12,1.2246467991473532e-16,-1.0,0.9749279121818236,-0.22252093395631434,0,0,122,0,343,0,0,0,0,7209020.15,5796177.46
2013-06-13,2013,6,2,3,13,1.2246467991473532e-16,-1.0,0.43388373911755823,-0.900968867902419,0,0,123,0,344,0,0,0,0,6845836.24,5559998.61
2013-06-14,2013,6,2,4,14,1.2246467991473532e-16,-1.0,-0.433883739117558,-0.9009688679024191,0,0,124,0,345,0,0,0,0,4871516.57,3975403.65
2013-06-15,2013,6,2,5,15,1.2246467991473532e-16,-1.0,-0.9749279121818236,-0.2225209339563146,0,0,125,0,346,0,0,0,0,5166292.57,4029821.84
2013-06-16,2013,6,2,6,16,1.2246467991473532e-16,-1.0,-0.7818314824680299,0.6234898018587334,0,0,126,0,347,0,0,0,0,5794009.15,4551326.63
2013-06-17,2013,6,2,0,17,1.2246467991473532e-16,-1.0,0.0,1.0,0,0,127,0,348,0,0,0,0,5795298.96,4637293.92
2013-06-18,2013,6,2,1,18,1.2246467991473532e-16,-1.0,0.7818314824680298,0.6234898018587336,0,0,128,0,349,0,0,0,0,6632615.61,5459331.17
2013-06-19,2013,6,2,2,19,1.2246467991473532e-16,-1.0,0.9749279121818236,-0.22252093395631434,0,0,129,0,350,0,0,0,0,7437341.02,6031157.35
2013-06-20,2013,6,2,3,20,1.2246467991473532e-16,-1.0,0.43388373911755823,-0.900968867902419,0,0,130,0,351,0,0,0,0,7078652.68,5515676.8
2013-06-21,2013,6,2,4,21,1.2246467991473532e-16,-1.0,-0.433883739117558,-0.9009688679024191,0,0,131,0,352,0,0,0,0,5526354.45,4396745.86
2013-06-22,2013,6,2,5,22,1.2246467991473532e-16,-1.0,-0.9749279121818236,-0.2225209339563146,0,0,132,0,353,0,0,0,0,5117274.96,4111300.17
2013-06-23,2013,6,2,6,23,1.2246467991473532e-16,-1.0,-0.7818314824680299,0.6234898018587334,0,0,133,0,354,0,0,0,0,5844565.63,4855247.11
2013-06-24,2013,6,2,0,24,1.2246467991473532e-16,-1.0,0.0,1.0,0,0,134,0,355,0,0,0,0,5243774.5,4800223.91
2013-06-25,2013,6,2,1,25,1.2246467991473532e-16,-1.0,0.7818314824680298,0.6234898018587336,0,0,135,0,356,0,0,0,0,6728887.1,6142934.34
2013-06-26,2013,6,2,2,26,1.2246467991473532e-16,-1.0,0.9749279121818236,-0.22252093395631434,0,0,136,0,357,0,0,0,0,8817278.13,8290194.65
2013-06-27,2013,6,2,3,27,1.2246467991473532e-16,-1.0,0.43388373911755823,-0.900968867902419,0,0,137,0,358,0,0,0,0,7748199.74,7462815.86
2013-06-28,2013,6,2,4,28,1.2246467991473532e-16,-1.0,-0.433883739117558,-0.9009688679024191,0,0,138,0,359,0,0,0,0,6285354.21,6043485.1
2013-06-29,2013,6,2,5,29,1.2246467991473532e-16,-1.0,-0.9749279121818236,-0.2225209339563146,0,0,139,0,360,0,0,0,0,9546012.78,9167617.84
2013-06-30,2013,6,2,6,30,1.2246467991473532e-16,-1.0,-0.7818314824680299,0.6234898018587334,0,0,140,0,361,0,0,0,0,7372318.59,7149429.97
2013-07-01,2013,7,3,0,1,-0.4999999999999998,-0.8660254037844388,0.0,1.0,0,0,141,1,362,0,0,0,0,6359864.53,6248239.94
2013-07-02,2013,7,3,1,2,-0.4999999999999998,-0.8660254037844388,0.7818314824680298,0.6234898018587336,0,0,142,1,363,0,0,0,0,7209130.33,6927420.38
2013-07-03,2013,7,3,2,3,-0.4999999999999998,-0.8660254037844388,0.9749279121818236,-0.22252093395631434,0,0,143,1,364,0,0,0,0,8038680.63,7869401.17
2013-07-04,2013,7,3,3,4,-0.4999999999999998,-0.8660254037844388,0.43388373911755823,-0.900968867902419,0,0,144,1,365,0,0,0,0,2521315.44,2408274.98
2013-07-05,2013,7,3,4,5,-0.4999999999999998,-0.8660254037844388,-0.433883739117558,-0.9009688679024191,0,0,145,1,366,0,0,0,0,2494107.65,2432073.97
2013-07-06,2013,7,3,5,6,-0.4999999999999998,-0.8660254037844388,-0.9749279121818236,-0.2225209339563146,0,0,146,1,367,0,0,0,0,2452372.43,2331799.51
2013-07-07,2013,7,3,6,7,-0.4999999999999998,-0.8660254037844388,-0.7818314824680299,0.6234898018587334,0,0,147,1,368,0,0,0,0,2958215.01,2950992.63
2013-07-08,2013,7,3,0,8,-0.4999999999999998,-0.8660254037844388,0.0,1.0,0,0,148,1,369,0,0,0,0,2571901.18,2450996.77
2013-07-09,2013,7,3,1,9,-0.4999999999999998,-0.8660254037844388,0.7818314824680298,0.6234898018587336,0,0,149,1,370,0,0,0,0,4624825.33,4592718.95
2013-07-10,2013,7,3,2,10,-0.4999999999999998,-0.8660254037844388,0.9749279121818236,-0.22252093395631434,0,0,150,1,371,0,0,0,0,3855254.64,3797797.81
2013-07-11,2013,7,3,3,11,-0.4999999999999998,-0.8660254037844388,0.43388373911755823,-0.900968867902419,0,0,151,1,372,0,0,0,0,5785320.61,5626075.87
2013-07-12,2013,7,3,4,12,-0.4999999999999998,-0.8660254037844388,-0.433883739117558,-0.9009688679024191,0,0,152,1,373,0,0,0,0,6053300.71,5886949.95
2013-07-13,2013,7,3,5,13,-0.4999999999999998,-0.8660254037844388,-0.9749279121818236,-0.2225209339563146,0,0,153,1,374,0,0,0,0,4161301.31,3995435.41
2013-07-14,2013,7,3,6,14,-0.4999999999999998,-0.8660254037844388,-0.7818314824680299,0.6234898018587334,0,0,154,1,375,0,0,0,0,4482102.22,4419156.67
2013-07-15,2013,7,3,0,15,-0.4999999999999998,-0.8660254037844388,0.0,1.0,0,0,155,1,376,0,0,0,0,4387240.36,4219310.04
2013-07-16,2013,7,3,1,16,-0.4999999999999998,-0.8660254037844388,0.7818314824680298,0.6234898018587336,0,0,156,1,377,0,0,0,0,4411030.39,4135243.61
2013-07-17,2013,7,3,2,17,-0.4999999999999998,-0.8660254037844388,0.9749279121818236,-0.22252093395631434,0,0,157,1,378,0,0,0,0,4475453.64,4375610.63
2013-07-18,2013,7,3,3,18,-0.4999999999999998,-0.8660254037844388,0.43388373911755823,-0.900968867902419,0,0,158,1,379,0,0,0,0,6265533.39,6163756.55
2013-07-19,2013,7,3,4,19,-0.4999999999999998,-0.8660254037844388,-0.433883739117558,-0.9009688679024191,0,0,159,1,380,0,0,0,0,6310739.5,5960928.51
2013-07-20,2013,7,3,5,20,-0.4999999999999998,-0.8660254037844388,-0.9749279121818236,-0.2225209339563146,0,0,160,1,381,0,0,0,0,4157746.85,3978173.28
2013-07-21,2013,7,3,6,21,-0.4999999999999998,-0.8660254037844388,-0.7818314824680299,0.6234898018587334,0,0,161,1,382,0,0,0,0,4847680.2,4301699.27
2013-07-22,2013,7,3,0,22,-0.4999999999999998,-0.8660254037844388,0.0,1.0,0,0,162,1,383,0,0,0,0,5926190.4,5032346.99
2013-07-23,2013,7,3,1,23,-0.4999999999999998,-0.8660254037844388,0.7818314824680298,0.6234898018587336,0,0,163,1,384,0,0,0,0,4436778.28,3552350.42
2013-07-24,2013,7,3,2,24,-0.4999999999999998,-0.8660254037844388,0.9749279121818236,-0.22252093395631434,0,0,164,1,385,0,0,0,0,7329505.1,5924978.27
2013-07-25,2013,7,3,3,25,-0.4999999999999998,-0.8660254037844388,0.43388373911755823,-0.900968867902419,0,0,165,1,386,0,0,0,0,6342757.31,4978292.65
2013-07-26,2013,7,3,4,26,-0.4999999999999998,-0.8660254037844388,-0.433883739117558,-0.9009688679024191,0,0,166,1,387,0,0,0,0,6941436.71,5543496.22
2013-07-27,2013,7,3,5,27,-0.4999999999999998,-0.8660254037844388,-0.9749279121818236,-0.2225209339563146,0,0,167,1,388,0,0,0,0,4353958.13,3499528.32
2013-07-28,2013,7,3,6,28,-0.4999999999999998,-0.8660254037844388,-0.7818314824680299,0.6234898018587334,0,0,168,1,389,0,0,0,0,6017516.42,4917333.26
2013-07-29,2013,7,3,0,29,-0.4999999999999998,-0.8660254037844388,0.0,1.0,0,0,169,1,390,0,0,0,0,8158241.16,6599164.67
2013-07-30,2013,7,3,1,30,-0.4999999999999998,-0.8660254037844388,0.7818314824680298,0.6234898018587336,0,0,170,1,391,0,0,0,0,7711378.77,7073525.07
2013-07-31,2013,7,3,2,31,-0.4999999999999998,-0.8660254037844388,0.9749279121818236,-0.22252093395631434,0,0,171,1,392,0,0,0,0,10104475.36,10851542.12
2013-08-01,2013,8,3,3,1,-0.8660254037844384,-0.5000000000000004,0.43388373911755823,-0.900968867902419,0,0,172,1,393,0,0,0,0,10998208.4,12167214.07
2013-08-02,2013,8,3,4,2,-0.8660254037844384,-0.5000000000000004,-0.433883739117558,-0.9009688679024191,0,0,173,1,394,0,0,0,0,7422715.15,9601836.11
2013-08-03,2013,8,3,5,3,-0.8660254037844384,-0.5000000000000004,-0.9749279121818236,-0.2225209339563146,0,0,174,1,395,0,0,0,0,5599602.67,7786528.35
2013-08-04,2013,8,3,6,4,-0.8660254037844384,-0.5000000000000004,-0.7818314824680299,0.6234898018587334,0,0,175,1,396,0,0,0,0,5021938.29,7089757.76
2013-08-05,2013,8,3,0,5,-0.8660254037844384,-0.5000000000000004,0.0,1.0,0,0,176,1,397,0,0,0,0,2231563.34,3064145.21
2013-08-06,2013,8,3,1,6,-0.8660254037844384,-0.5000000000000004,0.7818314824680298,0.6234898018587336,0,0,177,1,398,0,0,0,0,2493225.51,3592496.3
2013-08-07,2013,8,3,2,7,-0.8660254037844384,-0.5000000000000004,0.9749279121818236,-0.22252093395631434,0,0,-177,1,399,0,0,0,0,2638845.23,3381813.66
2013-08-08,2013,8,3,3,8,-0.8660254037844384,-0.5000000000000004,0.43388373911755823,-0.900968867902419,0,0,-176,1,400,0,0,0,0,3065089.0,4223344.7
2013-08-09,2013,8,3,4,9,-0.8660254037844384,-0.5000000000000004,-0.433883739117558,-0.9009688679024191,0,0,-175,1,401,0,0,0,0,2598855.08,3418548.13
2013-08-10,2013,8,3,5,10,-0.8660254037844384,-0.5000000000000004,-0.9749279121818236,-0.2225209339563146,0,0,-174,1,402,0,0,0,0,1776113.02,2320738.01
2013-08-11,2013,8,3,6,11,-0.8660254037844384,-0.5000000000000004,-0.7818314824680299,0.6234898018587334,0,0,-173,1,403,0,0,0,0,2074476.53,2834815.33
2013-08-12,2013,8,3,0,12,-0.8660254037844384,-0.5000000000000004,0.0,1.0,0,0,-172,1,404,0,0,0,0,1933036.01,2566277.36
2013-08-13,2013,8,3,1,13,-0.8660254037844384,-0.5000000000000004,0.7818314824680298,0.6234898018587336,0,0,-171,1,405,0,0,0,0,2531884.21,3266499.42
2013-08-14,2013,8,3,2,14,-0.8660254037844384,-0.5000000000000004,0.9749279121818236,-0.22252093395631434,0,0,-170,1,406,0,0,0,0,2791478.67,3740726.27
2013-08-15,2013,8,3,3,15,-0.8660254037844384,-0.5000000000000004,0.43388373911755823,-0.900968867902419,0,0,-169,1,407,0,0,0,0,3665019.45,4896607.22
2013-08-16,2013,8,3,4,16,-0.8660254037844384,-0.5000000000000004,-0.433883739117558,-0.9009688679024191,0,0,-168,1,408,0,0,0,0,3619170.1,4661015.06
2013-08-17,2013,8,3,5,17,-0.8660254037844384,-0.5000000000000004,-0.9749279121818236,-0.2225209339563146,0,0,-167,1,409,0,0,0,0,3066137.96,4129676.85
2013-08-18,2013,8,3,6,18,-0.8660254037844384,-0.5000000000000004,-0.7818314824680299,0.6234898018587334,0,0,-166,1,410,0,0,0,0,2385617.18,2947242.18
2013-08-19,2013,8,3,0,19,-0.8660254037844384,-0.5000000000000004,0.0,1.0,0,0,-165,1,411,0,0,0,0,2870843.18,3669528.41
2013-08-20,2013,8,3,1,20,-0.8660254037844384,-0.5000000000000004,0.7818314824680298,0.6234898018587336,0,0,-164,1,412,0,0,0,0,2730112.88,3528369.0
2013-08-21,2013,8,3,2,21,-0.8660254037844384,-0.5000000000000004,0.9749279121818236,-0.22252093395631434,0,0,-163,1,413,0,0,0,0,2707776.73,3591906.04
2013-08-22,2013,8,3,3,22,-0.8660254037844384,-0.5000000000000004,0.43388373911755823,-0.900968867902419,0,0,-162,1,414,0,0,0,0,3821233.2,5275320.79
2013-08-23,2013,8,3,4,23,-0.8660254037844384,-0.5000000000000004,-0.433883739117558,-0.9009688679024191,0,0,-161,1,415,0,0,0,0,3454696.96,4693020.59
2013-08-24,2013,8,3,5,24,-0.8660254037844384,-0.5000000000000004,-0.9749279121818236,-0.2225209339563146,0,0,-160,1,416,0,0,0,0,2837188.07,4087795.83
2013-08-25,2013,8,3,6,25,-0.8660254037844384,-0.5000000000000004,-0.7818314824680299,0.6234898018587334,0,0,-159,1,417,0,0,0,0,3018860.44,3945685.24
2013-08-26,2013,8,3,0,26,-0.8660254037844384,-0.5000000000000004,0.0,1.0,0,0,-158,1,418,0,0,0,0,3465971.03,4845153.03
2013-08-27,2013,8,3,1,27,-0.8660254037844384,-0.5000000000000004,0.7818314824680298,0.6234898018587336,0,0,-157,1,419,0,0,0,0,3008572.56,3950990.04
2013-08-28,2013,8,3,2,28,-0.8660254037844384,-0.5000000000000004,0.9749279121818236,-0.22252093395631434,0,0,-156,1,420,0,0,0,0,3749158.5,4845899.79
2013-08-29,2013,8,3,3,29,-0.8660254037844384,-0.5000000000000004,0.43388373911755823,-0.900968867902419,0,0,-155,1,421,0,0,0,0,6385124.62,8251851.88
2013-08-30,2013,8,3,4,30,-0.8660254037844384,-0.5000000000000004,-0.433883739117558,-0.9009688679024191,0,0,-154,1,422,0,0,0,0,5499141.72,7247803.25
2013-08-31,2013,8,3,5,31,-0.8660254037844384,-0.5000000000000004,-0.9749279121818236,-0.2225209339563146,0,0,-153,1,423,0,0,0,0,6810100.27,8325085.12
2013-09-01,2013,9,3,6,1,-1.0,-1.8369701987210297e-16,-0.7818314824680299,0.6234898018587334,0,0,-152,1,424,0,0,0,0,6018993.92,6937336.62
2013-09-02,2013,9,3,0,2,-1.0,-1.8369701987210297e-16,0.0,1.0,0,0,-151,1,425,0,1,0,0,5386759.65,5986639.99
2013-09-03,2013,9,3,1,3,-1.0,-1.8369701987210297e-16,0.7818314824680298,0.6234898018587336,0,0,-150,1,426,0,0,0,0,4126941.12,3701795.41
2013-09-04,2013,9,3,2,4,-1.0,-1.8369701987210297e-16,0.9749279121818236,-0.22252093395631434,0,0,-149,1,427,0,0,0,0,5401049.96,4808183.3
2013-09-05,2013,9,3,3,5,-1.0,-1.8369701987210297e-16,0.43388373911755823,-0.900968867902419,0,0,-148,1,428,0,0,0,0,3168900.6,2729766.04
2013-09-06,2013,9,3,4,6,-1.0,-1.8369701987210297e-16,-0.433883739117558,-0.9009688679024191,0,0,-147,1,429,0,0,0,0,2705040.33,2367475.06
2013-09-07,2013,9,3,5,7,-1.0,-1.8369701987210297e-16,-0.9749279121818236,-0.2225209339563146,0,0,-146,1,430,0,0,0,0,2468479.29,2187848.67
2013-09-08,2013,9,3,6,8,-1.0,-1.8369701987210297e-16,-0.7818314824680299,0.6234898018587334,0,0,-145,1,431,0,0,0,0,3056823.21,2611808.27
2013-09-09,2013,9,3,0,9,-1.0,-1.8369701987210297e-16,0.0,1.0,0,0,-144,1,432,0,0,0,0,3771227.87,3399993.99
2013-09-10,2013,9,3,1,10,-1.0,-1.8369701987210297e-16,0.7818314824680298,0.6234898018587336,0,0,-143,1,433,0,0,0,0,5357130.97,4737093.81
2013-09-11,2013,9,3,2,11,-1.0,-1.8369701987210297e-16,0.9749279121818236,-0.22252093395631434,0,0,-142,1,434,0,0,0,0,4636476.74,4075727.91
2013-09-12,2013,9,3,3,12,-1.0,-1.8369701987210297e-16,0.43388373911755823,-0.900968867902419,0,0,-141,1,435,0,0,0,0,3865949.23,3502787.78
2013-09-13,2013,9,3,4,13,-1.0,-1.8369701987210297e-16,-0.433883739117558,-0.9009688679024191,0,0,-140,1,436,0,0,0,0,3034568.95,2783517.1
2013-09-14,2013,9,3,5,14,-1.0,-1.8369701987210297e-16,-0.9749279121818236,-0.2225209339563146,0,0,-139,1,437,0,0,0,0,3664631.38,3289032.18
2013-09-15,2013,9,3,6,15,-1.0,-1.8369701987210297e-16,-0.7818314824680299,0.6234898018587334,0,0,-138,1,438,0,0,0,0,3078369.62,2753095.6
2013-09-16,2013,9,3,0,16,-1.0,-1.8369701987210297e-16,0.0,1.0,0,0,-137,1,439,0,0,0,0,3927167.34,3489729.16
2013-09-17,2013,9,3,1,17,-1.0,-1.8369701987210297e-16,0.7818314824680298,0.6234898018587336,0,0,-136,1,440,0,0,0,0,5410121.46,4728526.43
2013-09-18,2013,9,3,2,18,-1.0,-1.8369701987210297e-16,0.9749279121818236,-0.22252093395631434,0,0,-135,1,441,0,0,0,0,4460453.69,3992756.75
2013-09-19,2013,9,3,3,19,-1.0,-1.8369701987210297e-16,0.43388373911755823,-0.900968867902419,0,0,-134,1,442,0,0,0,0,2995364.48,2599191.98
2013-09-20,2013,9,3,4,20,-1.0,-1.8369701987210297e-16,-0.433883739117558,-0.9009688679024191,0,0,-133,1,443,0,0,0,0,3316913.08,3045593.87
2013-09-21,2013,9,3,5,21,-1.0,-1.8369701987210297e-16,-0.9749279121818236,-0.2225209339563146,0,0,-132,1,444,0,0,0,0,3799564.88,3399323.86
2013-09-22,2013,9,3,6,22,-1.0,-1.8369701987210297e-16,-0.7818314824680299,0.6234898018587334,0,0,-131,1,445,0,0,0,0,3243304.2,2980813.06
2013-09-23,2013,9,3,0,23,-1.0,-1.8369701987210297e-16,0.0,1.0,0,0,-130,1,446,0,0,0,0,4426354.9,3977701.82
2013-09-24,2013,9,3,1,24,-1.0,-1.8369701987210297e-16,0.7818314824680298,0.6234898018587336,0,0,-129,1,447,0,0,0,0,4673257.46,4051335.39
2013-09-25,2013,9,3,2,25,-1.0,-1.8369701987210297e-16,0.9749279121818236,-0.22252093395631434,0,0,-128,1,448,0,0,0,0,4851490.55,4336304.71
2013-09-26,2013,9,3,3,26,-1.0,-1.8369701987210297e-16,0.43388373911755823,-0.900968867902419,0,0,-127,1,449,0,0,0,0,4120039.5,3761711.17
2013-09-27,2013,9,3,4,27,-1.0,-1.8369701987210297e-16,-0.433883739117558,-0.9009688679024191,0,0,-126,1,450,0,0,0,0,4676571.41,4202205.54
2013-09-28,2013,9,3,5,28,-1.0,-1.8369701987210297e-16,-0.9749279121818236,-0.2225209339563146,0,0,-125,1,451,0,0,0,0,7035889.97,6246182.51
2013-09-29,2013,9,3,6,29,-1.0,-1.8369701987210297e-16,-0.7818314824680299,0.6234898018587334,0,0,-124,1,452,0,0,0,0,5087376.98,4359895.07
2013-09-30,2013,9,3,0,30,-1.0,-1.8369701987210297e-16,0.0,1.0,0,0,-123,1,453,0,0,0,0,5768935.23,5117966.77
2013-10-01,2013,10,4,1,1,-0.8660254037844386,0.5000000000000001,0.7818314824680298,0.6234898018587336,0,0,-122,0,454,0,0,0,0,5389130.81,4591599.54
2013-10-02,2013,10,4,2,2,-0.8660254037844386,0.5000000000000001,0.9749279121818236,-0.22252093395631434,0,0,-121,0,455,0,0,0,0,5393969.29,4651419.05
2013-10-03,2013,10,4,3,3,-0.8660254037844386,0.5000000000000001,0.43388373911755823,-0.900968867902419,0,0,-120,0,456,0,0,0,0,2026611.74,1672946.51
2013-10-04,2013,10,4,4,4,-0.8660254037844386,0.5000000000000001,-0.433883739117558,-0.9009688679024191,0,0,-119,0,457,0,0,0,0,2912944.43,2284930.64
2013-10-05,2013,10,4,5,5,-0.8660254037844386,0.5000000000000001,-0.9749279121818236,-0.2225209339563146,0,0,-118,0,458,0,0,0,0,2463961.82,1952842.64
2013-10-06,2013,10,4,6,6,-0.8660254037844386,0.5000000000000001,-0.7818314824680299,0.6234898018587334,0,0,-117,0,459,0,0,0,0,2875234.12,2170808.86
2013-10-07,2013,10,4,0,7,-0.8660254037844386,0.5000000000000001,0.0,1.0,0,0,-116,0,460,0,0,0,0,2084519.3,1674894.34
2013-10-08,2013,10,4,1,8,-0.8660254037844386,0.5000000000000001,0.7818314824680298,0.6234898018587336,0,0,-115,0,461,0,0,0,0,2982770.86,2404722.52
2013-10-09,2013,10,4,2,9,-0.8660254037844386,0.5000000000000001,0.9749279121818236,-0.22252093395631434,0,0,-114,0,462,0,0,0,0,3524600.98,2822967.5
2013-10-10,2013,10,4,3,10,-0.8660254037844386,0.5000000000000001,0.43388373911755823,-0.900968867902419,0,0,-113,0,463,0,0,0,0,4018321.34,3267316.51
2013-10-11,2013,10,4,4,11,-0.8660254037844386,0.5000000000000001,-0.433883739117558,-0.9009688679024191,0,0,-112,0,464,0,0,0,0,1938342.36,1556262.82
2013-10-12,2013,10,4,5,12,-0.8660254037844386,0.5000000000000001,-0.9749279121818236,-0.2225209339563146,0,0,-111,0,465,0,0,0,0,3170838.37,2562812.71
2013-10-13,2013,10,4,6,13,-0.8660254037844386,0.5000000000000001,-0.7818314824680299,0.6234898018587334,0,0,-110,0,466,0,0,0,0,3719451.39,2946745.46
2013-10-14,2013,10,4,0,14,-0.8660254037844386,0.5000000000000001,0.0,1.0,0,0,-109,0,467,0,0,0,0,3097590.81,2398025.79
2013-10-15,2013,10,4,1,15,-0.8660254037844386,0.5000000000000001,0.7818314824680298,0.6234898018587336,0,0,-108,0,468,0,0,0,0,4062456.23,3281418.54
2013-10-16,2013,10,4,2,16,-0.8660254037844386,0.5000000000000001,0.9749279121818236,-0.22252093395631434,0,0,-107,0,469,0,0,0,0,4801027.51,3944302.72
2013-10-17,2013,10,4,3,17,-0.8660254037844386,0.5000000000000001,0.43388373911755823,-0.900968867902419,0,0,-106,0,470,0,0,0,0,3348412.32,2713865.33
2013-10-18,2013,10,4,4,18,-0.8660254037844386,0.5000000000000001,-0.433883739117558,-0.9009688679024191,0,0,-105,0,471,0,0,0,0,3238854.55,2560313.88
2013-10-19,2013,10,4,5,19,-0.8660254037844386,0.5000000000000001,-0.9749279121818236,-0.2225209339563146,0,0,-104,0,472,0,0,0,0,3376648.2,2769325.22
2013-10-20,2013,10,4,6,20,-0.8660254037844386,0.5000000000000001,-0.7818314824680299,0.6234898018587334,0,0,-103,0,473,0,0,0,0,2888479.98,2302148.44
2013-10-21,2013,10,4,0,21,-0.8660254037844386,0.5000000000000001,0.0,1.0,0,0,-102,0,474,0,0,0,0,3409990.75,2751364.44
2013-10-22,2013,10,4,1,22,-0.8660254037844386,0.5000000000000001,0.7818314824680298,0.6234898018587336,0,0,-101,0,475,0,0,0,0,3932052.89,3189287.97
2013-10-23,2013,10,4,2,23,-0.8660254037844386,0.5000000000000001,0.9749279121818236,-0.22252093395631434,0,0,-100,0,476,0,0,0,0,4895108.72,3861527.06
2013-10-24,2013,10,4,3,24,-0.8660254037844386,0.5000000000000001,0.43388373911755823,-0.900968867902419,0,0,-99,0,477,0,0,0,0,4333852.18,3403031.49
2013-10-25,2013,10,4,4,25,-0.8660254037844386,0.5000000000000001,-0.433883739117558,-0.9009688679024191,0,0,-98,0,478,0,0,0,0,3503713.92,2743366.59
2013-10-26,2013,10,4,5,26,-0.8660254037844386,0.5000000000000001,-0.9749279121818236,-0.2225209339563146,0,0,-97,0,479,0,0,0,0,2923604.47,2331573.03
2013-10-27,2013,10,4,6,27,-0.8660254037844386,0.5000000000000001,-0.7818314824680299,0.6234898018587334,0,0,-96,0,480,0,0,0,0,2949737.88,2365410.99
2013-10-28,2013,10,4,0,28,-0.8660254037844386,0.5000000000000001,0.0,1.0,0,0,-95,0,481,0,0,0,0,3235799.73,2588267.2
2013-10-29,2013,10,4,1,29,-0.8660254037844386,0.5000000000000001,0.7818314824680298,0.6234898018587336,0,0,-94,0,482,0,0,0,0,5981959.98,4833162.34
2013-10-30,2013,10,4,2,30,-0.8660254037844386,0.5000000000000001,0.9749279121818236,-0.22252093395631434,0,0,-93,0,483,0,0,0,0,6960811.52,5563340.73
2013-10-31,2013,10,4,3,31,-0.8660254037844386,0.5000000000000001,0.43388373911755823,-0.900968867902419,0,0,-92,0,484,0,0,0,0,5649038.29,4525813.51
2013-11-01,2013,11,4,4,1,-0.5000000000000004,0.8660254037844384,-0.433883739117558,-0.9009688679024191,0,0,-91,1,485,0,0,0,0,4823330.61,3780905.84
2013-11-02,2013,11,4,5,2,-0.5000000000000004,0.8660254037844384,-0.9749279121818236,-0.2225209339563146,0,0,-90,1,486,0,0,0,0,4871579.51,3874376.58
2013-11-03,2013,11,4,6,3,-0.5000000000000004,0.8660254037844384,-0.7818314824680299,0.6234898018587334,0,0,-89,1,487,0,0,0,0,2310551.56,1894570.42
2013-11-04,2013,11,4,0,4,-0.5000000000000004,0.8660254037844384,0.0,1.0,0,0,-88,1,488,0,0,0,0,2638652.15,2128739.96
2013-11-05,2013,11,4,1,5,-0.5000000000000004,0.8660254037844384,0.7818314824680298,0.6234898018587336,0,0,-87,1,489,0,0,0,0,3529966.51,2818098.89
2013-11-06,2013,11,4,2,6,-0.5000000000000004,0.8660254037844384,0.9749279121818236,-0.22252093395631434,0,0,-86,1,490,0,0,0,0,2440647.75,1890461.99
2013-11-07,2013,11,4,3,7,-0.5000000000000004,0.8660254037844384,0.43388373911755823,-0.900968867902419,0,0,-85,1,491,0,0,0,0,2145217.46,1755584.37
2013-11-08,2013,11,4,4,8,-0.5000000000000004,0.8660254037844384,-0.433883739117558,-0.9009688679024191,0,0,-84,1,492,0,0,0,0,2200221.02,1790704.8
2013-11-09,2013,11,4,5,9,-0.5000000000000004,0.8660254037844384,-0.9749279121818236,-0.2225209339563146,0,0,-83,1,493,0,0,0,0,2018930.67,1594615.53
2013-11-10,2013,11,4,6,10,-0.5000000000000004,0.8660254037844384,-0.7818314824680299,0.6234898018587334,0,0,-82,1,494,0,0,0,0,2722218.97,2099682.78
2013-11-11,2013,11,4,0,11,-0.5000000000000004,0.8660254037844384,0.0,1.0,0,0,-81,1,495,0,0,0,0,3495969.18,2676318.51
2013-11-12,2013,11,4,1,12,-0.5000000000000004,0.8660254037844384,0.7818314824680298,0.6234898018587336,0,0,-80,1,496,0,0,0,0,5162437.56,3979066.87
2013-11-13,2013,11,4,2,13,-0.5000000000000004,0.8660254037844384,0.9749279121818236,-0.22252093395631434,0,0,-79,1,497,0,0,0,0,4681263.25,3622930.35
2013-11-14,2013,11,4,3,14,-0.5000000000000004,0.8660254037844384,0.43388373911755823,-0.900968867902419,0,0,-78,1,498,0,0,0,0,3118904.74,2460188.52
2013-11-15,2013,11,4,4,15,-0.5000000000000004,0.8660254037844384,-0.433883739117558,-0.9009688679024191,0,0,-77,1,499,0,0,0,0,3370811.62,2719077.99
2013-11-16,2013,11,4,5,16,-0.5000000000000004,0.8660254037844384,-0.9749279121818236,-0.2225209339563146,0,0,-76,1,500,0,0,0,0,3365890.12,2733920.22
2013-11-17,2013,11,4,6,17,-0.5000000000000004,0.8660254037844384,-0.7818314824680299,0.6234898018587334,0,0,-75,1,501,0,0,0,0,2416530.15,1906202.04
2013-11-18,2013,11,4,0,18,-0.5000000000000004,0.8660254037844384,0.0,1.0,0,0,-74,1,502,0,0,0,0,2109164.6,1778409.36
2013-11-19,2013,11,4,1,19,-0.5000000000000004,0.8660254037844384,0.7818314824680298,0.6234898018587336,0,0,-73,1,503,0,0,0,0,3237660.32,2746026.34
2013-11-20,2013,11,4,2,20,-0.5000000000000004,0.8660254037844384,0.9749279121818236,-0.22252093395631434,0,0,-72,1,504,0,0,0,0,3321114.32,2983892.23
2013-11-21,2013,11,4,3,21,-0.5000000000000004,0.8660254037844384,0.43388373911755823,-0.900968867902419,0,0,-71,1,505,0,0,0,0,2595234.4,2362389.95
2013-11-22,2013,11,4,4,22,-0.5000000000000004,0.8660254037844384,-0.433883739117558,-0.9009688679024191,0,0,-70,1,506,0,0,0,0,2550262.64,2542345.82
2013-11-23,2013,11,4,5,23,-0.5000000000000004,0.8660254037844384,-0.9749279121818236,-0.2225209339563146,0,0,-69,1,507,0,0,0,0,2054330.57,2011741.48
2013-11-24,2013,11,4,6,24,-0.5000000000000004,0.8660254037844384,-0.7818314824680299,0.6234898018587334,0,0,-68,1,508,0,0,0,0,2519706.85,2537974.67
2013-11-25,2013,11,4,0,25,-0.5000000000000004,0.8660254037844384,0.0,1.0,0,0,-67,1,509,0,0,0,0,2406331.38,2358037.25
2013-11-26,2013,11,4,1,26,-0.5000000000000004,0.8660254037844384,0.7818314824680298,0.6234898018587336,0,0,-66,1,510,0,0,0,0,3107204.99,3083734.78
2013-11-27,2013,11,4,2,27,-0.5000000000000004,0.8660254037844384,0.9749279121818236,-0.22252093395631434,0,0,-65,1,511,0,0,0,0,3123410.59,3027393.58
2013-11-28,2013,11,4,3,28,-0.5000000000000004,0.8660254037844384,0.43388373911755823,-0.900968867902419,0,0,-64,1,512,0,0,0,0,3580033.44,3514991.8
2013-11-29,2013,11,4,4,29,-0.5000000000000004,0.8660254037844384,-0.433883739117558,-0.9009688679024191,0,0,-63,1,513,0,0,0,0,1768057.43,1773822.57
2013-11-30,2013,11,4,5,30,-0.5000000000000004,0.8660254037844384,-0.9749279121818236,-0.2225209339563146,0,0,-62,1,514,0,0,0,0,2685677.46,2672025.29
2013-12-01,2013,12,4,6,1,-2.4492935982947064e-16,1.0,-0.7818314824680299,0.6234898018587334,0,0,-61,1,515,0,0,0,0,2391698.09,2420438.06
2013-12-02,2013,12,4,0,2,-2.4492935982947064e-16,1.0,0.0,1.0,0,0,-60,1,516,0,0,0,0,2263746.75,2226485.61
2013-12-03,2013,12,4,1,3,-2.4492935982947064e-16,1.0,0.7818314824680298,0.6234898018587336,0,0,-59,1,517,0,0,0,0,1933337.47,1904782.57
2013-12-04,2013,12,4,2,4,-2.4492935982947064e-16,1.0,0.9749279121818236,-0.22252093395631434,0,0,-58,1,518,0,0,0,0,2924599.17,2877557.67
2013-12-05,2013,12,4,3,5,-2.4492935982947064e-16,1.0,0.43388373911755823,-0.900968867902419,0,0,-57,1,519,0,0,0,0,2231578.75,2246889.53
2013-12-06,2013,12,4,4,6,-2.4492935982947064e-16,1.0,-0.433883739117558,-0.9009688679024191,0,0,-56,1,520,0,0,0,0,1718341.54,1744505.5
2013-12-07,2013,12,4,5,7,-2.4492935982947064e-16,1.0,-0.9749279121818236,-0.2225209339563146,0,0,-55,1,521,0,0,0,0,1444180.43,1408359.66
2013-12-08,2013,12,4,6,8,-2.4492935982947064e-16,1.0,-0.7818314824680299,0.6234898018587334,0,0,-54,1,522,0,0,0,0,1714762.98,1677034.75
2013-12-09,2013,12,4,0,9,-2.4492935982947064e-16,1.0,0.0,1.0,0,0,-53,1,523,0,0,0,0,1959405.6,1928205.78
2013-12-10,2013,12,4,1,10,-2.4492935982947064e-16,1.0,0.7818314824680298,0.6234898018587336,0,0,-52,1,524,0,0,0,0,2256213.74,2198430.55
2013-12-11,2013,12,4,2,11,-2.4492935982947064e-16,1.0,0.9749279121818236,-0.22252093395631434,0,0,-51,1,525,0,0,0,0,3016597.65,3024225.14
2013-12-12,2013,12,4,3,12,-2.4492935982947064e-16,1.0,0.43388373911755823,-0.900968867902419,0,0,-50,1,526,0,0,0,0,2988571.87,2946591.17
2013-12-13,2013,12,4,4,13,-2.4492935982947064e-16,1.0,-0.433883739117558,-0.9009688679024191,0,0,-49,1,527,0,0,0,0,2131538.29,2083673.81
2013-12-14,2013,12,4,5,14,-2.4492935982947064e-16,1.0,-0.9749279121818236,-0.2225209339563146,0,0,-48,1,528,0,0,0,0,2245758.87,2305729.18
2013-12-15,2013,12,4,6,15,-2.4492935982947064e-16,1.0,-0.7818314824680299,0.6234898018587334,0,0,-47,1,529,0,0,0,0,2154695.59,2095032.07
2013-12-16,2013,12,4,0,16,-2.4492935982947064e-16,1.0,0.0,1.0,0,0,-46,1,530,0,0,0,0,2694197.04,2720062.14
2013-12-17,2013,12,4,1,17,-2.4492935982947064e-16,1.0,0.7818314824680298,0.6234898018587336,0,0,-45,1,531,0,0,0,0,3167410.81,3021649.06
2013-12-18,2013,12,4,2,18,-2.4492935982947064e-16,1.0,0.9749279121818236,-0.22252093395631434,0,0,-44,1,532,0,0,0,0,3189533.36,3219583.56
2013-12-19,2013,12,4,3,19,-2.4492935982947064e-16,1.0,0.43388373911755823,-0.900968867902419,0,0,-43,1,533,0,0,0,0,3062553.19,2981811.67
2013-12-20,2013,12,4,4,20,-2.4492935982947064e-16,1.0,-0.433883739117558,-0.9009688679024191,0,0,-42,1,534,0,0,0,0,2500743.7,2516358.41
2013-12-21,2013,12,4,5,21,-2.4492935982947064e-16,1.0,-0.9749279121818236,-0.2225209339563146,0,0,-41,1,535,0,0,0,0,3213344.27,3159953.94
2013-12-22,2013,12,4,6,22,-2.4492935982947064e-16,1.0,-0.7818314824680299,0.6234898018587334,0,0,-40,1,536,0,0,0,0,3476225.97,3458589.82
2013-12-23,2013,12,4,0,23,-2.4492935982947064e-16,1.0,0.0,1.0,0,0,-39,1,537,0,0,0,0,2932660.62,2856672.71
2013-12-24,2013,12,4,1,24,-2.4492935982947064e-16,1.0,0.7818314824680298,0.6234898018587336,0,0,-38,1,538,0,0,0,0,2629786.52,2542278.8
2013-12-25,2013,12,4,2,25,-2.4492935982947064e-16,1.0,0.9749279121818236,-0.22252093395631434,0,0,-37,1,539,0,0,1,0,3807864.44,3711704.9
2013-12-26,2013,12,4,3,26,-2.4492935982947064e-16,1.0,0.43388373911755823,-0.900968867902419,0,0,-36,1,540,0,0,0,0,3278628.42,3269160.78
2013-12-27,2013,12,4,4,27,-2.4492935982947064e-16,1.0,-0.433883739117558,-0.9009688679024191,0,0,-35,1,541,0,0,0,0,1853472.36,1854636.14
2013-12-28,2013,12,4,5,28,-2.4492935982947064e-16,1.0,-0.9749279121818236,-0.2225209339563146,0,0,-34,1,542,0,0,0,0,3547336.16,3487806.62
2013-12-29,2013,12,4,6,29,-2.4492935982947064e-16,1.0,-0.7818314824680299,0.6234898018587334,0,0,-33,1,543,0,0,0,0,6516622.75,6506519.56
2013-12-30,2013,12,4,0,30,-2.4492935982947064e-16,1.0,0.0,1.0,0,0,-32,1,544,0,0,0,0,5792994.45,5695206.04
2013-12-31,2013,12,4,1,31,-2.4492935982947064e-16,1.0,0.7818314824680298,0.6234898018587336,0,0,-31,1,545,0,0,0,0,6247467.59,6080338.22
2014-01-01,2014,1,1,2,1,0.49999999999999994,0.8660254037844387,0.9749279121818236,-0.22252093395631434,0,0,-30,0,546,0,0,0,0,5743739.48,5563113.31
2014-01-02,2014,1,1,3,2,0.49999999999999994,0.8660254037844387,0.43388373911755823,-0.900968867902419,0,0,-29,0,547,0,0,0,0,3787850.5,3666330.68
2014-01-03,2014,1,1,4,3,0.49999999999999994,0.8660254037844387,-0.433883739117558,-0.9009688679024191,0,0,-28,0,548,0,0,0,0,2354832.6,1871645.41
2014-01-04,2014,1,1,5,4,0.49999999999999994,0.8660254037844387,-0.9749279121818236,-0.2225209339563146,0,0,-27,0,549,0,0,0,0,2243604.06,1747621.88
2014-01-05,2014,1,1,6,5,0.49999999999999994,0.8660254037844387,-0.7818314824680299,0.6234898018587334,0,0,-26,0,550,0,0,0,0,2361866.5,1851453.14
2014-01-06,2014,1,1,0,6,0.49999999999999994,0.8660254037844387,0.0,1.0,0,0,-25,0,551,0,0,0,0,2639202.87,2146455.69
2014-01-07,2014,1,1,1,7,0.49999999999999994,0.8660254037844387,0.7818314824680298,0.6234898018587336,0,0,-24,0,552,0,0,0,0,3437125.39,2809411.95
2014-01-08,2014,1,1,2,8,0.49999999999999994,0.8660254037844387,0.9749279121818236,-0.22252093395631434,0,0,-23,0,553,0,0,0,0,2250519.73,1808614.16
2014-01-09,2014,1,1,3,9,0.49999999999999994,0.8660254037844387,0.43388373911755823,-0.900968867902419,0,0,-22,0,554,0,0,0,0,2214274.18,1884156.18
2014-01-10,2014,1,1,4,10,0.49999999999999994,0.8660254037844387,-0.433883739117558,-0.9009688679024191,0,0,-21,0,555,0,0,0,0,1886360.71,1560748.05
2014-01-11,2014,1,1,5,11,0.49999999999999994,0.8660254037844387,-0.9749279121818236,-0.2225209339563146,0,0,-20,0,556,0,0,0,0,2550841.93,2031865.95
2014-01-12,2014,1,1,6,12,0.49999999999999994,0.8660254037844387,-0.7818314824680299,0.6234898018587334,0,0,-19,0,557,0,0,0,0,2172729.29,1773388.32
2014-01-13,2014,1,1,0,13,0.49999999999999994,0.8660254037844387,0.0,1.0,0,0,-18,0,558,0,0,0,0,2467719.52,1991302.84
2014-01-14,2014,1,1,1,14,0.49999999999999994,0.8660254037844387,0.7818314824680298,0.6234898018587336,0,0,-17,0,559,0,0,0,0,3356963.59,2731972.75
2014-01-15,2014,1,1,2,15,0.49999999999999994,0.8660254037844387,0.9749279121818236,-0.22252093395631434,0,0,-16,0,560,0,0,0,0,3637788.72,2842296.43
2014-01-16,2014,1,1,3,16,0.49999999999999994,0.8660254037844387,0.43388373911755823,-0.900968867902419,0,0,-15,0,561,0,0,0,0,2005770.41,1635446.76
2014-01-17,2014,1,1,4,17,0.49999999999999994,0.8660254037844387,-0.433883739117558,-0.9009688679024191,0,0,-14,0,562,0,0,0,0,2464459.86,2002144.2
2014-01-18,2014,1,1,5,18,0.49999999999999994,0.8660254037844387,-0.9749279121818236,-0.2225209339563146,0,0,-13,0,563,0,0,0,0,1718246.3,1332157.65
2014-01-19,2014,1,1,6,19,0.49999999999999994,0.8660254037844387,-0.7818314824680299,0.6234898018587334,0,0,-12,0,564,0,0,0,0,2453121.94,1918965.99
2014-01-20,2014,1,1,0,20,0.49999999999999994,0.8660254037844387,0.0,1.0,0,0,-11,0,565,0,0,0,0,3133739.97,2422846.03
2014-01-21,2014,1,1,1,21,0.49999999999999994,0.8660254037844387,0.7818314824680298,0.6234898018587336,0,0,-10,0,566,0,0,0,0,3590697.9,2848601.86
2014-01-22,2014,1,1,2,22,0.49999999999999994,0.8660254037844387,0.9749279121818236,-0.22252093395631434,0,0,-9,0,567,0,0,0,0,3244854.06,2563525.38
2014-01-23,2014,1,1,3,23,0.49999999999999994,0.8660254037844387,0.43388373911755823,-0.900968867902419,0,0,-8,0,568,0,0,0,0,3187811.81,2528375.63
2014-01-24,2014,1,1,4,24,0.49999999999999994,0.8660254037844387,-0.433883739117558,-0.9009688679024191,0,0,-7,0,569,0,0,0,0,1812010.8,1397879.36
2014-01-25,2014,1,1,5,25,0.49999999999999994,0.8660254037844387,-0.9749279121818236,-0.2225209339563146,0,0,-6,0,570,0,0,0,0,2221742.74,1777122.99
2014-01-26,2014,1,1,6,26,0.49999999999999994,0.8660254037844387,-0.7818314824680299,0.6234898018587334,0,0,-5,0,571,0,0,0,0,2002533.83,1553846.68
2014-01-27,2014,1,1,0,27,0.49999999999999994,0.8660254037844387,0.0,1.0,0,0,-4,0,572,0,0,0,0,2983790.31,2360438.19
2014-01-28,2014,1,1,1,28,0.49999999999999994,0.8660254037844387,0.7818314824680298,0.6234898018587336,0,0,-3,0,573,0,0,0,0,5411096.61,4320849.3
2014-01-29,2014,1,1,2,29,0.49999999999999994,0.8660254037844387,0.9749279121818236,-0.22252093395631434,0,0,-2,0,574,0,0,0,0,4892083.36,3928929.64
2014-01-30,2014,1,1,3,30,0.49999999999999994,0.8660254037844387,0.43388373911755823,-0.900968867902419,0,0,-1,0,575,0,0,0,0,3844256.32,3007196.76
2014-01-31,2014,1,1,4,31,0.49999999999999994,0.8660254037844387,-0.433883739117558,-0.9009688679024191,0,0,0,0,576,0,0,0,0,3732079.59,2938223.15
2014-02-01,2014,2,1,5,1,0.8660254037844386,0.5000000000000001,-0.9749279121818236,-0.2225209339563146,0,0,1,0,577,0,0,0,0,3825094.63,3049434.19
2014-02-02,2014,2,1,6,2,0.8660254037844386,0.5000000000000001,-0.7818314824680299,0.6234898018587334,0,0,2,0,578,0,0,0,0,2382294.19,1885054.33
2014-02-03,2014,2,1,0,3,0.8660254037844386,0.5000000000000001,0.0,1.0,0,0,3,0,579,0,0,0,0,2051412.93,1563684.31
2014-02-04,2014,2,1,1,4,0.8660254037844386,0.5000000000000001,0.7818314824680298,0.6234898018587336,0,0,4,0,580,0,0,0,0,2787111.54,2197609.21
2014-02-05,2014,2,1,2,5,0.8660254037844386,0.5000000000000001,0.9749279121818236,-0.22252093395631434,0,0,5,0,581,0,0,0,0,2599325.56,2019260.92
2014-02-06,2014,2,1,3,6,0.8660254037844386,0.5000000000000001,0.43388373911755823,-0.900968867902419,0,0,6,0,582,0,0,0,0,2415914.42,1966150.9
2014-02-07,2014,2,1,4,7,0.8660254037844386,0.5000000000000001,-0.433883739117558,-0.9009688679024191,0,0,7,0,583,0,0,0,0,3381887.13,2654650.93
2014-02-08,2014,2,1,5,8,0.8660254037844386,0.5000000000000001,-0.9749279121818236,-0.2225209339563146,0,0,8,0,584,0,0,0,0,2907660.51,2328115.15
2014-02-09,2014,2,1,6,9,0.8660254037844386,0.5000000000000001,-0.7818314824680299,0.6234898018587334,0,0,9,0,585,0,0,0,0,2947940.87,2410207.36
2014-02-10,2014,2,1,0,10,0.8660254037844386,0.5000000000000001,0.0,1.0,0,0,10,0,586,0,0,0,0,3705563.44,2772562.54
2014-02-11,2014,2,1,1,11,0.8660254037844386,0.5000000000000001,0.7818314824680298,0.6234898018587336,0,0,11,0,587,0,0,0,0,4637151.61,3649526.8
2014-02-12,2014,2,1,2,12,0.8660254037844386,0.5000000000000001,0.9749279121818236,-0.22252093395631434,0,0,12,0,588,0,0,0,0,3457342.17,2728834.4
2014-02-13,2014,2,1,3,13,0.8660254037844386,0.5000000000000001,0.43388373911755823,-0.900968867902419,0,0,13,0,589,0,0,0,0,3190217.92,2601375.48
2014-02-14,2014,2,1,4,14,0.8660254037844386,0.5000000000000001,-0.433883739117558,-0.9009688679024191,0,0,14,0,590,0,0,0,0,2632487.0,2058838.35
2014-02-15,2014,2,1,5,15,0.8660254037844386,0.5000000000000001,-0.9749279121818236,-0.2225209339563146,0,0,15,0,591,0,0,0,0,2873057.42,2155414.19
2014-02-16,2014,2,1,6,16,0.8660254037844386,0.5000000000000001,-0.7818314824680299,0.6234898018587334,0,0,16,0,592,0,0,0,0,3990264.22,3220526.51
2014-02-17,2014,2,1,0,17,0.8660254037844386,0.5000000000000001,0.0,1.0,0,0,17,0,593,0,0,0,0,3757742.25,3005221.34
2014-02-18,2014,2,1,1,18,0.8660254037844386,0.5000000000000001,0.7818314824680298,0.6234898018587336,0,0,18,0,594,0,0,0,0,4902775.35,3900047.01
2014-02-19,2014,2,1,2,19,0.8660254037844386,0.5000000000000001,0.9749279121818236,-0.22252093395631434,0,0,19,0,595,0,0,0,0,4469573.84,3530912.16
2014-02-20,2014,2,1,3,20,0.8660254037844386,0.5000000000000001,0.43388373911755823,-0.900968867902419,0,0,20,0,596,0,0,0,0,3050037.65,2452045.97
2014-02-21,2014,2,1,4,21,0.8660254037844386,0.5000000000000001,-0.433883739117558,-0.9009688679024191,0,0,21,0,597,0,0,0,0,3394380.68,2732646.22
2014-02-22,2014,2,1,5,22,0.8660254037844386,0.5000000000000001,-0.9749279121818236,-0.2225209339563146,0,0,22,0,598,0,0,0,0,4262143.74,3402076.06
2014-02-23,2014,2,1,6,23,0.8660254037844386,0.5000000000000001,-0.7818314824680299,0.6234898018587334,0,0,23,0,599,0,0,0,0,3997442.72,3186343.91
2014-02-24,2014,2,1,0,24,0.8660254037844386,0.5000000000000001,0.0,1.0,0,0,24,0,600,0,0,0,0,4743111.4,3834496.32
2014-02-25,2014,2,1,1,25,0.8660254037844386,0.5000000000000001,0.7818314824680298,0.6234898018587336,0,0,25,0,601,0,0,0,0,6869199.08,5572490.58
2014-02-26,2014,2,1,2,26,0.8660254037844386,0.5000000000000001,0.9749279121818236,-0.22252093395631434,0,0,26,0,602,0,0,0,0,7766238.39,6157127.45
2014-02-27,2014,2,1,3,27,0.8660254037844386,0.5000000000000001,0.43388373911755823,-0.900968867902419,0,0,27,0,603,0,0,0,0,5932389.78,4717814.02
2014-02-28,2014,2,1,4,28,0.8660254037844386,0.5000000000000001,-0.433883739117558,-0.9009688679024191,0,0,28,0,604,0,0,0,0,5511196.67,4511480.57
2014-03-01,2014,3,1,5,1,1.0,6.123233995736766e-17,-0.9749279121818236,-0.2225209339563146,0,0,29,0,605,0,0,0,0,4400079.49,3611872.46
2014-03-02,2014,3,1,6,2,1.0,6.123233995736766e-17,-0.7818314824680299,0.6234898018587334,0,0,30,0,606,0,0,0,0,4943352.33,3968450.0
2014-03-03,2014,3,1,0,3,1.0,6.123233995736766e-17,0.0,1.0,0,0,31,0,607,0,0,0,0,3637156.46,2881941.03
2014-03-04,2014,3,1,1,4,1.0,6.123233995736766e-17,0.7818314824680298,0.6234898018587336,0,0,32,0,608,0,0,0,0,4742209.79,3846248.96
2014-03-05,2014,3,1,2,5,1.0,6.123233995736766e-17,0.9749279121818236,-0.22252093395631434,0,0,33,0,609,0,0,0,0,5310211.41,4366670.54
2014-03-06,2014,3,1,3,6,1.0,6.123233995736766e-17,0.43388373911755823,-0.900968867902419,0,0,34,0,610,0,0,0,0,5506734.13,4454685.13
2014-03-07,2014,3,1,4,7,1.0,6.123233995736766e-17,-0.433883739117558,-0.9009688679024191,0,0,35,0,611,0,0,0,0,3167820.98,2582186.62
2014-03-08,2014,3,1,5,8,1.0,6.123233995736766e-17,-0.9749279121818236,-0.2225209339563146,0,0,36,0,612,0,0,0,0,3577664.95,2914921.51
2014-03-09,2014,3,1,6,9,1.0,6.123233995736766e-17,-0.7818314824680299,0.6234898018587334,0,0,37,0,613,0,0,0,0,3828277.38,3070464.44
2014-03-10,2014,3,1,0,10,1.0,6.123233995736766e-17,0.0,1.0,0,0,38,0,614,0,0,0,0,4725035.68,3759283.28
2014-03-11,2014,3,1,1,11,1.0,6.123233995736766e-17,0.7818314824680298,0.6234898018587336,0,0,39,0,615,0,0,0,0,5775004.59,4559934.88
2014-03-12,2014,3,1,2,12,1.0,6.123233995736766e-17,0.9749279121818236,-0.22252093395631434,0,0,40,0,616,0,0,0,0,6930320.53,5534691.64
2014-03-13,2014,3,1,3,13,1.0,6.123233995736766e-17,0.43388373911755823,-0.900968867902419,0,0,41,0,617,0,0,0,0,5304893.97,4244468.26
2014-03-14,2014,3,1,4,14,1.0,6.123233995736766e-17,-0.433883739117558,-0.9009688679024191,0,0,42,0,618,0,0,0,0,4544809.4,3647946.39
2014-03-15,2014,3,1,5,15,1.0,6.123233995736766e-17,-0.9749279121818236,-0.2225209339563146,0,0,43,0,619,0,0,0,0,4691387.16,3744464.98
2014-03-16,2014,3,1,6,16,1.0,6.123233995736766e-17,-0.7818314824680299,0.6234898018587334,0,0,44,0,620,0,0,0,0,5553669.8,4426899.92
2014-03-17,2014,3,1,0,17,1.0,6.123233995736766e-17,0.0,1.0,0,0,45,0,621,0,0,0,0,6623777.28,5406586.76
2014-03-18,2014,3,1,1,18,1.0,6.123233995736766e-17,0.7818314824680298,0.6234898018587336,0,0,46,0,622,0,0,0,0,5707570.51,4657479.17
2014-03-19,2014,3,1,2,19,1.0,6.123233995736766e-17,0.9749279121818236,-0.22252093395631434,0,0,47,0,623,0,0,0,0,7282983.0,6147005.74
2014-03-20,2014,3,1,3,20,1.0,6.123233995736766e-17,0.43388373911755823,-0.900968867902419,0,0,48,0,624,0,0,0,0,6459634.76,5394910.61
2014-03-21,2014,3,1,4,21,1.0,6.123233995736766e-17,-0.433883739117558,-0.9009688679024191,0,0,49,0,625,0,0,0,0,4506741.28,3883392.78
2014-03-22,2014,3,1,5,22,1.0,6.123233995736766e-17,-0.9749279121818236,-0.2225209339563146,0,0,50,0,626,0,0,0,0,4682426.76,4390336.24
2014-03-23,2014,3,1,6,23,1.0,6.123233995736766e-17,-0.7818314824680299,0.6234898018587334,0,0,51,0,627,0,0,0,0,5239607.0,4727286.58
2014-03-24,2014,3,1,0,24,1.0,6.123233995736766e-17,0.0,1.0,0,0,52,0,628,0,0,0,0,5516390.06,5135733.73
2014-03-25,2014,3,1,1,25,1.0,6.123233995736766e-17,0.7818314824680298,0.6234898018587336,0,0,53,0,629,0,0,0,0,6858764.17,6248964.6
2014-03-26,2014,3,1,2,26,1.0,6.123233995736766e-17,0.9749279121818236,-0.22252093395631434,0,0,54,0,630,0,0,0,0,7966063.19,7366934.0
2014-03-27,2014,3,1,3,27,1.0,6.123233995736766e-17,0.43388373911755823,-0.900968867902419,0,0,55,0,631,0,0,0,0,8330175.47,7600114.49
2014-03-28,2014,3,1,4,28,1.0,6.123233995736766e-17,-0.433883739117558,-0.9009688679024191,0,0,56,0,632,0,0,0,0,5747360.19,5214181.96
2014-03-29,2014,3,1,5,29,1.0,6.123233995736766e-17,-0.9749279121818236,-0.2225209339563146,0,0,57,0,633,0,0,0,0,6857129.34,6302802.0
2014-03-30,2014,3,1,6,30,1.0,6.123233995736766e-17,-0.7818314824680299,0.6234898018587334,0,0,58,0,634,0,0,0,0,12784107.1,11757805.12
2014-03-31,2014,3,1,0,31,1.0,6.123233995736766e-17,0.0,1.0,0,0,59,0,635,0,0,0,0,12312523.89,11321960.71
2014-04-01,2014,4,2,1,1,0.8660254037844387,-0.49999999999999983,0.7818314824680298,0.6234898018587336,0,0,60,0,636,0,0,0,0,12163891.23,11150883.99
2014-04-02,2014,4,2,2,2,0.8660254037844387,-0.49999999999999983,0.9749279121818236,-0.22252093395631434,0,0,61,0,637,0,0,0,0,13046471.25,11843249.22
2014-04-03,2014,4,2,3,3,0.8660254037844387,-0.49999999999999983,0.43388373911755823,-0.900968867902419,0,0,62,0,638,0,0,0,0,9642469.77,8683847.27
2014-04-04,2014,4,2,4,4,0.8660254037844387,-0.49999999999999983,-0.433883739117558,-0.9009688679024191,0,0,63,0,639,0,0,0,0,3027057.03,2762337.1
2014-04-05,2014,4,2,5,5,0.8660254037844387,-0.49999999999999983,-0.9749279121818236,-0.2225209339563146,0,0,64,0,640,0,0,0,0,4578612.03,4277766.79
2014-04-06,2014,4,2,6,6,0.8660254037844387,-0.49999999999999983,-0.7818314824680299,0.6234898018587334,0,0,65,0,641,0,0,0,0,4749333.13,4416528.48
2014-04-07,2014,4,2,0,7,0.8660254037844387,-0.49999999999999983,0.0,1.0,0,0,66,0,642,0,0,0,0,4614814.59,4275798.75
2014-04-08,2014,4,2,1,8,0.8660254037844387,-0.49999999999999983,0.7818314824680298,0.6234898018587336,0,0,67,0,643,0,0,0,0,6392830.04,5806623.81
2014-04-09,2014,4,2,2,9,0.8660254037844387,-0.49999999999999983,0.9749279121818236,-0.22252093395631434,0,0,68,0,644,0,0,0,0,6139037.72,5584747.6
2014-04-10,2014,4,2,3,10,0.8660254037844387,-0.49999999999999983,0.43388373911755823,-0.900968867902419,0,0,69,0,645,0,0,0,0,5203589.72,4738923.88
2014-04-11,2014,4,2,4,11,0.8660254037844387,-0.49999999999999983,-0.433883739117558,-0.9009688679024191,0,0,70,0,646,0,0,0,0,5105964.56,4552400.07
2014-04-12,2014,4,2,5,12,0.8660254037844387,-0.49999999999999983,-0.9749279121818236,-0.2225209339563146,0,0,71,0,647,0,0,0,0,5687376.75,5248378.46
2014-04-13,2014,4,2,6,13,0.8660254037844387,-0.49999999999999983,-0.7818314824680299,0.6234898018587334,0,0,72,0,648,0,0,0,0,4945405.38,4494711.75
2014-04-14,2014,4,2,0,14,0.8660254037844387,-0.49999999999999983,0.0,1.0,0,0,73,0,649,0,0,0,0,6921493.59,6054527.76
2014-04-15,2014,4,2,1,15,0.8660254037844387,-0.49999999999999983,0.7818314824680298,0.6234898018587336,0,0,74,0,650,0,0,0,0,7871571.71,6776042.49
2014-04-16,2014,4,2,2,16,0.8660254037844387,-0.49999999999999983,0.9749279121818236,-0.22252093395631434,0,0,75,0,651,0,0,0,0,7912857.96,6785359.76
2014-04-17,2014,4,2,3,17,0.8660254037844387,-0.49999999999999983,0.43388373911755823,-0.900968867902419,0,0,76,0,652,0,0,0,0,5557754.18,4737292.06
2014-04-18,2014,4,2,4,18,0.8660254037844387,-0.49999999999999983,-0.433883739117558,-0.9009688679024191,0,0,77,0,653,0,0,0,0,5700339.67,4462371.41
2014-04-19,2014,4,2,5,19,0.8660254037844387,-0.49999999999999983,-0.9749279121818236,-0.2225209339563146,0,0,78,0,654,0,0,0,0,6624958.05,5350753.37
2014-04-20,2014,4,2,6,20,0.8660254037844387,-0.49999999999999983,-0.7818314824680299,0.6234898018587334,0,0,79,0,655,0,0,0,0,6418388.34,5065177.85
2014-04-21,2014,4,2,0,21,0.8660254037844387,-0.49999999999999983,0.0,1.0,0,0,80,0,656,0,0,0,0,8414591.83,6893636.69
2014-04-22,2014,4,2,1,22,0.8660254037844387,-0.49999999999999983,0.7818314824680298,0.6234898018587336,0,0,81,0,657,0,0,0,0,10131097.46,8109722.27
2014-04-23,2014,4,2,2,23,0.8660254037844387,-0.49999999999999983,0.9749279121818236,-0.22252093395631434,0,0,82,0,658,0,0,0,0,8191044.84,6573636.73
2014-04-24,2014,4,2,3,24,0.8660254037844387,-0.49999999999999983,0.43388373911755823,-0.900968867902419,0,0,83,0,659,0,0,0,0,6761050.63,5427294.9
2014-04-25,2014,4,2,4,25,0.8660254037844387,-0.49999999999999983,-0.433883739117558,-0.9009688679024191,0,0,84,0,660,0,0,0,0,7297129.72,5878423.04
2014-04-26,2014,4,2,5,26,0.8660254037844387,-0.49999999999999983,-0.9749279121818236,-0.2225209339563146,0,0,85,0,661,0,0,0,0,7473782.26,5884034.36
2014-04-27,2014,4,2,6,27,0.8660254037844387,-0.49999999999999983,-0.7818314824680299,0.6234898018587334,0,0,86,0,662,0,0,0,0,9019804.81,7060147.55
2014-04-28,2014,4,2,0,28,0.8660254037844387,-0.49999999999999983,0.0,1.0,0,0,87,0,663,0,0,0,0,11814441.72,9367036.91
2014-04-29,2014,4,2,1,29,0.8660254037844387,-0.49999999999999983,0.7818314824680298,0.6234898018587336,0,0,88,0,664,0,0,0,0,17347427.27,13752034.86
2014-04-30,2014,4,2,2,30,0.8660254037844387,-0.49999999999999983,0.9749279121818236,-0.22252093395631434,0,0,89,0,665,1,0,0,0,13811054.06,10868835.13
2014-05-01,2014,5,2,3,1,0.49999999999999994,-0.8660254037844387,0.43388373911755823,-0.900968867902419,0,0,90,0,666,1,0,0,0,13289875.45,10604429.39
2014-05-02,2014,5,2,4,2,0.49999999999999994,-0.8660254037844387,-0.433883739117558,-0.9009688679024191,0,0,91,0,667,0,0,0,0,9037359.63,7277515.81
2014-05-03,2014,5,2,5,3,0.49999999999999994,-0.8660254037844387,-0.9749279121818236,-0.2225209339563146,0,0,92,0,668,0,0,0,0,8214103.42,6577016.62
2014-05-04,2014,5,2,6,4,0.49999999999999994,-0.8660254037844387,-0.7818314824680299,0.6234898018587334,0,0,93,0,669,0,0,0,0,2887053.22,2293661.95
2014-05-05,2014,5,2,0,5,0.49999999999999994,-0.8660254037844387,0.0,1.0,0,0,94,0,670,0,0,0,0,4251113.98,3397014.1
2014-05-06,2014,5,2,1,6,0.49999999999999994,-0.8660254037844387,0.7818314824680298,0.6234898018587336,0,0,95,0,671,0,0,0,0,5130961.6,4130431.51
2014-05-07,2014,5,2,2,7,0.49999999999999994,-0.8660254037844387,0.9749279121818236,-0.22252093395631434,0,0,96,0,672,0,0,0,0,6175024.0,5012292.24
2014-05-08,2014,5,2,3,8,0.49999999999999994,-0.8660254037844387,0.43388373911755823,-0.900968867902419,0,0,97,0,673,0,0,0,0,6845994.59,5424944.1
2014-05-09,2014,5,2,4,9,0.49999999999999994,-0.8660254037844387,-0.433883739117558,-0.9009688679024191,0,0,98,0,674,0,0,0,0,3896896.85,3172234.57
2014-05-10,2014,5,2,5,10,0.49999999999999994,-0.8660254037844387,-0.9749279121818236,-0.2225209339563146,0,0,99,0,675,0,0,0,0,5476367.67,4341371.17
2014-05-11,2014,5,2,6,11,0.49999999999999994,-0.8660254037844387,-0.7818314824680299,0.6234898018587334,0,0,100,0,676,0,0,0,0,5960839.36,4817268.38
2014-05-12,2014,5,2,0,12,0.49999999999999994,-0.8660254037844387,0.0,1.0,0,0,101,0,677,0,0,0,0,6171798.51,4876269.62
2014-05-13,2014,5,2,1,13,0.49999999999999994,-0.8660254037844387,0.7818314824680298,0.6234898018587336,0,0,102,0,678,0,0,0,0,6357034.06,5124302.35
2014-05-14,2014,5,2,2,14,0.49999999999999994,-0.8660254037844387,0.9749279121818236,-0.22252093395631434,0,0,103,0,679,0,0,0,0,8953168.22,7238881.78
2014-05-15,2014,5,2,3,15,0.49999999999999994,-0.8660254037844387,0.43388373911755823,-0.900968867902419,0,0,104,0,680,0,0,0,0,7521179.22,5970183.39
2014-05-16,2014,5,2,4,16,0.49999999999999994,-0.8660254037844387,-0.433883739117558,-0.9009688679024191,0,0,105,0,681,0,0,0,0,7254155.54,5828882.18
2014-05-17,2014,5,2,5,17,0.49999999999999994,-0.8660254037844387,-0.9749279121818236,-0.2225209339563146,0,0,106,0,682,0,0,0,0,6473741.19,5173264.38
2014-05-18,2014,5,2,6,18,0.49999999999999994,-0.8660254037844387,-0.7818314824680299,0.6234898018587334,0,0,107,0,683,0,0,0,0,7502869.16,6017924.93
2014-05-19,2014,5,2,0,19,0.49999999999999994,-0.8660254037844387,0.0,1.0,0,0,108,0,684,0,0,0,0,6717427.22,5373895.24
2014-05-20,2014,5,2,1,20,0.49999999999999994,-0.8660254037844387,0.7818314824680298,0.6234898018587336,0,0,109,0,685,0,0,0,0,6998009.98,5565704.32
2014-05-21,2014,5,2,2,21,0.49999999999999994,-0.8660254037844387,0.9749279121818236,-0.22252093395631434,0,0,110,0,686,0,0,0,0,9232803.8,7257287.25
2014-05-22,2014,5,2,3,22,0.49999999999999994,-0.8660254037844387,0.43388373911755823,-0.900968867902419,0,0,111,0,687,0,0,0,0,8682669.79,6984588.89
2014-05-23,2014,5,2,4,23,0.49999999999999994,-0.8660254037844387,-0.433883739117558,-0.9009688679024191,0,0,112,0,688,0,0,0,0,6481511.11,5117307.95
2014-05-24,2014,5,2,5,24,0.49999999999999994,-0.8660254037844387,-0.9749279121818236,-0.2225209339563146,0,0,113,0,689,0,0,0,0,5624884.34,4535522.53
2014-05-25,2014,5,2,6,25,0.49999999999999994,-0.8660254037844387,-0.7818314824680299,0.6234898018587334,0,0,114,0,690,0,0,0,0,7834743.41,6254562.47
2014-05-26,2014,5,2,0,26,0.49999999999999994,-0.8660254037844387,0.0,1.0,0,0,115,0,691,0,0,0,0,7196331.6,5750840.38
2014-05-27,2014,5,2,1,27,0.49999999999999994,-0.8660254037844387,0.7818314824680298,0.6234898018587336,0,0,116,0,692,0,0,0,0,11197544.52,8926851.08
2014-05-28,2014,5,2,2,28,0.49999999999999994,-0.8660254037844387,0.9749279121818236,-0.22252093395631434,0,0,117,0,693,0,0,0,0,14237002.33,11276884.86
2014-05-29,2014,5,2,3,29,0.49999999999999994,-0.8660254037844387,0.43388373911755823,-0.900968867902419,0,0,118,0,694,0,0,0,0,12708438.64,10157319.36
2014-05-30,2014,5,2,4,30,0.49999999999999994,-0.8660254037844387,-0.433883739117558,-0.9009688679024191,0,0,119,0,695,0,0,0,0,13573669.01,10729950.95
2014-05-31,2014,5,2,5,31,0.49999999999999994,-0.8660254037844387,-0.9749279121818236,-0.2225209339563146,0,0,120,0,696,0,0,0,0,12424970.9,9985304.33
2014-06-01,2014,6,2,6,1,1.2246467991473532e-16,-1.0,-0.7818314824680299,0.6234898018587334,0,0,121,0,697,0,0,0,0,11536710.05,9170211.02
2014-06-02,2014,6,2,0,2,1.2246467991473532e-16,-1.0,0.0,1.0,0,0,122,0,698,0,0,0,0,10120772.07,8076952.84
2014-06-03,2014,6,2,1,3,1.2246467991473532e-16,-1.0,0.7818314824680298,0.6234898018587336,0,0,123,0,699,0,0,0,0,7433951.35,5784897.37
2014-06-04,2014,6,2,2,4,1.2246467991473532e-16,-1.0,0.9749279121818236,-0.22252093395631434,0,0,124,0,700,0,0,0,0,6422990.57,5214120.6
2014-06-05,2014,6,2,3,5,1.2246467991473532e-16,-1.0,0.43388373911755823,-0.900968867902419,0,0,125,0,701,0,0,0,0,4701261.04,3843536.1
2014-06-06,2014,6,2,4,6,1.2246467991473532e-16,-1.0,-0.433883739117558,-0.9009688679024191,0,0,126,0,702,0,0,0,0,4455750.46,3475184.85
2014-06-07,2014,6,2,5,7,1.2246467991473532e-16,-1.0,-0.9749279121818236,-0.2225209339563146,0,0,127,0,703,0,0,0,0,5291724.53,4145797.41
2014-06-08,2014,6,2,6,8,1.2246467991473532e-16,-1.0,-0.7818314824680299,0.6234898018587334,0,0,128,0,704,0,0,0,0,5672479.42,4555972.93
2014-06-09,2014,6,2,0,9,1.2246467991473532e-16,-1.0,0.0,1.0,0,0,129,0,705,0,0,0,0,5745736.68,4655455.78
2014-06-10,2014,6,2,1,10,1.2246467991473532e-16,-1.0,0.7818314824680298,0.6234898018587336,0,0,130,0,706,0,0,0,0,8176131.42,6751336.8
2014-06-11,2014,6,2,2,11,1.2246467991473532e-16,-1.0,0.9749279121818236,-0.22252093395631434,0,0,131,0,707,0,0,0,0,6815089.25,5416132.65
2014-06-12,2014,6,2,3,12,1.2246467991473532e-16,-1.0,0.43388373911755823,-0.900968867902419,0,0,132,0,708,0,0,0,0,6198469.27,4930278.7
2014-06-13,2014,6,2,4,13,1.2246467991473532e-16,-1.0,-0.433883739117558,-0.9009688679024191,0,0,133,0,709,0,0,0,0,5808360.57,4689299.84
2014-06-14,2014,6,2,5,14,1.2246467991473532e-16,-1.0,-0.9749279121818236,-0.2225209339563146,0,0,134,0,710,0,0,0,0,6159350.48,4887308.6
2014-06-15,2014,6,2,6,15,1.2246467991473532e-16,-1.0,-0.7818314824680299,0.6234898018587334,0,0,135,0,711,0,0,0,0,6251988.62,5001362.67
2014-06-16,2014,6,2,0,16,1.2246467991473532e-16,-1.0,0.0,1.0,0,0,136,0,712,0,0,0,0,7506669.47,5993922.63
2014-06-17,2014,6,2,1,17,1.2246467991473532e-16,-1.0,0.7818314824680298,0.6234898018587336,0,0,137,0,713,0,0,0,0,7985873.38,6364228.97
2014-06-18,2014,6,2,2,18,1.2246467991473532e-16,-1.0,0.9749279121818236,-0.22252093395631434,0,0,138,0,714,0,0,0,0,6928139.58,5573372.83
2014-06-19,2014,6,2,3,19,1.2246467991473532e-16,-1.0,0.43388373911755823,-0.900968867902419,0,0,139,0,715,0,0,0,0,5160401.64,4101123.87
2014-06-20,2014,6,2,4,20,1.2246467991473532e-16,-1.0,-0.433883739117558,-0.9009688679024191,0,0,140,0,716,0,0,0,0,5726955.46,4649863.18
2014-06-21,2014,6,2,5,21,1.2246467991473532e-16,-1.0,-0.9749279121818236,-0.2225209339563146,0,0,141,0,717,0,0,0,0,5534870.9,4397465.45
2014-06-22,2014,6,2,6,22,1.2246467991473532e-16,-1.0,-0.7818314824680299,0.6234898018587334,0,0,142,0,718,0,0,0,0,6871043.81,5449439.25
2014-06-23,2014,6,2,0,23,1.2246467991473532e-16,-1.0,0.0,1.0,0,0,143,0,719,0,0,0,0,7520898.79,6115811.37
2014-06-24,2014,6,2,1,24,1.2246467991473532e-16,-1.0,0.7818314824680298,0.6234898018587336,0,0,144,0,720,0,0,0,0,8318751.36,7165579.48
2014-06-25,2014,6,2,2,25,1.2246467991473532e-16,-1.0,0.9749279121818236,-0.22252093395631434,0,0,145,0,721,0,0,0,0,7464560.81,6650267.82
2014-06-26,2014,6,2,3,26,1.2246467991473532e-16,-1.0,0.43388373911755823,-0.900968867902419,0,0,146,0,722,0,0,0,0,5465498.81,5160550.9
2014-06-27,2014,6,2,4,27,1.2246467991473532e-16,-1.0,-0.433883739117558,-0.9009688679024191,0,0,147,0,723,0,0,0,0,6215342.27,5942103.5
2014-06-28,2014,6,2,5,28,1.2246467991473532e-16,-1.0,-0.9749279121818236,-0.2225209339563146,0,0,148,0,724,0,0,0,0,6715989.51,6489880.35
2014-06-29,2014,6,2,6,29,1.2246467991473532e-16,-1.0,-0.7818314824680299,0.6234898018587334,0,0,149,0,725,0,0,0,0,10967240.25,10676762.03
2014-06-30,2014,6,2,0,30,1.2246467991473532e-16,-1.0,0.0,1.0,0,0,150,0,726,0,0,0,0,8960784.4,8779889.34
2014-07-01,2014,7,3,1,1,-0.4999999999999998,-0.8660254037844388,0.7818314824680298,0.6234898018587336,0,0,151,1,727,0,0,0,0,9836345.7,9652958.13
2014-07-02,2014,7,3,2,2,-0.4999999999999998,-0.8660254037844388,0.9749279121818236,-0.22252093395631434,0,0,152,1,728,0,0,0,0,8037264.4,7829854.35
2014-07-03,2014,7,3,3,3,-0.4999999999999998,-0.8660254037844388,0.43388373911755823,-0.900968867902419,0,0,153,1,729,0,0,0,0,6599126.14,6280312.35
2014-07-04,2014,7,3,4,4,-0.4999999999999998,-0.8660254037844388,-0.433883739117558,-0.9009688679024191,0,0,154,1,730,0,0,0,0,1539342.27,1546984.48
2014-07-05,2014,7,3,5,5,-0.4999999999999998,-0.8660254037844388,-0.9749279121818236,-0.2225209339563146,0,0,155,1,731,0,0,0,0,2247607.0,2088267.2
2014-07-06,2014,7,3,6,6,-0.4999999999999998,-0.8660254037844388,-0.7818314824680299,0.6234898018587334,0,0,156,1,732,0,0,0,0,2992177.47,2950653.66
2014-07-07,2014,7,3,0,7,-0.4999999999999998,-0.8660254037844388,0.0,1.0,0,0,157,1,733,0,0,0,0,3321041.63,3237780.91
2014-07-08,2014,7,3,1,8,-0.4999999999999998,-0.8660254037844388,0.7818314824680298,0.6234898018587336,0,0,158,1,734,0,0,0,0,4389991.98,4344681.53
2014-07-09,2014,7,3,2,9,-0.4999999999999998,-0.8660254037844388,0.9749279121818236,-0.22252093395631434,0,0,159,1,735,0,0,0,0,5089459.45,5002533.36
2014-07-10,2014,7,3,3,10,-0.4999999999999998,-0.8660254037844388,0.43388373911755823,-0.900968867902419,0,0,160,1,736,0,0,0,0,5277348.24,5193788.09
2014-07-11,2014,7,3,4,11,-0.4999999999999998,-0.8660254037844388,-0.433883739117558,-0.9009688679024191,0,0,161,1,737,0,0,0,0,3680744.54,3649066.92
2014-07-12,2014,7,3,5,12,-0.4999999999999998,-0.8660254037844388,-0.9749279121818236,-0.2225209339563146,0,0,162,1,738,0,0,0,0,3635150.5,3488161.59
2014-07-13,2014,7,3,6,13,-0.4999999999999998,-0.8660254037844388,-0.7818314824680299,0.6234898018587334,0,0,163,1,739,0,0,0,0,4538183.38,4461396.49
2014-07-14,2014,7,3,0,14,-0.4999999999999998,-0.8660254037844388,0.0,1.0,0,0,164,1,740,0,0,0,0,4180514.48,4093927.18
2014-07-15,2014,7,3,1,15,-0.4999999999999998,-0.8660254037844388,0.7818314824680298,0.6234898018587336,0,0,165,1,741,0,0,0,0,4729914.86,4685468.3
2014-07-16,2014,7,3,2,16,-0.4999999999999998,-0.8660254037844388,0.9749279121818236,-0.22252093395631434,0,0,166,1,742,0,0,0,0,5725200.44,5688906.29
2014-07-17,2014,7,3,3,17,-0.4999999999999998,-0.8660254037844388,0.43388373911755823,-0.900968867902419,0,0,167,1,743,0,0,0,0,5475110.93,5378778.65
2014-07-18,2014,7,3,4,18,-0.4999999999999998,-0.8660254037844388,-0.433883739117558,-0.9009688679024191,0,0,168,1,744,0,0,0,0,4518235.32,4447047.74
2014-07-19,2014,7,3,5,19,-0.4999999999999998,-0.8660254037844388,-0.9749279121818236,-0.2225209339563146,0,0,169,1,745,0,0,0,0,4203668.56,3770693.84
2014-07-20,2014,7,3,6,20,-0.4999999999999998,-0.8660254037844388,-0.7818314824680299,0.6234898018587334,0,0,170,1,746,0,0,0,0,4322625.55,3600969.69
2014-07-21,2014,7,3,0,21,-0.4999999999999998,-0.8660254037844388,0.0,1.0,0,0,171,1,747,0,0,0,0,4796649.21,3768111.9
2014-07-22,2014,7,3,1,22,-0.4999999999999998,-0.8660254037844388,0.7818314824680298,0.6234898018587336,0,0,172,1,748,0,0,0,0,6208113.76,5011530.91
2014-07-23,2014,7,3,2,23,-0.4999999999999998,-0.8660254037844388,0.9749279121818236,-0.22252093395631434,0,0,173,1,749,0,0,0,0,7566031.17,5950276.5
2014-07-24,2014,7,3,3,24,-0.4999999999999998,-0.8660254037844388,0.43388373911755823,-0.900968867902419,0,0,174,1,750,0,0,0,0,5905615.09,4674430.56
2014-07-25,2014,7,3,4,25,-0.4999999999999998,-0.8660254037844388,-0.433883739117558,-0.9009688679024191,0,0,175,1,751,0,0,0,0,4437108.92,3571085.86
2014-07-26,2014,7,3,5,26,-0.4999999999999998,-0.8660254037844388,-0.9749279121818236,-0.2225209339563146,0,0,176,1,752,0,0,0,0,4875867.56,3838617.04
2014-07-27,2014,7,3,6,27,-0.4999999999999998,-0.8660254037844388,-0.7818314824680299,0.6234898018587334,0,0,177,1,753,0,0,0,0,4695097.96,3728682.43
2014-07-28,2014,7,3,0,28,-0.4999999999999998,-0.8660254037844388,0.0,1.0,0,0,178,1,754,0,0,0,0,5659848.32,4577648.87
2014-07-29,2014,7,3,1,29,-0.4999999999999998,-0.8660254037844388,0.7818314824680298,0.6234898018587336,0,0,179,1,755,0,0,0,0,8325936.32,6673852.31
2014-07-30,2014,7,3,2,30,-0.4999999999999998,-0.8660254037844388,0.9749279121818236,-0.22252093395631434,0,0,180,1,756,0,0,0,0,9849002.97,7950504.57
2014-07-31,2014,7,3,3,31,-0.4999999999999998,-0.8660254037844388,0.43388373911755823,-0.900968867902419,0,0,181,1,757,0,0,0,0,12499623.55,10113088.37
2014-08-01,2014,8,3,4,1,-0.8660254037844384,-0.5000000000000004,-0.433883739117558,-0.9009688679024191,0,0,182,1,758,0,0,0,0,10268362.3,8266400.63
2014-08-02,2014,8,3,5,2,-0.8660254037844384,-0.5000000000000004,-0.9749279121818236,-0.2225209339563146,0,0,183,1,759,0,0,0,0,9437585.35,7486465.1
2014-08-03,2014,8,3,6,3,-0.8660254037844384,-0.5000000000000004,-0.7818314824680299,0.6234898018587334,0,0,184,1,760,0,0,0,0,8311634.97,6613684.99
2014-08-04,2014,8,3,0,4,-0.8660254037844384,-0.5000000000000004,0.0,1.0,0,0,185,1,761,0,0,0,0,7920532.02,6253439.86
2014-08-05,2014,8,3,1,5,-0.8660254037844384,-0.5000000000000004,0.7818314824680298,0.6234898018587336,0,0,186,1,762,0,0,0,0,4783590.74,3865614.98
2014-08-06,2014,8,3,2,6,-0.8660254037844384,-0.5000000000000004,0.9749279121818236,-0.22252093395631434,0,0,187,1,763,0,0,0,0,5768372.14,4433911.0
2014-08-07,2014,8,3,3,7,-0.8660254037844384,-0.5000000000000004,0.43388373911755823,-0.900968867902419,0,0,188,1,764,0,0,0,0,4368310.48,3451434.03
2014-08-08,2014,8,3,4,8,-0.8660254037844384,-0.5000000000000004,-0.433883739117558,-0.9009688679024191,0,0,189,1,765,0,0,0,0,2772020.29,2220747.24
2014-08-09,2014,8,3,5,9,-0.8660254037844384,-0.5000000000000004,-0.9749279121818236,-0.2225209339563146,0,0,190,1,766,0,0,0,0,3001539.63,2354553.12
2014-08-10,2014,8,3,6,10,-0.8660254037844384,-0.5000000000000004,-0.7818314824680299,0.6234898018587334,0,0,191,1,767,0,0,0,0,3823485.27,3003127.77
2014-08-11,2014,8,3,0,11,-0.8660254037844384,-0.5000000000000004,0.0,1.0,0,0,192,1,768,0,0,0,0,4332284.65,3523421.42
2014-08-12,2014,8,3,1,12,-0.8660254037844384,-0.5000000000000004,0.7818314824680298,0.6234898018587336,0,0,-191,1,769,0,0,0,0,4968367.41,3950793.43
2014-08-13,2014,8,3,2,13,-0.8660254037844384,-0.5000000000000004,0.9749279121818236,-0.22252093395631434,0,0,-190,1,770,0,0,0,0,5893608.69,4708354.21
2014-08-14,2014,8,3,3,14,-0.8660254037844384,-0.5000000000000004,0.43388373911755823,-0.900968867902419,0,0,-189,1,771,0,0,0,0,5049141.59,3986642.15
2014-08-15,2014,8,3,4,15,-0.8660254037844384,-0.5000000000000004,-0.433883739117558,-0.9009688679024191,0,0,-188,1,772,0,0,0,0,4964547.64,3886890.99
2014-08-16,2014,8,3,5,16,-0.8660254037844384,-0.5000000000000004,-0.9749279121818236,-0.2225209339563146,0,0,-187,1,773,0,0,0,0,4183136.08,3312917.75
2014-08-17,2014,8,3,6,17,-0.8660254037844384,-0.5000000000000004,-0.7818314824680299,0.6234898018587334,0,0,-186,1,774,0,0,0,0,4553293.21,3569236.73
2014-08-18,2014,8,3,0,18,-0.8660254037844384,-0.5000000000000004,0.0,1.0,0,0,-185,1,775,0,0,0,0,3852897.93,3032853.62
2014-08-19,2014,8,3,1,19,-0.8660254037844384,-0.5000000000000004,0.7818314824680298,0.6234898018587336,0,0,-184,1,776,0,0,0,0,5491853.95,4329773.16
2014-08-20,2014,8,3,2,20,-0.8660254037844384,-0.5000000000000004,0.9749279121818236,-0.22252093395631434,0,0,-183,1,777,0,0,0,0,6252896.94,5003338.92
2014-08-21,2014,8,3,3,21,-0.8660254037844384,-0.5000000000000004,0.43388373911755823,-0.900968867902419,0,0,-182,1,778,0,0,0,0,5420386.94,4272987.79
2014-08-22,2014,8,3,4,22,-0.8660254037844384,-0.5000000000000004,-0.433883739117558,-0.9009688679024191,0,0,-181,1,779,0,0,0,0,3980335.94,3221586.25
2014-08-23,2014,8,3,5,23,-0.8660254037844384,-0.5000000000000004,-0.9749279121818236,-0.2225209339563146,0,0,-180,1,780,0,0,0,0,3604919.44,2824202.4
2014-08-24,2014,8,3,6,24,-0.8660254037844384,-0.5000000000000004,-0.7818314824680299,0.6234898018587334,0,0,-179,1,781,0,0,0,0,3975022.95,3208598.81
2014-08-25,2014,8,3,0,25,-0.8660254037844384,-0.5000000000000004,0.0,1.0,0,0,-178,1,782,0,0,0,0,4982068.72,3931111.8
2014-08-26,2014,8,3,1,26,-0.8660254037844384,-0.5000000000000004,0.7818314824680298,0.6234898018587336,0,0,-177,1,783,0,0,0,0,5315751.01,4151656.84
2014-08-27,2014,8,3,2,27,-0.8660254037844384,-0.5000000000000004,0.9749279121818236,-0.22252093395631434,0,0,-176,1,784,0,0,0,0,7880420.55,6267001.76
2014-08-28,2014,8,3,3,28,-0.8660254037844384,-0.5000000000000004,0.43388373911755823,-0.900968867902419,0,0,-175,1,785,0,0,0,0,13900846.53,11188888.43
2014-08-29,2014,8,3,4,29,-0.8660254037844384,-0.5000000000000004,-0.433883739117558,-0.9009688679024191,0,0,-174,1,786,0,0,0,0,12683009.27,10136587.4
2014-08-30,2014,8,3,5,30,-0.8660254037844384,-0.5000000000000004,-0.9749279121818236,-0.2225209339563146,0,0,-173,1,787,0,0,0,0,11574198.37,9088009.4
2014-08-31,2014,8,3,6,31,-0.8660254037844384,-0.5000000000000004,-0.7818314824680299,0.6234898018587334,0,0,-172,1,788,0,0,0,0,11951398.65,9415326.58
2014-09-01,2014,9,3,0,1,-1.0,-1.8369701987210297e-16,0.0,1.0,0,0,-171,1,789,0,0,0,0,10306541.25,8432677.93
2014-09-02,2014,9,3,1,2,-1.0,-1.8369701987210297e-16,0.7818314824680298,0.6234898018587336,0,0,-170,1,790,0,1,0,0,1980913.22,1699049.31
2014-09-03,2014,9,3,2,3,-1.0,-1.8369701987210297e-16,0.9749279121818236,-0.22252093395631434,0,0,-169,1,791,0,0,0,0,2013419.84,1783705.47
2014-09-04,2014,9,3,3,4,-1.0,-1.8369701987210297e-16,0.43388373911755823,-0.900968867902419,0,0,-168,1,792,0,0,0,0,2079554.62,1858190.69
2014-09-05,2014,9,3,4,5,-1.0,-1.8369701987210297e-16,-0.433883739117558,-0.9009688679024191,0,0,-167,1,793,0,0,0,0,3009749.32,2650108.54
2014-09-06,2014,9,3,5,6,-1.0,-1.8369701987210297e-16,-0.9749279121818236,-0.2225209339563146,0,0,-166,1,794,0,0,0,0,2651615.67,2379303.77
2014-09-07,2014,9,3,6,7,-1.0,-1.8369701987210297e-16,-0.7818314824680299,0.6234898018587334,0,0,-165,1,795,0,0,0,0,3257294.39,2733813.81
2014-09-08,2014,9,3,0,8,-1.0,-1.8369701987210297e-16,0.0,1.0,0,0,-164,1,796,0,0,0,0,3789247.34,3234658.91
2014-09-09,2014,9,3,1,9,-1.0,-1.8369701987210297e-16,0.7818314824680298,0.6234898018587336,0,0,-163,1,797,0,0,0,0,3050893.58,2636295.62
2014-09-10,2014,9,3,2,10,-1.0,-1.8369701987210297e-16,0.9749279121818236,-0.22252093395631434,0,0,-162,1,798,0,0,0,0,2734213.18,2344334.17
2014-09-11,2014,9,3,3,11,-1.0,-1.8369701987210297e-16,0.43388373911755823,-0.900968867902419,0,0,-161,1,799,0,0,0,0,3603376.76,3063452.95
2014-09-12,2014,9,3,4,12,-1.0,-1.8369701987210297e-16,-0.433883739117558,-0.9009688679024191,0,0,-160,1,800,0,0,0,0,3387921.49,2941397.85
2014-09-13,2014,9,3,5,13,-1.0,-1.8369701987210297e-16,-0.9749279121818236,-0.2225209339563146,0,0,-159,1,801,0,0,0,0,4488375.88,3882301.0
2014-09-14,2014,9,3,6,14,-1.0,-1.8369701987210297e-16,-0.7818314824680299,0.6234898018587334,0,0,-158,1,802,0,0,0,0,4664595.04,4241668.09
2014-09-15,2014,9,3,0,15,-1.0,-1.8369701987210297e-16,0.0,1.0,0,0,-157,1,803,0,0,0,0,3434401.74,2989155.15
2014-09-16,2014,9,3,1,16,-1.0,-1.8369701987210297e-16,0.7818314824680298,0.6234898018587336,0,0,-156,1,804,0,0,0,0,3499018.93,3094674.95
2014-09-17,2014,9,3,2,17,-1.0,-1.8369701987210297e-16,0.9749279121818236,-0.22252093395631434,0,0,-155,1,805,0,0,0,0,2159581.94,1891350.86
2014-09-18,2014,9,3,3,18,-1.0,-1.8369701987210297e-16,0.43388373911755823,-0.900968867902419,0,0,-154,1,806,0,0,0,0,3245614.46,2827312.43
2014-09-19,2014,9,3,4,19,-1.0,-1.8369701987210297e-16,-0.433883739117558,-0.9009688679024191,0,0,-153,1,807,0,0,0,0,3152106.06,2800614.8
2014-09-20,2014,9,3,5,20,-1.0,-1.8369701987210297e-16,-0.9749279121818236,-0.2225209339563146,0,0,-152,1,808,0,0,0,0,3934660.56,3508771.25
2014-09-21,2014,9,3,6,21,-1.0,-1.8369701987210297e-16,-0.7818314824680299,0.6234898018587334,0,0,-151,1,809,0,0,0,0,4973677.98,4472971.42
2014-09-22,2014,9,3,0,22,-1.0,-1.8369701987210297e-16,0.0,1.0,0,0,-150,1,810,0,0,0,0,4691002.44,4096769.99
2014-09-23,2014,9,3,1,23,-1.0,-1.8369701987210297e-16,0.7818314824680298,0.6234898018587336,0,0,-149,1,811,0,0,0,0,3267077.04,2950868.62
2014-09-24,2014,9,3,2,24,-1.0,-1.8369701987210297e-16,0.9749279121818236,-0.22252093395631434,0,0,-148,1,812,0,0,0,0,3651189.03,3193891.83
2014-09-25,2014,9,3,3,25,-1.0,-1.8369701987210297e-16,0.43388373911755823,-0.900968867902419,0,0,-147,1,813,0,0,0,0,3991936.34,3513164.66
2014-09-26,2014,9,3,4,26,-1.0,-1.8369701987210297e-16,-0.433883739117558,-0.9009688679024191,0,0,-146,1,814,0,0,0,0,4802241.84,4364819.46
2014-09-27,2014,9,3,5,27,-1.0,-1.8369701987210297e-16,-0.9749279121818236,-0.2225209339563146,0,0,-145,1,815,0,0,0,0,5922266.1,5104748.73
2014-09-28,2014,9,3,6,28,-1.0,-1.8369701987210297e-16,-0.7818314824680299,0.6234898018587334,0,0,-144,1,816,0,0,0,0,6894981.49,6104020.61
2014-09-29,2014,9,3,0,29,-1.0,-1.8369701987210297e-16,0.0,1.0,0,0,-143,1,817,0,0,0,0,6358369.55,5385912.36
2014-09-30,2014,9,3,1,30,-1.0,-1.8369701987210297e-16,0.7818314824680298,0.6234898018587336,0,0,-142,1,818,0,0,0,0,5625701.93,4992117.65
2014-10-01,2014,10,4,2,1,-0.8660254037844386,0.5000000000000001,0.9749279121818236,-0.22252093395631434,0,0,-141,0,819,0,0,0,0,4131059.59,3367707.8
2014-10-02,2014,10,4,3,2,-0.8660254037844386,0.5000000000000001,0.43388373911755823,-0.900968867902419,0,0,-140,0,820,0,0,0,0,2166020.29,1638411.83
2014-10-03,2014,10,4,4,3,-0.8660254037844386,0.5000000000000001,-0.433883739117558,-0.9009688679024191,0,0,-139,0,821,0,0,0,0,2713373.58,2209685.83
2014-10-04,2014,10,4,5,4,-0.8660254037844386,0.5000000000000001,-0.9749279121818236,-0.2225209339563146,0,0,-138,0,822,0,0,0,0,3061013.56,2383424.37
2014-10-05,2014,10,4,6,5,-0.8660254037844386,0.5000000000000001,-0.7818314824680299,0.6234898018587334,0,0,-137,0,823,0,0,0,0,3514973.01,2703049.67
2014-10-06,2014,10,4,0,6,-0.8660254037844386,0.5000000000000001,0.0,1.0,0,0,-136,0,824,0,0,0,0,4584954.57,3714150.0
2014-10-07,2014,10,4,1,7,-0.8660254037844386,0.5000000000000001,0.7818314824680298,0.6234898018587336,0,0,-135,0,825,0,0,0,0,3826571.36,3029706.85
2014-10-08,2014,10,4,2,8,-0.8660254037844386,0.5000000000000001,0.9749279121818236,-0.22252093395631434,0,0,-134,0,826,0,0,0,0,3298742.48,2595357.42
2014-10-09,2014,10,4,3,9,-0.8660254037844386,0.5000000000000001,0.43388373911755823,-0.900968867902419,0,0,-133,0,827,0,0,0,0,2480246.09,1949299.28
2014-10-10,2014,10,4,4,10,-0.8660254037844386,0.5000000000000001,-0.433883739117558,-0.9009688679024191,0,0,-132,0,828,0,0,0,0,3324677.65,2616526.38
2014-10-11,2014,10,4,5,11,-0.8660254037844386,0.5000000000000001,-0.9749279121818236,-0.2225209339563146,0,0,-131,0,829,0,0,0,0,3249272.4,2455378.82
2014-10-12,2014,10,4,6,12,-0.8660254037844386,0.5000000000000001,-0.7818314824680299,0.6234898018587334,0,0,-130,0,830,0,0,0,0,3964814.61,3263898.52
2014-10-13,2014,10,4,0,13,-0.8660254037844386,0.5000000000000001,0.0,1.0,0,0,-129,0,831,0,0,0,0,5257692.13,4155288.51
2014-10-14,2014,10,4,1,14,-0.8660254037844386,0.5000000000000001,0.7818314824680298,0.6234898018587336,0,0,-128,0,832,0,0,0,0,5353820.23,4242284.88
2014-10-15,2014,10,4,2,15,-0.8660254037844386,0.5000000000000001,0.9749279121818236,-0.22252093395631434,0,0,-127,0,833,0,0,0,0,3174858.73,2517101.9
2014-10-16,2014,10,4,3,16,-0.8660254037844386,0.5000000000000001,0.43388373911755823,-0.900968867902419,0,0,-126,0,834,0,0,0,0,3035433.21,2343522.12
2014-10-17,2014,10,4,4,17,-0.8660254037844386,0.5000000000000001,-0.433883739117558,-0.9009688679024191,0,0,-125,0,835,0,0,0,0,3041887.24,2405340.07
2014-10-18,2014,10,4,5,18,-0.8660254037844386,0.5000000000000001,-0.9749279121818236,-0.2225209339563146,0,0,-124,0,836,0,0,0,0,3295901.64,2641429.14
2014-10-19,2014,10,4,6,19,-0.8660254037844386,0.5000000000000001,-0.7818314824680299,0.6234898018587334,0,0,-123,0,837,0,0,0,0,3906454.96,3097527.04
2014-10-20,2014,10,4,0,20,-0.8660254037844386,0.5000000000000001,0.0,1.0,0,0,-122,0,838,0,0,0,0,4406719.83,3563304.85
2014-10-21,2014,10,4,1,21,-0.8660254037844386,0.5000000000000001,0.7818314824680298,0.6234898018587336,0,0,-121,0,839,0,0,0,0,4158469.93,3334418.16
2014-10-22,2014,10,4,2,22,-0.8660254037844386,0.5000000000000001,0.9749279121818236,-0.22252093395631434,0,0,-120,0,840,0,0,0,0,3185076.38,2622321.88
2014-10-23,2014,10,4,3,23,-0.8660254037844386,0.5000000000000001,0.43388373911755823,-0.900968867902419,0,0,-119,0,841,0,0,0,0,3397945.31,2701811.9
2014-10-24,2014,10,4,4,24,-0.8660254037844386,0.5000000000000001,-0.433883739117558,-0.9009688679024191,0,0,-118,0,842,0,0,0,0,2910624.78,2393219.16
2014-10-25,2014,10,4,5,25,-0.8660254037844386,0.5000000000000001,-0.9749279121818236,-0.2225209339563146,0,0,-117,0,843,0,0,0,0,3710088.5,3052761.25
2014-10-26,2014,10,4,6,26,-0.8660254037844386,0.5000000000000001,-0.7818314824680299,0.6234898018587334,0,0,-116,0,844,0,0,0,0,3332635.64,2620840.72
2014-10-27,2014,10,4,0,27,-0.8660254037844386,0.5000000000000001,0.0,1.0,0,0,-115,0,845,0,0,0,0,5247620.14,4151809.58
2014-10-28,2014,10,4,1,28,-0.8660254037844386,0.5000000000000001,0.7818314824680298,0.6234898018587336,0,0,-114,0,846,0,0,0,0,6122484.1,4933576.08
2014-10-29,2014,10,4,2,29,-0.8660254037844386,0.5000000000000001,0.9749279121818236,-0.22252093395631434,0,0,-113,0,847,0,0,0,0,6191276.35,4949513.22
2014-10-30,2014,10,4,3,30,-0.8660254037844386,0.5000000000000001,0.43388373911755823,-0.900968867902419,0,0,-112,0,848,0,0,0,0,6250389.79,4894988.48
2014-10-31,2014,10,4,4,31,-0.8660254037844386,0.5000000000000001,-0.433883739117558,-0.9009688679024191,0,0,-111,0,849,0,0,0,0,4687679.79,3734196.88
2014-11-01,2014,11,4,5,1,-0.5000000000000004,0.8660254037844384,-0.9749279121818236,-0.2225209339563146,0,0,-110,1,850,0,0,0,0,4474322.51,3463929.06
2014-11-02,2014,11,4,6,2,-0.5000000000000004,0.8660254037844384,-0.7818314824680299,0.6234898018587334,0,0,-109,1,851,0,0,0,0,3503909.61,2759213.27
2014-11-03,2014,11,4,0,3,-0.5000000000000004,0.8660254037844384,0.0,1.0,0,0,-108,1,852,0,0,0,0,2511155.37,1925980.79
2014-11-04,2014,11,4,1,4,-0.5000000000000004,0.8660254037844384,0.7818314824680298,0.6234898018587336,0,0,-107,1,853,0,0,0,0,1758772.81,1413005.18
2014-11-05,2014,11,4,2,5,-0.5000000000000004,0.8660254037844384,0.9749279121818236,-0.22252093395631434,0,0,-106,1,854,0,0,0,0,2080412.08,1649512.63
2014-11-06,2014,11,4,3,6,-0.5000000000000004,0.8660254037844384,0.43388373911755823,-0.900968867902419,0,0,-105,1,855,0,0,0,0,2338580.92,1815525.82
2014-11-07,2014,11,4,4,7,-0.5000000000000004,0.8660254037844384,-0.433883739117558,-0.9009688679024191,0,0,-104,1,856,0,0,0,0,2391118.65,1914802.56
2014-11-08,2014,11,4,5,8,-0.5000000000000004,0.8660254037844384,-0.9749279121818236,-0.2225209339563146,0,0,-103,1,857,0,0,0,0,2603594.99,2058134.47
2014-11-09,2014,11,4,6,9,-0.5000000000000004,0.8660254037844384,-0.7818314824680299,0.6234898018587334,0,0,-102,1,858,0,0,0,0,3896973.5,2948324.76
2014-11-10,2014,11,4,0,10,-0.5000000000000004,0.8660254037844384,0.0,1.0,0,0,-101,1,859,0,0,0,0,3578790.21,2955883.0
2014-11-11,2014,11,4,1,11,-0.5000000000000004,0.8660254037844384,0.7818314824680298,0.6234898018587336,0,0,-100,1,860,0,0,0,0,3265211.84,2544268.23
2014-11-12,2014,11,4,2,12,-0.5000000000000004,0.8660254037844384,0.9749279121818236,-0.22252093395631434,0,0,-99,1,861,0,0,0,0,2687977.35,2131053.41
2014-11-13,2014,11,4,3,13,-0.5000000000000004,0.8660254037844384,0.43388373911755823,-0.900968867902419,0,0,-98,1,862,0,0,0,0,3661668.42,2973473.14
2014-11-14,2014,11,4,4,14,-0.5000000000000004,0.8660254037844384,-0.433883739117558,-0.9009688679024191,0,0,-97,1,863,0,0,0,0,4104922.66,3206387.48
2014-11-15,2014,11,4,5,15,-0.5000000000000004,0.8660254037844384,-0.9749279121818236,-0.2225209339563146,0,0,-96,1,864,0,0,0,0,3332537.35,2666922.09
2014-11-16,2014,11,4,6,16,-0.5000000000000004,0.8660254037844384,-0.7818314824680299,0.6234898018587334,0,0,-95,1,865,0,0,0,0,3926705.12,3165100.53
2014-11-17,2014,11,4,0,17,-0.5000000000000004,0.8660254037844384,0.0,1.0,0,0,-94,1,866,0,0,0,0,3901928.25,3135379.39
2014-11-18,2014,11,4,1,18,-0.5000000000000004,0.8660254037844384,0.7818314824680298,0.6234898018587336,0,0,-93,1,867,0,0,0,0,2299920.21,1777742.22
2014-11-19,2014,11,4,2,19,-0.5000000000000004,0.8660254037844384,0.9749279121818236,-0.22252093395631434,0,0,-92,1,868,0,0,0,0,2365334.24,2037392.28
2014-11-20,2014,11,4,3,20,-0.5000000000000004,0.8660254037844384,0.43388373911755823,-0.900968867902419,0,0,-91,1,869,0,0,0,0,2712056.74,2364468.06
2014-11-21,2014,11,4,4,21,-0.5000000000000004,0.8660254037844384,-0.433883739117558,-0.9009688679024191,0,0,-90,1,870,0,0,0,0,2642726.69,2469983.77
2014-11-22,2014,11,4,5,22,-0.5000000000000004,0.8660254037844384,-0.9749279121818236,-0.2225209339563146,0,0,-89,1,871,0,0,0,0,2355839.63,2373102.5
2014-11-23,2014,11,4,6,23,-0.5000000000000004,0.8660254037844384,-0.7818314824680299,0.6234898018587334,0,0,-88,1,872,0,0,0,0,2702782.41,2732923.6
2014-11-24,2014,11,4,0,24,-0.5000000000000004,0.8660254037844384,0.0,1.0,0,0,-87,1,873,0,0,0,0,2994851.12,2989623.83
2014-11-25,2014,11,4,1,25,-0.5000000000000004,0.8660254037844384,0.7818314824680298,0.6234898018587336,0,0,-86,1,874,0,0,0,0,1951300.95,1961306.08
2014-11-26,2014,11,4,2,26,-0.5000000000000004,0.8660254037844384,0.9749279121818236,-0.22252093395631434,0,0,-85,1,875,0,0,0,0,3005133.94,3070985.43
2014-11-27,2014,11,4,3,27,-0.5000000000000004,0.8660254037844384,0.43388373911755823,-0.900968867902419,0,0,-84,1,876,0,0,0,0,4582936.62,4552287.3
2014-11-28,2014,11,4,4,28,-0.5000000000000004,0.8660254037844384,-0.433883739117558,-0.9009688679024191,0,0,-83,1,877,0,0,0,0,3803816.23,3776489.22
2014-11-29,2014,11,4,5,29,-0.5000000000000004,0.8660254037844384,-0.9749279121818236,-0.2225209339563146,0,0,-82,1,878,0,0,0,0,3693923.36,3714680.69
2014-11-30,2014,11,4,6,30,-0.5000000000000004,0.8660254037844384,-0.7818314824680299,0.6234898018587334,0,0,-81,1,879,0,0,0,0,4164373.0,4139199.1
2014-12-01,2014,12,4,0,1,-2.4492935982947064e-16,1.0,0.0,1.0,0,0,-80,1,880,0,0,0,0,3293606.72,3371041.49
2014-12-02,2014,12,4,1,2,-2.4492935982947064e-16,1.0,0.7818314824680298,0.6234898018587336,0,0,-79,1,881,0,0,0,0,1913468.28,1934027.84
2014-12-03,2014,12,4,2,3,-2.4492935982947064e-16,1.0,0.9749279121818236,-0.22252093395631434,0,0,-78,1,882,0,0,0,0,1725054.96,1639460.56
2014-12-04,2014,12,4,3,4,-2.4492935982947064e-16,1.0,0.43388373911755823,-0.900968867902419,0,0,-77,1,883,0,0,0,0,1490172.71,1377244.92
2014-12-05,2014,12,4,4,5,-2.4492935982947064e-16,1.0,-0.433883739117558,-0.9009688679024191,0,0,-76,1,884,0,0,0,0,1855814.16,1814623.65
2014-12-06,2014,12,4,5,6,-2.4492935982947064e-16,1.0,-0.9749279121818236,-0.2225209339563146,0,0,-75,1,885,0,0,0,0,2498471.96,2457252.11
2014-12-07,2014,12,4,6,7,-2.4492935982947064e-16,1.0,-0.7818314824680299,0.6234898018587334,0,0,-74,1,886,0,0,0,0,2209128.82,2214964.0
2014-12-08,2014,12,4,0,8,-2.4492935982947064e-16,1.0,0.0,1.0,0,0,-73,1,887,0,0,0,0,3029845.63,2938276.72
2014-12-09,2014,12,4,1,9,-2.4492935982947064e-16,1.0,0.7818314824680298,0.6234898018587336,0,0,-72,1,888,0,0,0,0,3265900.4,3069037.78
2014-12-10,2014,12,4,2,10,-2.4492935982947064e-16,1.0,0.9749279121818236,-0.22252093395631434,0,0,-71,1,889,0,0,0,0,2659858.85,2559688.79
2014-12-11,2014,12,4,3,11,-2.4492935982947064e-16,1.0,0.43388373911755823,-0.900968867902419,0,0,-70,1,890,0,0,0,0,2499031.03,2479880.93
2014-12-12,2014,12,4,4,12,-2.4492935982947064e-16,1.0,-0.433883739117558,-0.9009688679024191,0,0,-69,1,891,0,0,0,0,2451281.84,2348048.7
2014-12-13,2014,12,4,5,13,-2.4492935982947064e-16,1.0,-0.9749279121818236,-0.2225209339563146,0,0,-68,1,892,0,0,0,0,2618181.33,2655502.75
2014-12-14,2014,12,4,6,14,-2.4492935982947064e-16,1.0,-0.7818314824680299,0.6234898018587334,0,0,-67,1,893,0,0,0,0,2868448.18,2822169.24
2014-12-15,2014,12,4,0,15,-2.4492935982947064e-16,1.0,0.0,1.0,0,0,-66,1,894,0,0,0,0,3675108.42,3622573.69
2014-12-16,2014,12,4,1,16,-2.4492935982947064e-16,1.0,0.7818314824680298,0.6234898018587336,0,0,-65,1,895,0,0,0,0,3587166.39,3452397.12
2014-12-17,2014,12,4,2,17,-2.4492935982947064e-16,1.0,0.9749279121818236,-0.22252093395631434,0,0,-64,1,896,0,0,0,0,2950563.8,2911687.56
2014-12-18,2014,12,4,3,18,-2.4492935982947064e-16,1.0,0.43388373911755823,-0.900968867902419,0,0,-63,1,897,0,0,0,0,2684991.91,2614938.98
2014-12-19,2014,12,4,4,19,-2.4492935982947064e-16,1.0,-0.433883739117558,-0.9009688679024191,0,0,-62,1,898,0,0,0,0,3424258.6,3465424.79
2014-12-20,2014,12,4,5,20,-2.4492935982947064e-16,1.0,-0.9749279121818236,-0.2225209339563146,0,0,-61,1,899,0,0,0,0,3898670.99,3764085.99
2014-12-21,2014,12,4,6,21,-2.4492935982947064e-16,1.0,-0.7818314824680299,0.6234898018587334,0,0,-60,1,900,0,0,0,0,4372128.59,4286124.01
2014-12-22,2014,12,4,0,22,-2.4492935982947064e-16,1.0,0.0,1.0,0,0,-59,1,901,0,0,0,0,3430574.36,3435107.36
2014-12-23,2014,12,4,1,23,-2.4492935982947064e-16,1.0,0.7818314824680298,0.6234898018587336,0,0,-58,1,902,0,0,0,0,2791569.02,2665014.26
2014-12-24,2014,12,4,2,24,-2.4492935982947064e-16,1.0,0.9749279121818236,-0.22252093395631434,0,0,-57,1,903,0,0,0,0,2610156.84,2591612.44
2014-12-25,2014,12,4,3,25,-2.4492935982947064e-16,1.0,0.43388373911755823,-0.900968867902419,0,0,-56,1,904,0,0,1,0,2573745.23,2584515.85
2014-12-26,2014,12,4,4,26,-2.4492935982947064e-16,1.0,-0.433883739117558,-0.9009688679024191,0,0,-55,1,905,0,0,0,0,2922497.3,2877653.62
2014-12-27,2014,12,4,5,27,-2.4492935982947064e-16,1.0,-0.9749279121818236,-0.2225209339563146,0,0,-54,1,906,0,0,0,0,3575283.76,3538078.72
2014-12-28,2014,12,4,6,28,-2.4492935982947064e-16,1.0,-0.7818314824680299,0.6234898018587334,0,0,-53,1,907,0,0,0,0,8484445.21,8405135.96
2014-12-29,2014,12,4,0,29,-2.4492935982947064e-16,1.0,0.0,1.0,0,0,-52,1,908,0,0,0,0,7063840.79,6908131.26
2014-12-30,2014,12,4,1,30,-2.4492935982947064e-16,1.0,0.7818314824680298,0.6234898018587336,0,0,-51,1,909,0,0,0,0,5708142.92,5488862.89
2014-12-31,2014,12,4,2,31,-2.4492935982947064e-16,1.0,0.9749279121818236,-0.22252093395631434,0,0,-50,1,910,0,0,0,0,5625288.94,5528179.38
2015-01-01,2015,1,1,3,1,0.49999999999999994,0.8660254037844387,0.43388373911755823,-0.900968867902419,0,0,-49,0,911,0,0,0,0,4576460.18,4315048.16
2015-01-02,2015,1,1,4,2,0.49999999999999994,0.8660254037844387,-0.433883739117558,-0.9009688679024191,0,0,-48,0,912,0,0,0,0,1625420.31,1281805.11
2015-01-03,2015,1,1,5,3,0.49999999999999994,0.8660254037844387,-0.9749279121818236,-0.2225209339563146,0,0,-47,0,913,0,0,0,0,1176312.94,876576.96
2015-01-04,2015,1,1,6,4,0.49999999999999994,0.8660254037844387,-0.7818314824680299,0.6234898018587334,0,0,-46,0,914,0,0,0,0,2651400.23,2169221.09
2015-01-05,2015,1,1,0,5,0.49999999999999994,0.8660254037844387,0.0,1.0,0,0,-45,0,915,0,0,0,0,2457539.39,1930809.0
2015-01-06,2015,1,1,1,6,0.49999999999999994,0.8660254037844387,0.7818314824680298,0.6234898018587336,0,0,-44,0,916,0,0,0,0,1621284.62,1301383.65
2015-01-07,2015,1,1,2,7,0.49999999999999994,0.8660254037844387,0.9749279121818236,-0.22252093395631434,0,0,-43,0,917,0,0,0,0,1981408.07,1560596.56
2015-01-08,2015,1,1,3,8,0.49999999999999994,0.8660254037844387,0.43388373911755823,-0.900968867902419,0,0,-42,0,918,0,0,0,0,1318438.15,1057739.56
2015-01-09,2015,1,1,4,9,0.49999999999999994,0.8660254037844387,-0.433883739117558,-0.9009688679024191,0,0,-41,0,919,0,0,0,0,2144901.8,1679915.91
2015-01-10,2015,1,1,5,10,0.49999999999999994,0.8660254037844387,-0.9749279121818236,-0.2225209339563146,0,0,-40,0,920,0,0,0,0,1830727.22,1385986.39
2015-01-11,2015,1,1,6,11,0.49999999999999994,0.8660254037844387,-0.7818314824680299,0.6234898018587334,0,0,-39,0,921,0,0,0,0,3254430.17,2604455.39
2015-01-12,2015,1,1,0,12,0.49999999999999994,0.8660254037844387,0.0,1.0,0,0,-38,0,922,0,0,0,0,2427966.79,1902989.93
2015-01-13,2015,1,1,1,13,0.49999999999999994,0.8660254037844387,0.7818314824680298,0.6234898018587336,0,0,-37,0,923,0,0,0,0,2138729.21,1742327.89
2015-01-14,2015,1,1,2,14,0.49999999999999994,0.8660254037844387,0.9749279121818236,-0.22252093395631434,0,0,-36,0,924,0,0,0,0,2835456.9,2191456.13
2015-01-15,2015,1,1,3,15,0.49999999999999994,0.8660254037844387,0.43388373911755823,-0.900968867902419,0,0,-35,0,925,0,0,0,0,2047933.05,1631831.77
2015-01-16,2015,1,1,4,16,0.49999999999999994,0.8660254037844387,-0.433883739117558,-0.9009688679024191,0,0,-34,0,926,0,0,0,0,2569213.44,2030636.7
2015-01-17,2015,1,1,5,17,0.49999999999999994,0.8660254037844387,-0.9749279121818236,-0.2225209339563146,0,0,-33,0,927,0,0,0,0,2588700.22,2035239.72
2015-01-18,2015,1,1,6,18,0.49999999999999994,0.8660254037844387,-0.7818314824680299,0.6234898018587334,0,0,-32,0,928,0,0,0,0,3021302.7,2433685.6
2015-01-19,2015,1,1,0,19,0.49999999999999994,0.8660254037844387,0.0,1.0,0,0,-31,0,929,0,0,0,0,2851705.68,2258471.9
2015-01-20,2015,1,1,1,20,0.49999999999999994,0.8660254037844387,0.7818314824680298,0.6234898018587336,0,0,-30,0,930,0,0,0,0,2455411.13,1957537.38
2015-01-21,2015,1,1,2,21,0.49999999999999994,0.8660254037844387,0.9749279121818236,-0.22252093395631434,0,0,-29,0,931,0,0,0,0,2603856.87,2019373.54
2015-01-22,2015,1,1,3,22,0.49999999999999994,0.8660254037844387,0.43388373911755823,-0.900968867902419,0,0,-28,0,932,0,0,0,0,2683523.21,2190572.01
2015-01-23,2015,1,1,4,23,0.49999999999999994,0.8660254037844387,-0.433883739117558,-0.9009688679024191,0,0,-27,0,933,0,0,0,0,2703262.73,2149537.87
2015-01-24,2015,1,1,5,24,0.49999999999999994,0.8660254037844387,-0.9749279121818236,-0.2225209339563146,0,0,-26,0,934,0,0,0,0,4004609.82,3181968.24
2015-01-25,2015,1,1,6,25,0.49999999999999994,0.8660254037844387,-0.7818314824680299,0.6234898018587334,0,0,-25,0,935,0,0,0,0,4665645.74,3747345.78
2015-01-26,2015,1,1,0,26,0.49999999999999994,0.8660254037844387,0.0,1.0,0,0,-24,0,936,0,0,0,0,4084367.08,3209020.3
2015-01-27,2015,1,1,1,27,0.49999999999999994,0.8660254037844387,0.7818314824680298,0.6234898018587336,0,0,-23,0,937,0,0,0,0,3116141.82,2455632.77
2015-01-28,2015,1,1,2,28,0.49999999999999994,0.8660254037844387,0.9749279121818236,-0.22252093395631434,0,0,-22,0,938,0,0,0,0,4612174.41,3603868.33
2015-01-29,2015,1,1,3,29,0.49999999999999994,0.8660254037844387,0.43388373911755823,-0.900968867902419,0,0,-21,0,939,0,0,0,0,5300109.93,4295752.25
2015-01-30,2015,1,1,4,30,0.49999999999999994,0.8660254037844387,-0.433883739117558,-0.9009688679024191,0,0,-20,0,940,0,0,0,0,4336302.07,3457573.62
2015-01-31,2015,1,1,5,31,0.49999999999999994,0.8660254037844387,-0.9749279121818236,-0.2225209339563146,0,0,-19,0,941,0,0,0,0,4195901.17,3269383.7
2015-02-01,2015,2,1,6,1,0.8660254037844386,0.5000000000000001,-0.7818314824680299,0.6234898018587334,0,0,-18,0,942,0,0,0,0,4977201.37,4063980.38
2015-02-02,2015,2,1,0,2,0.8660254037844386,0.5000000000000001,0.0,1.0,0,0,-17,0,943,0,0,0,0,2901454.29,2325361.53
2015-02-03,2015,2,1,1,3,0.8660254037844386,0.5000000000000001,0.7818314824680298,0.6234898018587336,0,0,-16,0,944,0,0,0,0,1779457.49,1427675.21
2015-02-04,2015,2,1,2,4,0.8660254037844386,0.5000000000000001,0.9749279121818236,-0.22252093395631434,0,0,-15,0,945,0,0,0,0,2496729.14,2129083.48
2015-02-05,2015,2,1,3,5,0.8660254037844386,0.5000000000000001,0.43388373911755823,-0.900968867902419,0,0,-14,0,946,0,0,0,0,2500351.24,2064567.04
2015-02-06,2015,2,1,4,6,0.8660254037844386,0.5000000000000001,-0.433883739117558,-0.9009688679024191,0,0,-13,0,947,0,0,0,0,3457294.9,2699578.13
2015-02-07,2015,2,1,5,7,0.8660254037844386,0.5000000000000001,-0.9749279121818236,-0.2225209339563146,0,0,-12,0,948,0,0,0,0,3570886.94,2952636.69
2015-02-08,2015,2,1,6,8,0.8660254037844386,0.5000000000000001,-0.7818314824680299,0.6234898018587334,0,0,-11,0,949,0,0,0,0,4197082.23,3455113.24
2015-02-09,2015,2,1,0,9,0.8660254037844386,0.5000000000000001,0.0,1.0,0,0,-10,0,950,0,0,0,0,4490187.64,3675813.84
2015-02-10,2015,2,1,1,10,0.8660254037844386,0.5000000000000001,0.7818314824680298,0.6234898018587336,0,0,-9,0,951,0,0,0,0,2813867.9,2247526.75
2015-02-11,2015,2,1,2,11,0.8660254037844386,0.5000000000000001,0.9749279121818236,-0.22252093395631434,0,0,-8,0,952,0,0,0,0,3311241.3,2623112.64
2015-02-12,2015,2,1,3,12,0.8660254037844386,0.5000000000000001,0.43388373911755823,-0.900968867902419,0,0,-7,0,953,0,0,0,0,3468141.29,2797170.91
2015-02-13,2015,2,1,4,13,0.8660254037844386,0.5000000000000001,-0.433883739117558,-0.9009688679024191,0,0,-6,0,954,0,0,0,0,4164849.99,3458801.88
2015-02-14,2015,2,1,5,14,0.8660254037844386,0.5000000000000001,-0.9749279121818236,-0.2225209339563146,0,0,-5,0,955,0,0,0,0,4312422.12,3541992.72
2015-02-15,2015,2,1,6,15,0.8660254037844386,0.5000000000000001,-0.7818314824680299,0.6234898018587334,0,0,-4,0,956,0,0,0,0,4757224.49,3925128.98
2015-02-16,2015,2,1,0,16,0.8660254037844386,0.5000000000000001,0.0,1.0,0,0,-3,0,957,0,0,0,0,4817928.66,3988291.36
2015-02-17,2015,2,1,1,17,0.8660254037844386,0.5000000000000001,0.7818314824680298,0.6234898018587336,0,0,-2,0,958,0,0,0,0,4293160.67,3537248.79
2015-02-18,2015,2,1,2,18,0.8660254037844386,0.5000000000000001,0.9749279121818236,-0.22252093395631434,0,0,-1,0,959,0,0,0,0,3209407.04,2685036.44
2015-02-19,2015,2,1,3,19,0.8660254037844386,0.5000000000000001,0.43388373911755823,-0.900968867902419,0,0,0,0,960,0,0,0,0,3793775.02,3109300.19
2015-02-20,2015,2,1,4,20,0.8660254037844386,0.5000000000000001,-0.433883739117558,-0.9009688679024191,0,0,1,0,961,0,0,0,0,4760336.65,3942085.3
2015-02-21,2015,2,1,5,21,0.8660254037844386,0.5000000000000001,-0.9749279121818236,-0.2225209339563146,0,0,2,0,962,0,0,0,0,4368539.08,3544819.23
2015-02-22,2015,2,1,6,22,0.8660254037844386,0.5000000000000001,-0.7818314824680299,0.6234898018587334,0,0,3,0,963,0,0,0,0,5784606.22,4804964.15
2015-02-23,2015,2,1,0,23,0.8660254037844386,0.5000000000000001,0.0,1.0,0,0,4,0,964,0,0,0,0,7360399.98,5966271.62
2015-02-24,2015,2,1,1,24,0.8660254037844386,0.5000000000000001,0.7818314824680298,0.6234898018587336,0,0,5,0,965,0,0,0,0,5473140.47,4450268.77
2015-02-25,2015,2,1,2,25,0.8660254037844386,0.5000000000000001,0.9749279121818236,-0.22252093395631434,0,0,6,0,966,0,0,0,0,8502202.85,7083827.01
2015-02-26,2015,2,1,3,26,0.8660254037844386,0.5000000000000001,0.43388373911755823,-0.900968867902419,0,0,7,0,967,0,0,0,0,6528340.52,5386905.64
2015-02-27,2015,2,1,4,27,0.8660254037844386,0.5000000000000001,-0.433883739117558,-0.9009688679024191,0,0,8,0,968,0,0,0,0,4695415.58,3896449.69
2015-02-28,2015,2,1,5,28,0.8660254037844386,0.5000000000000001,-0.9749279121818236,-0.2225209339563146,0,0,9,0,969,0,0,0,0,3896812.17,3287398.94
2015-03-01,2015,3,1,6,1,1.0,6.123233995736766e-17,-0.7818314824680299,0.6234898018587334,0,0,10,0,970,0,0,0,0,4612623.19,3760240.57
2015-03-02,2015,3,1,0,2,1.0,6.123233995736766e-17,0.0,1.0,0,0,11,0,971,0,0,0,0,1204115.66,996728.16
2015-03-03,2015,3,1,1,3,1.0,6.123233995736766e-17,0.7818314824680298,0.6234898018587336,0,0,12,0,972,0,0,0,0,2971078.12,2450231.82
2015-03-04,2015,3,1,2,4,1.0,6.123233995736766e-17,0.9749279121818236,-0.22252093395631434,0,0,13,0,973,0,0,0,0,3275231.73,2540097.74
2015-03-05,2015,3,1,3,5,1.0,6.123233995736766e-17,0.43388373911755823,-0.900968867902419,0,0,14,0,974,0,0,0,0,3623778.02,2818823.69
2015-03-06,2015,3,1,4,6,1.0,6.123233995736766e-17,-0.433883739117558,-0.9009688679024191,0,0,15,0,975,0,0,0,0,4126698.63,3333077.32
2015-03-07,2015,3,1,5,7,1.0,6.123233995736766e-17,-0.9749279121818236,-0.2225209339563146,0,0,16,0,976,0,0,0,0,3652751.16,2946148.77
2015-03-08,2015,3,1,6,8,1.0,6.123233995736766e-17,-0.7818314824680299,0.6234898018587334,0,0,17,0,977,0,0,0,0,3679065.16,2903799.07
2015-03-09,2015,3,1,0,9,1.0,6.123233995736766e-17,0.0,1.0,0,0,18,0,978,0,0,0,0,4520902.2,3610296.4
2015-03-10,2015,3,1,1,10,1.0,6.123233995736766e-17,0.7818314824680298,0.6234898018587336,0,0,19,0,979,0,0,0,0,5042080.93,3980962.03
2015-03-11,2015,3,1,2,11,1.0,6.123233995736766e-17,0.9749279121818236,-0.22252093395631434,0,0,20,0,980,0,0,0,0,6098020.8,4928286.75
2015-03-12,2015,3,1,3,12,1.0,6.123233995736766e-17,0.43388373911755823,-0.900968867902419,0,0,21,0,981,0,0,0,0,4869770.72,3760439.95
2015-03-13,2015,3,1,4,13,1.0,6.123233995736766e-17,-0.433883739117558,-0.9009688679024191,0,0,22,0,982,0,0,0,0,3474969.89,2712283.16
2015-03-14,2015,3,1,5,14,1.0,6.123233995736766e-17,-0.9749279121818236,-0.2225209339563146,0,0,23,0,983,0,0,0,0,4711284.42,3671123.8
2015-03-15,2015,3,1,6,15,1.0,6.123233995736766e-17,-0.7818314824680299,0.6234898018587334,0,0,24,0,984,0,0,0,0,5040735.75,4008157.53
2015-03-16,2015,3,1,0,16,1.0,6.123233995736766e-17,0.0,1.0,0,0,25,0,985,0,0,0,0,5602879.7,4422966.9
2015-03-17,2015,3,1,1,17,1.0,6.123233995736766e-17,0.7818314824680298,0.6234898018587336,0,0,26,0,986,0,0,0,0,5692241.74,4623906.32
2015-03-18,2015,3,1,2,18,1.0,6.123233995736766e-17,0.9749279121818236,-0.22252093395631434,0,0,27,0,987,0,0,0,0,6793794.72,5583548.33
2015-03-19,2015,3,1,3,19,1.0,6.123233995736766e-17,0.43388373911755823,-0.900968867902419,0,0,28,0,988,0,0,0,0,6012381.06,5053767.27
2015-03-20,2015,3,1,4,20,1.0,6.123233995736766e-17,-0.433883739117558,-0.9009688679024191,0,0,29,0,989,0,0,0,0,4887915.96,4122124.89
2015-03-21,2015,3,1,5,21,1.0,6.123233995736766e-17,-0.9749279121818236,-0.2225209339563146,0,0,30,0,990,0,0,0,0,4566270.71,4002288.11
2015-03-22,2015,3,1,6,22,1.0,6.123233995736766e-17,-0.7818314824680299,0.6234898018587334,0,0,31,0,991,0,0,0,0,5271032.0,4721422.49
2015-03-23,2015,3,1,0,23,1.0,6.123233995736766e-17,0.0,1.0,0,0,32,0,992,0,0,0,0,5172623.98,4663072.48
2015-03-24,2015,3,1,1,24,1.0,6.123233995736766e-17,0.7818314824680298,0.6234898018587336,0,0,33,0,993,0,0,0,0,6187718.83,5662250.07
2015-03-25,2015,3,1,2,25,1.0,6.123233995736766e-17,0.9749279121818236,-0.22252093395631434,0,0,34,0,994,0,0,0,0,6763449.95,6062883.43
2015-03-26,2015,3,1,3,26,1.0,6.123233995736766e-17,0.43388373911755823,-0.900968867902419,0,0,35,0,995,0,0,0,0,6983791.47,6190732.25
2015-03-27,2015,3,1,4,27,1.0,6.123233995736766e-17,-0.433883739117558,-0.9009688679024191,0,0,36,0,996,0,0,0,0,5007891.27,4516109.24
2015-03-28,2015,3,1,5,28,1.0,6.123233995736766e-17,-0.9749279121818236,-0.2225209339563146,0,0,37,0,997,0,0,0,0,5941997.22,5296480.62
2015-03-29,2015,3,1,6,29,1.0,6.123233995736766e-17,-0.7818314824680299,0.6234898018587334,0,0,38,0,998,0,0,0,0,6087900.7,5431213.47
2015-03-30,2015,3,1,0,30,1.0,6.123233995736766e-17,0.0,1.0,0,0,39,0,999,0,0,0,0,14251354.04,12890205.46
2015-03-31,2015,3,1,1,31,1.0,6.123233995736766e-17,0.7818314824680298,0.6234898018587336,0,0,40,0,1000,0,0,0,0,14813965.34,13306811.36
2015-04-01,2015,4,2,2,1,0.8660254037844387,-0.49999999999999983,0.9749279121818236,-0.22252093395631434,0,0,41,0,1001,0,0,0,0,13697879.88,12323133.99
2015-04-02,2015,4,2,3,2,0.8660254037844387,-0.49999999999999983,0.43388373911755823,-0.900968867902419,0,0,42,0,1002,0,0,0,0,11638587.41,10494545.99
2015-04-03,2015,4,2,4,3,0.8660254037844387,-0.49999999999999983,-0.433883739117558,-0.9009688679024191,0,0,43,0,1003,0,0,0,0,10239965.04,9205352.56
2015-04-04,2015,4,2,5,4,0.8660254037844387,-0.49999999999999983,-0.9749279121818236,-0.2225209339563146,0,0,44,0,1004,0,0,0,0,4214414.51,3835706.41
2015-04-05,2015,4,2,6,5,0.8660254037844387,-0.49999999999999983,-0.7818314824680299,0.6234898018587334,0,0,45,0,1005,0,0,0,0,4549233.48,4060392.25
2015-04-06,2015,4,2,0,6,0.8660254037844387,-0.49999999999999983,0.0,1.0,0,0,46,0,1006,0,0,0,0,5947351.85,5501604.96
2015-04-07,2015,4,2,1,7,0.8660254037844387,-0.49999999999999983,0.7818314824680298,0.6234898018587336,0,0,47,0,1007,0,0,0,0,6969771.13,6115686.29
2015-04-08,2015,4,2,2,8,0.8660254037844387,-0.49999999999999983,0.9749279121818236,-0.22252093395631434,0,0,48,0,1008,0,0,0,0,6923568.08,6092200.11
2015-04-09,2015,4,2,3,9,0.8660254037844387,-0.49999999999999983,0.43388373911755823,-0.900968867902419,0,0,49,0,1009,0,0,0,0,5334934.77,4630574.68
2015-04-10,2015,4,2,4,10,0.8660254037844387,-0.49999999999999983,-0.433883739117558,-0.9009688679024191,0,0,50,0,1010,0,0,0,0,5286341.9,4755107.84
2015-04-11,2015,4,2,5,11,0.8660254037844387,-0.49999999999999983,-0.9749279121818236,-0.2225209339563146,0,0,51,0,1011,0,0,0,0,7223512.23,6692976.84
2015-04-12,2015,4,2,6,12,0.8660254037844387,-0.49999999999999983,-0.7818314824680299,0.6234898018587334,0,0,52,0,1012,0,0,0,0,6941143.47,6173613.48
2015-04-13,2015,4,2,0,13,0.8660254037844387,-0.49999999999999983,0.0,1.0,0,0,53,0,1013,0,0,0,0,8008850.6,7198672.06
2015-04-14,2015,4,2,1,14,0.8660254037844387,-0.49999999999999983,0.7818314824680298,0.6234898018587336,0,0,54,0,1014,0,0,0,0,9764966.49,8525033.47
2015-04-15,2015,4,2,2,15,0.8660254037844387,-0.49999999999999983,0.9749279121818236,-0.22252093395631434,0,0,55,0,1015,0,0,0,0,8464241.45,7283839.1
2015-04-16,2015,4,2,3,16,0.8660254037844387,-0.49999999999999983,0.43388373911755823,-0.900968867902419,0,0,56,0,1016,0,0,0,0,6025485.77,5033699.98
2015-04-17,2015,4,2,4,17,0.8660254037844387,-0.49999999999999983,-0.433883739117558,-0.9009688679024191,0,0,57,0,1017,0,0,0,0,6481493.13,5294636.04
2015-04-18,2015,4,2,5,18,0.8660254037844387,-0.49999999999999983,-0.9749279121818236,-0.2225209339563146,0,0,58,0,1018,0,0,0,0,7432727.07,5745887.3
2015-04-19,2015,4,2,6,19,0.8660254037844387,-0.49999999999999983,-0.7818314824680299,0.6234898018587334,0,0,59,0,1019,0,0,0,0,6854069.17,5371424.19
2015-04-20,2015,4,2,0,20,0.8660254037844387,-0.49999999999999983,0.0,1.0,0,0,60,0,1020,0,0,0,0,8942873.22,6952833.82
2015-04-21,2015,4,2,1,21,0.8660254037844387,-0.49999999999999983,0.7818314824680298,0.6234898018587336,0,0,61,0,1021,0,0,0,0,11246554.8,8986101.87
2015-04-22,2015,4,2,2,22,0.8660254037844387,-0.49999999999999983,0.9749279121818236,-0.22252093395631434,0,0,62,0,1022,0,0,0,0,9099886.14,7216624.95
2015-04-23,2015,4,2,3,23,0.8660254037844387,-0.49999999999999983,0.43388373911755823,-0.900968867902419,0,0,63,0,1023,0,0,0,0,7548994.85,5939101.06
2015-04-24,2015,4,2,4,24,0.8660254037844387,-0.49999999999999983,-0.433883739117558,-0.9009688679024191,0,0,64,0,1024,0,0,0,0,6578500.68,5143109.11
2015-04-25,2015,4,2,5,25,0.8660254037844387,-0.49999999999999983,-0.9749279121818236,-0.2225209339563146,0,0,65,0,1025,0,0,0,0,9981817.81,7741342.2
2015-04-26,2015,4,2,6,26,0.8660254037844387,-0.49999999999999983,-0.7818314824680299,0.6234898018587334,0,0,66,0,1026,0,0,0,0,8486257.42,6790371.72
2015-04-27,2015,4,2,0,27,0.8660254037844387,-0.49999999999999983,0.0,1.0,0,0,67,0,1027,0,0,0,0,11233528.64,8990933.6
2015-04-28,2015,4,2,1,28,0.8660254037844387,-0.49999999999999983,0.7818314824680298,0.6234898018587336,0,0,68,0,1028,0,0,0,0,14371525.01,11368208.46
2015-04-29,2015,4,2,2,29,0.8660254037844387,-0.49999999999999983,0.9749279121818236,-0.22252093395631434,0,0,69,0,1029,0,0,0,0,15294818.22,12456433.34
2015-04-30,2015,4,2,3,30,0.8660254037844387,-0.49999999999999983,0.43388373911755823,-0.900968867902419,0,0,70,0,1030,1,0,0,0,14911130.64,11744026.43
2015-05-01,2015,5,2,4,1,0.49999999999999994,-0.8660254037844387,-0.433883739117558,-0.9009688679024191,0,0,71,0,1031,1,0,0,0,11462217.29,9026019.09
2015-05-02,2015,5,2,5,2,0.49999999999999994,-0.8660254037844387,-0.9749279121818236,-0.2225209339563146,0,0,72,0,1032,0,0,0,0,8951414.69,7003240.14
2015-05-03,2015,5,2,6,3,0.49999999999999994,-0.8660254037844387,-0.7818314824680299,0.6234898018587334,0,0,73,0,1033,0,0,0,0,7902349.85,6325430.88
2015-05-04,2015,5,2,0,4,0.49999999999999994,-0.8660254037844387,0.0,1.0,0,0,74,0,1034,0,0,0,0,4063632.19,3220456.05
2015-05-05,2015,5,2,1,5,0.49999999999999994,-0.8660254037844387,0.7818314824680298,0.6234898018587336,0,0,75,0,1035,0,0,0,0,4993358.48,3895803.59
2015-05-06,2015,5,2,2,6,0.49999999999999994,-0.8660254037844387,0.9749279121818236,-0.22252093395631434,0,0,76,0,1036,0,0,0,0,5912157.02,4721080.32
2015-05-07,2015,5,2,3,7,0.49999999999999994,-0.8660254037844387,0.43388373911755823,-0.900968867902419,0,0,77,0,1037,0,0,0,0,6417545.13,5062352.65
2015-05-08,2015,5,2,4,8,0.49999999999999994,-0.8660254037844387,-0.433883739117558,-0.9009688679024191,0,0,78,0,1038,0,0,0,0,4654167.53,3561342.38
2015-05-09,2015,5,2,5,9,0.49999999999999994,-0.8660254037844387,-0.9749279121818236,-0.2225209339563146,0,0,79,0,1039,0,0,0,0,4178643.57,3269969.19
2015-05-10,2015,5,2,6,10,0.49999999999999994,-0.8660254037844387,-0.7818314824680299,0.6234898018587334,0,0,80,0,1040,0,0,0,0,5135747.06,3949880.44
2015-05-11,2015,5,2,0,11,0.49999999999999994,-0.8660254037844387,0.0,1.0,0,0,81,0,1041,0,0,0,0,6740124.2,5364204.35
2015-05-12,2015,5,2,1,12,0.49999999999999994,-0.8660254037844387,0.7818314824680298,0.6234898018587336,0,0,82,0,1042,0,0,0,0,6877097.83,5464941.46
2015-05-13,2015,5,2,2,13,0.49999999999999994,-0.8660254037844387,0.9749279121818236,-0.22252093395631434,0,0,83,0,1043,0,0,0,0,8472230.27,6752088.25
2015-05-14,2015,5,2,3,14,0.49999999999999994,-0.8660254037844387,0.43388373911755823,-0.900968867902419,0,0,84,0,1044,0,0,0,0,8373161.73,6566657.69
2015-05-15,2015,5,2,4,15,0.49999999999999994,-0.8660254037844387,-0.433883739117558,-0.9009688679024191,0,0,85,0,1045,0,0,0,0,6454103.0,5103049.75
2015-05-16,2015,5,2,5,16,0.49999999999999994,-0.8660254037844387,-0.9749279121818236,-0.2225209339563146,0,0,86,0,1046,0,0,0,0,6409003.84,5140481.43
2015-05-17,2015,5,2,6,17,0.49999999999999994,-0.8660254037844387,-0.7818314824680299,0.6234898018587334,0,0,87,0,1047,0,0,0,0,6593507.34,5168476.45
2015-05-18,2015,5,2,0,18,0.49999999999999994,-0.8660254037844387,0.0,1.0,0,0,88,0,1048,0,0,0,0,7049312.68,5707463.8
2015-05-19,2015,5,2,1,19,0.49999999999999994,-0.8660254037844387,0.7818314824680298,0.6234898018587336,0,0,89,0,1049,0,0,0,0,8167385.27,6584434.28
2015-05-20,2015,5,2,2,20,0.49999999999999994,-0.8660254037844387,0.9749279121818236,-0.22252093395631434,0,0,90,0,1050,0,0,0,0,10886447.11,8610088.68
2015-05-21,2015,5,2,3,21,0.49999999999999994,-0.8660254037844387,0.43388373911755823,-0.900968867902419,0,0,91,0,1051,0,0,0,0,9585349.34,7629673.54
2015-05-22,2015,5,2,4,22,0.49999999999999994,-0.8660254037844387,-0.433883739117558,-0.9009688679024191,0,0,92,0,1052,0,0,0,0,6849849.55,5526949.11
2015-05-23,2015,5,2,5,23,0.49999999999999994,-0.8660254037844387,-0.9749279121818236,-0.2225209339563146,0,0,93,0,1053,0,0,0,0,5769728.11,4699867.99
2015-05-24,2015,5,2,6,24,0.49999999999999994,-0.8660254037844387,-0.7818314824680299,0.6234898018587334,0,0,94,0,1054,0,0,0,0,7759286.87,6115304.75
2015-05-25,2015,5,2,0,25,0.49999999999999994,-0.8660254037844387,0.0,1.0,0,0,95,0,1055,0,0,0,0,6648911.62,5479719.27
2015-05-26,2015,5,2,1,26,0.49999999999999994,-0.8660254037844387,0.7818314824680298,0.6234898018587336,0,0,96,0,1056,0,0,0,0,7250067.07,5753775.74
2015-05-27,2015,5,2,2,27,0.49999999999999994,-0.8660254037844387,0.9749279121818236,-0.22252093395631434,0,0,97,0,1057,0,0,0,0,11264269.11,8911794.91
2015-05-28,2015,5,2,3,28,0.49999999999999994,-0.8660254037844387,0.43388373911755823,-0.900968867902419,0,0,98,0,1058,0,0,0,0,10886440.76,8702126.28
2015-05-29,2015,5,2,4,29,0.49999999999999994,-0.8660254037844387,-0.433883739117558,-0.9009688679024191,0,0,99,0,1059,0,0,0,0,7443400.33,6010039.49
2015-05-30,2015,5,2,5,30,0.49999999999999994,-0.8660254037844387,-0.9749279121818236,-0.2225209339563146,0,0,100,0,1060,0,0,0,0,14386454.27,11671007.33
2015-05-31,2015,5,2,6,31,0.49999999999999994,-0.8660254037844387,-0.7818314824680299,0.6234898018587334,0,0,101,0,1061,0,0,0,0,12847323.1,10142347.13
2015-06-01,2015,6,2,0,1,1.2246467991473532e-16,-1.0,0.0,1.0,0,0,102,0,1062,0,0,0,0,12707400.56,9938849.85
2015-06-02,2015,6,2,1,2,1.2246467991473532e-16,-1.0,0.7818314824680298,0.6234898018587336,0,0,103,0,1063,0,0,0,0,10370270.22,8221123.6
2015-06-03,2015,6,2,2,3,1.2246467991473532e-16,-1.0,0.9749279121818236,-0.22252093395631434,0,0,104,0,1064,0,0,0,0,12915899.82,10182209.97
2015-06-04,2015,6,2,3,4,1.2246467991473532e-16,-1.0,0.43388373911755823,-0.900968867902419,0,0,105,0,1065,0,0,0,0,4389371.3,3612066.24
2015-06-05,2015,6,2,4,5,1.2246467991473532e-16,-1.0,-0.433883739117558,-0.9009688679024191,0,0,106,0,1066,0,0,0,0,4689415.18,3666593.72
2015-06-06,2015,6,2,5,6,1.2246467991473532e-16,-1.0,-0.9749279121818236,-0.2225209339563146,0,0,107,0,1067,0,0,0,0,4504545.31,3683127.75
2015-06-07,2015,6,2,6,7,1.2246467991473532e-16,-1.0,-0.7818314824680299,0.6234898018587334,0,0,108,0,1068,0,0,0,0,4737477.49,3636812.14
2015-06-08,2015,6,2,0,8,1.2246467991473532e-16,-1.0,0.0,1.0,0,0,109,0,1069,0,0,0,0,5997977.12,4767036.54
2015-06-09,2015,6,2,1,9,1.2246467991473532e-16,-1.0,0.7818314824680298,0.6234898018587336,0,0,110,0,1070,0,0,0,0,7149148.38,5741574.05
2015-06-10,2015,6,2,2,10,1.2246467991473532e-16,-1.0,0.9749279121818236,-0.22252093395631434,0,0,111,0,1071,0,0,0,0,7033422.25,5437275.2
2015-06-11,2015,6,2,3,11,1.2246467991473532e-16,-1.0,0.43388373911755823,-0.900968867902419,0,0,112,0,1072,0,0,0,0,5174085.58,4188520.67
2015-06-12,2015,6,2,4,12,1.2246467991473532e-16,-1.0,-0.433883739117558,-0.9009688679024191,0,0,113,0,1073,0,0,0,0,6351066.12,4900508.38
2015-06-13,2015,6,2,5,13,1.2246467991473532e-16,-1.0,-0.9749279121818236,-0.2225209339563146,0,0,114,0,1074,0,0,0,0,5087923.97,3913528.15
2015-06-14,2015,6,2,6,14,1.2246467991473532e-16,-1.0,-0.7818314824680299,0.6234898018587334,0,0,115,0,1075,0,0,0,0,7257781.25,5645520.63
2015-06-15,2015,6,2,0,15,1.2246467991473532e-16,-1.0,0.0,1.0,0,0,116,0,1076,0,0,0,0,7185781.7,5677039.63
2015-06-16,2015,6,2,1,16,1.2246467991473532e-16,-1.0,0.7818314824680298,0.6234898018587336,0,0,117,0,1077,0,0,0,0,7904688.49,6283325.81
2015-06-17,2015,6,2,2,17,1.2246467991473532e-16,-1.0,0.9749279121818236,-0.22252093395631434,0,0,118,0,1078,0,0,0,0,8476249.0,6775868.17
2015-06-18,2015,6,2,3,18,1.2246467991473532e-16,-1.0,0.43388373911755823,-0.900968867902419,0,0,119,0,1079,0,0,0,0,6561476.72,5174441.56
2015-06-19,2015,6,2,4,19,1.2246467991473532e-16,-1.0,-0.433883739117558,-0.9009688679024191,0,0,120,0,1080,0,0,0,0,5300940.37,4147889.8
2015-06-20,2015,6,2,5,20,1.2246467991473532e-16,-1.0,-0.9749279121818236,-0.2225209339563146,0,0,121,0,1081,0,0,0,0,5709630.01,4391167.7
2015-06-21,2015,6,2,6,21,1.2246467991473532e-16,-1.0,-0.7818314824680299,0.6234898018587334,0,0,122,0,1082,0,0,0,0,5755437.59,4546815.45
2015-06-22,2015,6,2,0,22,1.2246467991473532e-16,-1.0,0.0,1.0,0,0,123,0,1083,0,0,0,0,8091120.75,6486078.97
2015-06-23,2015,6,2,1,23,1.2246467991473532e-16,-1.0,0.7818314824680298,0.6234898018587336,0,0,124,0,1084,0,0,0,0,8014615.36,6549729.21
2015-06-24,2015,6,2,2,24,1.2246467991473532e-16,-1.0,0.9749279121818236,-0.22252093395631434,0,0,125,0,1085,0,0,0,0,8106694.48,6848465.28
2015-06-25,2015,6,2,3,25,1.2246467991473532e-16,-1.0,0.43388373911755823,-0.900968867902419,0,0,126,0,1086,0,0,0,0,6395417.81,5471074.95
2015-06-26,2015,6,2,4,26,1.2246467991473532e-16,-1.0,-0.433883739117558,-0.9009688679024191,0,0,127,0,1087,0,0,0,0,5791488.27,5164656.66
2015-06-27,2015,6,2,5,27,1.2246467991473532e-16,-1.0,-0.9749279121818236,-0.2225209339563146,0,0,128,0,1088,0,0,0,0,5907901.77,5761761.16
2015-06-28,2015,6,2,6,28,1.2246467991473532e-16,-1.0,-0.7818314824680299,0.6234898018587334,0,0,129,0,1089,0,0,0,0,7048110.81,6755443.51
2015-06-29,2015,6,2,0,29,1.2246467991473532e-16,-1.0,0.0,1.0,0,0,130,0,1090,0,0,0,0,10266326.47,10003747.48
2015-06-30,2015,6,2,1,30,1.2246467991473532e-16,-1.0,0.7818314824680298,0.6234898018587336,0,0,131,0,1091,0,0,0,0,10954727.42,10628217.87
2015-07-01,2015,7,3,2,1,-0.4999999999999998,-0.8660254037844388,0.9749279121818236,-0.22252093395631434,0,0,132,1,1092,0,0,0,0,9503954.04,9190648.76
2015-07-02,2015,7,3,3,2,-0.4999999999999998,-0.8660254037844388,0.43388373911755823,-0.900968867902419,0,0,133,1,1093,0,0,0,0,8552727.69,8154787.16
2015-07-03,2015,7,3,4,3,-0.4999999999999998,-0.8660254037844388,-0.433883739117558,-0.9009688679024191,0,0,134,1,1094,0,0,0,0,6047919.06,5867150.51
2015-07-04,2015,7,3,5,4,-0.4999999999999998,-0.8660254037844388,-0.9749279121818236,-0.2225209339563146,0,0,135,1,1095,0,0,0,0,1184319.43,1068025.58
2015-07-05,2015,7,3,6,5,-0.4999999999999998,-0.8660254037844388,-0.7818314824680299,0.6234898018587334,0,0,136,1,1096,0,0,0,0,2966146.59,2810871.75
2015-07-06,2015,7,3,0,6,-0.4999999999999998,-0.8660254037844388,0.0,1.0,0,0,137,1,1097,0,0,0,0,2490899.57,2437063.72
2015-07-07,2015,7,3,1,7,-0.4999999999999998,-0.8660254037844388,0.7818314824680298,0.6234898018587336,0,0,138,1,1098,0,0,0,0,4185006.32,3947428.34
2015-07-08,2015,7,3,2,8,-0.4999999999999998,-0.8660254037844388,0.9749279121818236,-0.22252093395631434,0,0,139,1,1099,0,0,0,0,4333446.86,4256271.94
2015-07-09,2015,7,3,3,9,-0.4999999999999998,-0.8660254037844388,0.43388373911755823,-0.900968867902419,0,0,140,1,1100,0,0,0,0,6011409.46,5756814.71
2015-07-10,2015,7,3,4,10,-0.4999999999999998,-0.8660254037844388,-0.433883739117558,-0.9009688679024191,0,0,141,1,1101,0,0,0,0,3936544.23,3750891.91
2015-07-11,2015,7,3,5,11,-0.4999999999999998,-0.8660254037844388,-0.9749279121818236,-0.2225209339563146,0,0,142,1,1102,0,0,0,0,3965266.87,3859812.43
2015-07-12,2015,7,3,6,12,-0.4999999999999998,-0.8660254037844388,-0.7818314824680299,0.6234898018587334,0,0,143,1,1103,0,0,0,0,4444033.83,4308843.11
2015-07-13,2015,7,3,0,13,-0.4999999999999998,-0.8660254037844388,0.0,1.0,0,0,144,1,1104,0,0,0,0,4008119.02,3879117.89
2015-07-14,2015,7,3,1,14,-0.4999999999999998,-0.8660254037844388,0.7818314824680298,0.6234898018587336,0,0,145,1,1105,0,0,0,0,4541662.42,4427340.58
2015-07-15,2015,7,3,2,15,-0.4999999999999998,-0.8660254037844388,0.9749279121818236,-0.22252093395631434,0,0,146,1,1106,0,0,0,0,6195528.74,5945270.24
2015-07-16,2015,7,3,3,16,-0.4999999999999998,-0.8660254037844388,0.43388373911755823,-0.900968867902419,0,0,147,1,1107,0,0,0,0,5351713.45,5204783.4
2015-07-17,2015,7,3,4,17,-0.4999999999999998,-0.8660254037844388,-0.433883739117558,-0.9009688679024191,0,0,148,1,1108,0,0,0,0,3953465.4,3879500.64
2015-07-18,2015,7,3,5,18,-0.4999999999999998,-0.8660254037844388,-0.9749279121818236,-0.2225209339563146,0,0,149,1,1109,0,0,0,0,4352743.94,4230281.82
2015-07-19,2015,7,3,6,19,-0.4999999999999998,-0.8660254037844388,-0.7818314824680299,0.6234898018587334,0,0,150,1,1110,0,0,0,0,4734057.3,4244345.55
2015-07-20,2015,7,3,0,20,-0.4999999999999998,-0.8660254037844388,0.0,1.0,0,0,151,1,1111,0,0,0,0,4593431.52,3967198.09
2015-07-21,2015,7,3,1,21,-0.4999999999999998,-0.8660254037844388,0.7818314824680298,0.6234898018587336,0,0,152,1,1112,0,0,0,0,6205610.6,5212906.4
2015-07-22,2015,7,3,2,22,-0.4999999999999998,-0.8660254037844388,0.9749279121818236,-0.22252093395631434,0,0,153,1,1113,0,0,0,0,7003315.42,5699625.87
2015-07-23,2015,7,3,3,23,-0.4999999999999998,-0.8660254037844388,0.43388373911755823,-0.900968867902419,0,0,154,1,1114,0,0,0,0,6241579.84,5041557.0
2015-07-24,2015,7,3,4,24,-0.4999999999999998,-0.8660254037844388,-0.433883739117558,-0.9009688679024191,0,0,155,1,1115,0,0,0,0,4815209.73,3864863.25
2015-07-25,2015,7,3,5,25,-0.4999999999999998,-0.8660254037844388,-0.9749279121818236,-0.2225209339563146,0,0,156,1,1116,0,0,0,0,4869837.46,3980424.09
2015-07-26,2015,7,3,6,26,-0.4999999999999998,-0.8660254037844388,-0.7818314824680299,0.6234898018587334,0,0,157,1,1117,0,0,0,0,5323996.74,4436550.96
2015-07-27,2015,7,3,0,27,-0.4999999999999998,-0.8660254037844388,0.0,1.0,0,0,158,1,1118,0,0,0,0,5603376.79,4431670.86
2015-07-28,2015,7,3,1,28,-0.4999999999999998,-0.8660254037844388,0.7818314824680298,0.6234898018587336,0,0,159,1,1119,0,0,0,0,6826651.55,5538901.92
2015-07-29,2015,7,3,2,29,-0.4999999999999998,-0.8660254037844388,0.9749279121818236,-0.22252093395631434,0,0,160,1,1120,0,0,0,0,9470985.24,7602775.68
2015-07-30,2015,7,3,3,30,-0.4999999999999998,-0.8660254037844388,0.43388373911755823,-0.900968867902419,0,0,161,1,1121,0,0,0,0,10296776.67,9762134.91
2015-07-31,2015,7,3,4,31,-0.4999999999999998,-0.8660254037844388,-0.433883739117558,-0.9009688679024191,0,0,162,1,1122,0,0,0,0,8227312.7,8001039.19
2015-08-01,2015,8,3,5,1,-0.8660254037844384,-0.5000000000000004,-0.9749279121818236,-0.2225209339563146,0,0,163,1,1123,0,0,0,0,7969399.16,8307674.69
2015-08-02,2015,8,3,6,2,-0.8660254037844384,-0.5000000000000004,-0.7818314824680299,0.6234898018587334,0,0,164,1,1124,0,0,0,0,5808782.79,6999844.19
2015-08-03,2015,8,3,0,3,-0.8660254037844384,-0.5000000000000004,0.0,1.0,0,0,165,1,1125,0,0,0,0,4720575.96,6451104.36
2015-08-04,2015,8,3,1,4,-0.8660254037844384,-0.5000000000000004,0.7818314824680298,0.6234898018587336,0,0,166,1,1126,0,0,0,0,2658117.34,3894709.67
2015-08-05,2015,8,3,2,5,-0.8660254037844384,-0.5000000000000004,0.9749279121818236,-0.22252093395631434,0,0,167,1,1127,0,0,0,0,2978173.12,4001425.35
2015-08-06,2015,8,3,3,6,-0.8660254037844384,-0.5000000000000004,0.43388373911755823,-0.900968867902419,0,0,168,1,1128,0,0,0,0,2558707.18,3656184.22
2015-08-07,2015,8,3,4,7,-0.8660254037844384,-0.5000000000000004,-0.433883739117558,-0.9009688679024191,0,0,169,1,1129,0,0,0,0,1981109.04,2648627.83
2015-08-08,2015,8,3,5,8,-0.8660254037844384,-0.5000000000000004,-0.9749279121818236,-0.2225209339563146,0,0,170,1,1130,0,0,0,0,1709563.14,2428463.02
2015-08-09,2015,8,3,6,9,-0.8660254037844384,-0.5000000000000004,-0.7818314824680299,0.6234898018587334,0,0,171,1,1131,0,0,0,0,2122689.02,2864218.57
2015-08-10,2015,8,3,0,10,-0.8660254037844384,-0.5000000000000004,0.0,1.0,0,0,172,1,1132,0,0,0,0,2341717.61,3233525.06
2015-08-11,2015,8,3,1,11,-0.8660254037844384,-0.5000000000000004,0.7818314824680298,0.6234898018587336,0,0,173,1,1133,0,0,0,0,2434219.28,3451194.49
2015-08-12,2015,8,3,2,12,-0.8660254037844384,-0.5000000000000004,0.9749279121818236,-0.22252093395631434,0,0,174,1,1134,0,0,0,0,3555473.95,4878289.67
2015-08-13,2015,8,3,3,13,-0.8660254037844384,-0.5000000000000004,0.43388373911755823,-0.900968867902419,0,0,175,1,1135,0,0,0,0,2921138.79,3979730.24
2015-08-14,2015,8,3,4,14,-0.8660254037844384,-0.5000000000000004,-0.433883739117558,-0.9009688679024191,0,0,176,1,1136,0,0,0,0,2842163.51,3979723.24
2015-08-15,2015,8,3,5,15,-0.8660254037844384,-0.5000000000000004,-0.9749279121818236,-0.2225209339563146,0,0,177,1,1137,0,0,0,0,2655077.08,3723026.61
2015-08-16,2015,8,3,6,16,-0.8660254037844384,-0.5000000000000004,-0.7818314824680299,0.6234898018587334,0,0,-176,1,1138,0,0,0,0,2851597.29,3843042.72
2015-08-17,2015,8,3,0,17,-0.8660254037844384,-0.5000000000000004,0.0,1.0,0,0,-175,1,1139,0,0,0,0,2804909.03,3580539.39
2015-08-18,2015,8,3,1,18,-0.8660254037844384,-0.5000000000000004,0.7818314824680298,0.6234898018587336,0,0,-174,1,1140,0,0,0,0,3797369.86,5081331.41
2015-08-19,2015,8,3,2,19,-0.8660254037844384,-0.5000000000000004,0.9749279121818236,-0.22252093395631434,0,0,-173,1,1141,0,0,0,0,3996506.07,5388360.8
2015-08-20,2015,8,3,3,20,-0.8660254037844384,-0.5000000000000004,0.43388373911755823,-0.900968867902419,0,0,-172,1,1142,0,0,0,0,3542649.14,4967122.51
2015-08-21,2015,8,3,4,21,-0.8660254037844384,-0.5000000000000004,-0.433883739117558,-0.9009688679024191,0,0,-171,1,1143,0,0,0,0,2826694.43,4029608.29
2015-08-22,2015,8,3,5,22,-0.8660254037844384,-0.5000000000000004,-0.9749279121818236,-0.2225209339563146,0,0,-170,1,1144,0,0,0,0,2330134.4,3196044.6
2015-08-23,2015,8,3,6,23,-0.8660254037844384,-0.5000000000000004,-0.7818314824680299,0.6234898018587334,0,0,-169,1,1145,0,0,0,0,2980880.01,4035327.45
2015-08-24,2015,8,3,0,24,-0.8660254037844384,-0.5000000000000004,0.0,1.0,0,0,-168,1,1146,0,0,0,0,2905862.72,4140352.34
2015-08-25,2015,8,3,1,25,-0.8660254037844384,-0.5000000000000004,0.7818314824680298,0.6234898018587336,0,0,-167,1,1147,0,0,0,0,3470416.25,4713031.14
2015-08-26,2015,8,3,2,26,-0.8660254037844384,-0.5000000000000004,0.9749279121818236,-0.22252093395631434,0,0,-166,1,1148,0,0,0,0,4027164.09,5549423.27
2015-08-27,2015,8,3,3,27,-0.8660254037844384,-0.5000000000000004,0.43388373911755823,-0.900968867902419,0,0,-165,1,1149,0,0,0,0,3564052.29,4867784.09
2015-08-28,2015,8,3,4,28,-0.8660254037844384,-0.5000000000000004,-0.433883739117558,-0.9009688679024191,0,0,-164,1,1150,0,0,0,0,8506950.72,11044258.41
2015-08-29,2015,8,3,5,29,-0.8660254037844384,-0.5000000000000004,-0.9749279121818236,-0.2225209339563146,0,0,-163,1,1151,0,0,0,0,7794439.44,10361751.16
2015-08-30,2015,8,3,6,30,-0.8660254037844384,-0.5000000000000004,-0.7818314824680299,0.6234898018587334,0,0,-162,1,1152,0,0,0,0,7344062.69,9260104.74
2015-08-31,2015,8,3,0,31,-0.8660254037844384,-0.5000000000000004,0.0,1.0,0,0,-161,1,1153,0,0,0,0,7854391.23,10070785.58
2015-09-01,2015,9,3,1,1,-1.0,-1.8369701987210297e-16,0.7818314824680298,0.6234898018587336,0,0,-160,1,1154,0,0,0,0,6760812.85,8154672.78
2015-09-02,2015,9,3,2,2,-1.0,-1.8369701987210297e-16,0.9749279121818236,-0.22252093395631434,0,0,-159,1,1155,0,1,0,0,2200298.26,2129220.78
2015-09-03,2015,9,3,3,3,-1.0,-1.8369701987210297e-16,0.43388373911755823,-0.900968867902419,0,0,-158,1,1156,0,0,0,0,2827263.54,2604249.38
2015-09-04,2015,9,3,4,4,-1.0,-1.8369701987210297e-16,-0.433883739117558,-0.9009688679024191,0,0,-157,1,1157,0,0,0,0,3174821.93,2868467.84
2015-09-05,2015,9,3,5,5,-1.0,-1.8369701987210297e-16,-0.9749279121818236,-0.2225209339563146,0,0,-156,1,1158,0,0,0,0,4060108.04,3677521.7
2015-09-06,2015,9,3,6,6,-1.0,-1.8369701987210297e-16,-0.7818314824680299,0.6234898018587334,0,0,-155,1,1159,0,0,0,0,5806076.99,5165364.57
2015-09-07,2015,9,3,0,7,-1.0,-1.8369701987210297e-16,0.0,1.0,0,0,-154,1,1160,0,0,0,0,5427754.58,4736445.82
2015-09-08,2015,9,3,1,8,-1.0,-1.8369701987210297e-16,0.7818314824680298,0.6234898018587336,0,0,-153,1,1161,0,0,0,0,4280040.71,3769505.38
2015-09-09,2015,9,3,2,9,-1.0,-1.8369701987210297e-16,0.9749279121818236,-0.22252093395631434,0,0,-152,1,1162,0,0,0,0,3647303.9,3266493.41
2015-09-10,2015,9,3,3,10,-1.0,-1.8369701987210297e-16,0.43388373911755823,-0.900968867902419,0,0,-151,1,1163,0,0,0,0,3721441.58,3354394.08
2015-09-11,2015,9,3,4,11,-1.0,-1.8369701987210297e-16,-0.433883739117558,-0.9009688679024191,0,0,-150,1,1164,0,0,0,0,5440903.55,4839456.19
2015-09-12,2015,9,3,5,12,-1.0,-1.8369701987210297e-16,-0.9749279121818236,-0.2225209339563146,0,0,-149,1,1165,0,0,0,0,4950740.04,4404176.85
2015-09-13,2015,9,3,6,13,-1.0,-1.8369701987210297e-16,-0.7818314824680299,0.6234898018587334,0,0,-148,1,1166,0,0,0,0,6063850.75,5333297.85
2015-09-14,2015,9,3,0,14,-1.0,-1.8369701987210297e-16,0.0,1.0,0,0,-147,1,1167,0,0,0,0,5951627.11,5241870.86
2015-09-15,2015,9,3,1,15,-1.0,-1.8369701987210297e-16,0.7818314824680298,0.6234898018587336,0,0,-146,1,1168,0,0,0,0,4289955.17,3759560.12
2015-09-16,2015,9,3,2,16,-1.0,-1.8369701987210297e-16,0.9749279121818236,-0.22252093395631434,0,0,-145,1,1169,0,0,0,0,4578098.38,4047593.29
2015-09-17,2015,9,3,3,17,-1.0,-1.8369701987210297e-16,0.43388373911755823,-0.900968867902419,0,0,-144,1,1170,0,0,0,0,4322042.75,3890293.3
2015-09-18,2015,9,3,4,18,-1.0,-1.8369701987210297e-16,-0.433883739117558,-0.9009688679024191,0,0,-143,1,1171,0,0,0,0,4626830.39,4125549.97
2015-09-19,2015,9,3,5,19,-1.0,-1.8369701987210297e-16,-0.9749279121818236,-0.2225209339563146,0,0,-142,1,1172,0,0,0,0,4866373.41,4338177.32
2015-09-20,2015,9,3,6,20,-1.0,-1.8369701987210297e-16,-0.7818314824680299,0.6234898018587334,0,0,-141,1,1173,0,0,0,0,5970375.19,5199616.34
2015-09-21,2015,9,3,0,21,-1.0,-1.8369701987210297e-16,0.0,1.0,0,0,-140,1,1174,0,0,0,0,5429549.96,4922952.43
2015-09-22,2015,9,3,1,22,-1.0,-1.8369701987210297e-16,0.7818314824680298,0.6234898018587336,0,0,-139,1,1175,0,0,0,0,3989413.65,3510644.34
2015-09-23,2015,9,3,2,23,-1.0,-1.8369701987210297e-16,0.9749279121818236,-0.22252093395631434,0,0,-138,1,1176,0,0,0,0,4492195.74,4136948.97
2015-09-24,2015,9,3,3,24,-1.0,-1.8369701987210297e-16,0.43388373911755823,-0.900968867902419,0,0,-137,1,1177,0,0,0,0,4990183.49,4532817.65
2015-09-25,2015,9,3,4,25,-1.0,-1.8369701987210297e-16,-0.433883739117558,-0.9009688679024191,0,0,-136,1,1178,0,0,0,0,5455949.84,4738294.51
2015-09-26,2015,9,3,5,26,-1.0,-1.8369701987210297e-16,-0.9749279121818236,-0.2225209339563146,0,0,-135,1,1179,0,0,0,0,6622087.86,5772363.74
2015-09-27,2015,9,3,6,27,-1.0,-1.8369701987210297e-16,-0.7818314824680299,0.6234898018587334,0,0,-134,1,1180,0,0,0,0,9527329.68,8445286.43
2015-09-28,2015,9,3,0,28,-1.0,-1.8369701987210297e-16,0.0,1.0,0,0,-133,1,1181,0,0,0,0,8161672.8,7449690.47
2015-09-29,2015,9,3,1,29,-1.0,-1.8369701987210297e-16,0.7818314824680298,0.6234898018587336,0,0,-132,1,1182,0,0,0,0,7149980.42,6330231.0
2015-09-30,2015,9,3,2,30,-1.0,-1.8369701987210297e-16,0.9749279121818236,-0.22252093395631434,0,0,-131,1,1183,0,0,0,0,6245594.21,5509034.08
2015-10-01,2015,10,4,3,1,-0.8660254037844386,0.5000000000000001,0.43388373911755823,-0.900968867902419,0,0,-130,0,1184,0,0,0,0,5328206.77,4579676.64
2015-10-02,2015,10,4,4,2,-0.8660254037844386,0.5000000000000001,-0.433883739117558,-0.9009688679024191,0,0,-129,0,1185,0,0,0,0,2171539.56,1796561.55
2015-10-03,2015,10,4,5,3,-0.8660254037844386,0.5000000000000001,-0.9749279121818236,-0.2225209339563146,0,0,-128,0,1186,0,0,0,0,4071748.88,3247591.03
2015-10-04,2015,10,4,6,4,-0.8660254037844386,0.5000000000000001,-0.7818314824680299,0.6234898018587334,0,0,-127,0,1187,0,0,0,0,3492367.73,2871726.8
2015-10-05,2015,10,4,0,5,-0.8660254037844386,0.5000000000000001,0.0,1.0,0,0,-126,0,1188,0,0,0,0,4507541.9,3678096.41
2015-10-06,2015,10,4,1,6,-0.8660254037844386,0.5000000000000001,0.7818314824680298,0.6234898018587336,0,0,-125,0,1189,0,0,0,0,4188998.54,3415837.46
2015-10-07,2015,10,4,2,7,-0.8660254037844386,0.5000000000000001,0.9749279121818236,-0.22252093395631434,0,0,-124,0,1190,0,0,0,0,3426493.43,2803278.62
2015-10-08,2015,10,4,3,8,-0.8660254037844386,0.5000000000000001,0.43388373911755823,-0.900968867902419,0,0,-123,0,1191,0,0,0,0,3233949.18,2641121.98
2015-10-09,2015,10,4,4,9,-0.8660254037844386,0.5000000000000001,-0.433883739117558,-0.9009688679024191,0,0,-122,0,1192,0,0,0,0,3267999.74,2663149.73
2015-10-10,2015,10,4,5,10,-0.8660254037844386,0.5000000000000001,-0.9749279121818236,-0.2225209339563146,0,0,-121,0,1193,0,0,0,0,3378102.79,2705337.11
2015-10-11,2015,10,4,6,11,-0.8660254037844386,0.5000000000000001,-0.7818314824680299,0.6234898018587334,0,0,-120,0,1194,0,0,0,0,3286486.34,2566855.85
2015-10-12,2015,10,4,0,12,-0.8660254037844386,0.5000000000000001,0.0,1.0,0,0,-119,0,1195,0,0,0,0,4956524.37,4081540.58
2015-10-13,2015,10,4,1,13,-0.8660254037844386,0.5000000000000001,0.7818314824680298,0.6234898018587336,0,0,-118,0,1196,0,0,0,0,5498991.17,4432958.2
2015-10-14,2015,10,4,2,14,-0.8660254037844386,0.5000000000000001,0.9749279121818236,-0.22252093395631434,0,0,-117,0,1197,0,0,0,0,3411355.27,2666618.8
2015-10-15,2015,10,4,3,15,-0.8660254037844386,0.5000000000000001,0.43388373911755823,-0.900968867902419,0,0,-116,0,1198,0,0,0,0,3768908.71,2948986.13
2015-10-16,2015,10,4,4,16,-0.8660254037844386,0.5000000000000001,-0.433883739117558,-0.9009688679024191,0,0,-115,0,1199,0,0,0,0,3821540.36,2987369.39
2015-10-17,2015,10,4,5,17,-0.8660254037844386,0.5000000000000001,-0.9749279121818236,-0.2225209339563146,0,0,-114,0,1200,0,0,0,0,3662021.88,2894880.7
2015-10-18,2015,10,4,6,18,-0.8660254037844386,0.5000000000000001,-0.7818314824680299,0.6234898018587334,0,0,-113,0,1201,0,0,0,0,4235369.07,3332133.13
2015-10-19,2015,10,4,0,19,-0.8660254037844386,0.5000000000000001,0.0,1.0,0,0,-112,0,1202,0,0,0,0,6150586.07,4953145.42
2015-10-20,2015,10,4,1,20,-0.8660254037844386,0.5000000000000001,0.7818314824680298,0.6234898018587336,0,0,-111,0,1203,0,0,0,0,5151254.9,4073078.24
2015-10-21,2015,10,4,2,21,-0.8660254037844386,0.5000000000000001,0.9749279121818236,-0.22252093395631434,0,0,-110,0,1204,0,0,0,0,3861128.76,3112793.66
2015-10-22,2015,10,4,3,22,-0.8660254037844386,0.5000000000000001,0.43388373911755823,-0.900968867902419,0,0,-109,0,1205,0,0,0,0,3503062.58,2822517.81
2015-10-23,2015,10,4,4,23,-0.8660254037844386,0.5000000000000001,-0.433883739117558,-0.9009688679024191,0,0,-108,0,1206,0,0,0,0,4220053.16,3535441.18
2015-10-24,2015,10,4,5,24,-0.8660254037844386,0.5000000000000001,-0.9749279121818236,-0.2225209339563146,0,0,-107,0,1207,0,0,0,0,3836294.44,2963519.26
2015-10-25,2015,10,4,6,25,-0.8660254037844386,0.5000000000000001,-0.7818314824680299,0.6234898018587334,0,0,-106,0,1208,0,0,0,0,4371735.18,3592252.8
2015-10-26,2015,10,4,0,26,-0.8660254037844386,0.5000000000000001,0.0,1.0,0,0,-105,0,1209,0,0,0,0,5670407.54,4548016.77
2015-10-27,2015,10,4,1,27,-0.8660254037844386,0.5000000000000001,0.7818314824680298,0.6234898018587336,0,0,-104,0,1210,0,0,0,0,5227347.01,4220293.85
2015-10-28,2015,10,4,2,28,-0.8660254037844386,0.5000000000000001,0.9749279121818236,-0.22252093395631434,0,0,-103,0,1211,0,0,0,0,7029977.95,5631491.38
2015-10-29,2015,10,4,3,29,-0.8660254037844386,0.5000000000000001,0.43388373911755823,-0.900968867902419,0,0,-102,0,1212,0,0,0,0,7420192.54,6015934.85
2015-10-30,2015,10,4,4,30,-0.8660254037844386,0.5000000000000001,-0.433883739117558,-0.9009688679024191,0,0,-101,0,1213,0,0,0,0,7246849.63,5898873.81
2015-10-31,2015,10,4,5,31,-0.8660254037844386,0.5000000000000001,-0.9749279121818236,-0.2225209339563146,0,0,-100,0,1214,0,0,0,0,5833943.99,4766615.28
2015-11-01,2015,11,4,6,1,-0.5000000000000004,0.8660254037844384,-0.7818314824680299,0.6234898018587334,0,0,-99,1,1215,0,0,0,0,5794071.48,4691433.96
2015-11-02,2015,11,4,0,2,-0.5000000000000004,0.8660254037844384,0.0,1.0,0,0,-98,1,1216,0,0,0,0,2770297.66,2300656.83
2015-11-03,2015,11,4,1,3,-0.5000000000000004,0.8660254037844384,0.7818314824680298,0.6234898018587336,0,0,-97,1,1217,0,0,0,0,2095237.3,1642341.12
2015-11-04,2015,11,4,2,4,-0.5000000000000004,0.8660254037844384,0.9749279121818236,-0.22252093395631434,0,0,-96,1,1218,0,0,0,0,2658412.16,2230527.42
2015-11-05,2015,11,4,3,5,-0.5000000000000004,0.8660254037844384,0.43388373911755823,-0.900968867902419,0,0,-95,1,1219,0,0,0,0,2550367.78,2095931.27
2015-11-06,2015,11,4,4,6,-0.5000000000000004,0.8660254037844384,-0.433883739117558,-0.9009688679024191,0,0,-94,1,1220,0,0,0,0,3113759.4,2524846.93
2015-11-07,2015,11,4,5,7,-0.5000000000000004,0.8660254037844384,-0.9749279121818236,-0.2225209339563146,0,0,-93,1,1221,0,0,0,0,2523233.52,2111797.74
2015-11-08,2015,11,4,6,8,-0.5000000000000004,0.8660254037844384,-0.7818314824680299,0.6234898018587334,0,0,-92,1,1222,0,0,0,0,4183206.42,3467217.26
2015-11-09,2015,11,4,0,9,-0.5000000000000004,0.8660254037844384,0.0,1.0,0,0,-91,1,1223,0,0,0,0,3409517.01,2730600.71
2015-11-10,2015,11,4,1,10,-0.5000000000000004,0.8660254037844384,0.7818314824680298,0.6234898018587336,0,0,-90,1,1224,0,0,0,0,3237404.66,2600539.96
2015-11-11,2015,11,4,2,11,-0.5000000000000004,0.8660254037844384,0.9749279121818236,-0.22252093395631434,0,0,-89,1,1225,0,0,0,0,2928494.89,2445001.94
2015-11-12,2015,11,4,3,12,-0.5000000000000004,0.8660254037844384,0.43388373911755823,-0.900968867902419,0,0,-88,1,1226,0,0,0,0,3900732.76,3072175.13
2015-11-13,2015,11,4,4,13,-0.5000000000000004,0.8660254037844384,-0.433883739117558,-0.9009688679024191,0,0,-87,1,1227,0,0,0,0,3144926.75,2547598.28
2015-11-14,2015,11,4,5,14,-0.5000000000000004,0.8660254037844384,-0.9749279121818236,-0.2225209339563146,0,0,-86,1,1228,0,0,0,0,4369752.69,3445998.98
2015-11-15,2015,11,4,6,15,-0.5000000000000004,0.8660254037844384,-0.7818314824680299,0.6234898018587334,0,0,-85,1,1229,0,0,0,0,4297274.47,3488973.66
2015-11-16,2015,11,4,0,16,-0.5000000000000004,0.8660254037844384,0.0,1.0,0,0,-84,1,1230,0,0,0,0,4316238.63,3541079.15
2015-11-17,2015,11,4,1,17,-0.5000000000000004,0.8660254037844384,0.7818314824680298,0.6234898018587336,0,0,-83,1,1231,0,0,0,0,3035948.85,2418023.08
2015-11-18,2015,11,4,2,18,-0.5000000000000004,0.8660254037844384,0.9749279121818236,-0.22252093395631434,0,0,-82,1,1232,0,0,0,0,3208924.12,2787131.03
2015-11-19,2015,11,4,3,19,-0.5000000000000004,0.8660254037844384,0.43388373911755823,-0.900968867902419,0,0,-81,1,1233,0,0,0,0,2934934.24,2722267.8
2015-11-20,2015,11,4,4,20,-0.5000000000000004,0.8660254037844384,-0.433883739117558,-0.9009688679024191,0,0,-80,1,1234,0,0,0,0,3389498.76,3170548.9
2015-11-21,2015,11,4,5,21,-0.5000000000000004,0.8660254037844384,-0.9749279121818236,-0.2225209339563146,0,0,-79,1,1235,0,0,0,0,2291920.41,2320486.62
2015-11-22,2015,11,4,6,22,-0.5000000000000004,0.8660254037844384,-0.7818314824680299,0.6234898018587334,0,0,-78,1,1236,0,0,0,0,3070301.17,3152837.2
2015-11-23,2015,11,4,0,23,-0.5000000000000004,0.8660254037844384,0.0,1.0,0,0,-77,1,1237,0,0,0,0,2329823.55,2370762.85
2015-11-24,2015,11,4,1,24,-0.5000000000000004,0.8660254037844384,0.7818314824680298,0.6234898018587336,0,0,-76,1,1238,0,0,0,0,1994420.05,2017128.44
2015-11-25,2015,11,4,2,25,-0.5000000000000004,0.8660254037844384,0.9749279121818236,-0.22252093395631434,0,0,-75,1,1239,0,0,0,0,1994246.64,2069297.94
2015-11-26,2015,11,4,3,26,-0.5000000000000004,0.8660254037844384,0.43388373911755823,-0.900968867902419,0,0,-74,1,1240,0,0,0,0,3361942.92,3392781.25
2015-11-27,2015,11,4,4,27,-0.5000000000000004,0.8660254037844384,-0.433883739117558,-0.9009688679024191,0,0,-73,1,1241,0,0,0,0,5242225.8,5137790.23
2015-11-28,2015,11,4,5,28,-0.5000000000000004,0.8660254037844384,-0.9749279121818236,-0.2225209339563146,0,0,-72,1,1242,0,0,0,0,5114979.4,5281806.7
2015-11-29,2015,11,4,6,29,-0.5000000000000004,0.8660254037844384,-0.7818314824680299,0.6234898018587334,0,0,-71,1,1243,0,0,0,0,5018236.03,4955536.7
2015-11-30,2015,11,4,0,30,-0.5000000000000004,0.8660254037844384,0.0,1.0,0,0,-70,1,1244,0,0,0,0,4031497.64,4065929.95
2015-12-01,2015,12,4,1,1,-2.4492935982947064e-16,1.0,0.7818314824680298,0.6234898018587336,0,0,-69,1,1245,0,0,0,0,3221463.05,3262618.05
2015-12-02,2015,12,4,2,2,-2.4492935982947064e-16,1.0,0.9749279121818236,-0.22252093395631434,0,0,-68,1,1246,0,0,0,0,953639.35,978207.15
2015-12-03,2015,12,4,3,3,-2.4492935982947064e-16,1.0,0.43388373911755823,-0.900968867902419,0,0,-67,1,1247,0,0,0,0,1852279.15,1907081.99
2015-12-04,2015,12,4,4,4,-2.4492935982947064e-16,1.0,-0.433883739117558,-0.9009688679024191,0,0,-66,1,1248,0,0,0,0,2076429.7,2095572.96
2015-12-05,2015,12,4,5,5,-2.4492935982947064e-16,1.0,-0.9749279121818236,-0.2225209339563146,0,0,-65,1,1249,0,0,0,0,2287846.3,2292826.58
2015-12-06,2015,12,4,6,6,-2.4492935982947064e-16,1.0,-0.7818314824680299,0.6234898018587334,0,0,-64,1,1250,0,0,0,0,2028034.94,2013778.51
2015-12-07,2015,12,4,0,7,-2.4492935982947064e-16,1.0,0.0,1.0,0,0,-63,1,1251,0,0,0,0,2286683.02,2364273.69
2015-12-08,2015,12,4,1,8,-2.4492935982947064e-16,1.0,0.7818314824680298,0.6234898018587336,0,0,-62,1,1252,0,0,0,0,2785090.6,2715044.46
2015-12-09,2015,12,4,2,9,-2.4492935982947064e-16,1.0,0.9749279121818236,-0.22252093395631434,0,0,-61,1,1253,0,0,0,0,1648123.41,1664248.89
2015-12-10,2015,12,4,3,10,-2.4492935982947064e-16,1.0,0.43388373911755823,-0.900968867902419,0,0,-60,1,1254,0,0,0,0,2450848.03,2579079.6
2015-12-11,2015,12,4,4,11,-2.4492935982947064e-16,1.0,-0.433883739117558,-0.9009688679024191,0,0,-59,1,1255,0,0,0,0,2027594.98,1955884.16
2015-12-12,2015,12,4,5,12,-2.4492935982947064e-16,1.0,-0.9749279121818236,-0.2225209339563146,0,0,-58,1,1256,0,0,0,0,2888573.7,2824587.14
2015-12-13,2015,12,4,6,13,-2.4492935982947064e-16,1.0,-0.7818314824680299,0.6234898018587334,0,0,-57,1,1257,0,0,0,0,3442735.4,3382073.59
2015-12-14,2015,12,4,0,14,-2.4492935982947064e-16,1.0,0.0,1.0,0,0,-56,1,1258,0,0,0,0,3272227.86,3176504.37
2015-12-15,2015,12,4,1,15,-2.4492935982947064e-16,1.0,0.7818314824680298,0.6234898018587336,0,0,-55,1,1259,0,0,0,0,3089177.63,3106617.67
2015-12-16,2015,12,4,2,16,-2.4492935982947064e-16,1.0,0.9749279121818236,-0.22252093395631434,0,0,-54,1,1260,0,0,0,0,2310884.14,2367574.49
2015-12-17,2015,12,4,3,17,-2.4492935982947064e-16,1.0,0.43388373911755823,-0.900968867902419,0,0,-53,1,1261,0,0,0,0,2671287.02,2646046.82
2015-12-18,2015,12,4,4,18,-2.4492935982947064e-16,1.0,-0.433883739117558,-0.9009688679024191,0,0,-52,1,1262,0,0,0,0,2923802.97,2954646.8
2015-12-19,2015,12,4,5,19,-2.4492935982947064e-16,1.0,-0.9749279121818236,-0.2225209339563146,0,0,-51,1,1263,0,0,0,0,2965218.72,3081409.43
2015-12-20,2015,12,4,6,20,-2.4492935982947064e-16,1.0,-0.7818314824680299,0.6234898018587334,0,0,-50,1,1264,0,0,0,0,3613917.61,3711607.1
2015-12-21,2015,12,4,0,21,-2.4492935982947064e-16,1.0,0.0,1.0,0,0,-49,1,1265,0,0,0,0,5050481.76,5131271.18
2015-12-22,2015,12,4,1,22,-2.4492935982947064e-16,1.0,0.7818314824680298,0.6234898018587336,0,0,-48,1,1266,0,0,0,0,3719442.83,3727031.54
2015-12-23,2015,12,4,2,23,-2.4492935982947064e-16,1.0,0.9749279121818236,-0.22252093395631434,0,0,-47,1,1267,0,0,0,0,3656481.63,3646146.76
2015-12-24,2015,12,4,3,24,-2.4492935982947064e-16,1.0,0.43388373911755823,-0.900968867902419,0,0,-46,1,1268,0,0,0,0,2398336.72,2262884.17
2015-12-25,2015,12,4,4,25,-2.4492935982947064e-16,1.0,-0.433883739117558,-0.9009688679024191,0,0,-45,1,1269,0,0,1,0,3229207.58,3048061.85
2015-12-26,2015,12,4,5,26,-2.4492935982947064e-16,1.0,-0.9749279121818236,-0.2225209339563146,0,0,-44,1,1270,0,0,0,0,3645783.09,3633106.61
2015-12-27,2015,12,4,6,27,-2.4492935982947064e-16,1.0,-0.7818314824680299,0.6234898018587334,0,0,-43,1,1271,0,0,0,0,5096354.17,5095420.51
2015-12-28,2015,12,4,0,28,-2.4492935982947064e-16,1.0,0.0,1.0,0,0,-42,1,1272,0,0,0,0,8179976.67,8163764.62
2015-12-29,2015,12,4,1,29,-2.4492935982947064e-16,1.0,0.7818314824680298,0.6234898018587336,0,0,-41,1,1273,0,0,0,0,7760149.23,7689336.24
2015-12-30,2015,12,4,2,30,-2.4492935982947064e-16,1.0,0.9749279121818236,-0.22252093395631434,0,0,-40,1,1274,0,0,0,0,5941753.52,5888436.34
2015-12-31,2015,12,4,3,31,-2.4492935982947064e-16,1.0,0.43388373911755823,-0.900968867902419,0,0,-39,1,1275,0,0,0,0,6375571.66,6217888.06
2016-01-01,2016,1,1,4,1,0.49999999999999994,0.8660254037844387,-0.433883739117558,-0.9009688679024191,0,0,-38,0,1276,0,0,0,0,5846204.33,5354701.23
2016-01-02,2016,1,1,5,2,0.49999999999999994,0.8660254037844387,-0.9749279121818236,-0.2225209339563146,0,0,-37,0,1277,0,0,0,0,2558616.91,2072521.54
2016-01-03,2016,1,1,6,3,0.49999999999999994,0.8660254037844387,-0.7818314824680299,0.6234898018587334,0,0,-36,0,1278,0,0,0,0,2744446.82,2169775.39
2016-01-04,2016,1,1,0,4,0.49999999999999994,0.8660254037844387,0.0,1.0,0,0,-35,0,1279,0,0,0,0,2387838.0,1861702.6
2016-01-05,2016,1,1,1,5,0.49999999999999994,0.8660254037844387,0.7818314824680298,0.6234898018587336,0,0,-34,0,1280,0,0,0,0,1557710.07,1249444.02
2016-01-06,2016,1,1,2,6,0.49999999999999994,0.8660254037844387,0.9749279121818236,-0.22252093395631434,0,0,-33,0,1281,0,0,0,0,2337143.16,1917221.35
2016-01-07,2016,1,1,3,7,0.49999999999999994,0.8660254037844387,0.43388373911755823,-0.900968867902419,0,0,-32,0,1282,0,0,0,0,2503287.51,2024858.69
2016-01-08,2016,1,1,4,8,0.49999999999999994,0.8660254037844387,-0.433883739117558,-0.9009688679024191,0,0,-31,0,1283,0,0,0,0,2738103.45,2202044.96
2016-01-09,2016,1,1,5,9,0.49999999999999994,0.8660254037844387,-0.9749279121818236,-0.2225209339563146,0,0,-30,0,1284,0,0,0,0,3026961.32,2446095.09
2016-01-10,2016,1,1,6,10,0.49999999999999994,0.8660254037844387,-0.7818314824680299,0.6234898018587334,0,0,-29,0,1285,0,0,0,0,4122392.05,3201417.67
2016-01-11,2016,1,1,0,11,0.49999999999999994,0.8660254037844387,0.0,1.0,0,0,-28,0,1286,0,0,0,0,3434076.67,2780091.13
2016-01-12,2016,1,1,1,12,0.49999999999999994,0.8660254037844387,0.7818314824680298,0.6234898018587336,0,0,-27,0,1287,0,0,0,0,2627637.47,2110300.27
2016-01-13,2016,1,1,2,13,0.49999999999999994,0.8660254037844387,0.9749279121818236,-0.22252093395631434,0,0,-26,0,1288,0,0,0,0,2268324.18,1914275.35
2016-01-14,2016,1,1,3,14,0.49999999999999994,0.8660254037844387,0.43388373911755823,-0.900968867902419,0,0,-25,0,1289,0,0,0,0,3247398.41,2705497.94
2016-01-15,2016,1,1,4,15,0.49999999999999994,0.8660254037844387,-0.433883739117558,-0.9009688679024191,0,0,-24,0,1290,0,0,0,0,3532606.36,3003599.85
2016-01-16,2016,1,1,5,16,0.49999999999999994,0.8660254037844387,-0.9749279121818236,-0.2225209339563146,0,0,-23,0,1291,0,0,0,0,3856871.3,3138016.53
2016-01-17,2016,1,1,6,17,0.49999999999999994,0.8660254037844387,-0.7818314824680299,0.6234898018587334,0,0,-22,0,1292,0,0,0,0,4229318.34,3477169.21
2016-01-18,2016,1,1,0,18,0.49999999999999994,0.8660254037844387,0.0,1.0,0,0,-21,0,1293,0,0,0,0,4105149.52,3409714.29
2016-01-19,2016,1,1,1,19,0.49999999999999994,0.8660254037844387,0.7818314824680298,0.6234898018587336,0,0,-20,0,1294,0,0,0,0,2818234.03,2313238.83
2016-01-20,2016,1,1,2,20,0.49999999999999994,0.8660254037844387,0.9749279121818236,-0.22252093395631434,0,0,-19,0,1295,0,0,0,0,2842888.66,2294689.37
2016-01-21,2016,1,1,3,21,0.49999999999999994,0.8660254037844387,0.43388373911755823,-0.900968867902419,0,0,-18,0,1296,0,0,0,0,3981191.66,3293021.93
2016-01-22,2016,1,1,4,22,0.49999999999999994,0.8660254037844387,-0.433883739117558,-0.9009688679024191,0,0,-17,0,1297,0,0,0,0,3322730.4,2667153.86
2016-01-23,2016,1,1,5,23,0.49999999999999994,0.8660254037844387,-0.9749279121818236,-0.2225209339563146,0,0,-16,0,1298,0,0,0,0,3998813.29,3324513.23
2016-01-24,2016,1,1,6,24,0.49999999999999994,0.8660254037844387,-0.7818314824680299,0.6234898018587334,0,0,-15,0,1299,0,0,0,0,4734624.57,3904936.72
2016-01-25,2016,1,1,0,25,0.49999999999999994,0.8660254037844387,0.0,1.0,0,0,-14,0,1300,0,0,0,0,5007306.32,4047871.63
2016-01-26,2016,1,1,1,26,0.49999999999999994,0.8660254037844387,0.7818314824680298,0.6234898018587336,0,0,-13,0,1301,0,0,0,0,3544741.3,2876880.62
2016-01-27,2016,1,1,2,27,0.49999999999999994,0.8660254037844387,0.9749279121818236,-0.22252093395631434,0,0,-12,0,1302,0,0,0,0,4728554.45,3994526.08
2016-01-28,2016,1,1,3,28,0.49999999999999994,0.8660254037844387,0.43388373911755823,-0.900968867902419,0,0,-11,0,1303,0,0,0,0,6717660.92,5529962.06
2016-01-29,2016,1,1,4,29,0.49999999999999994,0.8660254037844387,-0.433883739117558,-0.9009688679024191,0,0,-10,0,1304,0,0,0,0,5013253.01,4078543.96
2016-01-30,2016,1,1,5,30,0.49999999999999994,0.8660254037844387,-0.9749279121818236,-0.2225209339563146,0,0,-9,0,1305,0,0,0,0,6920879.78,5546795.93
2016-01-31,2016,1,1,6,31,0.49999999999999994,0.8660254037844387,-0.7818314824680299,0.6234898018587334,0,0,-8,0,1306,0,0,0,0,6449751.32,5251383.47
2016-02-01,2016,2,1,0,1,0.8660254037844386,0.5000000000000001,0.0,1.0,0,0,-7,0,1307,0,0,0,0,5200767.32,4131331.82
2016-02-02,2016,2,1,1,2,0.8660254037844386,0.5000000000000001,0.7818314824680298,0.6234898018587336,0,0,-6,0,1308,0,0,0,0,2966994.87,2413250.92
2016-02-03,2016,2,1,2,3,0.8660254037844386,0.5000000000000001,0.9749279121818236,-0.22252093395631434,0,0,-5,0,1309,0,0,0,0,2273911.2,1841992.31
2016-02-04,2016,2,1,3,4,0.8660254037844386,0.5000000000000001,0.43388373911755823,-0.900968867902419,0,0,-4,0,1310,0,0,0,0,2819439.59,2305544.16
2016-02-05,2016,2,1,4,5,0.8660254037844386,0.5000000000000001,-0.433883739117558,-0.9009688679024191,0,0,-3,0,1311,0,0,0,0,3680939.41,2987435.62
2016-02-06,2016,2,1,5,6,0.8660254037844386,0.5000000000000001,-0.9749279121818236,-0.2225209339563146,0,0,-2,0,1312,0,0,0,0,4735761.79,3973322.09
2016-02-07,2016,2,1,6,7,0.8660254037844386,0.5000000000000001,-0.7818314824680299,0.6234898018587334,0,0,-1,0,1313,0,0,0,0,4032333.88,3144310.26
2016-02-08,2016,2,1,0,8,0.8660254037844386,0.5000000000000001,0.0,1.0,0,0,0,0,1314,0,0,0,0,3848593.44,3120549.68
2016-02-09,2016,2,1,1,9,0.8660254037844386,0.5000000000000001,0.7818314824680298,0.6234898018587336,0,0,1,0,1315,0,0,0,0,3979641.11,3286349.1
2016-02-10,2016,2,1,2,10,0.8660254037844386,0.5000000000000001,0.9749279121818236,-0.22252093395631434,0,0,2,0,1316,0,0,0,0,3448601.24,2764263.83
2016-02-11,2016,2,1,3,11,0.8660254037844386,0.5000000000000001,0.43388373911755823,-0.900968867902419,0,0,3,0,1317,0,0,0,0,3717348.88,3000678.76
2016-02-12,2016,2,1,4,12,0.8660254037844386,0.5000000000000001,-0.433883739117558,-0.9009688679024191,0,0,4,0,1318,0,0,0,0,4035900.93,3269439.67
2016-02-13,2016,2,1,5,13,0.8660254037844386,0.5000000000000001,-0.9749279121818236,-0.2225209339563146,0,0,5,0,1319,0,0,0,0,4701818.64,3727060.93
2016-02-14,2016,2,1,6,14,0.8660254037844386,0.5000000000000001,-0.7818314824680299,0.6234898018587334,0,0,6,0,1320,0,0,0,0,4925684.12,4030980.54
2016-02-15,2016,2,1,0,15,0.8660254037844386,0.5000000000000001,0.0,1.0,0,0,7,0,1321,0,0,0,0,4588032.77,3702428.02
2016-02-16,2016,2,1,1,16,0.8660254037844386,0.5000000000000001,0.7818314824680298,0.6234898018587336,0,0,8,0,1322,0,0,0,0,3941056.12,3209642.29
2016-02-17,2016,2,1,2,17,0.8660254037844386,0.5000000000000001,0.9749279121818236,-0.22252093395631434,0,0,9,0,1323,0,0,0,0,2962078.99,2374063.71
2016-02-18,2016,2,1,3,18,0.8660254037844386,0.5000000000000001,0.43388373911755823,-0.900968867902419,0,0,10,0,1324,0,0,0,0,4009498.5,3301336.9
2016-02-19,2016,2,1,4,19,0.8660254037844386,0.5000000000000001,-0.433883739117558,-0.9009688679024191,0,0,11,0,1325,0,0,0,0,4571419.08,3665043.13
2016-02-20,2016,2,1,5,20,0.8660254037844386,0.5000000000000001,-0.9749279121818236,-0.2225209339563146,0,0,12,0,1326,0,0,0,0,5176883.79,4193086.14
2016-02-21,2016,2,1,6,21,0.8660254037844386,0.5000000000000001,-0.7818314824680299,0.6234898018587334,0,0,13,0,1327,0,0,0,0,4758472.96,3843027.26
2016-02-22,2016,2,1,0,22,0.8660254037844386,0.5000000000000001,0.0,1.0,0,0,14,0,1328,0,0,0,0,4721935.01,3825599.58
2016-02-23,2016,2,1,1,23,0.8660254037844386,0.5000000000000001,0.7818314824680298,0.6234898018587336,0,0,15,0,1329,0,0,0,0,4550216.22,3722357.32
2016-02-24,2016,2,1,2,24,0.8660254037844386,0.5000000000000001,0.9749279121818236,-0.22252093395631434,0,0,16,0,1330,0,0,0,0,5790273.07,4665515.38
2016-02-25,2016,2,1,3,25,0.8660254037844386,0.5000000000000001,0.43388373911755823,-0.900968867902419,0,0,17,0,1331,0,0,0,0,7677182.49,6237906.21
2016-02-26,2016,2,1,4,26,0.8660254037844386,0.5000000000000001,-0.433883739117558,-0.9009688679024191,0,0,18,0,1332,0,0,0,0,7096236.89,5762106.77
2016-02-27,2016,2,1,5,27,0.8660254037844386,0.5000000000000001,-0.9749279121818236,-0.2225209339563146,0,0,19,0,1333,0,0,0,0,6837275.28,5301081.64
2016-02-28,2016,2,1,6,28,0.8660254037844386,0.5000000000000001,-0.7818314824680299,0.6234898018587334,0,0,20,0,1334,0,0,0,0,5117740.12,4142676.19
2016-02-29,2016,2,1,0,29,0.8660254037844386,0.5000000000000001,0.0,1.0,0,0,21,0,1335,0,0,0,0,3529083.59,2843903.05
2016-03-01,2016,3,1,1,1,1.0,6.123233995736766e-17,0.7818314824680298,0.6234898018587336,0,0,22,0,1336,0,0,0,0,709982.79,623398.17
2016-03-02,2016,3,1,2,2,1.0,6.123233995736766e-17,0.9749279121818236,-0.22252093395631434,0,0,23,0,1337,0,0,0,0,1479744.0,1243049.71
2016-03-03,2016,3,1,3,3,1.0,6.123233995736766e-17,0.43388373911755823,-0.900968867902419,0,0,24,0,1338,0,0,0,0,2251060.05,1853979.92
2016-03-04,2016,3,1,4,4,1.0,6.123233995736766e-17,-0.433883739117558,-0.9009688679024191,0,0,25,0,1339,0,0,0,0,2778579.79,2305820.78
2016-03-05,2016,3,1,5,5,1.0,6.123233995736766e-17,-0.9749279121818236,-0.2225209339563146,0,0,26,0,1340,0,0,0,0,3472294.22,2819038.04
2016-03-06,2016,3,1,6,6,1.0,6.123233995736766e-17,-0.7818314824680299,0.6234898018587334,0,0,27,0,1341,0,0,0,0,3501407.51,2754054.05
2016-03-07,2016,3,1,0,7,1.0,6.123233995736766e-17,0.0,1.0,0,0,28,0,1342,0,0,0,0,4275566.76,3544887.63
2016-03-08,2016,3,1,1,8,1.0,6.123233995736766e-17,0.7818314824680298,0.6234898018587336,0,0,29,0,1343,0,0,0,0,4693887.34,3819333.06
2016-03-09,2016,3,1,2,9,1.0,6.123233995736766e-17,0.9749279121818236,-0.22252093395631434,0,0,30,0,1344,0,0,0,0,5050829.68,4101613.27
2016-03-10,2016,3,1,3,10,1.0,6.123233995736766e-17,0.43388373911755823,-0.900968867902419,0,0,31,0,1345,0,0,0,0,7374516.48,5983967.59
2016-03-11,2016,3,1,4,11,1.0,6.123233995736766e-17,-0.433883739117558,-0.9009688679024191,0,0,32,0,1346,0,0,0,0,6281759.31,5065973.55
2016-03-12,2016,3,1,5,12,1.0,6.123233995736766e-17,-0.9749279121818236,-0.2225209339563146,0,0,33,0,1347,0,0,0,0,4673863.75,3853834.05
2016-03-13,2016,3,1,6,13,1.0,6.123233995736766e-17,-0.7818314824680299,0.6234898018587334,0,0,34,0,1348,0,0,0,0,4655322.31,3707033.48
2016-03-14,2016,3,1,0,14,1.0,6.123233995736766e-17,0.0,1.0,0,0,35,0,1349,0,0,0,0,5214530.57,4150309.08
2016-03-15,2016,3,1,1,15,1.0,6.123233995736766e-17,0.7818314824680298,0.6234898018587336,0,0,36,0,1350,0,0,0,0,5319085.92,4384259.36
2016-03-16,2016,3,1,2,16,1.0,6.123233995736766e-17,0.9749279121818236,-0.22252093395631434,0,0,37,0,1351,0,0,0,0,6412758.35,5219744.05
2016-03-17,2016,3,1,3,17,1.0,6.123233995736766e-17,0.43388373911755823,-0.900968867902419,0,0,38,0,1352,0,0,0,0,8569336.81,6809198.69
2016-03-18,2016,3,1,4,18,1.0,6.123233995736766e-17,-0.433883739117558,-0.9009688679024191,0,0,39,0,1353,0,0,0,0,6917674.02,5792586.92
2016-03-19,2016,3,1,5,19,1.0,6.123233995736766e-17,-0.9749279121818236,-0.2225209339563146,0,0,40,0,1354,0,0,0,0,5852909.53,4990341.15
2016-03-20,2016,3,1,6,20,1.0,6.123233995736766e-17,-0.7818314824680299,0.6234898018587334,0,0,41,0,1355,0,0,0,0,4759469.17,3951071.76
2016-03-21,2016,3,1,0,21,1.0,6.123233995736766e-17,0.0,1.0,0,0,42,0,1356,0,0,0,0,5534732.74,4759221.87
2016-03-22,2016,3,1,1,22,1.0,6.123233995736766e-17,0.7818314824680298,0.6234898018587336,0,0,43,0,1357,0,0,0,0,5449314.63,4970365.56
2016-03-23,2016,3,1,2,23,1.0,6.123233995736766e-17,0.9749279121818236,-0.22252093395631434,0,0,44,0,1358,0,0,0,0,6046593.49,5532819.27
2016-03-24,2016,3,1,3,24,1.0,6.123233995736766e-17,0.43388373911755823,-0.900968867902419,0,0,45,0,1359,0,0,0,0,7933448.72,7157854.93
2016-03-25,2016,3,1,4,25,1.0,6.123233995736766e-17,-0.433883739117558,-0.9009688679024191,0,0,46,0,1360,0,0,0,0,7008643.3,6273523.88
2016-03-26,2016,3,1,5,26,1.0,6.123233995736766e-17,-0.9749279121818236,-0.2225209339563146,0,0,47,0,1361,0,0,0,0,5197781.65,4790136.82
2016-03-27,2016,3,1,6,27,1.0,6.123233995736766e-17,-0.7818314824680299,0.6234898018587334,0,0,48,0,1362,0,0,0,0,6141114.6,5639995.87
2016-03-28,2016,3,1,0,28,1.0,6.123233995736766e-17,0.0,1.0,0,0,49,0,1363,0,0,0,0,5291170.65,4853169.6
2016-03-29,2016,3,1,1,29,1.0,6.123233995736766e-17,0.7818314824680298,0.6234898018587336,0,0,50,0,1364,0,0,0,0,7521778.94,6878616.36
2016-03-30,2016,3,1,2,30,1.0,6.123233995736766e-17,0.9749279121818236,-0.22252093395631434,0,0,51,0,1365,0,0,0,0,14545392.64,13412468.3
2016-03-31,2016,3,1,3,31,1.0,6.123233995736766e-17,0.43388373911755823,-0.900968867902419,0,0,52,0,1366,0,0,0,0,14231299.73,12932629.87
2016-04-01,2016,4,2,4,1,0.8660254037844387,-0.49999999999999983,-0.433883739117558,-0.9009688679024191,0,0,53,0,1367,0,0,0,0,12298083.49,11254792.81
2016-04-02,2016,4,2,5,2,0.8660254037844387,-0.49999999999999983,-0.9749279121818236,-0.2225209339563146,0,0,54,0,1368,0,0,0,0,13123488.4,12292938.79
2016-04-03,2016,4,2,6,3,0.8660254037844387,-0.49999999999999983,-0.7818314824680299,0.6234898018587334,0,0,55,0,1369,0,0,0,0,10576481.39,9627706.26
2016-04-04,2016,4,2,0,4,0.8660254037844387,-0.49999999999999983,0.0,1.0,0,0,56,0,1370,0,0,0,0,4230255.21,3886345.44
2016-04-05,2016,4,2,1,5,0.8660254037844387,-0.49999999999999983,0.7818314824680298,0.6234898018587336,0,0,57,0,1371,0,0,0,0,4598444.87,4315060.71
2016-04-06,2016,4,2,2,6,0.8660254037844387,-0.49999999999999983,0.9749279121818236,-0.22252093395631434,0,0,58,0,1372,0,0,0,0,5873076.02,5465466.98
2016-04-07,2016,4,2,3,7,0.8660254037844387,-0.49999999999999983,0.43388373911755823,-0.900968867902419,0,0,59,0,1373,0,0,0,0,5504606.21,5121344.12
2016-04-08,2016,4,2,4,8,0.8660254037844387,-0.49999999999999983,-0.433883739117558,-0.9009688679024191,0,0,60,0,1374,0,0,0,0,4323869.8,3902265.35
2016-04-09,2016,4,2,5,9,0.8660254037844387,-0.49999999999999983,-0.9749279121818236,-0.2225209339563146,0,0,61,0,1375,0,0,0,0,4537873.44,4208365.26
2016-04-10,2016,4,2,6,10,0.8660254037844387,-0.49999999999999983,-0.7818314824680299,0.6234898018587334,0,0,62,0,1376,0,0,0,0,4898415.28,4517178.31
2016-04-11,2016,4,2,0,11,0.8660254037844387,-0.49999999999999983,0.0,1.0,0,0,63,0,1377,0,0,0,0,6193751.24,5553289.41
2016-04-12,2016,4,2,1,12,0.8660254037844387,-0.49999999999999983,0.7818314824680298,0.6234898018587336,0,0,64,0,1378,0,0,0,0,5962850.28,5477134.6
2016-04-13,2016,4,2,2,13,0.8660254037844387,-0.49999999999999983,0.9749279121818236,-0.22252093395631434,0,0,65,0,1379,0,0,0,0,8636899.06,7772805.93
2016-04-14,2016,4,2,3,14,0.8660254037844387,-0.49999999999999983,0.43388373911755823,-0.900968867902419,0,0,66,0,1380,0,0,0,0,7184576.35,6220003.38
2016-04-15,2016,4,2,4,15,0.8660254037844387,-0.49999999999999983,-0.433883739117558,-0.9009688679024191,0,0,67,0,1381,0,0,0,0,5910167.4,5244820.29
2016-04-16,2016,4,2,5,16,0.8660254037844387,-0.49999999999999983,-0.9749279121818236,-0.2225209339563146,0,0,68,0,1382,0,0,0,0,7075518.69,5997253.75
2016-04-17,2016,4,2,6,17,0.8660254037844387,-0.49999999999999983,-0.7818314824680299,0.6234898018587334,0,0,69,0,1383,0,0,0,0,9065525.85,7747445.67
2016-04-18,2016,4,2,0,18,0.8660254037844387,-0.49999999999999983,0.0,1.0,0,0,70,0,1384,0,0,0,0,7930420.94,6496267.7
2016-04-19,2016,4,2,1,19,0.8660254037844387,-0.49999999999999983,0.7818314824680298,0.6234898018587336,0,0,71,0,1385,0,0,0,0,9299472.01,7665794.67
2016-04-20,2016,4,2,2,20,0.8660254037844387,-0.49999999999999983,0.9749279121818236,-0.22252093395631434,0,0,72,0,1386,0,0,0,0,11470503.55,9220652.39
2016-04-21,2016,4,2,3,21,0.8660254037844387,-0.49999999999999983,0.43388373911755823,-0.900968867902419,0,0,73,0,1387,0,0,0,0,9681621.65,7780628.47
2016-04-22,2016,4,2,4,22,0.8660254037844387,-0.49999999999999983,-0.433883739117558,-0.9009688679024191,0,0,74,0,1388,0,0,0,0,6442191.99,5276646.93
2016-04-23,2016,4,2,5,23,0.8660254037844387,-0.49999999999999983,-0.9749279121818236,-0.2225209339563146,0,0,75,0,1389,0,0,0,0,8225755.2,6488166.41
2016-04-24,2016,4,2,6,24,0.8660254037844387,-0.49999999999999983,-0.7818314824680299,0.6234898018587334,0,0,76,0,1390,0,0,0,0,8005992.5,6468446.01
2016-04-25,2016,4,2,0,25,0.8660254037844387,-0.49999999999999983,0.0,1.0,0,0,77,0,1391,0,0,0,0,11068078.01,8923524.58
2016-04-26,2016,4,2,1,26,0.8660254037844387,-0.49999999999999983,0.7818314824680298,0.6234898018587336,0,0,78,0,1392,0,0,0,0,11387120.36,9133066.32
2016-04-27,2016,4,2,2,27,0.8660254037844387,-0.49999999999999983,0.9749279121818236,-0.22252093395631434,0,0,79,0,1393,0,0,0,0,16379722.53,13128158.81
2016-04-28,2016,4,2,3,28,0.8660254037844387,-0.49999999999999983,0.43388373911755823,-0.900968867902419,0,0,80,0,1394,0,0,0,0,17388183.19,13978683.94
2016-04-29,2016,4,2,4,29,0.8660254037844387,-0.49999999999999983,-0.433883739117558,-0.9009688679024191,0,0,81,0,1395,0,0,0,0,16966030.5,13610990.42
2016-04-30,2016,4,2,5,30,0.8660254037844387,-0.49999999999999983,-0.9749279121818236,-0.2225209339563146,0,0,82,0,1396,1,0,0,0,12874790.56,10476104.29
2016-05-01,2016,5,2,6,1,0.49999999999999994,-0.8660254037844387,-0.7818314824680299,0.6234898018587334,0,0,83,0,1397,1,0,0,0,11553720.73,9387796.08
2016-05-02,2016,5,2,0,2,0.49999999999999994,-0.8660254037844387,0.0,1.0,0,0,84,0,1398,0,0,0,0,8891959.72,7094979.67
2016-05-03,2016,5,2,1,3,0.49999999999999994,-0.8660254037844387,0.7818314824680298,0.6234898018587336,0,0,85,0,1399,0,0,0,0,6609488.85,5263847.33
2016-05-04,2016,5,2,2,4,0.49999999999999994,-0.8660254037844387,0.9749279121818236,-0.22252093395631434,0,0,86,0,1400,0,0,0,0,6041365.35,4874007.55
2016-05-05,2016,5,2,3,5,0.49999999999999994,-0.8660254037844387,0.43388373911755823,-0.900968867902419,0,0,87,0,1401,0,0,0,0,6026491.95,4682705.07
2016-05-06,2016,5,2,4,6,0.49999999999999994,-0.8660254037844387,-0.433883739117558,-0.9009688679024191,0,0,88,0,1402,0,0,0,0,5884185.84,4692160.58
2016-05-07,2016,5,2,5,7,0.49999999999999994,-0.8660254037844387,-0.9749279121818236,-0.2225209339563146,0,0,89,0,1403,0,0,0,0,5016235.82,3962154.52
2016-05-08,2016,5,2,6,8,0.49999999999999994,-0.8660254037844387,-0.7818314824680299,0.6234898018587334,0,0,90,0,1404,0,0,0,0,4730903.12,3759762.75
2016-05-09,2016,5,2,0,9,0.49999999999999994,-0.8660254037844387,0.0,1.0,0,0,91,0,1405,0,0,0,0,7307039.01,5990848.79
2016-05-10,2016,5,2,1,10,0.49999999999999994,-0.8660254037844387,0.7818314824680298,0.6234898018587336,0,0,92,0,1406,0,0,0,0,6636687.87,5216849.07
2016-05-11,2016,5,2,2,11,0.49999999999999994,-0.8660254037844387,0.9749279121818236,-0.22252093395631434,0,0,93,0,1407,0,0,0,0,8452886.26,6878143.05
2016-05-12,2016,5,2,3,12,0.49999999999999994,-0.8660254037844387,0.43388373911755823,-0.900968867902419,0,0,94,0,1408,0,0,0,0,10736290.28,8789857.02
2016-05-13,2016,5,2,4,13,0.49999999999999994,-0.8660254037844387,-0.433883739117558,-0.9009688679024191,0,0,95,0,1409,0,0,0,0,9817523.43,7817935.3
2016-05-14,2016,5,2,5,14,0.49999999999999994,-0.8660254037844387,-0.9749279121818236,-0.2225209339563146,0,0,96,0,1410,0,0,0,0,7446413.22,6064015.7
2016-05-15,2016,5,2,6,15,0.49999999999999994,-0.8660254037844387,-0.7818314824680299,0.6234898018587334,0,0,97,0,1411,0,0,0,0,6413929.56,4998345.42
2016-05-16,2016,5,2,0,16,0.49999999999999994,-0.8660254037844387,0.0,1.0,0,0,98,0,1412,0,0,0,0,7701732.93,5993216.92
2016-05-17,2016,5,2,1,17,0.49999999999999994,-0.8660254037844387,0.7818314824680298,0.6234898018587336,0,0,99,0,1413,0,0,0,0,8631034.09,6848845.3
2016-05-18,2016,5,2,2,18,0.49999999999999994,-0.8660254037844387,0.9749279121818236,-0.22252093395631434,0,0,100,0,1414,0,0,0,0,8416389.92,6811181.17
2016-05-19,2016,5,2,3,19,0.49999999999999994,-0.8660254037844387,0.43388373911755823,-0.900968867902419,0,0,101,0,1415,0,0,0,0,11212790.37,9063577.59
2016-05-20,2016,5,2,4,20,0.49999999999999994,-0.8660254037844387,-0.433883739117558,-0.9009688679024191,0,0,102,0,1416,0,0,0,0,10058131.11,8217262.68
2016-05-21,2016,5,2,5,21,0.49999999999999994,-0.8660254037844387,-0.9749279121818236,-0.2225209339563146,0,0,103,0,1417,0,0,0,0,7447083.47,5895652.1
2016-05-22,2016,5,2,6,22,0.49999999999999994,-0.8660254037844387,-0.7818314824680299,0.6234898018587334,0,0,104,0,1418,0,0,0,0,7687940.04,6156525.22
2016-05-23,2016,5,2,0,23,0.49999999999999994,-0.8660254037844387,0.0,1.0,0,0,105,0,1419,0,0,0,0,8645211.05,7045764.67
2016-05-24,2016,5,2,1,24,0.49999999999999994,-0.8660254037844387,0.7818314824680298,0.6234898018587336,0,0,106,0,1420,0,0,0,0,8183351.87,6580079.91
2016-05-25,2016,5,2,2,25,0.49999999999999994,-0.8660254037844387,0.9749279121818236,-0.22252093395631434,0,0,107,0,1421,0,0,0,0,9916196.12,7860116.29
2016-05-26,2016,5,2,3,26,0.49999999999999994,-0.8660254037844387,0.43388373911755823,-0.900968867902419,0,0,108,0,1422,0,0,0,0,12748857.56,10440320.85
2016-05-27,2016,5,2,4,27,0.49999999999999994,-0.8660254037844387,-0.433883739117558,-0.9009688679024191,0,0,109,0,1423,0,0,0,0,10645860.16,8560911.95
2016-05-28,2016,5,2,5,28,0.49999999999999994,-0.8660254037844387,-0.9749279121818236,-0.2225209339563146,0,0,110,0,1424,0,0,0,0,7818417.53,6306590.85
2016-05-29,2016,5,2,6,29,0.49999999999999994,-0.8660254037844387,-0.7818314824680299,0.6234898018587334,0,0,111,0,1425,0,0,0,0,6277386.71,4980964.03
2016-05-30,2016,5,2,0,30,0.49999999999999994,-0.8660254037844387,0.0,1.0,0,0,112,0,1426,0,0,0,0,15902645.06,12868500.26
2016-05-31,2016,5,2,1,31,0.49999999999999994,-0.8660254037844387,0.7818314824680298,0.6234898018587336,0,0,113,0,1427,0,0,0,0,15273734.62,12146387.51
2016-06-01,2016,6,2,2,1,1.2246467991473532e-16,-1.0,0.9749279121818236,-0.22252093395631434,0,0,114,0,1428,0,0,0,0,15027967.48,12020718.26
2016-06-02,2016,6,2,3,2,1.2246467991473532e-16,-1.0,0.43388373911755823,-0.900968867902419,0,0,115,0,1429,0,0,0,0,15450407.81,12454831.83
2016-06-03,2016,6,2,4,3,1.2246467991473532e-16,-1.0,-0.433883739117558,-0.9009688679024191,0,0,116,0,1430,0,0,0,0,14905219.23,12099283.96
2016-06-04,2016,6,2,5,4,1.2246467991473532e-16,-1.0,-0.9749279121818236,-0.2225209339563146,0,0,117,0,1431,0,0,0,0,3543917.94,2852864.04
2016-06-05,2016,6,2,6,5,1.2246467991473532e-16,-1.0,-0.7818314824680299,0.6234898018587334,0,0,118,0,1432,0,0,0,0,5281645.29,4151357.66
2016-06-06,2016,6,2,0,6,1.2246467991473532e-16,-1.0,0.0,1.0,0,0,119,0,1433,0,0,0,0,5164395.26,4100125.08
2016-06-07,2016,6,2,1,7,1.2246467991473532e-16,-1.0,0.7818314824680298,0.6234898018587336,0,0,120,0,1434,0,0,0,0,6484605.21,5302528.24
2016-06-08,2016,6,2,2,8,1.2246467991473532e-16,-1.0,0.9749279121818236,-0.22252093395631434,0,0,121,0,1435,0,0,0,0,8622987.0,7158408.04
2016-06-09,2016,6,2,3,9,1.2246467991473532e-16,-1.0,0.43388373911755823,-0.900968867902419,0,0,122,0,1436,0,0,0,0,6719422.7,5484927.09
2016-06-10,2016,6,2,4,10,1.2246467991473532e-16,-1.0,-0.433883739117558,-0.9009688679024191,0,0,123,0,1437,0,0,0,0,5856690.47,4774033.93
2016-06-11,2016,6,2,5,11,1.2246467991473532e-16,-1.0,-0.9749279121818236,-0.2225209339563146,0,0,124,0,1438,0,0,0,0,5949391.29,4761365.56
2016-06-12,2016,6,2,6,12,1.2246467991473532e-16,-1.0,-0.7818314824680299,0.6234898018587334,0,0,125,0,1439,0,0,0,0,6087764.33,4901187.37
2016-06-13,2016,6,2,0,13,1.2246467991473532e-16,-1.0,0.0,1.0,0,0,126,0,1440,0,0,0,0,6889883.95,5491827.46
2016-06-14,2016,6,2,1,14,1.2246467991473532e-16,-1.0,0.7818314824680298,0.6234898018587336,0,0,127,0,1441,0,0,0,0,9141001.7,7338757.88
2016-06-15,2016,6,2,2,15,1.2246467991473532e-16,-1.0,0.9749279121818236,-0.22252093395631434,0,0,128,0,1442,0,0,0,0,9864183.86,7853426.55
2016-06-16,2016,6,2,3,16,1.2246467991473532e-16,-1.0,0.43388373911755823,-0.900968867902419,0,0,129,0,1443,0,0,0,0,10058421.18,8220535.81
2016-06-17,2016,6,2,4,17,1.2246467991473532e-16,-1.0,-0.433883739117558,-0.9009688679024191,0,0,130,0,1444,0,0,0,0,5423957.08,4250810.07
2016-06-18,2016,6,2,5,18,1.2246467991473532e-16,-1.0,-0.9749279121818236,-0.2225209339563146,0,0,131,0,1445,0,0,0,0,7882351.1,6322388.46
2016-06-19,2016,6,2,6,19,1.2246467991473532e-16,-1.0,-0.7818314824680299,0.6234898018587334,0,0,132,0,1446,0,0,0,0,7908073.31,6297385.32
2016-06-20,2016,6,2,0,20,1.2246467991473532e-16,-1.0,0.0,1.0,0,0,133,0,1447,0,0,0,0,7266335.58,5841977.09
2016-06-21,2016,6,2,1,21,1.2246467991473532e-16,-1.0,0.7818314824680298,0.6234898018587336,0,0,134,0,1448,0,0,0,0,8500049.69,6752198.15
2016-06-22,2016,6,2,2,22,1.2246467991473532e-16,-1.0,0.9749279121818236,-0.22252093395631434,0,0,135,0,1449,0,0,0,0,10283795.21,8167871.69
2016-06-23,2016,6,2,3,23,1.2246467991473532e-16,-1.0,0.43388373911755823,-0.900968867902419,0,0,136,0,1450,0,0,0,0,9872888.2,7950198.34
2016-06-24,2016,6,2,4,24,1.2246467991473532e-16,-1.0,-0.433883739117558,-0.9009688679024191,0,0,137,0,1451,0,0,0,0,7881916.83,6508523.99
2016-06-25,2016,6,2,5,25,1.2246467991473532e-16,-1.0,-0.9749279121818236,-0.2225209339563146,0,0,138,0,1452,0,0,0,0,6886227.09,6096912.54
2016-06-26,2016,6,2,6,26,1.2246467991473532e-16,-1.0,-0.7818314824680299,0.6234898018587334,0,0,139,0,1453,0,0,0,0,6698524.32,6144242.3
2016-06-27,2016,6,2,0,27,1.2246467991473532e-16,-1.0,0.0,1.0,0,0,140,0,1454,0,0,0,0,6871506.56,6833479.69
2016-06-28,2016,6,2,1,28,1.2246467991473532e-16,-1.0,0.7818314824680298,0.6234898018587336,0,0,141,0,1455,0,0,0,0,8247984.99,8163713.72
2016-06-29,2016,6,2,2,29,1.2246467991473532e-16,-1.0,0.9749279121818236,-0.22252093395631434,0,0,142,0,1456,0,0,0,0,13343751.12,13303063.47
2016-06-30,2016,6,2,3,30,1.2246467991473532e-16,-1.0,0.43388373911755823,-0.900968867902419,0,0,143,0,1457,0,0,0,0,11824115.33,11686500.64
2016-07-01,2016,7,3,4,1,-0.4999999999999998,-0.8660254037844388,-0.433883739117558,-0.9009688679024191,0,0,144,1,1458,0,0,0,0,10173764.85,10138330.52
2016-07-02,2016,7,3,5,2,-0.4999999999999998,-0.8660254037844388,-0.9749279121818236,-0.2225209339563146,0,0,145,1,1459,0,0,0,0,8800553.93,8597989.65
2016-07-03,2016,7,3,6,3,-0.4999999999999998,-0.8660254037844388,-0.7818314824680299,0.6234898018587334,0,0,146,1,1460,0,0,0,0,6426683.62,6344095.57
2016-07-04,2016,7,3,0,4,-0.4999999999999998,-0.8660254037844388,0.0,1.0,0,0,147,1,1461,0,0,0,0,1386571.93,1325944.63
2016-07-05,2016,7,3,1,5,-0.4999999999999998,-0.8660254037844388,0.7818314824680298,0.6234898018587336,0,0,148,1,1462,0,0,0,0,2748779.52,2677876.06
2016-07-06,2016,7,3,2,6,-0.4999999999999998,-0.8660254037844388,0.9749279121818236,-0.22252093395631434,0,0,149,1,1463,0,0,0,0,2703265.31,2729115.94
2016-07-07,2016,7,3,3,7,-0.4999999999999998,-0.8660254037844388,0.43388373911755823,-0.900968867902419,0,0,150,1,1464,0,0,0,0,4517288.27,4518370.11
2016-07-08,2016,7,3,4,8,-0.4999999999999998,-0.8660254037844388,-0.433883739117558,-0.9009688679024191,0,0,151,1,1465,0,0,0,0,3773827.56,3763622.72
2016-07-09,2016,7,3,5,9,-0.4999999999999998,-0.8660254037844388,-0.9749279121818236,-0.2225209339563146,0,0,152,1,1466,0,0,0,0,4051086.89,3956559.68
2016-07-10,2016,7,3,6,10,-0.4999999999999998,-0.8660254037844388,-0.7818314824680299,0.6234898018587334,0,0,153,1,1467,0,0,0,0,4008532.54,3789183.06
2016-07-11,2016,7,3,0,11,-0.4999999999999998,-0.8660254037844388,0.0,1.0,0,0,154,1,1468,0,0,0,0,4094198.38,3954521.72
2016-07-12,2016,7,3,1,12,-0.4999999999999998,-0.8660254037844388,0.7818314824680298,0.6234898018587336,0,0,155,1,1469,0,0,0,0,4373623.08,4271906.38
2016-07-13,2016,7,3,2,13,-0.4999999999999998,-0.8660254037844388,0.9749279121818236,-0.22252093395631434,0,0,156,1,1470,0,0,0,0,3978100.94,3903887.84
2016-07-14,2016,7,3,3,14,-0.4999999999999998,-0.8660254037844388,0.43388373911755823,-0.900968867902419,0,0,157,1,1471,0,0,0,0,5834657.65,5776926.66
2016-07-15,2016,7,3,4,15,-0.4999999999999998,-0.8660254037844388,-0.433883739117558,-0.9009688679024191,0,0,158,1,1472,0,0,0,0,5538171.41,5410397.02
2016-07-16,2016,7,3,5,16,-0.4999999999999998,-0.8660254037844388,-0.9749279121818236,-0.2225209339563146,0,0,159,1,1473,0,0,0,0,4146739.21,3932641.54
2016-07-17,2016,7,3,6,17,-0.4999999999999998,-0.8660254037844388,-0.7818314824680299,0.6234898018587334,0,0,160,1,1474,0,0,0,0,4362617.65,4257377.15
2016-07-18,2016,7,3,0,18,-0.4999999999999998,-0.8660254037844388,0.0,1.0,0,0,161,1,1475,0,0,0,0,4037086.77,4032049.3
2016-07-19,2016,7,3,1,19,-0.4999999999999998,-0.8660254037844388,0.7818314824680298,0.6234898018587336,0,0,162,1,1476,0,0,0,0,4972014.76,4468539.05
2016-07-20,2016,7,3,2,20,-0.4999999999999998,-0.8660254037844388,0.9749279121818236,-0.22252093395631434,0,0,163,1,1477,0,0,0,0,5743038.13,4989427.8
2016-07-21,2016,7,3,3,21,-0.4999999999999998,-0.8660254037844388,0.43388373911755823,-0.900968867902419,0,0,164,1,1478,0,0,0,0,6234589.1,5454135.01
2016-07-22,2016,7,3,4,22,-0.4999999999999998,-0.8660254037844388,-0.433883739117558,-0.9009688679024191,0,0,165,1,1479,0,0,0,0,6429688.49,5405412.2
2016-07-23,2016,7,3,5,23,-0.4999999999999998,-0.8660254037844388,-0.9749279121818236,-0.2225209339563146,0,0,166,1,1480,0,0,0,0,5794840.19,4693760.16
2016-07-24,2016,7,3,6,24,-0.4999999999999998,-0.8660254037844388,-0.7818314824680299,0.6234898018587334,0,0,167,1,1481,0,0,0,0,4992598.4,3988427.93
2016-07-25,2016,7,3,0,25,-0.4999999999999998,-0.8660254037844388,0.0,1.0,0,0,168,1,1482,0,0,0,0,6602810.86,5210533.01
2016-07-26,2016,7,3,1,26,-0.4999999999999998,-0.8660254037844388,0.7818314824680298,0.6234898018587336,0,0,169,1,1483,0,0,0,0,7851989.46,6298482.2
2016-07-27,2016,7,3,2,27,-0.4999999999999998,-0.8660254037844388,0.9749279121818236,-0.22252093395631434,0,0,170,1,1484,0,0,0,0,7880563.86,6294203.51
2016-07-28,2016,7,3,3,28,-0.4999999999999998,-0.8660254037844388,0.43388373911755823,-0.900968867902419,0,0,171,1,1485,0,0,0,0,10561338.25,8364736.75
2016-07-29,2016,7,3,4,29,-0.4999999999999998,-0.8660254037844388,-0.433883739117558,-0.9009688679024191,0,0,172,1,1486,0,0,0,0,9786083.49,8009568.05
2016-07-30,2016,7,3,5,30,-0.4999999999999998,-0.8660254037844388,-0.9749279121818236,-0.2225209339563146,0,0,173,1,1487,0,0,0,0,6346290.87,5035247.55
2016-07-31,2016,7,3,6,31,-0.4999999999999998,-0.8660254037844388,-0.7818314824680299,0.6234898018587334,0,0,174,1,1488,0,0,0,0,11015269.56,8901256.98
2016-08-01,2016,8,3,0,1,-0.8660254037844384,-0.5000000000000004,0.0,1.0,0,0,175,1,1489,0,0,0,0,10793582.2,8684114.27
2016-08-02,2016,8,3,1,2,-0.8660254037844384,-0.5000000000000004,0.7818314824680298,0.6234898018587336,0,0,176,1,1490,0,0,0,0,9744357.22,7715286.95
2016-08-03,2016,8,3,2,3,-0.8660254037844384,-0.5000000000000004,0.9749279121818236,-0.22252093395631434,0,0,177,1,1491,0,0,0,0,9904285.99,7903743.51
2016-08-04,2016,8,3,3,4,-0.8660254037844384,-0.5000000000000004,0.43388373911755823,-0.900968867902419,0,0,-177,1,1492,0,0,0,0,9495153.07,7445312.45
2016-08-05,2016,8,3,4,5,-0.8660254037844384,-0.5000000000000004,-0.433883739117558,-0.9009688679024191,0,0,-176,1,1493,0,0,0,0,5608281.75,4405172.77
2016-08-06,2016,8,3,5,6,-0.8660254037844384,-0.5000000000000004,-0.9749279121818236,-0.2225209339563146,0,0,-175,1,1494,0,0,0,0,3417126.9,2778007.61
2016-08-07,2016,8,3,6,7,-0.8660254037844384,-0.5000000000000004,-0.7818314824680299,0.6234898018587334,0,0,-174,1,1495,0,0,0,0,4427581.45,3417549.23
2016-08-08,2016,8,3,0,8,-0.8660254037844384,-0.5000000000000004,0.0,1.0,0,0,-173,1,1496,0,0,0,0,4350104.4,3457274.61
2016-08-09,2016,8,3,1,9,-0.8660254037844384,-0.5000000000000004,0.7818314824680298,0.6234898018587336,0,0,-172,1,1497,0,0,0,0,5367433.58,4307308.14
2016-08-10,2016,8,3,2,10,-0.8660254037844384,-0.5000000000000004,0.9749279121818236,-0.22252093395631434,0,0,-171,1,1498,0,0,0,0,6219835.93,4989664.4
2016-08-11,2016,8,3,3,11,-0.8660254037844384,-0.5000000000000004,0.43388373911755823,-0.900968867902419,0,0,-170,1,1499,0,0,0,0,6515630.05,5260377.53
2016-08-12,2016,8,3,4,12,-0.8660254037844384,-0.5000000000000004,-0.433883739117558,-0.9009688679024191,0,0,-169,1,1500,0,0,0,0,6119372.31,4890673.79
2016-08-13,2016,8,3,5,13,-0.8660254037844384,-0.5000000000000004,-0.9749279121818236,-0.2225209339563146,0,0,-168,1,1501,0,0,0,0,4911652.24,4032826.41
2016-08-14,2016,8,3,6,14,-0.8660254037844384,-0.5000000000000004,-0.7818314824680299,0.6234898018587334,0,0,-167,1,1502,0,0,0,0,4133214.74,3276890.85
2016-08-15,2016,8,3,0,15,-0.8660254037844384,-0.5000000000000004,0.0,1.0,0,0,-166,1,1503,0,0,0,0,5605211.59,4497185.08
2016-08-16,2016,8,3,1,16,-0.8660254037844384,-0.5000000000000004,0.7818314824680298,0.6234898018587336,0,0,-165,1,1504,0,0,0,0,5622571.31,4439845.57
2016-08-17,2016,8,3,2,17,-0.8660254037844384,-0.5000000000000004,0.9749279121818236,-0.22252093395631434,0,0,-164,1,1505,0,0,0,0,5481191.48,4224740.02
2016-08-18,2016,8,3,3,18,-0.8660254037844384,-0.5000000000000004,0.43388373911755823,-0.900968867902419,0,0,-163,1,1506,0,0,0,0,9528740.46,7920089.68
2016-08-19,2016,8,3,4,19,-0.8660254037844384,-0.5000000000000004,-0.433883739117558,-0.9009688679024191,0,0,-162,1,1507,0,0,0,0,6546299.57,5278113.04
2016-08-20,2016,8,3,5,20,-0.8660254037844384,-0.5000000000000004,-0.9749279121818236,-0.2225209339563146,0,0,-161,1,1508,0,0,0,0,5781551.94,4564247.81
2016-08-21,2016,8,3,6,21,-0.8660254037844384,-0.5000000000000004,-0.7818314824680299,0.6234898018587334,0,0,-160,1,1509,0,0,0,0,6521389.47,5328696.02
2016-08-22,2016,8,3,0,22,-0.8660254037844384,-0.5000000000000004,0.0,1.0,0,0,-159,1,1510,0,0,0,0,5219998.72,4287522.68
2016-08-23,2016,8,3,1,23,-0.8660254037844384,-0.5000000000000004,0.7818314824680298,0.6234898018587336,0,0,-158,1,1511,0,0,0,0,4815121.42,3868404.84
2016-08-24,2016,8,3,2,24,-0.8660254037844384,-0.5000000000000004,0.9749279121818236,-0.22252093395631434,0,0,-157,1,1512,0,0,0,0,6292751.73,5100249.41
2016-08-25,2016,8,3,3,25,-0.8660254037844384,-0.5000000000000004,0.43388373911755823,-0.900968867902419,0,0,-156,1,1513,0,0,0,0,8794928.73,6977759.11
2016-08-26,2016,8,3,4,26,-0.8660254037844384,-0.5000000000000004,-0.433883739117558,-0.9009688679024191,0,0,-155,1,1514,0,0,0,0,5680360.34,4488665.83
2016-08-27,2016,8,3,5,27,-0.8660254037844384,-0.5000000000000004,-0.9749279121818236,-0.2225209339563146,0,0,-154,1,1515,0,0,0,0,4561647.77,3662367.33
2016-08-28,2016,8,3,6,28,-0.8660254037844384,-0.5000000000000004,-0.7818314824680299,0.6234898018587334,0,0,-153,1,1516,0,0,0,0,15158669.18,12249721.23
2016-08-29,2016,8,3,0,29,-0.8660254037844384,-0.5000000000000004,0.0,1.0,0,0,-152,1,1517,0,0,0,0,14043471.1,11328872.12
2016-08-30,2016,8,3,1,30,-0.8660254037844384,-0.5000000000000004,0.7818314824680298,0.6234898018587336,0,0,-151,1,1518,0,0,0,0,13812380.3,11037531.68
2016-08-31,2016,8,3,2,31,-0.8660254037844384,-0.5000000000000004,0.9749279121818236,-0.22252093395631434,0,0,-150,1,1519,0,0,0,0,12534594.92,10091516.93
2016-09-01,2016,9,3,3,1,-1.0,-1.8369701987210297e-16,0.43388373911755823,-0.900968867902419,0,0,-149,1,1520,0,0,0,0,12403544.62,10116739.78
2016-09-02,2016,9,3,4,2,-1.0,-1.8369701987210297e-16,-0.433883739117558,-0.9009688679024191,0,0,-148,1,1521,0,1,0,0,2363186.38,2197302.32
2016-09-03,2016,9,3,5,3,-1.0,-1.8369701987210297e-16,-0.9749279121818236,-0.2225209339563146,0,0,-147,1,1522,0,0,0,0,2854708.14,2576390.08
2016-09-04,2016,9,3,6,4,-1.0,-1.8369701987210297e-16,-0.7818314824680299,0.6234898018587334,0,0,-146,1,1523,0,0,0,0,2911393.7,2610346.46
2016-09-05,2016,9,3,0,5,-1.0,-1.8369701987210297e-16,0.0,1.0,0,0,-145,1,1524,0,0,0,0,4157930.98,3683805.93
2016-09-06,2016,9,3,1,6,-1.0,-1.8369701987210297e-16,0.7818314824680298,0.6234898018587336,0,0,-144,1,1525,0,0,0,0,4457820.99,4021959.96
2016-09-07,2016,9,3,2,7,-1.0,-1.8369701987210297e-16,0.9749279121818236,-0.22252093395631434,0,0,-143,1,1526,0,0,0,0,2727504.52,2482230.36
2016-09-08,2016,9,3,3,8,-1.0,-1.8369701987210297e-16,0.43388373911755823,-0.900968867902419,0,0,-142,1,1527,0,0,0,0,2950156.73,2710099.28
2016-09-09,2016,9,3,4,9,-1.0,-1.8369701987210297e-16,-0.433883739117558,-0.9009688679024191,0,0,-141,1,1528,0,0,0,0,4080455.52,3550531.35
2016-09-10,2016,9,3,5,10,-1.0,-1.8369701987210297e-16,-0.9749279121818236,-0.2225209339563146,0,0,-140,1,1529,0,0,0,0,3383667.97,3081087.79
2016-09-11,2016,9,3,6,11,-1.0,-1.8369701987210297e-16,-0.7818314824680299,0.6234898018587334,0,0,-139,1,1530,0,0,0,0,4791697.67,4209772.35
2016-09-12,2016,9,3,0,12,-1.0,-1.8369701987210297e-16,0.0,1.0,0,0,-138,1,1531,0,0,0,0,5675073.45,5130706.55
2016-09-13,2016,9,3,1,13,-1.0,-1.8369701987210297e-16,0.7818314824680298,0.6234898018587336,0,0,-137,1,1532,0,0,0,0,5639925.61,5076124.78
2016-09-14,2016,9,3,2,14,-1.0,-1.8369701987210297e-16,0.9749279121818236,-0.22252093395631434,0,0,-136,1,1533,0,0,0,0,4385149.48,3911967.05
2016-09-15,2016,9,3,3,15,-1.0,-1.8369701987210297e-16,0.43388373911755823,-0.900968867902419,0,0,-135,1,1534,0,0,0,0,3714513.35,3311188.02
2016-09-16,2016,9,3,4,16,-1.0,-1.8369701987210297e-16,-0.433883739117558,-0.9009688679024191,0,0,-134,1,1535,0,0,0,0,4018602.31,3556568.41
2016-09-17,2016,9,3,5,17,-1.0,-1.8369701987210297e-16,-0.9749279121818236,-0.2225209339563146,0,0,-133,1,1536,0,0,0,0,4431680.09,3843688.85
2016-09-18,2016,9,3,6,18,-1.0,-1.8369701987210297e-16,-0.7818314824680299,0.6234898018587334,0,0,-132,1,1537,0,0,0,0,4942620.63,4382989.7
2016-09-19,2016,9,3,0,19,-1.0,-1.8369701987210297e-16,0.0,1.0,0,0,-131,1,1538,0,0,0,0,5350877.2,4783146.79
2016-09-20,2016,9,3,1,20,-1.0,-1.8369701987210297e-16,0.7818314824680298,0.6234898018587336,0,0,-130,1,1539,0,0,0,0,4950112.24,4381290.5
2016-09-21,2016,9,3,2,21,-1.0,-1.8369701987210297e-16,0.9749279121818236,-0.22252093395631434,0,0,-129,1,1540,0,0,0,0,4415854.52,4042078.78
2016-09-22,2016,9,3,3,22,-1.0,-1.8369701987210297e-16,0.43388373911755823,-0.900968867902419,0,0,-128,1,1541,0,0,0,0,3570383.96,3326231.28
2016-09-23,2016,9,3,4,23,-1.0,-1.8369701987210297e-16,-0.433883739117558,-0.9009688679024191,0,0,-127,1,1542,0,0,0,0,4188287.62,3857859.5
2016-09-24,2016,9,3,5,24,-1.0,-1.8369701987210297e-16,-0.9749279121818236,-0.2225209339563146,0,0,-126,1,1543,0,0,0,0,3669054.98,3149906.57
2016-09-25,2016,9,3,6,25,-1.0,-1.8369701987210297e-16,-0.7818314824680299,0.6234898018587334,0,0,-125,1,1544,0,0,0,0,5830714.93,5221915.5
2016-09-26,2016,9,3,0,26,-1.0,-1.8369701987210297e-16,0.0,1.0,0,0,-124,1,1545,0,0,0,0,6888617.97,6121949.95
2016-09-27,2016,9,3,1,27,-1.0,-1.8369701987210297e-16,0.7818314824680298,0.6234898018587336,0,0,-123,1,1546,0,0,0,0,8489123.16,7795904.94
2016-09-28,2016,9,3,2,28,-1.0,-1.8369701987210297e-16,0.9749279121818236,-0.22252093395631434,0,0,-122,1,1547,0,0,0,0,7567886.85,6824968.63
2016-09-29,2016,9,3,3,29,-1.0,-1.8369701987210297e-16,0.43388373911755823,-0.900968867902419,0,0,-121,1,1548,0,0,0,0,5432931.71,4892504.82
2016-09-30,2016,9,3,4,30,-1.0,-1.8369701987210297e-16,-0.433883739117558,-0.9009688679024191,0,0,-120,1,1549,0,0,0,0,4909635.76,4205412.15
2016-10-01,2016,10,4,5,1,-0.8660254037844386,0.5000000000000001,-0.9749279121818236,-0.2225209339563146,0,0,-119,0,1550,0,0,0,0,4366699.03,3701260.21
2016-10-02,2016,10,4,6,2,-0.8660254037844386,0.5000000000000001,-0.7818314824680299,0.6234898018587334,0,0,-118,0,1551,0,0,0,0,2596796.4,1974164.43
2016-10-03,2016,10,4,0,3,-0.8660254037844386,0.5000000000000001,0.0,1.0,0,0,-117,0,1552,0,0,0,0,2548741.44,2097911.33
2016-10-04,2016,10,4,1,4,-0.8660254037844386,0.5000000000000001,0.7818314824680298,0.6234898018587336,0,0,-116,0,1553,0,0,0,0,3461082.31,2850191.25
2016-10-05,2016,10,4,2,5,-0.8660254037844386,0.5000000000000001,0.9749279121818236,-0.22252093395631434,0,0,-115,0,1554,0,0,0,0,3424882.78,2746226.47
2016-10-06,2016,10,4,3,6,-0.8660254037844386,0.5000000000000001,0.43388373911755823,-0.900968867902419,0,0,-114,0,1555,0,0,0,0,2895028.23,2454432.63
2016-10-07,2016,10,4,4,7,-0.8660254037844386,0.5000000000000001,-0.433883739117558,-0.9009688679024191,0,0,-113,0,1556,0,0,0,0,3222934.99,2477341.55
2016-10-08,2016,10,4,5,8,-0.8660254037844386,0.5000000000000001,-0.9749279121818236,-0.2225209339563146,0,0,-112,0,1557,0,0,0,0,3101070.27,2574361.13
2016-10-09,2016,10,4,6,9,-0.8660254037844386,0.5000000000000001,-0.7818314824680299,0.6234898018587334,0,0,-111,0,1558,0,0,0,0,3313712.48,2583489.11
2016-10-10,2016,10,4,0,10,-0.8660254037844386,0.5000000000000001,0.0,1.0,0,0,-110,0,1559,0,0,0,0,4264616.83,3371581.16
2016-10-11,2016,10,4,1,11,-0.8660254037844386,0.5000000000000001,0.7818314824680298,0.6234898018587336,0,0,-109,0,1560,0,0,0,0,4422185.53,3581266.99
2016-10-12,2016,10,4,2,12,-0.8660254037844386,0.5000000000000001,0.9749279121818236,-0.22252093395631434,0,0,-108,0,1561,0,0,0,0,4541598.24,3524730.02
2016-10-13,2016,10,4,3,13,-0.8660254037844386,0.5000000000000001,0.43388373911755823,-0.900968867902419,0,0,-107,0,1562,0,0,0,0,3317032.06,2649214.4
2016-10-14,2016,10,4,4,14,-0.8660254037844386,0.5000000000000001,-0.433883739117558,-0.9009688679024191,0,0,-106,0,1563,0,0,0,0,3511630.87,2718591.77
2016-10-15,2016,10,4,5,15,-0.8660254037844386,0.5000000000000001,-0.9749279121818236,-0.2225209339563146,0,0,-105,0,1564,0,0,0,0,3943248.97,3043533.56
2016-10-16,2016,10,4,6,16,-0.8660254037844386,0.5000000000000001,-0.7818314824680299,0.6234898018587334,0,0,-104,0,1565,0,0,0,0,4376304.87,3413503.15
2016-10-17,2016,10,4,0,17,-0.8660254037844386,0.5000000000000001,0.0,1.0,0,0,-103,0,1566,0,0,0,0,3037287.93,2453991.87
2016-10-18,2016,10,4,1,18,-0.8660254037844386,0.5000000000000001,0.7818314824680298,0.6234898018587336,0,0,-102,0,1567,0,0,0,0,4508859.09,3657069.31
2016-10-19,2016,10,4,2,19,-0.8660254037844386,0.5000000000000001,0.9749279121818236,-0.22252093395631434,0,0,-101,0,1568,0,0,0,0,4228189.57,3396000.86
2016-10-20,2016,10,4,3,20,-0.8660254037844386,0.5000000000000001,0.43388373911755823,-0.900968867902419,0,0,-100,0,1569,0,0,0,0,2846518.01,2260628.69
2016-10-21,2016,10,4,4,21,-0.8660254037844386,0.5000000000000001,-0.433883739117558,-0.9009688679024191,0,0,-99,0,1570,0,0,0,0,3272036.28,2634207.2
2016-10-22,2016,10,4,5,22,-0.8660254037844386,0.5000000000000001,-0.9749279121818236,-0.2225209339563146,0,0,-98,0,1571,0,0,0,0,3948044.16,3231763.1
2016-10-23,2016,10,4,6,23,-0.8660254037844386,0.5000000000000001,-0.7818314824680299,0.6234898018587334,0,0,-97,0,1572,0,0,0,0,3383059.2,2666084.61
2016-10-24,2016,10,4,0,24,-0.8660254037844386,0.5000000000000001,0.0,1.0,0,0,-96,0,1573,0,0,0,0,4380387.44,3526727.23
2016-10-25,2016,10,4,1,25,-0.8660254037844386,0.5000000000000001,0.7818314824680298,0.6234898018587336,0,0,-95,0,1574,0,0,0,0,4299274.8,3249930.02
2016-10-26,2016,10,4,2,26,-0.8660254037844386,0.5000000000000001,0.9749279121818236,-0.22252093395631434,0,0,-94,0,1575,0,0,0,0,4706906.11,3751859.51
2016-10-27,2016,10,4,3,27,-0.8660254037844386,0.5000000000000001,0.43388373911755823,-0.900968867902419,0,0,-93,0,1576,0,0,0,0,4202633.76,3430770.86
2016-10-28,2016,10,4,4,28,-0.8660254037844386,0.5000000000000001,-0.433883739117558,-0.9009688679024191,0,0,-92,0,1577,0,0,0,0,7095459.64,5821255.79
2016-10-29,2016,10,4,5,29,-0.8660254037844386,0.5000000000000001,-0.9749279121818236,-0.2225209339563146,0,0,-91,0,1578,0,0,0,0,7748034.04,6291672.94
2016-10-30,2016,10,4,6,30,-0.8660254037844386,0.5000000000000001,-0.7818314824680299,0.6234898018587334,0,0,-90,0,1579,0,0,0,0,6231866.09,5021019.4
2016-10-31,2016,10,4,0,31,-0.8660254037844386,0.5000000000000001,0.0,1.0,0,0,-89,0,1580,0,0,0,0,6154479.92,4923620.6
2016-11-01,2016,11,4,1,1,-0.5000000000000004,0.8660254037844384,0.7818314824680298,0.6234898018587336,0,0,-88,1,1581,0,0,0,0,7719179.86,6108632.49
2016-11-02,2016,11,4,2,2,-0.5000000000000004,0.8660254037844384,0.9749279121818236,-0.22252093395631434,0,0,-87,1,1582,0,0,0,0,2019573.39,1671538.84
2016-11-03,2016,11,4,3,3,-0.5000000000000004,0.8660254037844384,0.43388373911755823,-0.900968867902419,0,0,-86,1,1583,0,0,0,0,2167731.38,1630172.24
2016-11-04,2016,11,4,4,4,-0.5000000000000004,0.8660254037844384,-0.433883739117558,-0.9009688679024191,0,0,-85,1,1584,0,0,0,0,2921457.72,2325634.63
2016-11-05,2016,11,4,5,5,-0.5000000000000004,0.8660254037844384,-0.9749279121818236,-0.2225209339563146,0,0,-84,1,1585,0,0,0,0,3331729.51,2510325.05
2016-11-06,2016,11,4,6,6,-0.5000000000000004,0.8660254037844384,-0.7818314824680299,0.6234898018587334,0,0,-83,1,1586,0,0,0,0,3177194.93,2614531.12
2016-11-07,2016,11,4,0,7,-0.5000000000000004,0.8660254037844384,0.0,1.0,0,0,-82,1,1587,0,0,0,0,4013690.76,3164694.75
2016-11-08,2016,11,4,1,8,-0.5000000000000004,0.8660254037844384,0.7818314824680298,0.6234898018587336,0,0,-81,1,1588,0,0,0,0,2902668.64,2275142.13
2016-11-09,2016,11,4,2,9,-0.5000000000000004,0.8660254037844384,0.9749279121818236,-0.22252093395631434,0,0,-80,1,1589,0,0,0,0,3088936.2,2415653.4
2016-11-10,2016,11,4,3,10,-0.5000000000000004,0.8660254037844384,0.43388373911755823,-0.900968867902419,0,0,-79,1,1590,0,0,0,0,3524443.54,2787453.25
2016-11-11,2016,11,4,4,11,-0.5000000000000004,0.8660254037844384,-0.433883739117558,-0.9009688679024191,0,0,-78,1,1591,0,0,0,0,3242466.89,2622416.39
2016-11-12,2016,11,4,5,12,-0.5000000000000004,0.8660254037844384,-0.9749279121818236,-0.2225209339563146,0,0,-77,1,1592,0,0,0,0,4067309.35,3215859.82
2016-11-13,2016,11,4,6,13,-0.5000000000000004,0.8660254037844384,-0.7818314824680299,0.6234898018587334,0,0,-76,1,1593,0,0,0,0,4108240.53,3298120.47
2016-11-14,2016,11,4,0,14,-0.5000000000000004,0.8660254037844384,0.0,1.0,0,0,-75,1,1594,0,0,0,0,5384564.17,4287246.16
2016-11-15,2016,11,4,1,15,-0.5000000000000004,0.8660254037844384,0.7818314824680298,0.6234898018587336,0,0,-74,1,1595,0,0,0,0,4067351.79,3266049.08
2016-11-16,2016,11,4,2,16,-0.5000000000000004,0.8660254037844384,0.9749279121818236,-0.22252093395631434,0,0,-73,1,1596,0,0,0,0,2666254.64,2184170.77
2016-11-17,2016,11,4,3,17,-0.5000000000000004,0.8660254037844384,0.43388373911755823,-0.900968867902419,0,0,-72,1,1597,0,0,0,0,3253737.52,2657687.82
2016-11-18,2016,11,4,4,18,-0.5000000000000004,0.8660254037844384,-0.433883739117558,-0.9009688679024191,0,0,-71,1,1598,0,0,0,0,2750384.49,2341586.51
2016-11-19,2016,11,4,5,19,-0.5000000000000004,0.8660254037844384,-0.9749279121818236,-0.2225209339563146,0,0,-70,1,1599,0,0,0,0,3049656.36,2797715.85
2016-11-20,2016,11,4,6,20,-0.5000000000000004,0.8660254037844384,-0.7818314824680299,0.6234898018587334,0,0,-69,1,1600,0,0,0,0,2422645.76,2208447.77
2016-11-21,2016,11,4,0,21,-0.5000000000000004,0.8660254037844384,0.0,1.0,0,0,-68,1,1601,0,0,0,0,2849528.18,2622825.33
2016-11-22,2016,11,4,1,22,-0.5000000000000004,0.8660254037844384,0.7818314824680298,0.6234898018587336,0,0,-67,1,1602,0,0,0,0,2953802.19,3010640.25
2016-11-23,2016,11,4,2,23,-0.5000000000000004,0.8660254037844384,0.9749279121818236,-0.22252093395631434,0,0,-66,1,1603,0,0,0,0,1781135.32,1682846.05
2016-11-24,2016,11,4,3,24,-0.5000000000000004,0.8660254037844384,0.43388373911755823,-0.900968867902419,0,0,-65,1,1604,0,0,0,0,1693041.1,1727778.84
2016-11-25,2016,11,4,4,25,-0.5000000000000004,0.8660254037844384,-0.433883739117558,-0.9009688679024191,0,0,-64,1,1605,0,0,0,0,3314537.94,3343367.28
2016-11-26,2016,11,4,5,26,-0.5000000000000004,0.8660254037844384,-0.9749279121818236,-0.2225209339563146,0,0,-63,1,1606,0,0,0,0,3392192.14,3360164.37
2016-11-27,2016,11,4,6,27,-0.5000000000000004,0.8660254037844384,-0.7818314824680299,0.6234898018587334,0,0,-62,1,1607,0,0,0,0,5299633.2,5281944.59
2016-11-28,2016,11,4,0,28,-0.5000000000000004,0.8660254037844384,0.0,1.0,0,0,-61,1,1608,0,0,0,0,5196318.58,5131257.93
2016-11-29,2016,11,4,1,29,-0.5000000000000004,0.8660254037844384,0.7818314824680298,0.6234898018587336,0,0,-60,1,1609,0,0,0,0,4921786.18,4962698.8
2016-11-30,2016,11,4,2,30,-0.5000000000000004,0.8660254037844384,0.9749279121818236,-0.22252093395631434,0,0,-59,1,1610,0,0,0,0,3832887.02,3897608.89
2016-12-01,2016,12,4,3,1,-2.4492935982947064e-16,1.0,0.43388373911755823,-0.900968867902419,0,0,-58,1,1611,0,0,0,0,2358573.02,2341309.79
2016-12-02,2016,12,4,4,2,-2.4492935982947064e-16,1.0,-0.433883739117558,-0.9009688679024191,0,0,-57,1,1612,0,0,0,0,907573.74,925477.21
2016-12-03,2016,12,4,5,3,-2.4492935982947064e-16,1.0,-0.9749279121818236,-0.2225209339563146,0,0,-56,1,1613,0,0,0,0,1333890.05,1218185.92
2016-12-04,2016,12,4,6,4,-2.4492935982947064e-16,1.0,-0.7818314824680299,0.6234898018587334,0,0,-55,1,1614,0,0,0,0,2237557.76,2224630.3
2016-12-05,2016,12,4,0,5,-2.4492935982947064e-16,1.0,0.0,1.0,0,0,-54,1,1615,0,0,0,0,1925286.27,1939563.58
2016-12-06,2016,12,4,1,6,-2.4492935982947064e-16,1.0,0.7818314824680298,0.6234898018587336,0,0,-53,1,1616,0,0,0,0,2605334.49,2510982.32
2016-12-07,2016,12,4,2,7,-2.4492935982947064e-16,1.0,0.9749279121818236,-0.22252093395631434,0,0,-52,1,1617,0,0,0,0,2299467.49,2274139.79
2016-12-08,2016,12,4,3,8,-2.4492935982947064e-16,1.0,0.43388373911755823,-0.900968867902419,0,0,-51,1,1618,0,0,0,0,2075549.34,2136761.21
2016-12-09,2016,12,4,4,9,-2.4492935982947064e-16,1.0,-0.433883739117558,-0.9009688679024191,0,0,-50,1,1619,0,0,0,0,2553283.93,2600587.96
2016-12-10,2016,12,4,5,10,-2.4492935982947064e-16,1.0,-0.9749279121818236,-0.2225209339563146,0,0,-49,1,1620,0,0,0,0,2913080.54,2889190.43
2016-12-11,2016,12,4,6,11,-2.4492935982947064e-16,1.0,-0.7818314824680299,0.6234898018587334,0,0,-48,1,1621,0,0,0,0,2853330.5,2812545.24
2016-12-12,2016,12,4,0,12,-2.4492935982947064e-16,1.0,0.0,1.0,0,0,-47,1,1622,0,0,0,0,3248145.42,3217430.0
2016-12-13,2016,12,4,1,13,-2.4492935982947064e-16,1.0,0.7818314824680298,0.6234898018587336,0,0,-46,1,1623,0,0,0,0,3823629.31,3830277.56
2016-12-14,2016,12,4,2,14,-2.4492935982947064e-16,1.0,0.9749279121818236,-0.22252093395631434,0,0,-45,1,1624,0,0,0,0,2792734.55,2831410.87
2016-12-15,2016,12,4,3,15,-2.4492935982947064e-16,1.0,0.43388373911755823,-0.900968867902419,0,0,-44,1,1625,0,0,0,0,2707101.38,2742933.88
2016-12-16,2016,12,4,4,16,-2.4492935982947064e-16,1.0,-0.433883739117558,-0.9009688679024191,0,0,-43,1,1626,0,0,0,0,2646651.72,2651717.38
2016-12-17,2016,12,4,5,17,-2.4492935982947064e-16,1.0,-0.9749279121818236,-0.2225209339563146,0,0,-42,1,1627,0,0,0,0,3238132.58,3280502.46
2016-12-18,2016,12,4,6,18,-2.4492935982947064e-16,1.0,-0.7818314824680299,0.6234898018587334,0,0,-41,1,1628,0,0,0,0,3271429.4,3285398.32
2016-12-19,2016,12,4,0,19,-2.4492935982947064e-16,1.0,0.0,1.0,0,0,-40,1,1629,0,0,0,0,4135316.35,4095588.8
2016-12-20,2016,12,4,1,20,-2.4492935982947064e-16,1.0,0.7818314824680298,0.6234898018587336,0,0,-39,1,1630,0,0,0,0,4293749.29,4224108.67
2016-12-21,2016,12,4,2,21,-2.4492935982947064e-16,1.0,0.9749279121818236,-0.22252093395631434,0,0,-38,1,1631,0,0,0,0,4279775.59,4100591.43
2016-12-22,2016,12,4,3,22,-2.4492935982947064e-16,1.0,0.43388373911755823,-0.900968867902419,0,0,-37,1,1632,0,0,0,0,3117384.48,3057416.11
2016-12-23,2016,12,4,4,23,-2.4492935982947064e-16,1.0,-0.433883739117558,-0.9009688679024191,0,0,-36,1,1633,0,0,0,0,2500798.47,2509747.01
2016-12-24,2016,12,4,5,24,-2.4492935982947064e-16,1.0,-0.9749279121818236,-0.2225209339563146,0,0,-35,1,1634,0,0,0,0,2034069.49,2007308.18
2016-12-25,2016,12,4,6,25,-2.4492935982947064e-16,1.0,-0.7818314824680299,0.6234898018587334,0,0,-34,1,1635,0,0,1,0,3488378.94,3406046.44
2016-12-26,2016,12,4,0,26,-2.4492935982947064e-16,1.0,0.0,1.0,0,0,-33,1,1636,0,0,0,0,3839559.68,3806837.33
2016-12-27,2016,12,4,1,27,-2.4492935982947064e-16,1.0,0.7818314824680298,0.6234898018587336,0,0,-32,1,1637,0,0,0,0,5844260.6,5750792.35
2016-12-28,2016,12,4,2,28,-2.4492935982947064e-16,1.0,0.9749279121818236,-0.22252093395631434,0,0,-31,1,1638,0,0,0,0,7554359.22,7421332.69
2016-12-29,2016,12,4,3,29,-2.4492935982947064e-16,1.0,0.43388373911755823,-0.900968867902419,0,0,-30,1,1639,0,0,0,0,7928143.58,7951767.41
2016-12-30,2016,12,4,4,30,-2.4492935982947064e-16,1.0,-0.433883739117558,-0.9009688679024191,0,0,-29,1,1640,0,0,0,0,5840732.73,5741938.39
2016-12-31,2016,12,4,5,31,-2.4492935982947064e-16,1.0,-0.9749279121818236,-0.2225209339563146,0,0,-28,1,1641,0,0,0,0,4969730.15,4920694.41
2017-01-01,2017,1,1,6,1,0.49999999999999994,0.8660254037844387,-0.7818314824680299,0.6234898018587334,0,0,-27,0,1642,0,0,0,0,3998895.08,3583814.01
2017-01-02,2017,1,1,0,2,0.49999999999999994,0.8660254037844387,0.0,1.0,0,0,-26,0,1643,0,0,0,0,1748553.87,1374452.07
2017-01-03,2017,1,1,1,3,0.49999999999999994,0.8660254037844387,0.7818314824680298,0.6234898018587336,0,0,-25,0,1644,0,0,0,0,1891837.91,1573537.28
2017-01-04,2017,1,1,2,4,0.49999999999999994,0.8660254037844387,0.9749279121818236,-0.22252093395631434,0,0,-24,0,1645,0,0,0,0,847466.28,682698.81
2017-01-05,2017,1,1,3,5,0.49999999999999994,0.8660254037844387,0.43388373911755823,-0.900968867902419,0,0,-23,0,1646,0,0,0,0,1464435.52,1145400.53
2017-01-06,2017,1,1,4,6,0.49999999999999994,0.8660254037844387,-0.433883739117558,-0.9009688679024191,0,0,-22,0,1647,0,0,0,0,2311449.24,1842665.52
2017-01-07,2017,1,1,5,7,0.49999999999999994,0.8660254037844387,-0.9749279121818236,-0.2225209339563146,0,0,-21,0,1648,0,0,0,0,2148635.45,1767280.58
2017-01-08,2017,1,1,6,8,0.49999999999999994,0.8660254037844387,-0.7818314824680299,0.6234898018587334,0,0,-20,0,1649,0,0,0,0,2907768.3,2272946.44
2017-01-09,2017,1,1,0,9,0.49999999999999994,0.8660254037844387,0.0,1.0,0,0,-19,0,1650,0,0,0,0,3437216.12,2814472.11
2017-01-10,2017,1,1,1,10,0.49999999999999994,0.8660254037844387,0.7818314824680298,0.6234898018587336,0,0,-18,0,1651,0,0,0,0,3014515.71,2440786.22
2017-01-11,2017,1,1,2,11,0.49999999999999994,0.8660254037844387,0.9749279121818236,-0.22252093395631434,0,0,-17,0,1652,0,0,0,0,2227157.79,1674420.56
2017-01-12,2017,1,1,3,12,0.49999999999999994,0.8660254037844387,0.43388373911755823,-0.900968867902419,0,0,-16,0,1653,0,0,0,0,2704158.21,2101198.8
2017-01-13,2017,1,1,4,13,0.49999999999999994,0.8660254037844387,-0.433883739117558,-0.9009688679024191,0,0,-15,0,1654,0,0,0,0,3136819.59,2599219.64
2017-01-14,2017,1,1,5,14,0.49999999999999994,0.8660254037844387,-0.9749279121818236,-0.2225209339563146,0,0,-14,0,1655,0,0,0,0,2056300.58,1704845.73
2017-01-15,2017,1,1,6,15,0.49999999999999994,0.8660254037844387,-0.7818314824680299,0.6234898018587334,0,0,-13,0,1656,0,0,0,0,2415343.55,1994964.86
2017-01-16,2017,1,1,0,16,0.49999999999999994,0.8660254037844387,0.0,1.0,0,0,-12,0,1657,0,0,0,0,3848368.92,3102404.56
2017-01-17,2017,1,1,1,17,0.49999999999999994,0.8660254037844387,0.7818314824680298,0.6234898018587336,0,0,-11,0,1658,0,0,0,0,2829843.68,2229864.7
2017-01-18,2017,1,1,2,18,0.49999999999999994,0.8660254037844387,0.9749279121818236,-0.22252093395631434,0,0,-10,0,1659,0,0,0,0,2138817.82,1652537.47
2017-01-19,2017,1,1,3,19,0.49999999999999994,0.8660254037844387,0.43388373911755823,-0.900968867902419,0,0,-9,0,1660,0,0,0,0,2663777.41,2187863.56
2017-01-20,2017,1,1,4,20,0.49999999999999994,0.8660254037844387,-0.433883739117558,-0.9009688679024191,0,0,-8,0,1661,0,0,0,0,2871845.05,2318588.01
2017-01-21,2017,1,1,5,21,0.49999999999999994,0.8660254037844387,-0.9749279121818236,-0.2225209339563146,0,0,-7,0,1662,0,0,0,0,2790303.1,2232164.85
2017-01-22,2017,1,1,6,22,0.49999999999999994,0.8660254037844387,-0.7818314824680299,0.6234898018587334,0,0,-6,0,1663,0,0,0,0,2438538.62,2064760.98
2017-01-23,2017,1,1,0,23,0.49999999999999994,0.8660254037844387,0.0,1.0,0,0,-5,0,1664,0,0,0,0,3466339.69,2719480.1
2017-01-24,2017,1,1,1,24,0.49999999999999994,0.8660254037844387,0.7818314824680298,0.6234898018587336,0,0,-4,0,1665,0,0,0,0,2856042.21,2288079.89
2017-01-25,2017,1,1,2,25,0.49999999999999994,0.8660254037844387,0.9749279121818236,-0.22252093395631434,0,0,-3,0,1666,0,0,0,0,2345949.16,1953862.54
2017-01-26,2017,1,1,3,26,0.49999999999999994,0.8660254037844387,0.43388373911755823,-0.900968867902419,0,0,-2,0,1667,0,0,0,0,3398297.86,2689465.29
2017-01-27,2017,1,1,4,27,0.49999999999999994,0.8660254037844387,-0.433883739117558,-0.9009688679024191,0,0,-1,0,1668,0,0,0,0,3893498.97,3118864.85
2017-01-28,2017,1,1,5,28,0.49999999999999994,0.8660254037844387,-0.9749279121818236,-0.2225209339563146,0,0,0,0,1669,0,0,0,0,5454445.79,4466542.85
2017-01-29,2017,1,1,6,29,0.49999999999999994,0.8660254037844387,-0.7818314824680299,0.6234898018587334,0,0,1,0,1670,0,0,0,0,6530902.38,5313138.23
2017-01-30,2017,1,1,0,30,0.49999999999999994,0.8660254037844387,0.0,1.0,0,0,2,0,1671,0,0,0,0,5647441.37,4545794.61
2017-01-31,2017,1,1,1,31,0.49999999999999994,0.8660254037844387,0.7818314824680298,0.6234898018587336,0,0,3,0,1672,0,0,0,0,5786663.6,4731579.01
2017-02-01,2017,2,1,2,1,0.8660254037844386,0.5000000000000001,0.9749279121818236,-0.22252093395631434,0,0,4,0,1673,0,0,0,0,3754242.39,3007642.45
2017-02-02,2017,2,1,3,2,0.8660254037844386,0.5000000000000001,0.43388373911755823,-0.900968867902419,0,0,5,0,1674,0,0,0,0,2084558.98,1704689.79
2017-02-03,2017,2,1,4,3,0.8660254037844386,0.5000000000000001,-0.433883739117558,-0.9009688679024191,0,0,6,0,1675,0,0,0,0,2527455.7,2118774.82
2017-02-04,2017,2,1,5,4,0.8660254037844386,0.5000000000000001,-0.9749279121818236,-0.2225209339563146,0,0,7,0,1676,0,0,0,0,2511052.37,2067059.03
2017-02-05,2017,2,1,6,5,0.8660254037844386,0.5000000000000001,-0.7818314824680299,0.6234898018587334,0,0,8,0,1677,0,0,0,0,2436308.96,2039899.33
2017-02-06,2017,2,1,0,6,0.8660254037844386,0.5000000000000001,0.0,1.0,0,0,9,0,1678,0,0,0,0,2567404.94,2085607.67
2017-02-07,2017,2,1,1,7,0.8660254037844386,0.5000000000000001,0.7818314824680298,0.6234898018587336,0,0,10,0,1679,0,0,0,0,2738634.88,2219123.05
2017-02-08,2017,2,1,2,8,0.8660254037844386,0.5000000000000001,0.9749279121818236,-0.22252093395631434,0,0,11,0,1680,0,0,0,0,1933130.03,1586818.66
2017-02-09,2017,2,1,3,9,0.8660254037844386,0.5000000000000001,0.43388373911755823,-0.900968867902419,0,0,12,0,1681,0,0,0,0,2516914.69,2076822.36
2017-02-10,2017,2,1,4,10,0.8660254037844386,0.5000000000000001,-0.433883739117558,-0.9009688679024191,0,0,13,0,1682,0,0,0,0,2588464.94,2130151.17
2017-02-11,2017,2,1,5,11,0.8660254037844386,0.5000000000000001,-0.9749279121818236,-0.2225209339563146,0,0,14,0,1683,0,0,0,0,3014037.02,2552520.25
2017-02-12,2017,2,1,6,12,0.8660254037844386,0.5000000000000001,-0.7818314824680299,0.6234898018587334,0,0,15,0,1684,0,0,0,0,3603536.48,2886850.52
2017-02-13,2017,2,1,0,13,0.8660254037844386,0.5000000000000001,0.0,1.0,0,0,16,0,1685,0,0,0,0,4440040.43,3602625.97
2017-02-14,2017,2,1,1,14,0.8660254037844386,0.5000000000000001,0.7818314824680298,0.6234898018587336,0,0,17,0,1686,0,0,0,0,3875527.43,3254271.21
2017-02-15,2017,2,1,2,15,0.8660254037844386,0.5000000000000001,0.9749279121818236,-0.22252093395631434,0,0,18,0,1687,0,0,0,0,2042667.61,1725509.05
2017-02-16,2017,2,1,3,16,0.8660254037844386,0.5000000000000001,0.43388373911755823,-0.900968867902419,0,0,19,0,1688,0,0,0,0,3533527.8,2858753.36
2017-02-17,2017,2,1,4,17,0.8660254037844386,0.5000000000000001,-0.433883739117558,-0.9009688679024191,0,0,20,0,1689,0,0,0,0,3023518.61,2507056.83
2017-02-18,2017,2,1,5,18,0.8660254037844386,0.5000000000000001,-0.9749279121818236,-0.2225209339563146,0,0,21,0,1690,0,0,0,0,3277433.63,2800726.99
2017-02-19,2017,2,1,6,19,0.8660254037844386,0.5000000000000001,-0.7818314824680299,0.6234898018587334,0,0,22,0,1691,0,0,0,0,4520643.56,3744775.49
2017-02-20,2017,2,1,0,20,0.8660254037844386,0.5000000000000001,0.0,1.0,0,0,23,0,1692,0,0,0,0,5623470.83,4661358.55
2017-02-21,2017,2,1,1,21,0.8660254037844386,0.5000000000000001,0.7818314824680298,0.6234898018587336,0,0,24,0,1693,0,0,0,0,5243661.46,4397106.06
2017-02-22,2017,2,1,2,22,0.8660254037844386,0.5000000000000001,0.9749279121818236,-0.22252093395631434,0,0,25,0,1694,0,0,0,0,4461426.24,3673004.77
2017-02-23,2017,2,1,3,23,0.8660254037844386,0.5000000000000001,0.43388373911755823,-0.900968867902419,0,0,26,0,1695,0,0,0,0,5005082.74,4050645.07
2017-02-24,2017,2,1,4,24,0.8660254037844386,0.5000000000000001,-0.433883739117558,-0.9009688679024191,0,0,27,0,1696,0,0,0,0,5197080.94,4291124.12
2017-02-25,2017,2,1,5,25,0.8660254037844386,0.5000000000000001,-0.9749279121818236,-0.2225209339563146,0,0,28,0,1697,0,0,0,0,7193655.77,5984598.22
2017-02-26,2017,2,1,6,26,0.8660254037844386,0.5000000000000001,-0.7818314824680299,0.6234898018587334,0,0,29,0,1698,0,0,0,0,6951383.99,5568547.06
2017-02-27,2017,2,1,0,27,0.8660254037844386,0.5000000000000001,0.0,1.0,0,0,30,0,1699,0,0,0,0,7418488.93,6084966.92
2017-02-28,2017,2,1,1,28,0.8660254037844386,0.5000000000000001,0.7818314824680298,0.6234898018587336,0,0,31,0,1700,0,0,0,0,5900508.14,4852701.48
2017-03-01,2017,3,1,2,1,1.0,6.123233995736766e-17,0.9749279121818236,-0.22252093395631434,0,0,32,0,1701,0,0,0,0,4138759.12,3461752.84
2017-03-02,2017,3,1,3,2,1.0,6.123233995736766e-17,0.43388373911755823,-0.900968867902419,0,0,33,0,1702,0,0,0,0,1084768.59,894235.96
2017-03-03,2017,3,1,4,3,1.0,6.123233995736766e-17,-0.433883739117558,-0.9009688679024191,0,0,34,0,1703,0,0,0,0,1291387.67,1088338.93
2017-03-04,2017,3,1,5,4,1.0,6.123233995736766e-17,-0.9749279121818236,-0.2225209339563146,0,0,35,0,1704,0,0,0,0,1414852.54,1091358.11
2017-03-05,2017,3,1,6,5,1.0,6.123233995736766e-17,-0.7818314824680299,0.6234898018587334,0,0,36,0,1705,0,0,0,0,2359240.19,1784452.73
2017-03-06,2017,3,1,0,6,1.0,6.123233995736766e-17,0.0,1.0,0,0,37,0,1706,0,0,0,0,3890607.23,3160109.06
2017-03-07,2017,3,1,1,7,1.0,6.123233995736766e-17,0.7818314824680298,0.6234898018587336,0,0,38,0,1707,0,0,0,0,3220221.21,2644266.94
2017-03-08,2017,3,1,2,8,1.0,6.123233995736766e-17,0.9749279121818236,-0.22252093395631434,0,0,39,0,1708,0,0,0,0,4553707.12,3607122.81
2017-03-09,2017,3,1,3,9,1.0,6.123233995736766e-17,0.43388373911755823,-0.900968867902419,0,0,40,0,1709,0,0,0,0,4967983.41,4034647.4
2017-03-10,2017,3,1,4,10,1.0,6.123233995736766e-17,-0.433883739117558,-0.9009688679024191,0,0,41,0,1710,0,0,0,0,6057343.95,4929376.63
2017-03-11,2017,3,1,5,11,1.0,6.123233995736766e-17,-0.9749279121818236,-0.2225209339563146,0,0,42,0,1711,0,0,0,0,4368486.87,3465509.34
2017-03-12,2017,3,1,6,12,1.0,6.123233995736766e-17,-0.7818314824680299,0.6234898018587334,0,0,43,0,1712,0,0,0,0,3116003.75,2481856.51
2017-03-13,2017,3,1,0,13,1.0,6.123233995736766e-17,0.0,1.0,0,0,44,0,1713,0,0,0,0,4924647.72,4152542.23
2017-03-14,2017,3,1,1,14,1.0,6.123233995736766e-17,0.7818314824680298,0.6234898018587336,0,0,45,0,1714,0,0,0,0,5669415.23,4519981.15
2017-03-15,2017,3,1,2,15,1.0,6.123233995736766e-17,0.9749279121818236,-0.22252093395631434,0,0,46,0,1715,0,0,0,0,7298281.44,5862653.36
2017-03-16,2017,3,1,3,16,1.0,6.123233995736766e-17,0.43388373911755823,-0.900968867902419,0,0,47,0,1716,0,0,0,0,7437742.79,6020449.52
2017-03-17,2017,3,1,4,17,1.0,6.123233995736766e-17,-0.433883739117558,-0.9009688679024191,0,0,48,0,1717,0,0,0,0,7834618.24,6274517.1
2017-03-18,2017,3,1,5,18,1.0,6.123233995736766e-17,-0.9749279121818236,-0.2225209339563146,0,0,49,0,1718,0,0,0,0,5974783.9,4875618.15
2017-03-19,2017,3,1,6,19,1.0,6.123233995736766e-17,-0.7818314824680299,0.6234898018587334,0,0,50,0,1719,0,0,0,0,5122059.27,4468071.53
2017-03-20,2017,3,1,0,20,1.0,6.123233995736766e-17,0.0,1.0,0,0,51,0,1720,0,0,0,0,5574811.65,4750949.98
2017-03-21,2017,3,1,1,21,1.0,6.123233995736766e-17,0.7818314824680298,0.6234898018587336,0,0,52,0,1721,0,0,0,0,6395400.59,5699224.23
2017-03-22,2017,3,1,2,22,1.0,6.123233995736766e-17,0.9749279121818236,-0.22252093395631434,0,0,53,0,1722,0,0,0,0,6704488.72,5884865.16
2017-03-23,2017,3,1,3,23,1.0,6.123233995736766e-17,0.43388373911755823,-0.900968867902419,0,0,54,0,1723,0,0,0,0,8227253.04,7586583.97
2017-03-24,2017,3,1,4,24,1.0,6.123233995736766e-17,-0.433883739117558,-0.9009688679024191,0,0,55,0,1724,0,0,0,0,8043513.7,7275137.93
2017-03-25,2017,3,1,5,25,1.0,6.123233995736766e-17,-0.9749279121818236,-0.2225209339563146,0,0,56,0,1725,0,0,0,0,5949599.34,5438511.57
2017-03-26,2017,3,1,6,26,1.0,6.123233995736766e-17,-0.7818314824680299,0.6234898018587334,0,0,57,0,1726,0,0,0,0,5631526.96,5140078.21
2017-03-27,2017,3,1,0,27,1.0,6.123233995736766e-17,0.0,1.0,0,0,58,0,1727,0,0,0,0,6690279.11,5981854.17
2017-03-28,2017,3,1,1,28,1.0,6.123233995736766e-17,0.7818314824680298,0.6234898018587336,0,0,59,0,1728,0,0,0,0,7528150.84,6808020.58
2017-03-29,2017,3,1,2,29,1.0,6.123233995736766e-17,0.9749279121818236,-0.22252093395631434,0,0,60,0,1729,0,0,0,0,8839810.76,8216778.38
2017-03-30,2017,3,1,3,30,1.0,6.123233995736766e-17,0.43388373911755823,-0.900968867902419,0,0,61,0,1730,0,0,0,0,17516038.82,16224964.49
2017-03-31,2017,3,1,4,31,1.0,6.123233995736766e-17,-0.433883739117558,-0.9009688679024191,0,0,62,0,1731,0,0,0,0,16556662.03,15209810.1
2017-04-01,2017,4,2,5,1,0.8660254037844387,-0.49999999999999983,-0.9749279121818236,-0.2225209339563146,0,0,63,0,1732,0,0,0,0,15808755.61,14645912.76
2017-04-02,2017,4,2,6,2,0.8660254037844387,-0.49999999999999983,-0.7818314824680299,0.6234898018587334,0,0,64,0,1733,0,0,0,0,14750037.65,13407725.54
2017-04-03,2017,4,2,0,3,0.8660254037844387,-0.49999999999999983,0.0,1.0,0,0,65,0,1734,0,0,0,0,11986923.68,10898039.76
2017-04-04,2017,4,2,1,4,0.8660254037844387,-0.49999999999999983,0.7818314824680298,0.6234898018587336,0,0,66,0,1735,0,0,0,0,3822590.98,3438348.87
2017-04-05,2017,4,2,2,5,0.8660254037844387,-0.49999999999999983,0.9749279121818236,-0.22252093395631434,0,0,67,0,1736,0,0,0,0,4629254.97,4199168.99
2017-04-06,2017,4,2,3,6,0.8660254037844387,-0.49999999999999983,0.43388373911755823,-0.900968867902419,0,0,68,0,1737,0,0,0,0,3991728.43,3603945.57
2017-04-07,2017,4,2,4,7,0.8660254037844387,-0.49999999999999983,-0.433883739117558,-0.9009688679024191,0,0,69,0,1738,0,0,0,0,3428956.51,3033332.62
2017-04-08,2017,4,2,5,8,0.8660254037844387,-0.49999999999999983,-0.9749279121818236,-0.2225209339563146,0,0,70,0,1739,0,0,0,0,3512061.04,3104040.68
2017-04-09,2017,4,2,6,9,0.8660254037844387,-0.49999999999999983,-0.7818314824680299,0.6234898018587334,0,0,71,0,1740,0,0,0,0,5195329.1,4683867.18
2017-04-10,2017,4,2,0,10,0.8660254037844387,-0.49999999999999983,0.0,1.0,0,0,72,0,1741,0,0,0,0,4956146.85,4458418.44
2017-04-11,2017,4,2,1,11,0.8660254037844387,-0.49999999999999983,0.7818314824680298,0.6234898018587336,0,0,73,0,1742,0,0,0,0,6400896.15,5775011.4
2017-04-12,2017,4,2,2,12,0.8660254037844387,-0.49999999999999983,0.9749279121818236,-0.22252093395631434,0,0,74,0,1743,0,0,0,0,6346191.53,5932271.71
2017-04-13,2017,4,2,3,13,0.8660254037844387,-0.49999999999999983,0.43388373911755823,-0.900968867902419,0,0,75,0,1744,0,0,0,0,6080699.31,5675033.32
2017-04-14,2017,4,2,4,14,0.8660254037844387,-0.49999999999999983,-0.433883739117558,-0.9009688679024191,0,0,76,0,1745,0,0,0,0,5046450.29,4501125.15
2017-04-15,2017,4,2,5,15,0.8660254037844387,-0.49999999999999983,-0.9749279121818236,-0.2225209339563146,0,0,77,0,1746,0,0,0,0,5118767.2,4382670.97
2017-04-16,2017,4,2,6,16,0.8660254037844387,-0.49999999999999983,-0.7818314824680299,0.6234898018587334,0,0,78,0,1747,0,0,0,0,5550880.17,4613246.21
2017-04-17,2017,4,2,0,17,0.8660254037844387,-0.49999999999999983,0.0,1.0,0,0,79,0,1748,0,0,0,0,6659045.31,5533903.49
2017-04-18,2017,4,2,1,18,0.8660254037844387,-0.49999999999999983,0.7818314824680298,0.6234898018587336,0,0,80,0,1749,0,0,0,0,8056843.67,6512827.94
2017-04-19,2017,4,2,2,19,0.8660254037844387,-0.49999999999999983,0.9749279121818236,-0.22252093395631434,0,0,81,0,1750,0,0,0,0,8628781.58,6869166.87
2017-04-20,2017,4,2,3,20,0.8660254037844387,-0.49999999999999983,0.43388373911755823,-0.900968867902419,0,0,82,0,1751,0,0,0,0,7240460.1,5704449.86
2017-04-21,2017,4,2,4,21,0.8660254037844387,-0.49999999999999983,-0.433883739117558,-0.9009688679024191,0,0,83,0,1752,0,0,0,0,5516371.41,4399591.55
2017-04-22,2017,4,2,5,22,0.8660254037844387,-0.49999999999999983,-0.9749279121818236,-0.2225209339563146,0,0,84,0,1753,0,0,0,0,5307716.56,4273571.86
2017-04-23,2017,4,2,6,23,0.8660254037844387,-0.49999999999999983,-0.7818314824680299,0.6234898018587334,0,0,85,0,1754,0,0,0,0,7933547.43,6292750.65
2017-04-24,2017,4,2,0,24,0.8660254037844387,-0.49999999999999983,0.0,1.0,0,0,86,0,1755,0,0,0,0,7075130.23,5783275.04
2017-04-25,2017,4,2,1,25,0.8660254037844387,-0.49999999999999983,0.7818314824680298,0.6234898018587336,0,0,87,0,1756,0,0,0,0,8289377.68,6751931.23
2017-04-26,2017,4,2,2,26,0.8660254037844387,-0.49999999999999983,0.9749279121818236,-0.22252093395631434,0,0,88,0,1757,0,0,0,0,11677117.94,9490915.85
2017-04-27,2017,4,2,3,27,0.8660254037844387,-0.49999999999999983,0.43388373911755823,-0.900968867902419,0,0,89,0,1758,0,0,0,0,10910842.34,8767860.5
2017-04-28,2017,4,2,4,28,0.8660254037844387,-0.49999999999999983,-0.433883739117558,-0.9009688679024191,0,0,90,0,1759,0,0,0,0,8873238.46,7052027.5
2017-04-29,2017,4,2,5,29,0.8660254037844387,-0.49999999999999983,-0.9749279121818236,-0.2225209339563146,0,0,91,0,1760,0,0,0,0,13969061.08,11193381.32
2017-04-30,2017,4,2,6,30,0.8660254037844387,-0.49999999999999983,-0.7818314824680299,0.6234898018587334,0,0,92,0,1761,1,0,0,0,12763691.95,10213945.04
2017-05-01,2017,5,2,0,1,0.49999999999999994,-0.8660254037844387,0.0,1.0,0,0,93,0,1762,1,0,0,0,10437173.89,8248934.13
2017-05-02,2017,5,2,1,2,0.49999999999999994,-0.8660254037844387,0.7818314824680298,0.6234898018587336,0,0,94,0,1763,0,0,0,0,10668293.77,8545428.77
2017-05-03,2017,5,2,2,3,0.49999999999999994,-0.8660254037844387,0.9749279121818236,-0.22252093395631434,0,0,95,0,1764,0,0,0,0,11066087.91,8850240.81
2017-05-04,2017,5,2,3,4,0.49999999999999994,-0.8660254037844387,0.43388373911755823,-0.900968867902419,0,0,96,0,1765,0,0,0,0,5096072.55,4205229.55
2017-05-05,2017,5,2,4,5,0.49999999999999994,-0.8660254037844387,-0.433883739117558,-0.9009688679024191,0,0,97,0,1766,0,0,0,0,5663567.39,4486107.35
2017-05-06,2017,5,2,5,6,0.49999999999999994,-0.8660254037844387,-0.9749279121818236,-0.2225209339563146,0,0,98,0,1767,0,0,0,0,3743378.15,2996412.53
2017-05-07,2017,5,2,6,7,0.49999999999999994,-0.8660254037844387,-0.7818314824680299,0.6234898018587334,0,0,99,0,1768,0,0,0,0,4893557.72,3947883.38
2017-05-08,2017,5,2,0,8,0.49999999999999994,-0.8660254037844387,0.0,1.0,0,0,100,0,1769,0,0,0,0,5867384.27,4768855.8
2017-05-09,2017,5,2,1,9,0.49999999999999994,-0.8660254037844387,0.7818314824680298,0.6234898018587336,0,0,101,0,1770,0,0,0,0,6383091.75,5203605.53
2017-05-10,2017,5,2,2,10,0.49999999999999994,-0.8660254037844387,0.9749279121818236,-0.22252093395631434,0,0,102,0,1771,0,0,0,0,7501996.22,6032076.17
2017-05-11,2017,5,2,3,11,0.49999999999999994,-0.8660254037844387,0.43388373911755823,-0.900968867902419,0,0,103,0,1772,0,0,0,0,10239562.28,8268973.88
2017-05-12,2017,5,2,4,12,0.49999999999999994,-0.8660254037844387,-0.433883739117558,-0.9009688679024191,0,0,104,0,1773,0,0,0,0,8320439.9,6726540.41
2017-05-13,2017,5,2,5,13,0.49999999999999994,-0.8660254037844387,-0.9749279121818236,-0.2225209339563146,0,0,105,0,1774,0,0,0,0,7357524.23,5896933.82
2017-05-14,2017,5,2,6,14,0.49999999999999994,-0.8660254037844387,-0.7818314824680299,0.6234898018587334,0,0,106,0,1775,0,0,0,0,6662133.39,5287890.68
2017-05-15,2017,5,2,0,15,0.49999999999999994,-0.8660254037844387,0.0,1.0,0,0,107,0,1776,0,0,0,0,7541584.53,6196974.67
2017-05-16,2017,5,2,1,16,0.49999999999999994,-0.8660254037844387,0.7818314824680298,0.6234898018587336,0,0,108,0,1777,0,0,0,0,6978902.38,5556954.23
2017-05-17,2017,5,2,2,17,0.49999999999999994,-0.8660254037844387,0.9749279121818236,-0.22252093395631434,0,0,109,0,1778,0,0,0,0,7526190.32,5942140.35
2017-05-18,2017,5,2,3,18,0.49999999999999994,-0.8660254037844387,0.43388373911755823,-0.900968867902419,0,0,110,0,1779,0,0,0,0,10554187.11,8417567.55
2017-05-19,2017,5,2,4,19,0.49999999999999994,-0.8660254037844387,-0.433883739117558,-0.9009688679024191,0,0,111,0,1780,0,0,0,0,8723026.23,6978931.62
2017-05-20,2017,5,2,5,20,0.49999999999999994,-0.8660254037844387,-0.9749279121818236,-0.2225209339563146,0,0,112,0,1781,0,0,0,0,6210104.92,4916762.05
2017-05-21,2017,5,2,6,21,0.49999999999999994,-0.8660254037844387,-0.7818314824680299,0.6234898018587334,0,0,113,0,1782,0,0,0,0,7924193.43,6410830.66
2017-05-22,2017,5,2,0,22,0.49999999999999994,-0.8660254037844387,0.0,1.0,0,0,114,0,1783,0,0,0,0,7701304.95,6167091.35
2017-05-23,2017,5,2,1,23,0.49999999999999994,-0.8660254037844387,0.7818314824680298,0.6234898018587336,0,0,115,0,1784,0,0,0,0,8875094.41,7259320.81
2017-05-24,2017,5,2,2,24,0.49999999999999994,-0.8660254037844387,0.9749279121818236,-0.22252093395631434,0,0,116,0,1785,0,0,0,0,9809118.2,7989958.15
2017-05-25,2017,5,2,3,25,0.49999999999999994,-0.8660254037844387,0.43388373911755823,-0.900968867902419,0,0,117,0,1786,0,0,0,0,12997641.6,10345551.33
2017-05-26,2017,5,2,4,26,0.49999999999999994,-0.8660254037844387,-0.433883739117558,-0.9009688679024191,0,0,118,0,1787,0,0,0,0,10924584.92,8936147.49
2017-05-27,2017,5,2,5,27,0.49999999999999994,-0.8660254037844387,-0.9749279121818236,-0.2225209339563146,0,0,119,0,1788,0,0,0,0,6842735.97,5377732.71
2017-05-28,2017,5,2,6,28,0.49999999999999994,-0.8660254037844387,-0.7818314824680299,0.6234898018587334,0,0,120,0,1789,0,0,0,0,6133951.19,4817050.8
2017-05-29,2017,5,2,0,29,0.49999999999999994,-0.8660254037844387,0.0,1.0,0,0,121,0,1790,0,0,0,0,7513494.18,5975112.76
2017-05-30,2017,5,2,1,30,0.49999999999999994,-0.8660254037844387,0.7818314824680298,0.6234898018587336,0,0,122,0,1791,0,0,0,0,15437626.24,12468271.46
2017-05-31,2017,5,2,2,31,0.49999999999999994,-0.8660254037844387,0.9749279121818236,-0.22252093395631434,0,0,123,0,1792,0,0,0,0,17314841.86,13846685.08
2017-06-01,2017,6,2,3,1,1.2246467991473532e-16,-1.0,0.43388373911755823,-0.900968867902419,0,0,124,0,1793,0,0,0,0,17639270.88,14102311.81
2017-06-02,2017,6,2,4,2,1.2246467991473532e-16,-1.0,-0.433883739117558,-0.9009688679024191,0,0,125,0,1794,0,0,0,0,17528852.88,14154253.77
2017-06-03,2017,6,2,5,3,1.2246467991473532e-16,-1.0,-0.9749279121818236,-0.2225209339563146,0,0,126,0,1795,0,0,0,0,15308256.14,12312510.57
2017-06-04,2017,6,2,6,4,1.2246467991473532e-16,-1.0,-0.7818314824680299,0.6234898018587334,0,0,127,0,1796,0,0,0,0,4982217.86,4015671.63
2017-06-05,2017,6,2,0,5,1.2246467991473532e-16,-1.0,0.0,1.0,0,0,128,0,1797,0,0,0,0,6879970.92,5535512.4
2017-06-06,2017,6,2,1,6,1.2246467991473532e-16,-1.0,0.7818314824680298,0.6234898018587336,0,0,129,0,1798,0,0,0,0,5342823.74,4216558.08
2017-06-07,2017,6,2,2,7,1.2246467991473532e-16,-1.0,0.9749279121818236,-0.22252093395631434,0,0,130,0,1799,0,0,0,0,7640608.49,6119021.16
2017-06-08,2017,6,2,3,8,1.2246467991473532e-16,-1.0,0.43388373911755823,-0.900968867902419,0,0,131,0,1800,0,0,0,0,7229728.05,5870597.71
2017-06-09,2017,6,2,4,9,1.2246467991473532e-16,-1.0,-0.433883739117558,-0.9009688679024191,0,0,132,0,1801,0,0,0,0,6070420.59,4805414.43
2017-06-10,2017,6,2,5,10,1.2246467991473532e-16,-1.0,-0.9749279121818236,-0.2225209339563146,0,0,133,0,1802,0,0,0,0,6331260.25,5062026.02
2017-06-11,2017,6,2,6,11,1.2246467991473532e-16,-1.0,-0.7818314824680299,0.6234898018587334,0,0,134,0,1803,0,0,0,0,6522568.24,5237226.84
2017-06-12,2017,6,2,0,12,1.2246467991473532e-16,-1.0,0.0,1.0,0,0,135,0,1804,0,0,0,0,6628740.01,5335810.64
2017-06-13,2017,6,2,1,13,1.2246467991473532e-16,-1.0,0.7818314824680298,0.6234898018587336,0,0,136,0,1805,0,0,0,0,9097973.24,7325847.9
2017-06-14,2017,6,2,2,14,1.2246467991473532e-16,-1.0,0.9749279121818236,-0.22252093395631434,0,0,137,0,1806,0,0,0,0,10026676.46,8103723.85
2017-06-15,2017,6,2,3,15,1.2246467991473532e-16,-1.0,0.43388373911755823,-0.900968867902419,0,0,138,0,1807,0,0,0,0,7940593.56,6369139.96
2017-06-16,2017,6,2,4,16,1.2246467991473532e-16,-1.0,-0.433883739117558,-0.9009688679024191,0,0,139,0,1808,0,0,0,0,7143718.68,5840484.65
2017-06-17,2017,6,2,5,17,1.2246467991473532e-16,-1.0,-0.9749279121818236,-0.2225209339563146,0,0,140,0,1809,0,0,0,0,7455304.37,6136710.77
2017-06-18,2017,6,2,6,18,1.2246467991473532e-16,-1.0,-0.7818314824680299,0.6234898018587334,0,0,141,0,1810,0,0,0,0,7827068.5,6257008.19
2017-06-19,2017,6,2,0,19,1.2246467991473532e-16,-1.0,0.0,1.0,0,0,142,0,1811,0,0,0,0,7342525.83,5820728.91
2017-06-20,2017,6,2,1,20,1.2246467991473532e-16,-1.0,0.7818314824680298,0.6234898018587336,0,0,143,0,1812,0,0,0,0,8225238.75,6368214.24
2017-06-21,2017,6,2,2,21,1.2246467991473532e-16,-1.0,0.9749279121818236,-0.22252093395631434,0,0,144,0,1813,0,0,0,0,10655514.59,8609715.32
2017-06-22,2017,6,2,3,22,1.2246467991473532e-16,-1.0,0.43388373911755823,-0.900968867902419,0,0,145,0,1814,0,0,0,0,9198620.13,7431185.52
2017-06-23,2017,6,2,4,23,1.2246467991473532e-16,-1.0,-0.433883739117558,-0.9009688679024191,0,0,146,0,1815,0,0,0,0,6526283.84,5230359.86
2017-06-24,2017,6,2,5,24,1.2246467991473532e-16,-1.0,-0.9749279121818236,-0.2225209339563146,0,0,147,0,1816,0,0,0,0,7602436.11,6685562.91
2017-06-25,2017,6,2,6,25,1.2246467991473532e-16,-1.0,-0.7818314824680299,0.6234898018587334,0,0,148,0,1817,0,0,0,0,7066545.51,6587328.34
2017-06-26,2017,6,2,0,26,1.2246467991473532e-16,-1.0,0.0,1.0,0,0,149,0,1818,0,0,0,0,7983541.46,7671373.55
2017-06-27,2017,6,2,1,27,1.2246467991473532e-16,-1.0,0.7818314824680298,0.6234898018587336,0,0,150,0,1819,0,0,0,0,9250037.34,9101777.72
2017-06-28,2017,6,2,2,28,1.2246467991473532e-16,-1.0,0.9749279121818236,-0.22252093395631434,0,0,151,0,1820,0,0,0,0,11067229.74,10779722.88
2017-06-29,2017,6,2,3,29,1.2246467991473532e-16,-1.0,0.43388373911755823,-0.900968867902419,0,0,152,0,1821,0,0,0,0,14575854.67,14163551.21
2017-06-30,2017,6,2,4,30,1.2246467991473532e-16,-1.0,-0.433883739117558,-0.9009688679024191,0,0,153,0,1822,0,0,0,0,10343460.86,10016805.64
2017-07-01,2017,7,3,5,1,-0.4999999999999998,-0.8660254037844388,-0.9749279121818236,-0.2225209339563146,0,0,154,1,1823,0,0,0,0,9399552.7,9077728.29
2017-07-02,2017,7,3,6,2,-0.4999999999999998,-0.8660254037844388,-0.7818314824680299,0.6234898018587334,0,0,155,1,1824,0,0,0,0,8465410.55,8425628.54
2017-07-03,2017,7,3,0,3,-0.4999999999999998,-0.8660254037844388,0.0,1.0,0,0,156,1,1825,0,0,0,0,7335280.55,7353625.52
2017-07-04,2017,7,3,1,4,-0.4999999999999998,-0.8660254037844388,0.7818314824680298,0.6234898018587336,0,0,157,1,1826,0,0,0,0,1548331.57,1505172.52
2017-07-05,2017,7,3,2,5,-0.4999999999999998,-0.8660254037844388,0.9749279121818236,-0.22252093395631434,0,0,158,1,1827,0,0,0,0,2498941.43,2468637.84
2017-07-06,2017,7,3,3,6,-0.4999999999999998,-0.8660254037844388,0.43388373911755823,-0.900968867902419,0,0,159,1,1828,0,0,0,0,3806545.74,3785638.98
2017-07-07,2017,7,3,4,7,-0.4999999999999998,-0.8660254037844388,-0.433883739117558,-0.9009688679024191,0,0,160,1,1829,0,0,0,0,3910669.38,3735165.73
2017-07-08,2017,7,3,5,8,-0.4999999999999998,-0.8660254037844388,-0.9749279121818236,-0.2225209339563146,0,0,161,1,1830,0,0,0,0,2775904.89,2709365.34
2017-07-09,2017,7,3,6,9,-0.4999999999999998,-0.8660254037844388,-0.7818314824680299,0.6234898018587334,0,0,162,1,1831,0,0,0,0,4305575.04,4091213.73
2017-07-10,2017,7,3,0,10,-0.4999999999999998,-0.8660254037844388,0.0,1.0,0,0,163,1,1832,0,0,0,0,4406742.02,4296558.78
2017-07-11,2017,7,3,1,11,-0.4999999999999998,-0.8660254037844388,0.7818314824680298,0.6234898018587336,0,0,164,1,1833,0,0,0,0,4944810.32,4863855.67
2017-07-12,2017,7,3,2,12,-0.4999999999999998,-0.8660254037844388,0.9749279121818236,-0.22252093395631434,0,0,165,1,1834,0,0,0,0,4751983.65,4543652.2
2017-07-13,2017,7,3,3,13,-0.4999999999999998,-0.8660254037844388,0.43388373911755823,-0.900968867902419,0,0,166,1,1835,0,0,0,0,6163660.52,5965250.9
2017-07-14,2017,7,3,4,14,-0.4999999999999998,-0.8660254037844388,-0.433883739117558,-0.9009688679024191,0,0,167,1,1836,0,0,0,0,4470547.96,4429144.59
2017-07-15,2017,7,3,5,15,-0.4999999999999998,-0.8660254037844388,-0.9749279121818236,-0.2225209339563146,0,0,168,1,1837,0,0,0,0,4914470.82,4964833.31
2017-07-16,2017,7,3,6,16,-0.4999999999999998,-0.8660254037844388,-0.7818314824680299,0.6234898018587334,0,0,169,1,1838,0,0,0,0,5679726.46,5555676.19
2017-07-17,2017,7,3,0,17,-0.4999999999999998,-0.8660254037844388,0.0,1.0,0,0,170,1,1839,0,0,0,0,5903451.12,5721733.07
2017-07-18,2017,7,3,1,18,-0.4999999999999998,-0.8660254037844388,0.7818314824680298,0.6234898018587336,0,0,171,1,1840,0,0,0,0,5722567.0,5454385.63
2017-07-19,2017,7,3,2,19,-0.4999999999999998,-0.8660254037844388,0.9749279121818236,-0.22252093395631434,0,0,172,1,1841,0,0,0,0,5823778.88,5343161.22
2017-07-20,2017,7,3,3,20,-0.4999999999999998,-0.8660254037844388,0.43388373911755823,-0.900968867902419,0,0,173,1,1842,0,0,0,0,7767875.77,6983084.24
2017-07-21,2017,7,3,4,21,-0.4999999999999998,-0.8660254037844388,-0.433883739117558,-0.9009688679024191,0,0,174,1,1843,0,0,0,0,7742137.96,6801188.17
2017-07-22,2017,7,3,5,22,-0.4999999999999998,-0.8660254037844388,-0.9749279121818236,-0.2225209339563146,0,0,175,1,1844,0,0,0,0,5031209.52,4280297.37
2017-07-23,2017,7,3,6,23,-0.4999999999999998,-0.8660254037844388,-0.7818314824680299,0.6234898018587334,0,0,176,1,1845,0,0,0,0,5822844.6,4618045.67
2017-07-24,2017,7,3,0,24,-0.4999999999999998,-0.8660254037844388,0.0,1.0,0,0,177,1,1846,0,0,0,0,5657508.49,4478937.41
2017-07-25,2017,7,3,1,25,-0.4999999999999998,-0.8660254037844388,0.7818314824680298,0.6234898018587336,0,0,178,1,1847,0,0,0,0,7277905.64,5735726.58
2017-07-26,2017,7,3,2,26,-0.4999999999999998,-0.8660254037844388,0.9749279121818236,-0.22252093395631434,0,0,179,1,1848,0,0,0,0,8323356.74,6749350.5
2017-07-27,2017,7,3,3,27,-0.4999999999999998,-0.8660254037844388,0.43388373911755823,-0.900968867902419,0,0,180,1,1849,0,0,0,0,10162217.48,8082143.68
2017-07-28,2017,7,3,4,28,-0.4999999999999998,-0.8660254037844388,-0.433883739117558,-0.9009688679024191,0,0,181,1,1850,0,0,0,0,8483149.48,6878556.14
2017-07-29,2017,7,3,5,29,-0.4999999999999998,-0.8660254037844388,-0.9749279121818236,-0.2225209339563146,0,0,182,1,1851,0,0,0,0,7623158.15,6127361.47
2017-07-30,2017,7,3,6,30,-0.4999999999999998,-0.8660254037844388,-0.7818314824680299,0.6234898018587334,0,0,183,1,1852,0,0,0,0,8808543.18,8256517.97
2017-07-31,2017,7,3,0,31,-0.4999999999999998,-0.8660254037844388,0.0,1.0,0,0,184,1,1853,0,0,0,0,9466549.72,11128407.08
2017-08-01,2017,8,3,1,1,-0.8660254037844384,-0.5000000000000004,0.7818314824680298,0.6234898018587336,0,0,185,1,1854,0,0,0,0,7103485.92,8893176.14
2017-08-02,2017,8,3,2,2,-0.8660254037844384,-0.5000000000000004,0.9749279121818236,-0.22252093395631434,0,0,186,1,1855,0,0,0,0,6242432.38,8556480.36
2017-08-03,2017,8,3,3,3,-0.8660254037844384,-0.5000000000000004,0.43388373911755823,-0.900968867902419,0,0,187,1,1856,0,0,0,0,6560878.74,8998020.07
2017-08-04,2017,8,3,4,4,-0.8660254037844384,-0.5000000000000004,-0.433883739117558,-0.9009688679024191,0,0,188,1,1857,0,0,0,0,5472043.99,7638550.59
2017-08-05,2017,8,3,5,5,-0.8660254037844384,-0.5000000000000004,-0.9749279121818236,-0.2225209339563146,0,0,189,1,1858,0,0,0,0,1626028.13,2192300.16
2017-08-06,2017,8,3,6,6,-0.8660254037844384,-0.5000000000000004,-0.7818314824680299,0.6234898018587334,0,0,190,1,1859,0,0,0,0,2056024.63,2936220.92
2017-08-07,2017,8,3,0,7,-0.8660254037844384,-0.5000000000000004,0.0,1.0,0,0,191,1,1860,0,0,0,0,2070918.21,2673620.96
2017-08-08,2017,8,3,1,8,-0.8660254037844384,-0.5000000000000004,0.7818314824680298,0.6234898018587336,0,0,192,1,1861,0,0,0,0,2631383.27,3603508.2
2017-08-09,2017,8,3,2,9,-0.8660254037844384,-0.5000000000000004,0.9749279121818236,-0.22252093395631434,0,0,-191,1,1862,0,0,0,0,2635632.31,3591835.02
2017-08-10,2017,8,3,3,10,-0.8660254037844384,-0.5000000000000004,0.43388373911755823,-0.900968867902419,0,0,-190,1,1863,0,0,0,0,3124252.01,4079777.28
2017-08-11,2017,8,3,4,11,-0.8660254037844384,-0.5000000000000004,-0.433883739117558,-0.9009688679024191,0,0,-189,1,1864,0,0,0,0,3164344.57,4365179.69
2017-08-12,2017,8,3,5,12,-0.8660254037844384,-0.5000000000000004,-0.9749279121818236,-0.2225209339563146,0,0,-188,1,1865,0,0,0,0,2404905.33,3325606.06
2017-08-13,2017,8,3,6,13,-0.8660254037844384,-0.5000000000000004,-0.7818314824680299,0.6234898018587334,0,0,-187,1,1866,0,0,0,0,2375693.54,3146463.17
2017-08-14,2017,8,3,0,14,-0.8660254037844384,-0.5000000000000004,0.0,1.0,0,0,-186,1,1867,0,0,0,0,3038574.28,4128458.45
2017-08-15,2017,8,3,1,15,-0.8660254037844384,-0.5000000000000004,0.7818314824680298,0.6234898018587336,0,0,-185,1,1868,0,0,0,0,2570726.93,3709393.15
2017-08-16,2017,8,3,2,16,-0.8660254037844384,-0.5000000000000004,0.9749279121818236,-0.22252093395631434,0,0,-184,1,1869,0,0,0,0,3226436.89,4462853.41
2017-08-17,2017,8,3,3,17,-0.8660254037844384,-0.5000000000000004,0.43388373911755823,-0.900968867902419,0,0,-183,1,1870,0,0,0,0,4035498.92,5750566.25
2017-08-18,2017,8,3,4,18,-0.8660254037844384,-0.5000000000000004,-0.433883739117558,-0.9009688679024191,0,0,-182,1,1871,0,0,0,0,3226338.29,4356894.77
2017-08-19,2017,8,3,5,19,-0.8660254037844384,-0.5000000000000004,-0.9749279121818236,-0.2225209339563146,0,0,-181,1,1872,0,0,0,0,2594209.32,3620782.22
2017-08-20,2017,8,3,6,20,-0.8660254037844384,-0.5000000000000004,-0.7818314824680299,0.6234898018587334,0,0,-180,1,1873,0,0,0,0,2793076.6,3941814.02
2017-08-21,2017,8,3,0,21,-0.8660254037844384,-0.5000000000000004,0.0,1.0,0,0,-179,1,1874,0,0,0,0,2634922.72,3676913.21
2017-08-22,2017,8,3,1,22,-0.8660254037844384,-0.5000000000000004,0.7818314824680298,0.6234898018587336,0,0,-178,1,1875,0,0,0,0,3146373.54,4106696.92
2017-08-23,2017,8,3,2,23,-0.8660254037844384,-0.5000000000000004,0.9749279121818236,-0.22252093395631434,0,0,-177,1,1876,0,0,0,0,3476965.73,4769850.97
2017-08-24,2017,8,3,3,24,-0.8660254037844384,-0.5000000000000004,0.43388373911755823,-0.900968867902419,0,0,-176,1,1877,0,0,0,0,4910360.99,6796852.79
2017-08-25,2017,8,3,4,25,-0.8660254037844384,-0.5000000000000004,-0.433883739117558,-0.9009688679024191,0,0,-175,1,1878,0,0,0,0,3349335.96,4548124.98
2017-08-26,2017,8,3,5,26,-0.8660254037844384,-0.5000000000000004,-0.9749279121818236,-0.2225209339563146,0,0,-174,1,1879,0,0,0,0,2646726.51,3741666.75
2017-08-27,2017,8,3,6,27,-0.8660254037844384,-0.5000000000000004,-0.7818314824680299,0.6234898018587334,0,0,-173,1,1880,0,0,0,0,2383553.18,3067888.41
2017-08-28,2017,8,3,0,28,-0.8660254037844384,-0.5000000000000004,0.0,1.0,0,0,-172,1,1881,0,0,0,0,3635080.01,5161278.75
2017-08-29,2017,8,3,1,29,-0.8660254037844384,-0.5000000000000004,0.7818314824680298,0.6234898018587336,0,0,-171,1,1882,0,0,0,0,7306573.99,9554867.54
2017-08-30,2017,8,3,2,30,-0.8660254037844384,-0.5000000000000004,0.9749279121818236,-0.22252093395631434,0,0,-170,1,1883,0,0,0,0,6946636.36,9396255.8
2017-08-31,2017,8,3,3,31,-0.8660254037844384,-0.5000000000000004,0.43388373911755823,-0.900968867902419,0,0,-169,1,1884,0,0,0,0,7907948.51,10017576.0
2017-09-01,2017,9,3,4,1,-1.0,-1.8369701987210297e-16,-0.433883739117558,-0.9009688679024191,0,0,-168,1,1885,0,0,0,0,5962206.68,7605277.51
2017-09-02,2017,9,3,5,2,-1.0,-1.8369701987210297e-16,-0.9749279121818236,-0.2225209339563146,0,0,-167,1,1886,0,1,0,0,6245530.26,7453975.27
2017-09-03,2017,9,3,6,3,-1.0,-1.8369701987210297e-16,-0.7818314824680299,0.6234898018587334,0,0,-166,1,1887,0,0,0,0,2366258.16,2028274.79
2017-09-04,2017,9,3,0,4,-1.0,-1.8369701987210297e-16,0.0,1.0,0,0,-165,1,1888,0,0,0,0,3110959.61,2696832.33
2017-09-05,2017,9,3,1,5,-1.0,-1.8369701987210297e-16,0.7818314824680298,0.6234898018587336,0,0,-164,1,1889,0,0,0,0,4156708.13,3697301.2
2017-09-06,2017,9,3,2,6,-1.0,-1.8369701987210297e-16,0.9749279121818236,-0.22252093395631434,0,0,-163,1,1890,0,0,0,0,3962558.61,3470517.33
2017-09-07,2017,9,3,3,7,-1.0,-1.8369701987210297e-16,0.43388373911755823,-0.900968867902419,0,0,-162,1,1891,0,0,0,0,3177169.11,2911789.0
2017-09-08,2017,9,3,4,8,-1.0,-1.8369701987210297e-16,-0.433883739117558,-0.9009688679024191,0,0,-161,1,1892,0,0,0,0,2758623.23,2466116.27
2017-09-09,2017,9,3,5,9,-1.0,-1.8369701987210297e-16,-0.9749279121818236,-0.2225209339563146,0,0,-160,1,1893,0,0,0,0,3407389.12,3057748.67
2017-09-10,2017,9,3,6,10,-1.0,-1.8369701987210297e-16,-0.7818314824680299,0.6234898018587334,0,0,-159,1,1894,0,0,0,0,2833078.04,2447241.71
2017-09-11,2017,9,3,0,11,-1.0,-1.8369701987210297e-16,0.0,1.0,0,0,-158,1,1895,0,0,0,0,4351501.62,3874079.03
2017-09-12,2017,9,3,1,12,-1.0,-1.8369701987210297e-16,0.7818314824680298,0.6234898018587336,0,0,-157,1,1896,0,0,0,0,5272757.92,4657582.93
2017-09-13,2017,9,3,2,13,-1.0,-1.8369701987210297e-16,0.9749279121818236,-0.22252093395631434,0,0,-156,1,1897,0,0,0,0,4375381.18,3897483.92
2017-09-14,2017,9,3,3,14,-1.0,-1.8369701987210297e-16,0.43388373911755823,-0.900968867902419,0,0,-155,1,1898,0,0,0,0,2944995.39,2598454.0
2017-09-15,2017,9,3,4,15,-1.0,-1.8369701987210297e-16,-0.433883739117558,-0.9009688679024191,0,0,-154,1,1899,0,0,0,0,4050240.35,3493814.51
2017-09-16,2017,9,3,5,16,-1.0,-1.8369701987210297e-16,-0.9749279121818236,-0.2225209339563146,0,0,-153,1,1900,0,0,0,0,3998480.39,3572766.48
2017-09-17,2017,9,3,6,17,-1.0,-1.8369701987210297e-16,-0.7818314824680299,0.6234898018587334,0,0,-152,1,1901,0,0,0,0,3646297.83,3324722.05
2017-09-18,2017,9,3,0,18,-1.0,-1.8369701987210297e-16,0.0,1.0,0,0,-151,1,1902,0,0,0,0,4708998.08,4108242.1
2017-09-19,2017,9,3,1,19,-1.0,-1.8369701987210297e-16,0.7818314824680298,0.6234898018587336,0,0,-150,1,1903,0,0,0,0,5863767.93,5193156.23
2017-09-20,2017,9,3,2,20,-1.0,-1.8369701987210297e-16,0.9749279121818236,-0.22252093395631434,0,0,-149,1,1904,0,0,0,0,4348094.84,3813888.37
2017-09-21,2017,9,3,3,21,-1.0,-1.8369701987210297e-16,0.43388373911755823,-0.900968867902419,0,0,-148,1,1905,0,0,0,0,3941062.22,3437534.89
2017-09-22,2017,9,3,4,22,-1.0,-1.8369701987210297e-16,-0.433883739117558,-0.9009688679024191,0,0,-147,1,1906,0,0,0,0,4296469.47,3871217.73
2017-09-23,2017,9,3,5,23,-1.0,-1.8369701987210297e-16,-0.9749279121818236,-0.2225209339563146,0,0,-146,1,1907,0,0,0,0,4068464.64,3622953.87
2017-09-24,2017,9,3,6,24,-1.0,-1.8369701987210297e-16,-0.7818314824680299,0.6234898018587334,0,0,-145,1,1908,0,0,0,0,3893369.27,3496467.09
2017-09-25,2017,9,3,0,25,-1.0,-1.8369701987210297e-16,0.0,1.0,0,0,-144,1,1909,0,0,0,0,5274815.56,4684517.64
2017-09-26,2017,9,3,1,26,-1.0,-1.8369701987210297e-16,0.7818314824680298,0.6234898018587336,0,0,-143,1,1910,0,0,0,0,5803004.55,5062124.41
2017-09-27,2017,9,3,2,27,-1.0,-1.8369701987210297e-16,0.9749279121818236,-0.22252093395631434,0,0,-142,1,1911,0,0,0,0,7446035.82,6568633.22
2017-09-28,2017,9,3,3,28,-1.0,-1.8369701987210297e-16,0.43388373911755823,-0.900968867902419,0,0,-141,1,1912,0,0,0,0,7777371.32,7033425.19
2017-09-29,2017,9,3,4,29,-1.0,-1.8369701987210297e-16,-0.433883739117558,-0.9009688679024191,0,0,-140,1,1913,0,0,0,0,5297992.65,4816175.26
2017-09-30,2017,9,3,5,30,-1.0,-1.8369701987210297e-16,-0.9749279121818236,-0.2225209339563146,0,0,-139,1,1914,0,0,0,0,5604370.48,4849617.32
2017-10-01,2017,10,4,6,1,-0.8660254037844386,0.5000000000000001,-0.7818314824680299,0.6234898018587334,0,0,-138,0,1915,0,0,0,0,4057941.88,3476480.87
2017-10-02,2017,10,4,0,2,-0.8660254037844386,0.5000000000000001,0.0,1.0,0,0,-137,0,1916,0,0,0,0,2879522.46,2342981.57
2017-10-03,2017,10,4,1,3,-0.8660254037844386,0.5000000000000001,0.7818314824680298,0.6234898018587336,0,0,-136,0,1917,0,0,0,0,2733645.95,2251158.64
2017-10-04,2017,10,4,2,4,-0.8660254037844386,0.5000000000000001,0.9749279121818236,-0.22252093395631434,0,0,-135,0,1918,0,0,0,0,3991921.57,3166198.46
2017-10-05,2017,10,4,3,5,-0.8660254037844386,0.5000000000000001,0.43388373911755823,-0.900968867902419,0,0,-134,0,1919,0,0,0,0,3219806.7,2540926.63
2017-10-06,2017,10,4,4,6,-0.8660254037844386,0.5000000000000001,-0.433883739117558,-0.9009688679024191,0,0,-133,0,1920,0,0,0,0,2919860.88,2393697.54
2017-10-07,2017,10,4,5,7,-0.8660254037844386,0.5000000000000001,-0.9749279121818236,-0.2225209339563146,0,0,-132,0,1921,0,0,0,0,3614512.4,2790501.3
2017-10-08,2017,10,4,6,8,-0.8660254037844386,0.5000000000000001,-0.7818314824680299,0.6234898018587334,0,0,-131,0,1922,0,0,0,0,3915909.65,3064193.34
2017-10-09,2017,10,4,0,9,-0.8660254037844386,0.5000000000000001,0.0,1.0,0,0,-130,0,1923,0,0,0,0,3295589.64,2601027.16
2017-10-10,2017,10,4,1,10,-0.8660254037844386,0.5000000000000001,0.7818314824680298,0.6234898018587336,0,0,-129,0,1924,0,0,0,0,3865996.54,3056078.01
2017-10-11,2017,10,4,2,11,-0.8660254037844386,0.5000000000000001,0.9749279121818236,-0.22252093395631434,0,0,-128,0,1925,0,0,0,0,5115944.9,4157714.79
2017-10-12,2017,10,4,3,12,-0.8660254037844386,0.5000000000000001,0.43388373911755823,-0.900968867902419,0,0,-127,0,1926,0,0,0,0,4480692.67,3480805.66
2017-10-13,2017,10,4,4,13,-0.8660254037844386,0.5000000000000001,-0.433883739117558,-0.9009688679024191,0,0,-126,0,1927,0,0,0,0,3073492.71,2485145.78
2017-10-14,2017,10,4,5,14,-0.8660254037844386,0.5000000000000001,-0.9749279121818236,-0.2225209339563146,0,0,-125,0,1928,0,0,0,0,3790006.69,2996354.65
2017-10-15,2017,10,4,6,15,-0.8660254037844386,0.5000000000000001,-0.7818314824680299,0.6234898018587334,0,0,-124,0,1929,0,0,0,0,3744243.63,2920145.88
2017-10-16,2017,10,4,0,16,-0.8660254037844386,0.5000000000000001,0.0,1.0,0,0,-123,0,1930,0,0,0,0,4113305.99,3202804.6
2017-10-17,2017,10,4,1,17,-0.8660254037844386,0.5000000000000001,0.7818314824680298,0.6234898018587336,0,0,-122,0,1931,0,0,0,0,4345077.6,3330124.96
2017-10-18,2017,10,4,2,18,-0.8660254037844386,0.5000000000000001,0.9749279121818236,-0.22252093395631434,0,0,-121,0,1932,0,0,0,0,6078621.94,4769081.72
2017-10-19,2017,10,4,3,19,-0.8660254037844386,0.5000000000000001,0.43388373911755823,-0.900968867902419,0,0,-120,0,1933,0,0,0,0,3916465.28,3063562.45
2017-10-20,2017,10,4,4,20,-0.8660254037844386,0.5000000000000001,-0.433883739117558,-0.9009688679024191,0,0,-119,0,1934,0,0,0,0,3454637.53,2776840.51
2017-10-21,2017,10,4,5,21,-0.8660254037844386,0.5000000000000001,-0.9749279121818236,-0.2225209339563146,0,0,-118,0,1935,0,0,0,0,3395571.6,2700303.7
2017-10-22,2017,10,4,6,22,-0.8660254037844386,0.5000000000000001,-0.7818314824680299,0.6234898018587334,0,0,-117,0,1936,0,0,0,0,3560322.33,2849008.19
2017-10-23,2017,10,4,0,23,-0.8660254037844386,0.5000000000000001,0.0,1.0,0,0,-116,0,1937,0,0,0,0,3915143.5,3019168.91
2017-10-24,2017,10,4,1,24,-0.8660254037844386,0.5000000000000001,0.7818314824680298,0.6234898018587336,0,0,-115,0,1938,0,0,0,0,3172297.01,2492929.42
2017-10-25,2017,10,4,2,25,-0.8660254037844386,0.5000000000000001,0.9749279121818236,-0.22252093395631434,0,0,-114,0,1939,0,0,0,0,6656072.71,5320570.98
2017-10-26,2017,10,4,3,26,-0.8660254037844386,0.5000000000000001,0.43388373911755823,-0.900968867902419,0,0,-113,0,1940,0,0,0,0,5244501.34,4208554.22
2017-10-27,2017,10,4,4,27,-0.8660254037844386,0.5000000000000001,-0.433883739117558,-0.9009688679024191,0,0,-112,0,1941,0,0,0,0,3452345.34,2711681.12
2017-10-28,2017,10,4,5,28,-0.8660254037844386,0.5000000000000001,-0.9749279121818236,-0.2225209339563146,0,0,-111,0,1942,0,0,0,0,3658997.27,2958790.37
2017-10-29,2017,10,4,6,29,-0.8660254037844386,0.5000000000000001,-0.7818314824680299,0.6234898018587334,0,0,-110,0,1943,0,0,0,0,7644126.36,6130363.53
2017-10-30,2017,10,4,0,30,-0.8660254037844386,0.5000000000000001,0.0,1.0,0,0,-109,0,1944,0,0,0,0,7135440.35,5691818.99
2017-10-31,2017,10,4,1,31,-0.8660254037844386,0.5000000000000001,0.7818314824680298,0.6234898018587336,0,0,-108,0,1945,0,0,0,0,7280919.6,5711548.55
2017-11-01,2017,11,4,2,1,-0.5000000000000004,0.8660254037844384,0.9749279121818236,-0.22252093395631434,0,0,-107,1,1946,0,0,0,0,7083914.55,5591633.48
2017-11-02,2017,11,4,3,2,-0.5000000000000004,0.8660254037844384,0.43388373911755823,-0.900968867902419,0,0,-106,1,1947,0,0,0,0,5199936.08,4288675.49
2017-11-03,2017,11,4,4,3,-0.5000000000000004,0.8660254037844384,-0.433883739117558,-0.9009688679024191,0,0,-105,1,1948,0,0,0,0,1577128.76,1289906.6
2017-11-04,2017,11,4,5,4,-0.5000000000000004,0.8660254037844384,-0.9749279121818236,-0.2225209339563146,0,0,-104,1,1949,0,0,0,0,1931786.56,1566251.33
2017-11-05,2017,11,4,6,5,-0.5000000000000004,0.8660254037844384,-0.7818314824680299,0.6234898018587334,0,0,-103,1,1950,0,0,0,0,2523519.9,2073018.57
2017-11-06,2017,11,4,0,6,-0.5000000000000004,0.8660254037844384,0.0,1.0,0,0,-102,1,1951,0,0,0,0,3018330.58,2360833.81
2017-11-07,2017,11,4,1,7,-0.5000000000000004,0.8660254037844384,0.7818314824680298,0.6234898018587336,0,0,-101,1,1952,0,0,0,0,4095990.43,3338509.96
2017-11-08,2017,11,4,2,8,-0.5000000000000004,0.8660254037844384,0.9749279121818236,-0.22252093395631434,0,0,-100,1,1953,0,0,0,0,4277782.67,3348300.89
2017-11-09,2017,11,4,3,9,-0.5000000000000004,0.8660254037844384,0.43388373911755823,-0.900968867902419,0,0,-99,1,1954,0,0,0,0,2792998.33,2205753.88
2017-11-10,2017,11,4,4,10,-0.5000000000000004,0.8660254037844384,-0.433883739117558,-0.9009688679024191,0,0,-98,1,1955,0,0,0,0,3541249.75,2843011.6
2017-11-11,2017,11,4,5,11,-0.5000000000000004,0.8660254037844384,-0.9749279121818236,-0.2225209339563146,0,0,-97,1,1956,0,0,0,0,2921904.65,2403613.27
2017-11-12,2017,11,4,6,12,-0.5000000000000004,0.8660254037844384,-0.7818314824680299,0.6234898018587334,0,0,-96,1,1957,0,0,0,0,3084484.33,2422146.93
2017-11-13,2017,11,4,0,13,-0.5000000000000004,0.8660254037844384,0.0,1.0,0,0,-95,1,1958,0,0,0,0,3746234.93,2946152.31
2017-11-14,2017,11,4,1,14,-0.5000000000000004,0.8660254037844384,0.7818314824680298,0.6234898018587336,0,0,-94,1,1959,0,0,0,0,4154076.39,3314644.14
2017-11-15,2017,11,4,2,15,-0.5000000000000004,0.8660254037844384,0.9749279121818236,-0.22252093395631434,0,0,-93,1,1960,0,0,0,0,3854132.18,3119546.66
2017-11-16,2017,11,4,3,16,-0.5000000000000004,0.8660254037844384,0.43388373911755823,-0.900968867902419,0,0,-92,1,1961,0,0,0,0,3066706.38,2516030.25
2017-11-17,2017,11,4,4,17,-0.5000000000000004,0.8660254037844384,-0.433883739117558,-0.9009688679024191,0,0,-91,1,1962,0,0,0,0,2781968.82,2191402.04
2017-11-18,2017,11,4,5,18,-0.5000000000000004,0.8660254037844384,-0.9749279121818236,-0.2225209339563146,0,0,-90,1,1963,0,0,0,0,2774765.8,2218818.06
2017-11-19,2017,11,4,6,19,-0.5000000000000004,0.8660254037844384,-0.7818314824680299,0.6234898018587334,0,0,-89,1,1964,0,0,0,0,3132539.58,2911417.5
2017-11-20,2017,11,4,0,20,-0.5000000000000004,0.8660254037844384,0.0,1.0,0,0,-88,1,1965,0,0,0,0,2995966.89,2760945.71
2017-11-21,2017,11,4,1,21,-0.5000000000000004,0.8660254037844384,0.7818314824680298,0.6234898018587336,0,0,-87,1,1966,0,0,0,0,2297213.47,2128140.16
2017-11-22,2017,11,4,2,22,-0.5000000000000004,0.8660254037844384,0.9749279121818236,-0.22252093395631434,0,0,-86,1,1967,0,0,0,0,2248567.69,2263677.12
2017-11-23,2017,11,4,3,23,-0.5000000000000004,0.8660254037844384,0.43388373911755823,-0.900968867902419,0,0,-85,1,1968,0,0,0,0,1749357.29,1656734.06
2017-11-24,2017,11,4,4,24,-0.5000000000000004,0.8660254037844384,-0.433883739117558,-0.9009688679024191,0,0,-84,1,1969,0,0,0,0,1620958.87,1618303.7
2017-11-25,2017,11,4,5,25,-0.5000000000000004,0.8660254037844384,-0.9749279121818236,-0.2225209339563146,0,0,-83,1,1970,0,0,0,0,2674533.14,2727514.77
2017-11-26,2017,11,4,6,26,-0.5000000000000004,0.8660254037844384,-0.7818314824680299,0.6234898018587334,0,0,-82,1,1971,0,0,0,0,2940959.43,2955583.74
2017-11-27,2017,11,4,0,27,-0.5000000000000004,0.8660254037844384,0.0,1.0,0,0,-81,1,1972,0,0,0,0,3888410.38,3813390.96
2017-11-28,2017,11,4,1,28,-0.5000000000000004,0.8660254037844384,0.7818314824680298,0.6234898018587336,0,0,-80,1,1973,0,0,0,0,5847881.51,5752351.51
2017-11-29,2017,11,4,2,29,-0.5000000000000004,0.8660254037844384,0.9749279121818236,-0.22252093395631434,0,0,-79,1,1974,0,0,0,0,4871438.96,4803864.88
2017-11-30,2017,11,4,3,30,-0.5000000000000004,0.8660254037844384,0.43388373911755823,-0.900968867902419,0,0,-78,1,1975,0,0,0,0,4264134.96,4156136.15
2017-12-01,2017,12,4,4,1,-2.4492935982947064e-16,1.0,-0.433883739117558,-0.9009688679024191,0,0,-77,1,1976,0,0,0,0,2565213.32,2510402.2
2017-12-02,2017,12,4,5,2,-2.4492935982947064e-16,1.0,-0.9749279121818236,-0.2225209339563146,0,0,-76,1,1977,0,0,0,0,2798541.49,2818052.3
2017-12-03,2017,12,4,6,3,-2.4492935982947064e-16,1.0,-0.7818314824680299,0.6234898018587334,0,0,-75,1,1978,0,0,0,0,1410398.63,1318304.86
2017-12-04,2017,12,4,0,4,-2.4492935982947064e-16,1.0,0.0,1.0,0,0,-74,1,1979,0,0,0,0,1209471.35,1144863.17
2017-12-05,2017,12,4,1,5,-2.4492935982947064e-16,1.0,0.7818314824680298,0.6234898018587336,0,0,-73,1,1980,0,0,0,0,1723297.16,1680632.44
2017-12-06,2017,12,4,2,6,-2.4492935982947064e-16,1.0,0.9749279121818236,-0.22252093395631434,0,0,-72,1,1981,0,0,0,0,1875094.15,1865514.43
2017-12-07,2017,12,4,3,7,-2.4492935982947064e-16,1.0,0.43388373911755823,-0.900968867902419,0,0,-71,1,1982,0,0,0,0,2133387.42,2193351.43
2017-12-08,2017,12,4,4,8,-2.4492935982947064e-16,1.0,-0.433883739117558,-0.9009688679024191,0,0,-70,1,1983,0,0,0,0,1553493.17,1488945.36
2017-12-09,2017,12,4,5,9,-2.4492935982947064e-16,1.0,-0.9749279121818236,-0.2225209339563146,0,0,-69,1,1984,0,0,0,0,1605808.62,1631952.74
2017-12-10,2017,12,4,6,10,-2.4492935982947064e-16,1.0,-0.7818314824680299,0.6234898018587334,0,0,-68,1,1985,0,0,0,0,1836022.63,1769756.1
2017-12-11,2017,12,4,0,11,-2.4492935982947064e-16,1.0,0.0,1.0,0,0,-67,1,1986,0,0,0,0,2040261.84,2142116.71
2017-12-12,2017,12,4,1,12,-2.4492935982947064e-16,1.0,0.7818314824680298,0.6234898018587336,0,0,-66,1,1987,0,0,0,0,2636835.06,2612267.82
2017-12-13,2017,12,4,2,13,-2.4492935982947064e-16,1.0,0.9749279121818236,-0.22252093395631434,0,0,-65,1,1988,0,0,0,0,2887343.12,2845278.71
2017-12-14,2017,12,4,3,14,-2.4492935982947064e-16,1.0,0.43388373911755823,-0.900968867902419,0,0,-64,1,1989,0,0,0,0,2544808.4,2511218.15
2017-12-15,2017,12,4,4,15,-2.4492935982947064e-16,1.0,-0.433883739117558,-0.9009688679024191,0,0,-63,1,1990,0,0,0,0,2615767.25,2602096.36
2017-12-16,2017,12,4,5,16,-2.4492935982947064e-16,1.0,-0.9749279121818236,-0.2225209339563146,0,0,-62,1,1991,0,0,0,0,1895310.17,1824600.76
2017-12-17,2017,12,4,6,17,-2.4492935982947064e-16,1.0,-0.7818314824680299,0.6234898018587334,0,0,-61,1,1992,0,0,0,0,2997880.85,2962168.44
2017-12-18,2017,12,4,0,18,-2.4492935982947064e-16,1.0,0.0,1.0,0,0,-60,1,1993,0,0,0,0,2575839.99,2572642.87
2017-12-19,2017,12,4,1,19,-2.4492935982947064e-16,1.0,0.7818314824680298,0.6234898018587336,0,0,-59,1,1994,0,0,0,0,2830509.48,2835294.19
2017-12-20,2017,12,4,2,20,-2.4492935982947064e-16,1.0,0.9749279121818236,-0.22252093395631434,0,0,-58,1,1995,0,0,0,0,3950305.28,3962113.72
2017-12-21,2017,12,4,3,21,-2.4492935982947064e-16,1.0,0.43388373911755823,-0.900968867902419,0,0,-57,1,1996,0,0,0,0,2446276.92,2392977.63
2017-12-22,2017,12,4,4,22,-2.4492935982947064e-16,1.0,-0.433883739117558,-0.9009688679024191,0,0,-56,1,1997,0,0,0,0,2423079.28,2383321.92
2017-12-23,2017,12,4,5,23,-2.4492935982947064e-16,1.0,-0.9749279121818236,-0.2225209339563146,0,0,-55,1,1998,0,0,0,0,2343205.29,2302420.5
2017-12-24,2017,12,4,6,24,-2.4492935982947064e-16,1.0,-0.7818314824680299,0.6234898018587334,0,0,-54,1,1999,0,0,0,0,1582944.12,1537881.36
2017-12-25,2017,12,4,0,25,-2.4492935982947064e-16,1.0,0.0,1.0,0,0,-53,1,2000,0,0,1,0,1888197.46,1829750.85
2017-12-26,2017,12,4,1,26,-2.4492935982947064e-16,1.0,0.7818314824680298,0.6234898018587336,0,0,-52,1,2001,0,0,0,0,2701416.56,2654070.12
2017-12-27,2017,12,4,2,27,-2.4492935982947064e-16,1.0,0.9749279121818236,-0.22252093395631434,0,0,-51,1,2002,0,0,0,0,4103218.35,4112542.69
2017-12-28,2017,12,4,3,28,-2.4492935982947064e-16,1.0,0.43388373911755823,-0.900968867902419,0,0,-50,1,2003,0,0,0,0,3545279.44,3453711.8
2017-12-29,2017,12,4,4,29,-2.4492935982947064e-16,1.0,-0.433883739117558,-0.9009688679024191,0,0,-49,1,2004,0,0,0,0,6520226.98,6483039.79
2017-12-30,2017,12,4,5,30,-2.4492935982947064e-16,1.0,-0.9749279121818236,-0.2225209339563146,0,0,-48,1,2005,0,0,0,0,5342810.18,5371586.26
2017-12-31,2017,12,4,6,31,-2.4492935982947064e-16,1.0,-0.7818314824680299,0.6234898018587334,0,0,-47,1,2006,0,0,0,0,5157535.61,5013423.96
2018-01-01,2018,1,1,0,1,0.49999999999999994,0.8660254037844387,0.0,1.0,0,0,-46,0,2007,0,0,0,0,4076479.77,3905605.37
2018-01-02,2018,1,1,1,2,0.49999999999999994,0.8660254037844387,0.7818314824680298,0.6234898018587336,0,0,-45,0,2008,0,0,0,0,3624718.09,3245091.67
2018-01-03,2018,1,1,2,3,0.49999999999999994,0.8660254037844387,0.9749279121818236,-0.22252093395631434,0,0,-44,0,2009,0,0,0,0,1228388.32,997328.86
2018-01-04,2018,1,1,3,4,0.49999999999999994,0.8660254037844387,0.43388373911755823,-0.900968867902419,0,0,-43,0,2010,0,0,0,0,1209588.0,943742.57
2018-01-05,2018,1,1,4,5,0.49999999999999994,0.8660254037844387,-0.433883739117558,-0.9009688679024191,0,0,-42,0,2011,0,0,0,0,1515574.79,1226621.86
2018-01-06,2018,1,1,5,6,0.49999999999999994,0.8660254037844387,-0.9749279121818236,-0.2225209339563146,0,0,-41,0,2012,0,0,0,0,1836672.15,1424469.16
2018-01-07,2018,1,1,6,7,0.49999999999999994,0.8660254037844387,-0.7818314824680299,0.6234898018587334,0,0,-40,0,2013,0,0,0,0,1476050.73,1224918.4
2018-01-08,2018,1,1,0,8,0.49999999999999994,0.8660254037844387,0.0,1.0,0,0,-39,0,2014,0,0,0,0,2536686.97,2085102.3
2018-01-09,2018,1,1,1,9,0.49999999999999994,0.8660254037844387,0.7818314824680298,0.6234898018587336,0,0,-38,0,2015,0,0,0,0,2729162.63,2140605.04
2018-01-10,2018,1,1,2,10,0.49999999999999994,0.8660254037844387,0.9749279121818236,-0.22252093395631434,0,0,-37,0,2016,0,0,0,0,2434343.96,1884221.76
2018-01-11,2018,1,1,3,11,0.49999999999999994,0.8660254037844387,0.43388373911755823,-0.900968867902419,0,0,-36,0,2017,0,0,0,0,2183840.91,1845305.97
2018-01-12,2018,1,1,4,12,0.49999999999999994,0.8660254037844387,-0.433883739117558,-0.9009688679024191,0,0,-35,0,2018,0,0,0,0,2862550.24,2341061.28
2018-01-13,2018,1,1,5,13,0.49999999999999994,0.8660254037844387,-0.9749279121818236,-0.2225209339563146,0,0,-34,0,2019,0,0,0,0,2753366.32,2271479.73
2018-01-14,2018,1,1,6,14,0.49999999999999994,0.8660254037844387,-0.7818314824680299,0.6234898018587334,0,0,-33,0,2020,0,0,0,0,2226116.52,1762940.79
2018-01-15,2018,1,1,0,15,0.49999999999999994,0.8660254037844387,0.0,1.0,0,0,-32,0,2021,0,0,0,0,3128561.64,2520530.26
2018-01-16,2018,1,1,1,16,0.49999999999999994,0.8660254037844387,0.7818314824680298,0.6234898018587336,0,0,-31,0,2022,0,0,0,0,3770286.85,3022848.85
2018-01-17,2018,1,1,2,17,0.49999999999999994,0.8660254037844387,0.9749279121818236,-0.22252093395631434,0,0,-30,0,2023,0,0,0,0,3240996.79,2645347.64
2018-01-18,2018,1,1,3,18,0.49999999999999994,0.8660254037844387,0.43388373911755823,-0.900968867902419,0,0,-29,0,2024,0,0,0,0,2110305.53,1667911.37
2018-01-19,2018,1,1,4,19,0.49999999999999994,0.8660254037844387,-0.433883739117558,-0.9009688679024191,0,0,-28,0,2025,0,0,0,0,2086549.59,1700643.75
2018-01-20,2018,1,1,5,20,0.49999999999999994,0.8660254037844387,-0.9749279121818236,-0.2225209339563146,0,0,-27,0,2026,0,0,0,0,2418121.84,2008335.01
2018-01-21,2018,1,1,6,21,0.49999999999999994,0.8660254037844387,-0.7818314824680299,0.6234898018587334,0,0,-26,0,2027,0,0,0,0,2484308.01,1971853.24
2018-01-22,2018,1,1,0,22,0.49999999999999994,0.8660254037844387,0.0,1.0,0,0,-25,0,2028,0,0,0,0,3315490.36,2730843.03
2018-01-23,2018,1,1,1,23,0.49999999999999994,0.8660254037844387,0.7818314824680298,0.6234898018587336,0,0,-24,0,2029,0,0,0,0,4611238.46,3755442.15
2018-01-24,2018,1,1,2,24,0.49999999999999994,0.8660254037844387,0.9749279121818236,-0.22252093395631434,0,0,-23,0,2030,0,0,0,0,3270861.1,2653232.42
2018-01-25,2018,1,1,3,25,0.49999999999999994,0.8660254037844387,0.43388373911755823,-0.900968867902419,0,0,-22,0,2031,0,0,0,0,2275701.54,1820602.61
2018-01-26,2018,1,1,4,26,0.49999999999999994,0.8660254037844387,-0.433883739117558,-0.9009688679024191,0,0,-21,0,2032,0,0,0,0,2897617.42,2400983.47
2018-01-27,2018,1,1,5,27,0.49999999999999994,0.8660254037844387,-0.9749279121818236,-0.2225209339563146,0,0,-20,0,2033,0,0,0,0,3617772.88,2965865.28
2018-01-28,2018,1,1,6,28,0.49999999999999994,0.8660254037844387,-0.7818314824680299,0.6234898018587334,0,0,-19,0,2034,0,0,0,0,3128272.36,2453931.52
2018-01-29,2018,1,1,0,29,0.49999999999999994,0.8660254037844387,0.0,1.0,0,0,-18,0,2035,0,0,0,0,5197360.04,4086899.16
2018-01-30,2018,1,1,1,30,0.49999999999999994,0.8660254037844387,0.7818314824680298,0.6234898018587336,0,0,-17,0,2036,0,0,0,0,5706924.49,4618954.53
2018-01-31,2018,1,1,2,31,0.49999999999999994,0.8660254037844387,0.9749279121818236,-0.22252093395631434,0,0,-16,0,2037,0,0,0,0,5009601.43,4199624.93
2018-02-01,2018,2,1,3,1,0.8660254037844386,0.5000000000000001,0.43388373911755823,-0.900968867902419,0,0,-15,0,2038,0,0,0,0,3670728.79,3012405.31
2018-02-02,2018,2,1,4,2,0.8660254037844386,0.5000000000000001,-0.433883739117558,-0.9009688679024191,0,0,-14,0,2039,0,0,0,0,4258063.02,3505527.95
2018-02-03,2018,2,1,5,3,0.8660254037844386,0.5000000000000001,-0.9749279121818236,-0.2225209339563146,0,0,-13,0,2040,0,0,0,0,1981564.16,1568068.11
2018-02-04,2018,2,1,6,4,0.8660254037844386,0.5000000000000001,-0.7818314824680299,0.6234898018587334,0,0,-12,0,2041,0,0,0,0,2874335.62,2202119.84
2018-02-05,2018,2,1,0,5,0.8660254037844386,0.5000000000000001,0.0,1.0,0,0,-11,0,2042,0,0,0,0,3130745.66,2498095.83
2018-02-06,2018,2,1,1,6,0.8660254037844386,0.5000000000000001,0.7818314824680298,0.6234898018587336,0,0,-10,0,2043,0,0,0,0,3339473.15,2568216.59
2018-02-07,2018,2,1,2,7,0.8660254037844386,0.5000000000000001,0.9749279121818236,-0.22252093395631434,0,0,-9,0,2044,0,0,0,0,2805812.6,2202832.26
2018-02-08,2018,2,1,3,8,0.8660254037844386,0.5000000000000001,0.43388373911755823,-0.900968867902419,0,0,-8,0,2045,0,0,0,0,2150875.76,1718669.78
2018-02-09,2018,2,1,4,9,0.8660254037844386,0.5000000000000001,-0.433883739117558,-0.9009688679024191,0,0,-7,0,2046,0,0,0,0,2144621.01,1686060.42
2018-02-10,2018,2,1,5,10,0.8660254037844386,0.5000000000000001,-0.9749279121818236,-0.2225209339563146,0,0,-6,0,2047,0,0,0,0,2584198.15,2095864.1
2018-02-11,2018,2,1,6,11,0.8660254037844386,0.5000000000000001,-0.7818314824680299,0.6234898018587334,0,0,-5,0,2048,0,0,0,0,2962791.58,2320546.01
2018-02-12,2018,2,1,0,12,0.8660254037844386,0.5000000000000001,0.0,1.0,0,0,-4,0,2049,0,0,0,0,3622566.63,2796978.04
2018-02-13,2018,2,1,1,13,0.8660254037844386,0.5000000000000001,0.7818314824680298,0.6234898018587336,0,0,-3,0,2050,0,0,0,0,4418784.14,3538184.9
2018-02-14,2018,2,1,2,14,0.8660254037844386,0.5000000000000001,0.9749279121818236,-0.22252093395631434,0,0,-2,0,2051,0,0,0,0,4218153.95,3395697.77
2018-02-15,2018,2,1,3,15,0.8660254037844386,0.5000000000000001,0.43388373911755823,-0.900968867902419,0,0,-1,0,2052,0,0,0,0,3128927.36,2501462.4
2018-02-16,2018,2,1,4,16,0.8660254037844386,0.5000000000000001,-0.433883739117558,-0.9009688679024191,0,0,0,0,2053,0,0,0,0,3463265.1,2649618.11
2018-02-17,2018,2,1,5,17,0.8660254037844386,0.5000000000000001,-0.9749279121818236,-0.2225209339563146,0,0,1,0,2054,0,0,0,0,4206774.3,3318989.93
2018-02-18,2018,2,1,6,18,0.8660254037844386,0.5000000000000001,-0.7818314824680299,0.6234898018587334,0,0,2,0,2055,0,0,0,0,3926304.19,3167573.08
2018-02-19,2018,2,1,0,19,0.8660254037844386,0.5000000000000001,0.0,1.0,0,0,3,0,2056,0,0,0,0,4186201.52,3338454.11
2018-02-20,2018,2,1,1,20,0.8660254037844386,0.5000000000000001,0.7818314824680298,0.6234898018587336,0,0,4,0,2057,0,0,0,0,5091061.73,4033905.61
2018-02-21,2018,2,1,2,21,0.8660254037844386,0.5000000000000001,0.9749279121818236,-0.22252093395631434,0,0,5,0,2058,0,0,0,0,3907743.08,3150049.7
2018-02-22,2018,2,1,3,22,0.8660254037844386,0.5000000000000001,0.43388373911755823,-0.900968867902419,0,0,6,0,2059,0,0,0,0,3063440.84,2341066.15
2018-02-23,2018,2,1,4,23,0.8660254037844386,0.5000000000000001,-0.433883739117558,-0.9009688679024191,0,0,7,0,2060,0,0,0,0,3544367.16,2804587.84
2018-02-24,2018,2,1,5,24,0.8660254037844386,0.5000000000000001,-0.9749279121818236,-0.2225209339563146,0,0,8,0,2061,0,0,0,0,3364498.21,2679591.94
2018-02-25,2018,2,1,6,25,0.8660254037844386,0.5000000000000001,-0.7818314824680299,0.6234898018587334,0,0,9,0,2062,0,0,0,0,4015454.83,3238625.9
2018-02-26,2018,2,1,0,26,0.8660254037844386,0.5000000000000001,0.0,1.0,0,0,10,0,2063,0,0,0,0,7426597.23,5998758.22
2018-02-27,2018,2,1,1,27,0.8660254037844386,0.5000000000000001,0.7818314824680298,0.6234898018587336,0,0,11,0,2064,0,0,0,0,8416365.51,6844455.72
2018-02-28,2018,2,1,2,28,0.8660254037844386,0.5000000000000001,0.9749279121818236,-0.22252093395631434,0,0,12,0,2065,0,0,0,0,8409092.75,6627677.09
2018-03-01,2018,3,1,3,1,1.0,6.123233995736766e-17,0.43388373911755823,-0.900968867902419,0,0,13,0,2066,0,0,0,0,6963830.59,5570058.79
2018-03-02,2018,3,1,4,2,1.0,6.123233995736766e-17,-0.433883739117558,-0.9009688679024191,0,0,14,0,2067,0,0,0,0,5613671.87,4371797.12
2018-03-03,2018,3,1,5,3,1.0,6.123233995736766e-17,-0.9749279121818236,-0.2225209339563146,0,0,15,0,2068,0,0,0,0,1177076.3,967531.27
2018-03-04,2018,3,1,6,4,1.0,6.123233995736766e-17,-0.7818314824680299,0.6234898018587334,0,0,16,0,2069,0,0,0,0,2218712.31,1781519.01
2018-03-05,2018,3,1,0,5,1.0,6.123233995736766e-17,0.0,1.0,0,0,17,0,2070,0,0,0,0,2742871.53,2230053.99
2018-03-06,2018,3,1,1,6,1.0,6.123233995736766e-17,0.7818314824680298,0.6234898018587336,0,0,18,0,2071,0,0,0,0,3203122.41,2519131.06
2018-03-07,2018,3,1,2,7,1.0,6.123233995736766e-17,0.9749279121818236,-0.22252093395631434,0,0,19,0,2072,0,0,0,0,4507553.37,3470623.71
2018-03-08,2018,3,1,3,8,1.0,6.123233995736766e-17,0.43388373911755823,-0.900968867902419,0,0,20,0,2073,0,0,0,0,3419972.83,2864363.46
2018-03-09,2018,3,1,4,9,1.0,6.123233995736766e-17,-0.433883739117558,-0.9009688679024191,0,0,21,0,2074,0,0,0,0,3250890.44,2689334.35
2018-03-10,2018,3,1,5,10,1.0,6.123233995736766e-17,-0.9749279121818236,-0.2225209339563146,0,0,22,0,2075,0,0,0,0,3479853.91,2832299.24
2018-03-11,2018,3,1,6,11,1.0,6.123233995736766e-17,-0.7818314824680299,0.6234898018587334,0,0,23,0,2076,0,0,0,0,4342360.28,3337146.36
2018-03-12,2018,3,1,0,12,1.0,6.123233995736766e-17,0.0,1.0,0,0,24,0,2077,0,0,0,0,3648185.26,2790754.99
2018-03-13,2018,3,1,1,13,1.0,6.123233995736766e-17,0.7818314824680298,0.6234898018587336,0,0,25,0,2078,0,0,0,0,5344808.38,4343953.93
2018-03-14,2018,3,1,2,14,1.0,6.123233995736766e-17,0.9749279121818236,-0.22252093395631434,0,0,26,0,2079,0,0,0,0,6867137.98,5489756.33
2018-03-15,2018,3,1,3,15,1.0,6.123233995736766e-17,0.43388373911755823,-0.900968867902419,0,0,27,0,2080,0,0,0,0,6357153.0,4930724.06
2018-03-16,2018,3,1,4,16,1.0,6.123233995736766e-17,-0.433883739117558,-0.9009688679024191,0,0,28,0,2081,0,0,0,0,4667689.08,3716263.52
2018-03-17,2018,3,1,5,17,1.0,6.123233995736766e-17,-0.9749279121818236,-0.2225209339563146,0,0,29,0,2082,0,0,0,0,6875294.96,5458868.53
2018-03-18,2018,3,1,6,18,1.0,6.123233995736766e-17,-0.7818314824680299,0.6234898018587334,0,0,30,0,2083,0,0,0,0,5615859.9,4613908.21
2018-03-19,2018,3,1,0,19,1.0,6.123233995736766e-17,0.0,1.0,0,0,31,0,2084,0,0,0,0,5314373.17,4472182.88
2018-03-20,2018,3,1,1,20,1.0,6.123233995736766e-17,0.7818314824680298,0.6234898018587336,0,0,32,0,2085,0,0,0,0,6054738.37,5116787.38
2018-03-21,2018,3,1,2,21,1.0,6.123233995736766e-17,0.9749279121818236,-0.22252093395631434,0,0,33,0,2086,0,0,0,0,6826815.9,5913005.8
2018-03-22,2018,3,1,3,22,1.0,6.123233995736766e-17,0.43388373911755823,-0.900968867902419,0,0,34,0,2087,0,0,0,0,5512035.33,4925778.06
2018-03-23,2018,3,1,4,23,1.0,6.123233995736766e-17,-0.433883739117558,-0.9009688679024191,0,0,35,0,2088,0,0,0,0,4008326.65,3711085.6
2018-03-24,2018,3,1,5,24,1.0,6.123233995736766e-17,-0.9749279121818236,-0.2225209339563146,0,0,36,0,2089,0,0,0,0,5227586.74,4619965.13
2018-03-25,2018,3,1,6,25,1.0,6.123233995736766e-17,-0.7818314824680299,0.6234898018587334,0,0,37,0,2090,0,0,0,0,4970364.06,4473153.96
2018-03-26,2018,3,1,0,26,1.0,6.123233995736766e-17,0.0,1.0,0,0,38,0,2091,0,0,0,0,6133670.91,5616024.38
2018-03-27,2018,3,1,1,27,1.0,6.123233995736766e-17,0.7818314824680298,0.6234898018587336,0,0,39,0,2092,0,0,0,0,6350306.2,5743746.71
2018-03-28,2018,3,1,2,28,1.0,6.123233995736766e-17,0.9749279121818236,-0.22252093395631434,0,0,40,0,2093,0,0,0,0,8582287.61,7811323.78
2018-03-29,2018,3,1,3,29,1.0,6.123233995736766e-17,0.43388373911755823,-0.900968867902419,0,0,41,0,2094,0,0,0,0,7363015.35,6638405.71
2018-03-30,2018,3,1,4,30,1.0,6.123233995736766e-17,-0.433883739117558,-0.9009688679024191,0,0,42,0,2095,0,0,0,0,12176690.89,10927925.46
2018-03-31,2018,3,1,5,31,1.0,6.123233995736766e-17,-0.9749279121818236,-0.2225209339563146,0,0,43,0,2096,0,0,0,0,11278748.95,10156610.77
2018-04-01,2018,4,2,6,1,0.8660254037844387,-0.49999999999999983,-0.7818314824680299,0.6234898018587334,0,0,44,0,2097,0,0,0,0,9326921.27,8552479.35
2018-04-02,2018,4,2,0,2,0.8660254037844387,-0.49999999999999983,0.0,1.0,0,0,45,0,2098,0,0,0,0,9532990.22,8745489.29
2018-04-03,2018,4,2,1,3,0.8660254037844387,-0.49999999999999983,0.7818314824680298,0.6234898018587336,0,0,46,0,2099,0,0,0,0,9176055.6,8274855.19
2018-04-04,2018,4,2,2,4,0.8660254037844387,-0.49999999999999983,0.9749279121818236,-0.22252093395631434,0,0,47,0,2100,0,0,0,0,3771895.32,3451444.47
2018-04-05,2018,4,2,3,5,0.8660254037844387,-0.49999999999999983,0.43388373911755823,-0.900968867902419,0,0,48,0,2101,0,0,0,0,2915055.94,2584733.26
2018-04-06,2018,4,2,4,6,0.8660254037844387,-0.49999999999999983,-0.433883739117558,-0.9009688679024191,0,0,49,0,2102,0,0,0,0,3716970.57,3290630.48
2018-04-07,2018,4,2,5,7,0.8660254037844387,-0.49999999999999983,-0.9749279121818236,-0.2225209339563146,0,0,50,0,2103,0,0,0,0,4650087.25,4137264.98
2018-04-08,2018,4,2,6,8,0.8660254037844387,-0.49999999999999983,-0.7818314824680299,0.6234898018587334,0,0,51,0,2104,0,0,0,0,4317415.31,3833384.91
2018-04-09,2018,4,2,0,9,0.8660254037844387,-0.49999999999999983,0.0,1.0,0,0,52,0,2105,0,0,0,0,4916546.48,4479387.83
2018-04-10,2018,4,2,1,10,0.8660254037844387,-0.49999999999999983,0.7818314824680298,0.6234898018587336,0,0,53,0,2106,0,0,0,0,7060893.97,6323343.96
2018-04-11,2018,4,2,2,11,0.8660254037844387,-0.49999999999999983,0.9749279121818236,-0.22252093395631434,0,0,54,0,2107,0,0,0,0,5719121.32,5144349.61
2018-04-12,2018,4,2,3,12,0.8660254037844387,-0.49999999999999983,0.43388373911755823,-0.900968867902419,0,0,55,0,2108,0,0,0,0,4925768.26,4274900.55
2018-04-13,2018,4,2,4,13,0.8660254037844387,-0.49999999999999983,-0.433883739117558,-0.9009688679024191,0,0,56,0,2109,0,0,0,0,4955951.73,4445276.84
2018-04-14,2018,4,2,5,14,0.8660254037844387,-0.49999999999999983,-0.9749279121818236,-0.2225209339563146,0,0,57,0,2110,0,0,0,0,5934960.89,5111153.97
2018-04-15,2018,4,2,6,15,0.8660254037844387,-0.49999999999999983,-0.7818314824680299,0.6234898018587334,0,0,58,0,2111,0,0,0,0,5904150.09,4782715.57
2018-04-16,2018,4,2,0,16,0.8660254037844387,-0.49999999999999983,0.0,1.0,0,0,59,0,2112,0,0,0,0,7603253.45,6190718.89
2018-04-17,2018,4,2,1,17,0.8660254037844387,-0.49999999999999983,0.7818314824680298,0.6234898018587336,0,0,60,0,2113,0,0,0,0,9179593.09,7283796.97
2018-04-18,2018,4,2,2,18,0.8660254037844387,-0.49999999999999983,0.9749279121818236,-0.22252093395631434,0,0,61,0,2114,0,0,0,0,9507550.23,7504171.54
2018-04-19,2018,4,2,3,19,0.8660254037844387,-0.49999999999999983,0.43388373911755823,-0.900968867902419,0,0,62,0,2115,0,0,0,0,6670677.39,5141784.57
2018-04-20,2018,4,2,4,20,0.8660254037844387,-0.49999999999999983,-0.433883739117558,-0.9009688679024191,0,0,63,0,2116,0,0,0,0,7753365.66,6032943.55
2018-04-21,2018,4,2,5,21,0.8660254037844387,-0.49999999999999983,-0.9749279121818236,-0.2225209339563146,0,0,64,0,2117,0,0,0,0,6793803.83,5216087.55
2018-04-22,2018,4,2,6,22,0.8660254037844387,-0.49999999999999983,-0.7818314824680299,0.6234898018587334,0,0,65,0,2118,0,0,0,0,7058897.65,5480418.64
2018-04-23,2018,4,2,0,23,0.8660254037844387,-0.49999999999999983,0.0,1.0,0,0,66,0,2119,0,0,0,0,8991635.45,7095225.16
2018-04-24,2018,4,2,1,24,0.8660254037844387,-0.49999999999999983,0.7818314824680298,0.6234898018587336,0,0,67,0,2120,0,0,0,0,10052878.22,8047009.91
2018-04-25,2018,4,2,2,25,0.8660254037844387,-0.49999999999999983,0.9749279121818236,-0.22252093395631434,0,0,68,0,2121,0,0,0,0,9547875.66,7562805.33
2018-04-26,2018,4,2,3,26,0.8660254037844387,-0.49999999999999983,0.43388373911755823,-0.900968867902419,0,0,69,0,2122,0,0,0,0,7281885.08,5826147.75
2018-04-27,2018,4,2,4,27,0.8660254037844387,-0.49999999999999983,-0.433883739117558,-0.9009688679024191,0,0,70,0,2123,0,0,0,0,7916179.31,6291028.22
2018-04-28,2018,4,2,5,28,0.8660254037844387,-0.49999999999999983,-0.9749279121818236,-0.2225209339563146,0,0,71,0,2124,0,0,0,0,10502784.65,8150501.12
2018-04-29,2018,4,2,6,29,0.8660254037844387,-0.49999999999999983,-0.7818314824680299,0.6234898018587334,0,0,72,0,2125,0,0,0,0,12074392.53,9758209.64
2018-04-30,2018,4,2,0,30,0.8660254037844387,-0.49999999999999983,0.0,1.0,0,0,73,0,2126,1,0,0,0,12464011.32,10080235.11
2018-05-01,2018,5,2,1,1,0.49999999999999994,-0.8660254037844387,0.7818314824680298,0.6234898018587336,0,0,74,0,2127,1,0,0,0,13778926.53,10888681.41
2018-05-02,2018,5,2,2,2,0.49999999999999994,-0.8660254037844387,0.9749279121818236,-0.22252093395631434,0,0,75,0,2128,0,0,0,0,12779953.62,10186293.15
2018-05-03,2018,5,2,3,3,0.49999999999999994,-0.8660254037844387,0.43388373911755823,-0.900968867902419,0,0,76,0,2129,0,0,0,0,9480205.54,7740627.05
2018-05-04,2018,5,2,4,4,0.49999999999999994,-0.8660254037844387,-0.433883739117558,-0.9009688679024191,0,0,77,0,2130,0,0,0,0,3081716.09,2431808.71
2018-05-05,2018,5,2,5,5,0.49999999999999994,-0.8660254037844387,-0.9749279121818236,-0.2225209339563146,0,0,78,0,2131,0,0,0,0,4882374.55,3844333.13
2018-05-06,2018,5,2,6,6,0.49999999999999994,-0.8660254037844387,-0.7818314824680299,0.6234898018587334,0,0,79,0,2132,0,0,0,0,4852630.6,3859217.33
2018-05-07,2018,5,2,0,7,0.49999999999999994,-0.8660254037844387,0.0,1.0,0,0,80,0,2133,0,0,0,0,5630735.57,4477313.26
2018-05-08,2018,5,2,1,8,0.49999999999999994,-0.8660254037844387,0.7818314824680298,0.6234898018587336,0,0,81,0,2134,0,0,0,0,5961711.29,4782188.47
2018-05-09,2018,5,2,2,9,0.49999999999999994,-0.8660254037844387,0.9749279121818236,-0.22252093395631434,0,0,82,0,2135,0,0,0,0,8207932.76,6468074.72
2018-05-10,2018,5,2,3,10,0.49999999999999994,-0.8660254037844387,0.43388373911755823,-0.900968867902419,0,0,83,0,2136,0,0,0,0,7249267.2,5767724.99
2018-05-11,2018,5,2,4,11,0.49999999999999994,-0.8660254037844387,-0.433883739117558,-0.9009688679024191,0,0,84,0,2137,0,0,0,0,5934039.42,4706572.43
2018-05-12,2018,5,2,5,12,0.49999999999999994,-0.8660254037844387,-0.9749279121818236,-0.2225209339563146,0,0,85,0,2138,0,0,0,0,5782619.05,4599452.28
2018-05-13,2018,5,2,6,13,0.49999999999999994,-0.8660254037844387,-0.7818314824680299,0.6234898018587334,0,0,86,0,2139,0,0,0,0,5902938.45,4640987.62
2018-05-14,2018,5,2,0,14,0.49999999999999994,-0.8660254037844387,0.0,1.0,0,0,87,0,2140,0,0,0,0,7023913.46,5532477.08
2018-05-15,2018,5,2,1,15,0.49999999999999994,-0.8660254037844387,0.7818314824680298,0.6234898018587336,0,0,88,0,2141,0,0,0,0,8789772.31,6971865.67
2018-05-16,2018,5,2,2,16,0.49999999999999994,-0.8660254037844387,0.9749279121818236,-0.22252093395631434,0,0,89,0,2142,0,0,0,0,9398231.32,7399830.54
2018-05-17,2018,5,2,3,17,0.49999999999999994,-0.8660254037844387,0.43388373911755823,-0.900968867902419,0,0,90,0,2143,0,0,0,0,9816742.13,7698242.57
2018-05-18,2018,5,2,4,18,0.49999999999999994,-0.8660254037844387,-0.433883739117558,-0.9009688679024191,0,0,91,0,2144,0,0,0,0,7337944.43,5819237.35
2018-05-19,2018,5,2,5,19,0.49999999999999994,-0.8660254037844387,-0.9749279121818236,-0.2225209339563146,0,0,92,0,2145,0,0,0,0,6925640.35,5627670.43
2018-05-20,2018,5,2,6,20,0.49999999999999994,-0.8660254037844387,-0.7818314824680299,0.6234898018587334,0,0,93,0,2146,0,0,0,0,8653992.04,6799995.97
2018-05-21,2018,5,2,0,21,0.49999999999999994,-0.8660254037844387,0.0,1.0,0,0,94,0,2147,0,0,0,0,6241809.14,4958178.74
2018-05-22,2018,5,2,1,22,0.49999999999999994,-0.8660254037844387,0.7818314824680298,0.6234898018587336,0,0,95,0,2148,0,0,0,0,7847121.97,6132458.54
2018-05-23,2018,5,2,2,23,0.49999999999999994,-0.8660254037844387,0.9749279121818236,-0.22252093395631434,0,0,96,0,2149,0,0,0,0,11779004.94,9369180.79
2018-05-24,2018,5,2,3,24,0.49999999999999994,-0.8660254037844387,0.43388373911755823,-0.900968867902419,0,0,97,0,2150,0,0,0,0,9030397.74,7160269.86
2018-05-25,2018,5,2,4,25,0.49999999999999994,-0.8660254037844387,-0.433883739117558,-0.9009688679024191,0,0,98,0,2151,0,0,0,0,6498399.18,5141245.68
2018-05-26,2018,5,2,5,26,0.49999999999999994,-0.8660254037844387,-0.9749279121818236,-0.2225209339563146,0,0,99,0,2152,0,0,0,0,5600677.63,4596266.34
2018-05-27,2018,5,2,6,27,0.49999999999999994,-0.8660254037844387,-0.7818314824680299,0.6234898018587334,0,0,100,0,2153,0,0,0,0,6413198.63,5135755.4
2018-05-28,2018,5,2,0,28,0.49999999999999994,-0.8660254037844387,0.0,1.0,0,0,101,0,2154,0,0,0,0,7438573.25,5854231.41
2018-05-29,2018,5,2,1,29,0.49999999999999994,-0.8660254037844387,0.7818314824680298,0.6234898018587336,0,0,102,0,2155,0,0,0,0,10262818.32,7905889.83
2018-05-30,2018,5,2,2,30,0.49999999999999994,-0.8660254037844387,0.9749279121818236,-0.22252093395631434,0,0,103,0,2156,0,0,0,0,20905271.35,16535857.67
2018-05-31,2018,5,2,3,31,0.49999999999999994,-0.8660254037844387,0.43388373911755823,-0.900968867902419,0,0,104,0,2157,0,0,0,0,19289944.12,15561846.1
2018-06-01,2018,6,2,4,1,1.2246467991473532e-16,-1.0,-0.433883739117558,-0.9009688679024191,0,0,105,0,2158,0,0,0,0,19245165.78,15287542.6
2018-06-02,2018,6,2,5,2,1.2246467991473532e-16,-1.0,-0.9749279121818236,-0.2225209339563146,0,0,106,0,2159,0,0,0,0,17529108.34,13707707.44
2018-06-03,2018,6,2,6,3,1.2246467991473532e-16,-1.0,-0.7818314824680299,0.6234898018587334,0,0,107,0,2160,0,0,0,0,13779702.07,10827445.24
2018-06-04,2018,6,2,0,4,1.2246467991473532e-16,-1.0,0.0,1.0,0,0,108,0,2161,0,0,0,0,4373078.45,3458754.81
2018-06-05,2018,6,2,1,5,1.2246467991473532e-16,-1.0,0.7818314824680298,0.6234898018587336,0,0,109,0,2162,0,0,0,0,5537841.59,4323885.63
2018-06-06,2018,6,2,2,6,1.2246467991473532e-16,-1.0,0.9749279121818236,-0.22252093395631434,0,0,110,0,2163,0,0,0,0,6238754.07,4903699.53
2018-06-07,2018,6,2,3,7,1.2246467991473532e-16,-1.0,0.43388373911755823,-0.900968867902419,0,0,111,0,2164,0,0,0,0,4523493.87,3579003.08
2018-06-08,2018,6,2,4,8,1.2246467991473532e-16,-1.0,-0.433883739117558,-0.9009688679024191,0,0,112,0,2165,0,0,0,0,5863271.23,4570207.33
2018-06-09,2018,6,2,5,9,1.2246467991473532e-16,-1.0,-0.9749279121818236,-0.2225209339563146,0,0,113,0,2166,0,0,0,0,7018402.9,5469599.5
2018-06-10,2018,6,2,6,10,1.2246467991473532e-16,-1.0,-0.7818314824680299,0.6234898018587334,0,0,114,0,2167,0,0,0,0,6333777.67,5115963.75
2018-06-11,2018,6,2,0,11,1.2246467991473532e-16,-1.0,0.0,1.0,0,0,115,0,2168,0,0,0,0,7812992.68,6338472.32
2018-06-12,2018,6,2,1,12,1.2246467991473532e-16,-1.0,0.7818314824680298,0.6234898018587336,0,0,116,0,2169,0,0,0,0,8959000.0,7232971.98
2018-06-13,2018,6,2,2,13,1.2246467991473532e-16,-1.0,0.9749279121818236,-0.22252093395631434,0,0,117,0,2170,0,0,0,0,9047626.88,7216006.11
2018-06-14,2018,6,2,3,14,1.2246467991473532e-16,-1.0,0.43388373911755823,-0.900968867902419,0,0,118,0,2171,0,0,0,0,6994969.99,5361729.98
2018-06-15,2018,6,2,4,15,1.2246467991473532e-16,-1.0,-0.433883739117558,-0.9009688679024191,0,0,119,0,2172,0,0,0,0,7278400.85,5850026.61
2018-06-16,2018,6,2,5,16,1.2246467991473532e-16,-1.0,-0.9749279121818236,-0.2225209339563146,0,0,120,0,2173,0,0,0,0,9653316.6,7581593.64
2018-06-17,2018,6,2,6,17,1.2246467991473532e-16,-1.0,-0.7818314824680299,0.6234898018587334,0,0,121,0,2174,0,0,0,0,8270248.42,6473926.23
2018-06-18,2018,6,2,0,18,1.2246467991473532e-16,-1.0,0.0,1.0,0,0,122,0,2175,0,0,0,0,9578590.6,7481623.41
2018-06-19,2018,6,2,1,19,1.2246467991473532e-16,-1.0,0.7818314824680298,0.6234898018587336,0,0,123,0,2176,0,0,0,0,10591854.27,8526409.74
2018-06-20,2018,6,2,2,20,1.2246467991473532e-16,-1.0,0.9749279121818236,-0.22252093395631434,0,0,124,0,2177,0,0,0,0,10442554.6,8340504.64
2018-06-21,2018,6,2,3,21,1.2246467991473532e-16,-1.0,0.43388373911755823,-0.900968867902419,0,0,125,0,2178,0,0,0,0,7960357.2,6345143.3
2018-06-22,2018,6,2,4,22,1.2246467991473532e-16,-1.0,-0.433883739117558,-0.9009688679024191,0,0,126,0,2179,0,0,0,0,7890035.7,6262366.78
2018-06-23,2018,6,2,5,23,1.2246467991473532e-16,-1.0,-0.9749279121818236,-0.2225209339563146,0,0,127,0,2180,0,0,0,0,7919846.87,6623002.69
2018-06-24,2018,6,2,6,24,1.2246467991473532e-16,-1.0,-0.7818314824680299,0.6234898018587334,0,0,128,0,2181,0,0,0,0,7114017.67,6244799.31
2018-06-25,2018,6,2,0,25,1.2246467991473532e-16,-1.0,0.0,1.0,0,0,129,0,2182,0,0,0,0,8744485.32,8162955.36
2018-06-26,2018,6,2,1,26,1.2246467991473532e-16,-1.0,0.7818314824680298,0.6234898018587336,0,0,130,0,2183,0,0,0,0,10888893.34,10123784.8
2018-06-27,2018,6,2,2,27,1.2246467991473532e-16,-1.0,0.9749279121818236,-0.22252093395631434,0,0,131,0,2184,0,0,0,0,11081146.52,10874461.91
2018-06-28,2018,6,2,3,28,1.2246467991473532e-16,-1.0,0.43388373911755823,-0.900968867902419,0,0,132,0,2185,0,0,0,0,8513932.2,8332592.17
2018-06-29,2018,6,2,4,29,1.2246467991473532e-16,-1.0,-0.433883739117558,-0.9009688679024191,0,0,133,0,2186,0,0,0,0,12484085.14,11945221.58
2018-06-30,2018,6,2,5,30,1.2246467991473532e-16,-1.0,-0.9749279121818236,-0.2225209339563146,0,0,134,0,2187,0,0,0,0,10005221.27,9784802.48
2018-07-01,2018,7,3,6,1,-0.4999999999999998,-0.8660254037844388,-0.7818314824680299,0.6234898018587334,0,0,135,1,2188,0,0,0,0,8830377.17,8529895.83
2018-07-02,2018,7,3,0,2,-0.4999999999999998,-0.8660254037844388,0.0,1.0,0,0,136,1,2189,0,0,0,0,8070014.23,7743177.14
2018-07-03,2018,7,3,1,3,-0.4999999999999998,-0.8660254037844388,0.7818314824680298,0.6234898018587336,0,0,137,1,2190,0,0,0,0,9033060.75,8644208.55
2018-07-04,2018,7,3,2,4,-0.4999999999999998,-0.8660254037844388,0.9749279121818236,-0.22252093395631434,0,0,138,1,2191,0,0,0,0,2096565.2,2027736.06
2018-07-05,2018,7,3,3,5,-0.4999999999999998,-0.8660254037844388,0.43388373911755823,-0.900968867902419,0,0,139,1,2192,0,0,0,0,2944993.36,2822619.07
2018-07-06,2018,7,3,4,6,-0.4999999999999998,-0.8660254037844388,-0.433883739117558,-0.9009688679024191,0,0,140,1,2193,0,0,0,0,2036989.14,2040145.8
2018-07-07,2018,7,3,5,7,-0.4999999999999998,-0.8660254037844388,-0.9749279121818236,-0.2225209339563146,0,0,141,1,2194,0,0,0,0,3253556.07,3156576.31
2018-07-08,2018,7,3,6,8,-0.4999999999999998,-0.8660254037844388,-0.7818314824680299,0.6234898018587334,0,0,142,1,2195,0,0,0,0,2752144.2,2725199.41
2018-07-09,2018,7,3,0,9,-0.4999999999999998,-0.8660254037844388,0.0,1.0,0,0,143,1,2196,0,0,0,0,4430764.61,4215804.43
2018-07-10,2018,7,3,1,10,-0.4999999999999998,-0.8660254037844388,0.7818314824680298,0.6234898018587336,0,0,144,1,2197,0,0,0,0,5201122.72,4881351.11
2018-07-11,2018,7,3,2,11,-0.4999999999999998,-0.8660254037844388,0.9749279121818236,-0.22252093395631434,0,0,145,1,2198,0,0,0,0,6502831.07,6236313.66
2018-07-12,2018,7,3,3,12,-0.4999999999999998,-0.8660254037844388,0.43388373911755823,-0.900968867902419,0,0,146,1,2199,0,0,0,0,6228668.47,6094439.16
2018-07-13,2018,7,3,4,13,-0.4999999999999998,-0.8660254037844388,-0.433883739117558,-0.9009688679024191,0,0,147,1,2200,0,0,0,0,4250921.4,4213700.8
2018-07-14,2018,7,3,5,14,-0.4999999999999998,-0.8660254037844388,-0.9749279121818236,-0.2225209339563146,0,0,148,1,2201,0,0,0,0,4868504.46,4786402.77
2018-07-15,2018,7,3,6,15,-0.4999999999999998,-0.8660254037844388,-0.7818314824680299,0.6234898018587334,0,0,149,1,2202,0,0,0,0,5393026.83,5249791.03
2018-07-16,2018,7,3,0,16,-0.4999999999999998,-0.8660254037844388,0.0,1.0,0,0,150,1,2203,0,0,0,0,4994805.9,4716050.05
2018-07-17,2018,7,3,1,17,-0.4999999999999998,-0.8660254037844388,0.7818314824680298,0.6234898018587336,0,0,151,1,2204,0,0,0,0,5712604.18,5386803.9
2018-07-18,2018,7,3,2,18,-0.4999999999999998,-0.8660254037844388,0.9749279121818236,-0.22252093395631434,0,0,152,1,2205,0,0,0,0,7639039.23,7484190.04
2018-07-19,2018,7,3,3,19,-0.4999999999999998,-0.8660254037844388,0.43388373911755823,-0.900968867902419,0,0,153,1,2206,0,0,0,0,6252432.84,5912775.72
2018-07-20,2018,7,3,4,20,-0.4999999999999998,-0.8660254037844388,-0.433883739117558,-0.9009688679024191,0,0,154,1,2207,0,0,0,0,5761282.54,5222554.73
2018-07-21,2018,7,3,5,21,-0.4999999999999998,-0.8660254037844388,-0.9749279121818236,-0.2225209339563146,0,0,155,1,2208,0,0,0,0,4939690.9,4320031.79
2018-07-22,2018,7,3,6,22,-0.4999999999999998,-0.8660254037844388,-0.7818314824680299,0.6234898018587334,0,0,156,1,2209,0,0,0,0,5641320.53,4834937.23
2018-07-23,2018,7,3,0,23,-0.4999999999999998,-0.8660254037844388,0.0,1.0,0,0,157,1,2210,0,0,0,0,6121614.15,4864263.18
2018-07-24,2018,7,3,1,24,-0.4999999999999998,-0.8660254037844388,0.7818314824680298,0.6234898018587336,0,0,158,1,2211,0,0,0,0,6821739.77,5344675.82
2018-07-25,2018,7,3,2,25,-0.4999999999999998,-0.8660254037844388,0.9749279121818236,-0.22252093395631434,0,0,159,1,2212,0,0,0,0,7944998.65,6241710.94
2018-07-26,2018,7,3,3,26,-0.4999999999999998,-0.8660254037844388,0.43388373911755823,-0.900968867902419,0,0,160,1,2213,0,0,0,0,6463508.32,5212368.25
2018-07-27,2018,7,3,4,27,-0.4999999999999998,-0.8660254037844388,-0.433883739117558,-0.9009688679024191,0,0,161,1,2214,0,0,0,0,5162979.4,4110689.88
2018-07-28,2018,7,3,5,28,-0.4999999999999998,-0.8660254037844388,-0.9749279121818236,-0.2225209339563146,0,0,162,1,2215,0,0,0,0,6313222.5,5068784.77
2018-07-29,2018,7,3,6,29,-0.4999999999999998,-0.8660254037844388,-0.7818314824680299,0.6234898018587334,0,0,163,1,2216,0,0,0,0,6597216.94,5284529.74
2018-07-30,2018,7,3,0,30,-0.4999999999999998,-0.8660254037844388,0.0,1.0,0,0,164,1,2217,0,0,0,0,7314460.76,5725898.93
2018-07-31,2018,7,3,1,31,-0.4999999999999998,-0.8660254037844388,0.7818314824680298,0.6234898018587336,0,0,165,1,2218,0,0,0,0,12496367.04,9909115.53
2018-08-01,2018,8,3,2,1,-0.8660254037844384,-0.5000000000000004,0.9749279121818236,-0.22252093395631434,0,0,166,1,2219,0,0,0,0,13786351.91,10884999.4
2018-08-02,2018,8,3,3,2,-0.8660254037844384,-0.5000000000000004,0.43388373911755823,-0.900968867902419,0,0,167,1,2220,0,0,0,0,10106943.25,7999614.76
2018-08-03,2018,8,3,4,3,-0.8660254037844384,-0.5000000000000004,-0.433883739117558,-0.9009688679024191,0,0,168,1,2221,0,0,0,0,9026931.62,7058116.81
2018-08-04,2018,8,3,5,4,-0.8660254037844384,-0.5000000000000004,-0.9749279121818236,-0.2225209339563146,0,0,169,1,2222,0,0,0,0,6859151.1,5490125.8
2018-08-05,2018,8,3,6,5,-0.8660254037844384,-0.5000000000000004,-0.7818314824680299,0.6234898018587334,0,0,170,1,2223,0,0,0,0,3117800.12,2491453.39
2018-08-06,2018,8,3,0,6,-0.8660254037844384,-0.5000000000000004,0.0,1.0,0,0,171,1,2224,0,0,0,0,3924563.55,3048117.59
2018-08-07,2018,8,3,1,7,-0.8660254037844384,-0.5000000000000004,0.7818314824680298,0.6234898018587336,0,0,172,1,2225,0,0,0,0,4212970.63,3334965.62
2018-08-08,2018,8,3,2,8,-0.8660254037844384,-0.5000000000000004,0.9749279121818236,-0.22252093395631434,0,0,173,1,2226,0,0,0,0,4647118.76,3610702.93
2018-08-09,2018,8,3,3,9,-0.8660254037844384,-0.5000000000000004,0.43388373911755823,-0.900968867902419,0,0,174,1,2227,0,0,0,0,4946125.63,3977801.47
2018-08-10,2018,8,3,4,10,-0.8660254037844384,-0.5000000000000004,-0.433883739117558,-0.9009688679024191,0,0,175,1,2228,0,0,0,0,3705554.89,2859379.41
2018-08-11,2018,8,3,5,11,-0.8660254037844384,-0.5000000000000004,-0.9749279121818236,-0.2225209339563146,0,0,176,1,2229,0,0,0,0,4591065.72,3598807.89
2018-08-12,2018,8,3,6,12,-0.8660254037844384,-0.5000000000000004,-0.7818314824680299,0.6234898018587334,0,0,177,1,2230,0,0,0,0,4030885.81,3179458.32
2018-08-13,2018,8,3,0,13,-0.8660254037844384,-0.5000000000000004,0.0,1.0,0,0,-176,1,2231,0,0,0,0,4244815.28,3284829.91
2018-08-14,2018,8,3,1,14,-0.8660254037844384,-0.5000000000000004,0.7818314824680298,0.6234898018587336,0,0,-175,1,2232,0,0,0,0,6041631.13,4766947.5
2018-08-15,2018,8,3,2,15,-0.8660254037844384,-0.5000000000000004,0.9749279121818236,-0.22252093395631434,0,0,-174,1,2233,0,0,0,0,6058071.07,4807626.36
2018-08-16,2018,8,3,3,16,-0.8660254037844384,-0.5000000000000004,0.43388373911755823,-0.900968867902419,0,0,-173,1,2234,0,0,0,0,5333680.81,4015767.27
2018-08-17,2018,8,3,4,17,-0.8660254037844384,-0.5000000000000004,-0.433883739117558,-0.9009688679024191,0,0,-172,1,2235,0,0,0,0,4314679.61,3455461.38
2018-08-18,2018,8,3,5,18,-0.8660254037844384,-0.5000000000000004,-0.9749279121818236,-0.2225209339563146,0,0,-171,1,2236,0,0,0,0,4960825.43,3902500.12
2018-08-19,2018,8,3,6,19,-0.8660254037844384,-0.5000000000000004,-0.7818314824680299,0.6234898018587334,0,0,-170,1,2237,0,0,0,0,4978431.53,3847035.88
2018-08-20,2018,8,3,0,20,-0.8660254037844384,-0.5000000000000004,0.0,1.0,0,0,-169,1,2238,0,0,0,0,4896843.63,3837284.3
2018-08-21,2018,8,3,1,21,-0.8660254037844384,-0.5000000000000004,0.7818314824680298,0.6234898018587336,0,0,-168,1,2239,0,0,0,0,5971341.33,4692653.97
2018-08-22,2018,8,3,2,22,-0.8660254037844384,-0.5000000000000004,0.9749279121818236,-0.22252093395631434,0,0,-167,1,2240,0,0,0,0,7086185.79,5662221.43
2018-08-23,2018,8,3,3,23,-0.8660254037844384,-0.5000000000000004,0.43388373911755823,-0.900968867902419,0,0,-166,1,2241,0,0,0,0,5392520.44,4260217.92
2018-08-24,2018,8,3,4,24,-0.8660254037844384,-0.5000000000000004,-0.433883739117558,-0.9009688679024191,0,0,-165,1,2242,0,0,0,0,3329330.38,2630754.1
2018-08-25,2018,8,3,5,25,-0.8660254037844384,-0.5000000000000004,-0.9749279121818236,-0.2225209339563146,0,0,-164,1,2243,0,0,0,0,4716376.41,3836954.01
2018-08-26,2018,8,3,6,26,-0.8660254037844384,-0.5000000000000004,-0.7818314824680299,0.6234898018587334,0,0,-163,1,2244,0,0,0,0,4717920.92,3744613.34
2018-08-27,2018,8,3,0,27,-0.8660254037844384,-0.5000000000000004,0.0,1.0,0,0,-162,1,2245,0,0,0,0,6151109.31,4800826.49
2018-08-28,2018,8,3,1,28,-0.8660254037844384,-0.5000000000000004,0.7818314824680298,0.6234898018587336,0,0,-161,1,2246,0,0,0,0,12207075.48,9954369.46
2018-08-29,2018,8,3,2,29,-0.8660254037844384,-0.5000000000000004,0.9749279121818236,-0.22252093395631434,0,0,-160,1,2247,0,0,0,0,10330752.34,8329694.93
2018-08-30,2018,8,3,3,30,-0.8660254037844384,-0.5000000000000004,0.43388373911755823,-0.900968867902419,0,0,-159,1,2248,0,0,0,0,10819458.93,8497693.47
2018-08-31,2018,8,3,4,31,-0.8660254037844384,-0.5000000000000004,-0.433883739117558,-0.9009688679024191,0,0,-158,1,2249,0,0,0,0,9769233.6,7975907.3
2018-09-01,2018,9,3,5,1,-1.0,-1.8369701987210297e-16,-0.9749279121818236,-0.2225209339563146,0,0,-157,1,2250,0,0,0,0,8834290.53,7236711.56
2018-09-02,2018,9,3,6,2,-1.0,-1.8369701987210297e-16,-0.7818314824680299,0.6234898018587334,0,0,-156,1,2251,0,1,0,0,2926208.13,2475973.31
2018-09-03,2018,9,3,0,3,-1.0,-1.8369701987210297e-16,0.0,1.0,0,0,-155,1,2252,0,0,0,0,3730127.97,3250956.11
2018-09-04,2018,9,3,1,4,-1.0,-1.8369701987210297e-16,0.7818314824680298,0.6234898018587336,0,0,-154,1,2253,0,0,0,0,2895558.56,2566039.59
2018-09-05,2018,9,3,2,5,-1.0,-1.8369701987210297e-16,0.9749279121818236,-0.22252093395631434,0,0,-153,1,2254,0,0,0,0,2683914.3,2352008.69
2018-09-06,2018,9,3,3,6,-1.0,-1.8369701987210297e-16,0.43388373911755823,-0.900968867902419,0,0,-152,1,2255,0,0,0,0,2220736.04,1976596.92
2018-09-07,2018,9,3,4,7,-1.0,-1.8369701987210297e-16,-0.433883739117558,-0.9009688679024191,0,0,-151,1,2256,0,0,0,0,2737800.42,2305499.6
2018-09-08,2018,9,3,5,8,-1.0,-1.8369701987210297e-16,-0.9749279121818236,-0.2225209339563146,0,0,-150,1,2257,0,0,0,0,3138040.11,2844198.87
2018-09-09,2018,9,3,6,9,-1.0,-1.8369701987210297e-16,-0.7818314824680299,0.6234898018587334,0,0,-149,1,2258,0,0,0,0,4428844.18,3809539.78
2018-09-10,2018,9,3,0,10,-1.0,-1.8369701987210297e-16,0.0,1.0,0,0,-148,1,2259,0,0,0,0,3518686.76,3115017.21
2018-09-11,2018,9,3,1,11,-1.0,-1.8369701987210297e-16,0.7818314824680298,0.6234898018587336,0,0,-147,1,2260,0,0,0,0,2737148.82,2457613.39
2018-09-12,2018,9,3,2,12,-1.0,-1.8369701987210297e-16,0.9749279121818236,-0.22252093395631434,0,0,-146,1,2261,0,0,0,0,3907657.89,3473624.08
2018-09-13,2018,9,3,3,13,-1.0,-1.8369701987210297e-16,0.43388373911755823,-0.900968867902419,0,0,-145,1,2262,0,0,0,0,3198359.98,2826009.39
2018-09-14,2018,9,3,4,14,-1.0,-1.8369701987210297e-16,-0.433883739117558,-0.9009688679024191,0,0,-144,1,2263,0,0,0,0,3759913.17,3409768.94
2018-09-15,2018,9,3,5,15,-1.0,-1.8369701987210297e-16,-0.9749279121818236,-0.2225209339563146,0,0,-143,1,2264,0,0,0,0,3182906.62,2708850.83
2018-09-16,2018,9,3,6,16,-1.0,-1.8369701987210297e-16,-0.7818314824680299,0.6234898018587334,0,0,-142,1,2265,0,0,0,0,4513878.02,4134396.21
2018-09-17,2018,9,3,0,17,-1.0,-1.8369701987210297e-16,0.0,1.0,0,0,-141,1,2266,0,0,0,0,3684035.33,3185261.69
2018-09-18,2018,9,3,1,18,-1.0,-1.8369701987210297e-16,0.7818314824680298,0.6234898018587336,0,0,-140,1,2267,0,0,0,0,3511249.8,3093197.05
2018-09-19,2018,9,3,2,19,-1.0,-1.8369701987210297e-16,0.9749279121818236,-0.22252093395631434,0,0,-139,1,2268,0,0,0,0,3203671.41,2850137.86
2018-09-20,2018,9,3,3,20,-1.0,-1.8369701987210297e-16,0.43388373911755823,-0.900968867902419,0,0,-138,1,2269,0,0,0,0,2967505.47,2634513.81
2018-09-21,2018,9,3,4,21,-1.0,-1.8369701987210297e-16,-0.433883739117558,-0.9009688679024191,0,0,-137,1,2270,0,0,0,0,3391440.87,3055926.25
2018-09-22,2018,9,3,5,22,-1.0,-1.8369701987210297e-16,-0.9749279121818236,-0.2225209339563146,0,0,-136,1,2271,0,0,0,0,3067943.56,2653342.07
2018-09-23,2018,9,3,6,23,-1.0,-1.8369701987210297e-16,-0.7818314824680299,0.6234898018587334,0,0,-135,1,2272,0,0,0,0,4892505.92,4455722.87
2018-09-24,2018,9,3,0,24,-1.0,-1.8369701987210297e-16,0.0,1.0,0,0,-134,1,2273,0,0,0,0,4916532.68,4394814.48
2018-09-25,2018,9,3,1,25,-1.0,-1.8369701987210297e-16,0.7818314824680298,0.6234898018587336,0,0,-133,1,2274,0,0,0,0,3834324.5,3363603.04
2018-09-26,2018,9,3,2,26,-1.0,-1.8369701987210297e-16,0.9749279121818236,-0.22252093395631434,0,0,-132,1,2275,0,0,0,0,4727732.71,4050861.46
2018-09-27,2018,9,3,3,27,-1.0,-1.8369701987210297e-16,0.43388373911755823,-0.900968867902419,0,0,-131,1,2276,0,0,0,0,5609192.49,4998150.71
2018-09-28,2018,9,3,4,28,-1.0,-1.8369701987210297e-16,-0.433883739117558,-0.9009688679024191,0,0,-130,1,2277,0,0,0,0,5221949.72,4643296.21
2018-09-29,2018,9,3,5,29,-1.0,-1.8369701987210297e-16,-0.9749279121818236,-0.2225209339563146,0,0,-129,1,2278,0,0,0,0,5089871.44,4351327.13
2018-09-30,2018,9,3,6,30,-1.0,-1.8369701987210297e-16,-0.7818314824680299,0.6234898018587334,0,0,-128,1,2279,0,0,0,0,5437181.81,4591821.05
2018-10-01,2018,10,4,0,1,-0.8660254037844386,0.5000000000000001,0.0,1.0,0,0,-127,0,2280,0,0,0,0,4742181.64,4115311.14
2018-10-02,2018,10,4,1,2,-0.8660254037844386,0.5000000000000001,0.7818314824680298,0.6234898018587336,0,0,-126,0,2281,0,0,0,0,1807247.84,1354070.12
2018-10-03,2018,10,4,2,3,-0.8660254037844386,0.5000000000000001,0.9749279121818236,-0.22252093395631434,0,0,-125,0,2282,0,0,0,0,1798411.4,1414782.3
2018-10-04,2018,10,4,3,4,-0.8660254037844386,0.5000000000000001,0.43388373911755823,-0.900968867902419,0,0,-124,0,2283,0,0,0,0,2726313.6,2140614.37
2018-10-05,2018,10,4,4,5,-0.8660254037844386,0.5000000000000001,-0.433883739117558,-0.9009688679024191,0,0,-123,0,2284,0,0,0,0,2484898.47,1911895.45
2018-10-06,2018,10,4,5,6,-0.8660254037844386,0.5000000000000001,-0.9749279121818236,-0.2225209339563146,0,0,-122,0,2285,0,0,0,0,2157385.6,1668290.7
2018-10-07,2018,10,4,6,7,-0.8660254037844386,0.5000000000000001,-0.7818314824680299,0.6234898018587334,0,0,-121,0,2286,0,0,0,0,2767415.65,2075893.96
2018-10-08,2018,10,4,0,8,-0.8660254037844386,0.5000000000000001,0.0,1.0,0,0,-120,0,2287,0,0,0,0,3075660.75,2408923.48
2018-10-09,2018,10,4,1,9,-0.8660254037844386,0.5000000000000001,0.7818314824680298,0.6234898018587336,0,0,-119,0,2288,0,0,0,0,2768213.46,2199027.83
2018-10-10,2018,10,4,2,10,-0.8660254037844386,0.5000000000000001,0.9749279121818236,-0.22252093395631434,0,0,-118,0,2289,0,0,0,0,1759060.3,1352309.05
2018-10-11,2018,10,4,3,11,-0.8660254037844386,0.5000000000000001,0.43388373911755823,-0.900968867902419,0,0,-117,0,2290,0,0,0,0,2288675.28,1804152.97
2018-10-12,2018,10,4,4,12,-0.8660254037844386,0.5000000000000001,-0.433883739117558,-0.9009688679024191,0,0,-116,0,2291,0,0,0,0,3801607.19,3093283.75
2018-10-13,2018,10,4,5,13,-0.8660254037844386,0.5000000000000001,-0.9749279121818236,-0.2225209339563146,0,0,-115,0,2292,0,0,0,0,3486645.25,2756384.22
2018-10-14,2018,10,4,6,14,-0.8660254037844386,0.5000000000000001,-0.7818314824680299,0.6234898018587334,0,0,-114,0,2293,0,0,0,0,3516624.21,2744217.98
2018-10-15,2018,10,4,0,15,-0.8660254037844386,0.5000000000000001,0.0,1.0,0,0,-113,0,2294,0,0,0,0,3593428.63,2809961.8
2018-10-16,2018,10,4,1,16,-0.8660254037844386,0.5000000000000001,0.7818314824680298,0.6234898018587336,0,0,-112,0,2295,0,0,0,0,4126610.48,3221862.51
2018-10-17,2018,10,4,2,17,-0.8660254037844386,0.5000000000000001,0.9749279121818236,-0.22252093395631434,0,0,-111,0,2296,0,0,0,0,2193280.79,1721100.93
2018-10-18,2018,10,4,3,18,-0.8660254037844386,0.5000000000000001,0.43388373911755823,-0.900968867902419,0,0,-110,0,2297,0,0,0,0,2364712.74,1825738.91
2018-10-19,2018,10,4,4,19,-0.8660254037844386,0.5000000000000001,-0.433883739117558,-0.9009688679024191,0,0,-109,0,2298,0,0,0,0,2753648.17,2191447.61
2018-10-20,2018,10,4,5,20,-0.8660254037844386,0.5000000000000001,-0.9749279121818236,-0.2225209339563146,0,0,-108,0,2299,0,0,0,0,3067392.26,2428564.0
2018-10-21,2018,10,4,6,21,-0.8660254037844386,0.5000000000000001,-0.7818314824680299,0.6234898018587334,0,0,-107,0,2300,0,0,0,0,2965006.46,2322786.28
2018-10-22,2018,10,4,0,22,-0.8660254037844386,0.5000000000000001,0.0,1.0,0,0,-106,0,2301,0,0,0,0,3760345.32,3093167.35
2018-10-23,2018,10,4,1,23,-0.8660254037844386,0.5000000000000001,0.7818314824680298,0.6234898018587336,0,0,-105,0,2302,0,0,0,0,3210408.93,2590626.71
2018-10-24,2018,10,4,2,24,-0.8660254037844386,0.5000000000000001,0.9749279121818236,-0.22252093395631434,0,0,-104,0,2303,0,0,0,0,2388950.39,1810211.59
2018-10-25,2018,10,4,3,25,-0.8660254037844386,0.5000000000000001,0.43388373911755823,-0.900968867902419,0,0,-103,0,2304,0,0,0,0,2281239.32,1789602.98
2018-10-26,2018,10,4,4,26,-0.8660254037844386,0.5000000000000001,-0.433883739117558,-0.9009688679024191,0,0,-102,0,2305,0,0,0,0,2925667.62,2326884.75
2018-10-27,2018,10,4,5,27,-0.8660254037844386,0.5000000000000001,-0.9749279121818236,-0.2225209339563146,0,0,-101,0,2306,0,0,0,0,3517566.83,2788248.35
2018-10-28,2018,10,4,6,28,-0.8660254037844386,0.5000000000000001,-0.7818314824680299,0.6234898018587334,0,0,-100,0,2307,0,0,0,0,5148086.02,4236118.44
2018-10-29,2018,10,4,0,29,-0.8660254037844386,0.5000000000000001,0.0,1.0,0,0,-99,0,2308,0,0,0,0,6121160.36,4854267.79
2018-10-30,2018,10,4,1,30,-0.8660254037844386,0.5000000000000001,0.7818314824680298,0.6234898018587336,0,0,-98,0,2309,0,0,0,0,5647021.76,4534254.48
2018-10-31,2018,10,4,2,31,-0.8660254037844386,0.5000000000000001,0.9749279121818236,-0.22252093395631434,0,0,-97,0,2310,0,0,0,0,5340696.76,4313400.22
2018-11-01,2018,11,4,3,1,-0.5000000000000004,0.8660254037844384,0.43388373911755823,-0.900968867902419,0,0,-96,1,2311,0,0,0,0,4100504.23,3207191.36
2018-11-02,2018,11,4,4,2,-0.5000000000000004,0.8660254037844384,-0.433883739117558,-0.9009688679024191,0,0,-95,1,2312,0,0,0,0,1332091.2,973346.43
2018-11-03,2018,11,4,5,3,-0.5000000000000004,0.8660254037844384,-0.9749279121818236,-0.2225209339563146,0,0,-94,1,2313,0,0,0,0,1775113.55,1429465.35
2018-11-04,2018,11,4,6,4,-0.5000000000000004,0.8660254037844384,-0.7818314824680299,0.6234898018587334,0,0,-93,1,2314,0,0,0,0,2595301.17,2110463.11
2018-11-05,2018,11,4,0,5,-0.5000000000000004,0.8660254037844384,0.0,1.0,0,0,-92,1,2315,0,0,0,0,2667990.75,2059523.3
2018-11-06,2018,11,4,1,6,-0.5000000000000004,0.8660254037844384,0.7818314824680298,0.6234898018587336,0,0,-91,1,2316,0,0,0,0,2019349.93,1662050.67
2018-11-07,2018,11,4,2,7,-0.5000000000000004,0.8660254037844384,0.9749279121818236,-0.22252093395631434,0,0,-90,1,2317,0,0,0,0,2141247.67,1769789.01
2018-11-08,2018,11,4,3,8,-0.5000000000000004,0.8660254037844384,0.43388373911755823,-0.900968867902419,0,0,-89,1,2318,0,0,0,0,1913450.02,1511722.76
2018-11-09,2018,11,4,4,9,-0.5000000000000004,0.8660254037844384,-0.433883739117558,-0.9009688679024191,0,0,-88,1,2319,0,0,0,0,2619129.29,2039164.75
2018-11-10,2018,11,4,5,10,-0.5000000000000004,0.8660254037844384,-0.9749279121818236,-0.2225209339563146,0,0,-87,1,2320,0,0,0,0,2402388.27,1910373.68
2018-11-11,2018,11,4,6,11,-0.5000000000000004,0.8660254037844384,-0.7818314824680299,0.6234898018587334,0,0,-86,1,2321,0,0,0,0,3568388.14,2844379.91
2018-11-12,2018,11,4,0,12,-0.5000000000000004,0.8660254037844384,0.0,1.0,0,0,-85,1,2322,0,0,0,0,2517159.72,2054634.4
2018-11-13,2018,11,4,1,13,-0.5000000000000004,0.8660254037844384,0.7818314824680298,0.6234898018587336,0,0,-84,1,2323,0,0,0,0,1925203.6,1550255.36
2018-11-14,2018,11,4,2,14,-0.5000000000000004,0.8660254037844384,0.9749279121818236,-0.22252093395631434,0,0,-83,1,2324,0,0,0,0,1687382.45,1226935.5
2018-11-15,2018,11,4,3,15,-0.5000000000000004,0.8660254037844384,0.43388373911755823,-0.900968867902419,0,0,-82,1,2325,0,0,0,0,2055680.2,1571568.0
2018-11-16,2018,11,4,4,16,-0.5000000000000004,0.8660254037844384,-0.433883739117558,-0.9009688679024191,0,0,-81,1,2326,0,0,0,0,2040967.69,1635316.04
2018-11-17,2018,11,4,5,17,-0.5000000000000004,0.8660254037844384,-0.9749279121818236,-0.2225209339563146,0,0,-80,1,2327,0,0,0,0,2025956.74,1601361.16
2018-11-18,2018,11,4,6,18,-0.5000000000000004,0.8660254037844384,-0.7818314824680299,0.6234898018587334,0,0,-79,1,2328,0,0,0,0,3630560.3,3005034.69
2018-11-19,2018,11,4,0,19,-0.5000000000000004,0.8660254037844384,0.0,1.0,0,0,-78,1,2329,0,0,0,0,2171786.9,1822847.47
2018-11-20,2018,11,4,1,20,-0.5000000000000004,0.8660254037844384,0.7818314824680298,0.6234898018587336,0,0,-77,1,2330,0,0,0,0,2495899.61,2196442.6
2018-11-21,2018,11,4,2,21,-0.5000000000000004,0.8660254037844384,0.9749279121818236,-0.22252093395631434,0,0,-76,1,2331,0,0,0,0,1870994.01,1826252.29
2018-11-22,2018,11,4,3,22,-0.5000000000000004,0.8660254037844384,0.43388373911755823,-0.900968867902419,0,0,-75,1,2332,0,0,0,0,1690197.81,1647708.27
2018-11-23,2018,11,4,4,23,-0.5000000000000004,0.8660254037844384,-0.433883739117558,-0.9009688679024191,0,0,-74,1,2333,0,0,0,0,1647035.11,1656826.5
2018-11-24,2018,11,4,5,24,-0.5000000000000004,0.8660254037844384,-0.9749279121818236,-0.2225209339563146,0,0,-73,1,2334,0,0,0,0,1991985.26,1889498.02
2018-11-25,2018,11,4,6,25,-0.5000000000000004,0.8660254037844384,-0.7818314824680299,0.6234898018587334,0,0,-72,1,2335,0,0,0,0,2085511.05,2029509.86
2018-11-26,2018,11,4,0,26,-0.5000000000000004,0.8660254037844384,0.0,1.0,0,0,-71,1,2336,0,0,0,0,2543960.96,2433523.18
2018-11-27,2018,11,4,1,27,-0.5000000000000004,0.8660254037844384,0.7818314824680298,0.6234898018587336,0,0,-70,1,2337,0,0,0,0,2369522.33,2218838.51
2018-11-28,2018,11,4,2,28,-0.5000000000000004,0.8660254037844384,0.9749279121818236,-0.22252093395631434,0,0,-69,1,2338,0,0,0,0,1733474.59,1753556.92
2018-11-29,2018,11,4,3,29,-0.5000000000000004,0.8660254037844384,0.43388373911755823,-0.900968867902419,0,0,-68,1,2339,0,0,0,0,2226459.09,2127649.92
2018-11-30,2018,11,4,4,30,-0.5000000000000004,0.8660254037844384,-0.433883739117558,-0.9009688679024191,0,0,-67,1,2340,0,0,0,0,2058963.14,2054767.53
2018-12-01,2018,12,4,5,1,-2.4492935982947064e-16,1.0,-0.9749279121818236,-0.2225209339563146,0,0,-66,1,2341,0,0,0,0,1216044.13,1211686.23
2018-12-02,2018,12,4,6,2,-2.4492935982947064e-16,1.0,-0.7818314824680299,0.6234898018587334,0,0,-65,1,2342,0,0,0,0,977052.29,950959.05
2018-12-03,2018,12,4,0,3,-2.4492935982947064e-16,1.0,0.0,1.0,0,0,-64,1,2343,0,0,0,0,1855981.25,1750191.91
2018-12-04,2018,12,4,1,4,-2.4492935982947064e-16,1.0,0.7818314824680298,0.6234898018587336,0,0,-63,1,2344,0,0,0,0,1606060.57,1508604.3
2018-12-05,2018,12,4,2,5,-2.4492935982947064e-16,1.0,0.9749279121818236,-0.22252093395631434,0,0,-62,1,2345,0,0,0,0,1085024.44,1036671.25
2018-12-06,2018,12,4,3,6,-2.4492935982947064e-16,1.0,0.43388373911755823,-0.900968867902419,0,0,-61,1,2346,0,0,0,0,942014.91,946159.68
2018-12-07,2018,12,4,4,7,-2.4492935982947064e-16,1.0,-0.433883739117558,-0.9009688679024191,0,0,-60,1,2347,0,0,0,0,1200649.15,1205634.51
2018-12-08,2018,12,4,5,8,-2.4492935982947064e-16,1.0,-0.9749279121818236,-0.2225209339563146,0,0,-59,1,2348,0,0,0,0,1453175.2,1434521.0
2018-12-09,2018,12,4,6,9,-2.4492935982947064e-16,1.0,-0.7818314824680299,0.6234898018587334,0,0,-58,1,2349,0,0,0,0,1834112.01,1791856.09
2018-12-10,2018,12,4,0,10,-2.4492935982947064e-16,1.0,0.0,1.0,0,0,-57,1,2350,0,0,0,0,1719022.37,1695031.78
2018-12-11,2018,12,4,1,11,-2.4492935982947064e-16,1.0,0.7818314824680298,0.6234898018587336,0,0,-56,1,2351,0,0,0,0,1670763.83,1670771.64
2018-12-12,2018,12,4,2,12,-2.4492935982947064e-16,1.0,0.9749279121818236,-0.22252093395631434,0,0,-55,1,2352,0,0,0,0,1416824.27,1409602.12
2018-12-13,2018,12,4,3,13,-2.4492935982947064e-16,1.0,0.43388373911755823,-0.900968867902419,0,0,-54,1,2353,0,0,0,0,1605917.55,1631146.11
2018-12-14,2018,12,4,4,14,-2.4492935982947064e-16,1.0,-0.433883739117558,-0.9009688679024191,0,0,-53,1,2354,0,0,0,0,1986080.6,1901692.62
2018-12-15,2018,12,4,5,15,-2.4492935982947064e-16,1.0,-0.9749279121818236,-0.2225209339563146,0,0,-52,1,2355,0,0,0,0,1761139.67,1649696.47
2018-12-16,2018,12,4,6,16,-2.4492935982947064e-16,1.0,-0.7818314824680299,0.6234898018587334,0,0,-51,1,2356,0,0,0,0,1956185.08,1973002.66
2018-12-17,2018,12,4,0,17,-2.4492935982947064e-16,1.0,0.0,1.0,0,0,-50,1,2357,0,0,0,0,1975625.37,2012021.47
2018-12-18,2018,12,4,1,18,-2.4492935982947064e-16,1.0,0.7818314824680298,0.6234898018587336,0,0,-49,1,2358,0,0,0,0,1917848.83,1813056.96
2018-12-19,2018,12,4,2,19,-2.4492935982947064e-16,1.0,0.9749279121818236,-0.22252093395631434,0,0,-48,1,2359,0,0,0,0,1548668.19,1537872.76
2018-12-20,2018,12,4,3,20,-2.4492935982947064e-16,1.0,0.43388373911755823,-0.900968867902419,0,0,-47,1,2360,0,0,0,0,2111859.13,1955020.76
2018-12-21,2018,12,4,4,21,-2.4492935982947064e-16,1.0,-0.433883739117558,-0.9009688679024191,0,0,-46,1,2361,0,0,0,0,1795780.71,1747996.02
2018-12-22,2018,12,4,5,22,-2.4492935982947064e-16,1.0,-0.9749279121818236,-0.2225209339563146,0,0,-45,1,2362,0,0,0,0,1497206.71,1451328.96
2018-12-23,2018,12,4,6,23,-2.4492935982947064e-16,1.0,-0.7818314824680299,0.6234898018587334,0,0,-44,1,2363,0,0,0,0,1221387.72,1203158.82
2018-12-24,2018,12,4,0,24,-2.4492935982947064e-16,1.0,0.0,1.0,0,0,-43,1,2364,0,0,0,0,2110373.43,2051630.86
2018-12-25,2018,12,4,1,25,-2.4492935982947064e-16,1.0,0.7818314824680298,0.6234898018587336,0,0,-42,1,2365,0,0,1,0,1398293.31,1329598.03
2018-12-26,2018,12,4,2,26,-2.4492935982947064e-16,1.0,0.9749279121818236,-0.22252093395631434,0,0,-41,1,2366,0,0,0,0,1989426.16,1906954.63
2018-12-27,2018,12,4,3,27,-2.4492935982947064e-16,1.0,0.43388373911755823,-0.900968867902419,0,0,-40,1,2367,0,0,0,0,2379859.2,2336594.02
2018-12-28,2018,12,4,4,28,-2.4492935982947064e-16,1.0,-0.433883739117558,-0.9009688679024191,0,0,-39,1,2368,0,0,0,0,4637468.16,4553417.55
2018-12-29,2018,12,4,5,29,-2.4492935982947064e-16,1.0,-0.9749279121818236,-0.2225209339563146,0,0,-38,1,2369,0,0,0,0,4597405.16,4592577.25
2018-12-30,2018,12,4,6,30,-2.4492935982947064e-16,1.0,-0.7818314824680299,0.6234898018587334,0,0,-37,1,2370,0,0,0,0,3975279.59,3817470.28
2018-12-31,2018,12,4,0,31,-2.4492935982947064e-16,1.0,0.0,1.0,0,0,-36,1,2371,0,0,0,0,3827364.78,3811034.54
2019-01-01,2019,1,1,1,1,0.49999999999999994,0.8660254037844387,0.7818314824680298,0.6234898018587336,1,1,-35,0,2372,0,0,0,0,2430742.1,2422276.45
2019-01-02,2019,1,1,2,2,0.49999999999999994,0.8660254037844387,0.9749279121818236,-0.22252093395631434,1,1,-34,0,2373,0,0,0,0,857486.8,611460.51
2019-01-03,2019,1,1,3,3,0.49999999999999994,0.8660254037844387,0.43388373911755823,-0.900968867902419,1,1,-33,0,2374,0,0,0,0,1095516.84,931676.57
2019-01-04,2019,1,1,4,4,0.49999999999999994,0.8660254037844387,-0.433883739117558,-0.9009688679024191,1,1,-32,0,2375,0,0,0,0,1356732.44,1032253.29
2019-01-05,2019,1,1,5,5,0.49999999999999994,0.8660254037844387,-0.9749279121818236,-0.2225209339563146,1,1,-31,0,2376,0,0,0,0,1752585.71,1344358.95
2019-01-06,2019,1,1,6,6,0.49999999999999994,0.8660254037844387,-0.7818314824680299,0.6234898018587334,1,1,-30,0,2377,0,0,0,0,1660128.37,1324455.7
2019-01-07,2019,1,1,0,7,0.49999999999999994,0.8660254037844387,0.0,1.0,1,1,-29,0,2378,0,0,0,0,1936096.71,1554210.1
2019-01-08,2019,1,1,1,8,0.49999999999999994,0.8660254037844387,0.7818314824680298,0.6234898018587336,1,1,-28,0,2379,0,0,0,0,1715399.79,1347590.83
2019-01-09,2019,1,1,2,9,0.49999999999999994,0.8660254037844387,0.9749279121818236,-0.22252093395631434,1,1,-27,0,2380,0,0,0,0,1858318.85,1516237.67
2019-01-10,2019,1,1,3,10,0.49999999999999994,0.8660254037844387,0.43388373911755823,-0.900968867902419,1,1,-26,0,2381,0,0,0,0,1259650.79,1032558.86
2019-01-11,2019,1,1,4,11,0.49999999999999994,0.8660254037844387,-0.433883739117558,-0.9009688679024191,1,1,-25,0,2382,0,0,0,0,2153841.45,1671962.72
2019-01-12,2019,1,1,5,12,0.49999999999999994,0.8660254037844387,-0.9749279121818236,-0.2225209339563146,1,1,-24,0,2383,0,0,0,0,2073990.81,1674370.35
2019-01-13,2019,1,1,6,13,0.49999999999999994,0.8660254037844387,-0.7818314824680299,0.6234898018587334,1,1,-23,0,2384,0,0,0,0,3354624.45,2671314.89
2019-01-14,2019,1,1,0,14,0.49999999999999994,0.8660254037844387,0.0,1.0,1,1,-22,0,2385,0,0,0,0,2361690.18,1807957.6
2019-01-15,2019,1,1,1,15,0.49999999999999994,0.8660254037844387,0.7818314824680298,0.6234898018587336,1,1,-21,0,2386,0,0,0,0,1504083.3,1181548.42
2019-01-16,2019,1,1,2,16,0.49999999999999994,0.8660254037844387,0.9749279121818236,-0.22252093395631434,1,1,-20,0,2387,0,0,0,0,1724908.79,1349961.65
2019-01-17,2019,1,1,3,17,0.49999999999999994,0.8660254037844387,0.43388373911755823,-0.900968867902419,1,1,-19,0,2388,0,0,0,0,2280332.07,1816414.62
2019-01-18,2019,1,1,4,18,0.49999999999999994,0.8660254037844387,-0.433883739117558,-0.9009688679024191,1,1,-18,0,2389,0,0,0,0,1474326.17,1227149.16
2019-01-19,2019,1,1,5,19,0.49999999999999994,0.8660254037844387,-0.9749279121818236,-0.2225209339563146,1,1,-17,0,2390,0,0,0,0,1754206.62,1335367.18
2019-01-20,2019,1,1,6,20,0.49999999999999994,0.8660254037844387,-0.7818314824680299,0.6234898018587334,1,1,-16,0,2391,0,0,0,0,3160071.59,2517012.51
2019-01-21,2019,1,1,0,21,0.49999999999999994,0.8660254037844387,0.0,1.0,1,1,-15,0,2392,0,0,0,0,2299476.91,1856585.16
2019-01-22,2019,1,1,1,22,0.49999999999999994,0.8660254037844387,0.7818314824680298,0.6234898018587336,1,1,-14,0,2393,0,0,0,0,2108562.98,1708188.75
2019-01-23,2019,1,1,2,23,0.49999999999999994,0.8660254037844387,0.9749279121818236,-0.22252093395631434,1,1,-13,0,2394,0,0,0,0,1826741.5,1369479.14
2019-01-24,2019,1,1,3,24,0.49999999999999994,0.8660254037844387,0.43388373911755823,-0.900968867902419,1,1,-12,0,2395,0,0,0,0,2523490.79,2014906.08
2019-01-25,2019,1,1,4,25,0.49999999999999994,0.8660254037844387,-0.433883739117558,-0.9009688679024191,1,1,-11,0,2396,0,0,0,0,2014411.34,1674040.36
2019-01-26,2019,1,1,5,26,0.49999999999999994,0.8660254037844387,-0.9749279121818236,-0.2225209339563146,1,1,-10,0,2397,0,0,0,0,2940618.52,2385985.7
2019-01-27,2019,1,1,6,27,0.49999999999999994,0.8660254037844387,-0.7818314824680299,0.6234898018587334,1,1,-9,0,2398,0,0,0,0,4391507.1,3459322.38
2019-01-28,2019,1,1,0,28,0.49999999999999994,0.8660254037844387,0.0,1.0,1,1,-8,0,2399,0,0,0,0,4748349.69,3779471.66
2019-01-29,2019,1,1,1,29,0.49999999999999994,0.8660254037844387,0.7818314824680298,0.6234898018587336,1,1,-7,0,2400,0,0,0,0,4822586.51,3839462.75
2019-01-30,2019,1,1,2,30,0.49999999999999994,0.8660254037844387,0.9749279121818236,-0.22252093395631434,1,1,-6,0,2401,0,0,0,0,3962494.16,3161585.88
2019-01-31,2019,1,1,3,31,0.49999999999999994,0.8660254037844387,0.43388373911755823,-0.900968867902419,1,1,-5,0,2402,0,0,0,0,3557233.24,2914824.87
2019-02-01,2019,2,1,4,1,0.8660254037844386,0.5000000000000001,-0.433883739117558,-0.9009688679024191,1,1,-4,0,2403,0,0,0,0,2922884.32,2311260.65
2019-02-02,2019,2,1,5,2,0.8660254037844386,0.5000000000000001,-0.9749279121818236,-0.2225209339563146,1,1,-3,0,2404,0,0,0,0,1988116.58,1648391.91
2019-02-03,2019,2,1,6,3,0.8660254037844386,0.5000000000000001,-0.7818314824680299,0.6234898018587334,1,1,-2,0,2405,0,0,0,0,2075616.33,1663159.13
2019-02-04,2019,2,1,0,4,0.8660254037844386,0.5000000000000001,0.0,1.0,1,1,-1,0,2406,0,0,0,0,1690969.52,1412906.86
2019-02-05,2019,2,1,1,5,0.8660254037844386,0.5000000000000001,0.7818314824680298,0.6234898018587336,1,1,0,0,2407,0,0,0,0,1648913.11,1341931.74
2019-02-06,2019,2,1,2,6,0.8660254037844386,0.5000000000000001,0.9749279121818236,-0.22252093395631434,1,1,1,0,2408,0,0,0,0,2019237.55,1620812.0
2019-02-07,2019,2,1,3,7,0.8660254037844386,0.5000000000000001,0.43388373911755823,-0.900968867902419,1,1,2,0,2409,0,0,0,0,1807804.86,1498934.77
2019-02-08,2019,2,1,4,8,0.8660254037844386,0.5000000000000001,-0.433883739117558,-0.9009688679024191,1,1,3,0,2410,0,0,0,0,1887002.96,1514639.32
2019-02-09,2019,2,1,5,9,0.8660254037844386,0.5000000000000001,-0.9749279121818236,-0.2225209339563146,1,1,4,0,2411,0,0,0,0,2204244.85,1794590.32
2019-02-10,2019,2,1,6,10,0.8660254037844386,0.5000000000000001,-0.7818314824680299,0.6234898018587334,1,1,5,0,2412,0,0,0,0,2992194.41,2405467.55
2019-02-11,2019,2,1,0,11,0.8660254037844386,0.5000000000000001,0.0,1.0,1,1,6,0,2413,0,0,0,0,3050258.51,2505704.13
2019-02-12,2019,2,1,1,12,0.8660254037844386,0.5000000000000001,0.7818314824680298,0.6234898018587336,1,1,7,0,2414,0,0,0,0,2270445.76,1865294.51
2019-02-13,2019,2,1,2,13,0.8660254037844386,0.5000000000000001,0.9749279121818236,-0.22252093395631434,1,1,8,0,2415,0,0,0,0,2305149.57,1875958.77
2019-02-14,2019,2,1,3,14,0.8660254037844386,0.5000000000000001,0.43388373911755823,-0.900968867902419,1,1,9,0,2416,0,0,0,0,2959207.82,2441504.63
2019-02-15,2019,2,1,4,15,0.8660254037844386,0.5000000000000001,-0.433883739117558,-0.9009688679024191,1,1,10,0,2417,0,0,0,0,2813189.48,2241015.21
2019-02-16,2019,2,1,5,16,0.8660254037844386,0.5000000000000001,-0.9749279121818236,-0.2225209339563146,1,1,11,0,2418,0,0,0,0,2890421.0,2337140.26
2019-02-17,2019,2,1,6,17,0.8660254037844386,0.5000000000000001,-0.7818314824680299,0.6234898018587334,1,1,12,0,2419,0,0,0,0,3658575.54,2895275.54
2019-02-18,2019,2,1,0,18,0.8660254037844386,0.5000000000000001,0.0,1.0,1,1,13,0,2420,0,0,0,0,4680433.34,3760557.76
2019-02-19,2019,2,1,1,19,0.8660254037844386,0.5000000000000001,0.7818314824680298,0.6234898018587336,1,1,14,0,2421,0,0,0,0,1783513.49,1498699.8
2019-02-20,2019,2,1,2,20,0.8660254037844386,0.5000000000000001,0.9749279121818236,-0.22252093395631434,1,1,15,0,2422,0,0,0,0,3142305.74,2556936.4
2019-02-21,2019,2,1,3,21,0.8660254037844386,0.5000000000000001,0.43388373911755823,-0.900968867902419,1,1,16,0,2423,0,0,0,0,3225995.91,2685076.1
2019-02-22,2019,2,1,4,22,0.8660254037844386,0.5000000000000001,-0.433883739117558,-0.9009688679024191,1,1,17,0,2424,0,0,0,0,2981029.98,2400898.37
2019-02-23,2019,2,1,5,23,0.8660254037844386,0.5000000000000001,-0.9749279121818236,-0.2225209339563146,1,1,18,0,2425,0,0,0,0,3243671.03,2744035.42
2019-02-24,2019,2,1,6,24,0.8660254037844386,0.5000000000000001,-0.7818314824680299,0.6234898018587334,1,1,19,0,2426,0,0,0,0,4659488.7,3774721.6
2019-02-25,2019,2,1,0,25,0.8660254037844386,0.5000000000000001,0.0,1.0,1,1,20,0,2427,0,0,0,0,6710330.49,5461991.46
2019-02-26,2019,2,1,1,26,0.8660254037844386,0.5000000000000001,0.7818314824680298,0.6234898018587336,1,1,21,0,2428,0,0,0,0,5143906.53,4181682.12
2019-02-27,2019,2,1,2,27,0.8660254037844386,0.5000000000000001,0.9749279121818236,-0.22252093395631434,1,1,22,0,2429,0,0,0,0,4911504.39,3881267.76
2019-02-28,2019,2,1,3,28,0.8660254037844386,0.5000000000000001,0.43388373911755823,-0.900968867902419,1,1,23,0,2430,0,0,0,0,3391644.13,2722597.05
2019-03-01,2019,3,1,4,1,1.0,6.123233995736766e-17,-0.433883739117558,-0.9009688679024191,1,1,24,0,2431,0,0,0,0,2228532.66,1861831.11
2019-03-02,2019,3,1,5,2,1.0,6.123233995736766e-17,-0.9749279121818236,-0.2225209339563146,1,1,25,0,2432,0,0,0,0,662215.74,563992.66
2019-03-03,2019,3,1,6,3,1.0,6.123233995736766e-17,-0.7818314824680299,0.6234898018587334,1,1,26,0,2433,0,0,0,0,925441.51,757846.4
2019-03-04,2019,3,1,0,4,1.0,6.123233995736766e-17,0.0,1.0,1,1,27,0,2434,0,0,0,0,1915592.53,1559541.64
2019-03-05,2019,3,1,1,5,1.0,6.123233995736766e-17,0.7818314824680298,0.6234898018587336,1,1,28,0,2435,0,0,0,0,2386338.6,1912200.04
2019-03-06,2019,3,1,2,6,1.0,6.123233995736766e-17,0.9749279121818236,-0.22252093395631434,1,1,29,0,2436,0,0,0,0,3341337.75,2745260.51
2019-03-07,2019,3,1,3,7,1.0,6.123233995736766e-17,0.43388373911755823,-0.900968867902419,1,1,30,0,2437,0,0,0,0,2432557.33,1818192.91
2019-03-08,2019,3,1,4,8,1.0,6.123233995736766e-17,-0.433883739117558,-0.9009688679024191,1,1,31,0,2438,0,0,0,0,2666858.91,2181539.6
2019-03-09,2019,3,1,5,9,1.0,6.123233995736766e-17,-0.9749279121818236,-0.2225209339563146,1,1,32,0,2439,0,0,0,0,3019892.33,2454977.33
2019-03-10,2019,3,1,6,10,1.0,6.123233995736766e-17,-0.7818314824680299,0.6234898018587334,1,1,33,0,2440,0,0,0,0,2681616.97,2134676.6
2019-03-11,2019,3,1,0,11,1.0,6.123233995736766e-17,0.0,1.0,1,1,34,0,2441,0,0,0,0,2420084.85,1983304.37
2019-03-12,2019,3,1,1,12,1.0,6.123233995736766e-17,0.7818314824680298,0.6234898018587336,1,1,35,0,2442,0,0,0,0,3925730.26,3314125.8
2019-03-13,2019,3,1,2,13,1.0,6.123233995736766e-17,0.9749279121818236,-0.22252093395631434,1,1,36,0,2443,0,0,0,0,5148543.25,4034220.49
2019-03-14,2019,3,1,3,14,1.0,6.123233995736766e-17,0.43388373911755823,-0.900968867902419,1,1,37,0,2444,0,0,0,0,4367141.68,3458729.41
2019-03-15,2019,3,1,4,15,1.0,6.123233995736766e-17,-0.433883739117558,-0.9009688679024191,1,1,38,0,2445,0,0,0,0,3296671.21,2596766.78
2019-03-16,2019,3,1,5,16,1.0,6.123233995736766e-17,-0.9749279121818236,-0.2225209339563146,1,1,39,0,2446,0,0,0,0,2593942.24,2020686.01
2019-03-17,2019,3,1,6,17,1.0,6.123233995736766e-17,-0.7818314824680299,0.6234898018587334,1,1,40,0,2447,0,0,0,0,3647905.41,2976722.37
2019-03-18,2019,3,1,0,18,1.0,6.123233995736766e-17,0.0,1.0,1,1,41,0,2448,0,0,0,0,4462652.85,3659897.03
2019-03-19,2019,3,1,1,19,1.0,6.123233995736766e-17,0.7818314824680298,0.6234898018587336,1,1,42,0,2449,0,0,0,0,4580736.76,3861332.4
2019-03-20,2019,3,1,2,20,1.0,6.123233995736766e-17,0.9749279121818236,-0.22252093395631434,1,1,43,0,2450,0,0,0,0,5766530.12,4960357.22
2019-03-21,2019,3,1,3,21,1.0,6.123233995736766e-17,0.43388373911755823,-0.900968867902419,1,1,44,0,2451,0,0,0,0,4408617.11,3962414.33
2019-03-22,2019,3,1,4,22,1.0,6.123233995736766e-17,-0.433883739117558,-0.9009688679024191,1,1,45,0,2452,0,0,0,0,3610928.89,3304221.4
2019-03-23,2019,3,1,5,23,1.0,6.123233995736766e-17,-0.9749279121818236,-0.2225209339563146,1,1,46,0,2453,0,0,0,0,3582976.25,3279702.06
2019-03-24,2019,3,1,6,24,1.0,6.123233995736766e-17,-0.7818314824680299,0.6234898018587334,1,1,47,0,2454,0,0,0,0,4240123.5,3766823.0
2019-03-25,2019,3,1,0,25,1.0,6.123233995736766e-17,0.0,1.0,1,1,48,0,2455,0,0,0,0,4446564.37,4012232.01
2019-03-26,2019,3,1,1,26,1.0,6.123233995736766e-17,0.7818314824680298,0.6234898018587336,1,1,49,0,2456,0,0,0,0,5345042.2,4766707.57
2019-03-27,2019,3,1,2,27,1.0,6.123233995736766e-17,0.9749279121818236,-0.22252093395631434,1,1,50,0,2457,0,0,0,0,6535411.89,5978075.49
2019-03-28,2019,3,1,3,28,1.0,6.123233995736766e-17,0.43388373911755823,-0.900968867902419,1,1,51,0,2458,0,0,0,0,5315964.12,4667097.61
2019-03-29,2019,3,1,4,29,1.0,6.123233995736766e-17,-0.433883739117558,-0.9009688679024191,1,1,52,0,2459,0,0,0,0,4309156.23,3848197.98
2019-03-30,2019,3,1,5,30,1.0,6.123233995736766e-17,-0.9749279121818236,-0.2225209339563146,1,1,53,0,2460,0,0,0,0,9442671.99,8583254.53
2019-03-31,2019,3,1,6,31,1.0,6.123233995736766e-17,-0.7818314824680299,0.6234898018587334,1,1,54,0,2461,0,0,0,0,7501232.88,6774268.33
2019-04-01,2019,4,2,0,1,0.8660254037844387,-0.49999999999999983,0.0,1.0,1,1,55,0,2462,0,0,0,0,7842271.08,7122821.67
2019-04-02,2019,4,2,1,2,0.8660254037844387,-0.49999999999999983,0.7818314824680298,0.6234898018587336,1,1,56,0,2463,0,0,0,0,6799630.38,6231069.37
2019-04-03,2019,4,2,2,3,0.8660254037844387,-0.49999999999999983,0.9749279121818236,-0.22252093395631434,1,1,57,0,2464,0,0,0,0,6787287.3,6224164.42
2019-04-04,2019,4,2,3,4,0.8660254037844387,-0.49999999999999983,0.43388373911755823,-0.900968867902419,1,1,58,0,2465,0,0,0,0,2048272.63,1722283.77
2019-04-05,2019,4,2,4,5,0.8660254037844387,-0.49999999999999983,-0.433883739117558,-0.9009688679024191,1,1,59,0,2466,0,0,0,0,1919484.59,1795248.81
2019-04-06,2019,4,2,5,6,0.8660254037844387,-0.49999999999999983,-0.9749279121818236,-0.2225209339563146,1,1,60,0,2467,0,0,0,0,2259659.48,2043470.72
2019-04-07,2019,4,2,6,7,0.8660254037844387,-0.49999999999999983,-0.7818314824680299,0.6234898018587334,1,1,61,0,2468,0,0,0,0,2241076.34,2042622.76
2019-04-08,2019,4,2,0,8,0.8660254037844387,-0.49999999999999983,0.0,1.0,1,1,62,0,2469,0,0,0,0,3104721.28,2774939.49
2019-04-09,2019,4,2,1,9,0.8660254037844387,-0.49999999999999983,0.7818314824680298,0.6234898018587336,1,1,63,0,2470,0,0,0,0,3989319.25,3630481.23
2019-04-10,2019,4,2,2,10,0.8660254037844387,-0.49999999999999983,0.9749279121818236,-0.22252093395631434,1,1,64,0,2471,0,0,0,0,3426420.13,3160123.01
2019-04-11,2019,4,2,3,11,0.8660254037844387,-0.49999999999999983,0.43388373911755823,-0.900968867902419,1,1,65,0,2472,0,0,0,0,3579994.96,3276911.01
2019-04-12,2019,4,2,4,12,0.8660254037844387,-0.49999999999999983,-0.433883739117558,-0.9009688679024191,1,1,66,0,2473,0,0,0,0,3059845.93,2753429.2
2019-04-13,2019,4,2,5,13,0.8660254037844387,-0.49999999999999983,-0.9749279121818236,-0.2225209339563146,1,1,67,0,2474,0,0,0,0,3248777.0,3006192.84
2019-04-14,2019,4,2,6,14,0.8660254037844387,-0.49999999999999983,-0.7818314824680299,0.6234898018587334,1,1,68,0,2475,0,0,0,0,4002434.76,3635296.53
2019-04-15,2019,4,2,0,15,0.8660254037844387,-0.49999999999999983,0.0,1.0,1,1,69,0,2476,0,0,0,0,3468600.1,3009772.87
2019-04-16,2019,4,2,1,16,0.8660254037844387,-0.49999999999999983,0.7818314824680298,0.6234898018587336,1,1,70,0,2477,0,0,0,0,5005921.07,4277532.29
2019-04-17,2019,4,2,2,17,0.8660254037844387,-0.49999999999999983,0.9749279121818236,-0.22252093395631434,1,1,71,0,2478,0,0,0,0,4866105.58,3844447.57
2019-04-18,2019,4,2,3,18,0.8660254037844387,-0.49999999999999983,0.43388373911755823,-0.900968867902419,1,1,72,0,2479,0,0,0,0,3458407.78,2689432.07
2019-04-19,2019,4,2,4,19,0.8660254037844387,-0.49999999999999983,-0.433883739117558,-0.9009688679024191,1,1,73,0,2480,0,0,0,0,3282803.64,2507866.68
2019-04-20,2019,4,2,5,20,0.8660254037844387,-0.49999999999999983,-0.9749279121818236,-0.2225209339563146,1,1,74,0,2481,0,0,0,0,3583833.11,2817340.98
2019-04-21,2019,4,2,6,21,0.8660254037844387,-0.49999999999999983,-0.7818314824680299,0.6234898018587334,1,1,75,0,2482,0,0,0,0,4280648.65,3400564.11
2019-04-22,2019,4,2,0,22,0.8660254037844387,-0.49999999999999983,0.0,1.0,1,1,76,0,2483,0,0,0,0,5111723.35,4071500.83
2019-04-23,2019,4,2,1,23,0.8660254037844387,-0.49999999999999983,0.7818314824680298,0.6234898018587336,1,1,77,0,2484,0,0,0,0,6076381.37,4899064.86
2019-04-24,2019,4,2,2,24,0.8660254037844387,-0.49999999999999983,0.9749279121818236,-0.22252093395631434,1,1,78,0,2485,0,0,0,0,6020945.99,4856675.57
2019-04-25,2019,4,2,3,25,0.8660254037844387,-0.49999999999999983,0.43388373911755823,-0.900968867902419,1,1,79,0,2486,0,0,0,0,4244369.27,3305396.09
2019-04-26,2019,4,2,4,26,0.8660254037844387,-0.49999999999999983,-0.433883739117558,-0.9009688679024191,1,1,80,0,2487,0,0,0,0,3983588.88,3067018.69
2019-04-27,2019,4,2,5,27,0.8660254037844387,-0.49999999999999983,-0.9749279121818236,-0.2225209339563146,1,1,81,0,2488,0,0,0,0,4765470.57,3742260.25
2019-04-28,2019,4,2,6,28,0.8660254037844387,-0.49999999999999983,-0.7818314824680299,0.6234898018587334,1,1,82,0,2489,0,0,0,0,5579108.13,4391470.92
2019-04-29,2019,4,2,0,29,0.8660254037844387,-0.49999999999999983,0.0,1.0,1,1,83,0,2490,0,0,0,0,9634257.78,7639657.66
2019-04-30,2019,4,2,1,30,0.8660254037844387,-0.49999999999999983,0.7818314824680298,0.6234898018587336,1,1,84,0,2491,1,0,0,0,8059929.99,6487250.52
2019-05-01,2019,5,2,2,1,0.49999999999999994,-0.8660254037844387,0.9749279121818236,-0.22252093395631434,1,1,85,0,2492,1,0,0,0,8442603.96,6897673.92
2019-05-02,2019,5,2,3,2,0.49999999999999994,-0.8660254037844387,0.43388373911755823,-0.900968867902419,1,1,86,0,2493,0,0,0,0,7808399.68,6038961.99
2019-05-03,2019,5,2,4,3,0.49999999999999994,-0.8660254037844387,-0.433883739117558,-0.9009688679024191,1,1,87,0,2494,0,0,0,0,4022286.5,3234443.01
2019-05-04,2019,5,2,5,4,0.49999999999999994,-0.8660254037844387,-0.9749279121818236,-0.2225209339563146,1,1,88,0,2495,0,0,0,0,2045383.76,1603260.81
2019-05-05,2019,5,2,6,5,0.49999999999999994,-0.8660254037844387,-0.7818314824680299,0.6234898018587334,1,1,89,0,2496,0,0,0,0,2460393.45,1889099.54
2019-05-06,2019,5,2,0,6,0.49999999999999994,-0.8660254037844387,0.0,1.0,1,1,90,0,2497,0,0,0,0,3089088.99,2546015.45
2019-05-07,2019,5,2,1,7,0.49999999999999994,-0.8660254037844387,0.7818314824680298,0.6234898018587336,1,1,91,0,2498,0,0,0,0,3216799.62,2460959.9
2019-05-08,2019,5,2,2,8,0.49999999999999994,-0.8660254037844387,0.9749279121818236,-0.22252093395631434,1,1,92,0,2499,0,0,0,0,3179618.97,2549583.11
2019-05-09,2019,5,2,3,9,0.49999999999999994,-0.8660254037844387,0.43388373911755823,-0.900968867902419,1,1,93,0,2500,0,0,0,0,3478743.01,2820877.92
2019-05-10,2019,5,2,4,10,0.49999999999999994,-0.8660254037844387,-0.433883739117558,-0.9009688679024191,1,1,94,0,2501,0,0,0,0,3379956.2,2669556.82
2019-05-11,2019,5,2,5,11,0.49999999999999994,-0.8660254037844387,-0.9749279121818236,-0.2225209339563146,1,1,95,0,2502,0,0,0,0,3223254.17,2537597.46
2019-05-12,2019,5,2,6,12,0.49999999999999994,-0.8660254037844387,-0.7818314824680299,0.6234898018587334,1,1,96,0,2503,0,0,0,0,3692378.28,2866716.95
2019-05-13,2019,5,2,0,13,0.49999999999999994,-0.8660254037844387,0.0,1.0,1,1,97,0,2504,0,0,0,0,4792349.11,3788342.27
2019-05-14,2019,5,2,1,14,0.49999999999999994,-0.8660254037844387,0.7818314824680298,0.6234898018587336,1,1,98,0,2505,0,0,0,0,4862166.63,3833993.27
2019-05-15,2019,5,2,2,15,0.49999999999999994,-0.8660254037844387,0.9749279121818236,-0.22252093395631434,1,1,99,0,2506,0,0,0,0,5013097.75,3959824.14
2019-05-16,2019,5,2,3,16,0.49999999999999994,-0.8660254037844387,0.43388373911755823,-0.900968867902419,1,1,100,0,2507,0,0,0,0,4763396.54,3739102.59
2019-05-17,2019,5,2,4,17,0.49999999999999994,-0.8660254037844387,-0.433883739117558,-0.9009688679024191,1,1,101,0,2508,0,0,0,0,4890006.38,3947766.75
2019-05-18,2019,5,2,5,18,0.49999999999999994,-0.8660254037844387,-0.9749279121818236,-0.2225209339563146,1,1,102,0,2509,0,0,0,0,4212074.41,3390993.32
2019-05-19,2019,5,2,6,19,0.49999999999999994,-0.8660254037844387,-0.7818314824680299,0.6234898018587334,1,1,103,0,2510,0,0,0,0,3110577.15,2404869.12
2019-05-20,2019,5,2,0,20,0.49999999999999994,-0.8660254037844387,0.0,1.0,1,1,104,0,2511,0,0,0,0,4833855.83,3883813.76
2019-05-21,2019,5,2,1,21,0.49999999999999994,-0.8660254037844387,0.7818314824680298,0.6234898018587336,1,1,105,0,2512,0,0,0,0,4376980.41,3545197.6
2019-05-22,2019,5,2,2,22,0.49999999999999994,-0.8660254037844387,0.9749279121818236,-0.22252093395631434,1,1,106,0,2513,0,0,0,0,5873623.7,4676076.56
2019-05-23,2019,5,2,3,23,0.49999999999999994,-0.8660254037844387,0.43388373911755823,-0.900968867902419,1,1,107,0,2514,0,0,0,0,5059289.39,4065945.82
2019-05-24,2019,5,2,4,24,0.49999999999999994,-0.8660254037844387,-0.433883739117558,-0.9009688679024191,1,1,108,0,2515,0,0,0,0,4257574.66,3427856.53
2019-05-25,2019,5,2,5,25,0.49999999999999994,-0.8660254037844387,-0.9749279121818236,-0.2225209339563146,1,1,109,0,2516,0,0,0,0,2703860.17,2041659.91
2019-05-26,2019,5,2,6,26,0.49999999999999994,-0.8660254037844387,-0.7818314824680299,0.6234898018587334,1,1,110,0,2517,0,0,0,0,3290638.14,2614660.18
2019-05-27,2019,5,2,0,27,0.49999999999999994,-0.8660254037844387,0.0,1.0,1,1,111,0,2518,0,0,0,0,3692587.25,3103910.35
2019-05-28,2019,5,2,1,28,0.49999999999999994,-0.8660254037844387,0.7818314824680298,0.6234898018587336,1,1,112,0,2519,0,0,0,0,4649913.83,3737938.55
2019-05-29,2019,5,2,2,29,0.49999999999999994,-0.8660254037844387,0.9749279121818236,-0.22252093395631434,1,1,113,0,2520,0,0,0,0,6694197.08,5100391.64
2019-05-30,2019,5,2,3,30,0.49999999999999994,-0.8660254037844387,0.43388373911755823,-0.900968867902419,1,1,114,0,2521,0,0,0,0,10560540.55,8440357.87
2019-05-31,2019,5,2,4,31,0.49999999999999994,-0.8660254037844387,-0.433883739117558,-0.9009688679024191,1,1,115,0,2522,0,0,0,0,8767512.49,6975728.64
2019-06-01,2019,6,2,5,1,1.2246467991473532e-16,-1.0,-0.9749279121818236,-0.2225209339563146,1,1,116,0,2523,0,0,0,0,8443797.15,6772402.64
2019-06-02,2019,6,2,6,2,1.2246467991473532e-16,-1.0,-0.7818314824680299,0.6234898018587334,1,1,117,0,2524,0,0,0,0,7455195.67,6102711.18
2019-06-03,2019,6,2,0,3,1.2246467991473532e-16,-1.0,0.0,1.0,1,1,118,0,2525,0,0,0,0,6200836.36,4928192.22
2019-06-04,2019,6,2,1,4,1.2246467991473532e-16,-1.0,0.7818314824680298,0.6234898018587336,1,1,119,0,2526,0,0,0,0,3657388.71,2889750.29
2019-06-05,2019,6,2,2,5,1.2246467991473532e-16,-1.0,0.9749279121818236,-0.22252093395631434,1,1,120,0,2527,0,0,0,0,3116184.22,2354873.53
2019-06-06,2019,6,2,3,6,1.2246467991473532e-16,-1.0,0.43388373911755823,-0.900968867902419,1,1,121,0,2528,0,0,0,0,3413543.4,2707745.48
2019-06-07,2019,6,2,4,7,1.2246467991473532e-16,-1.0,-0.433883739117558,-0.9009688679024191,1,1,122,0,2529,0,0,0,0,2810118.57,2267280.87
2019-06-08,2019,6,2,5,8,1.2246467991473532e-16,-1.0,-0.9749279121818236,-0.2225209339563146,1,1,123,0,2530,0,0,0,0,3253725.42,2576270.0
2019-06-09,2019,6,2,6,9,1.2246467991473532e-16,-1.0,-0.7818314824680299,0.6234898018587334,1,1,124,0,2531,0,0,0,0,4254903.93,3456557.9
2019-06-10,2019,6,2,0,10,1.2246467991473532e-16,-1.0,0.0,1.0,1,1,125,0,2532,0,0,0,0,4783133.64,3750235.77
2019-06-11,2019,6,2,1,11,1.2246467991473532e-16,-1.0,0.7818314824680298,0.6234898018587336,1,1,126,0,2533,0,0,0,0,4164146.71,3288307.35
2019-06-12,2019,6,2,2,12,1.2246467991473532e-16,-1.0,0.9749279121818236,-0.22252093395631434,1,1,127,0,2534,0,0,0,0,4780123.09,3862755.17
2019-06-13,2019,6,2,3,13,1.2246467991473532e-16,-1.0,0.43388373911755823,-0.900968867902419,1,1,128,0,2535,0,0,0,0,3141446.63,2434324.12
2019-06-14,2019,6,2,4,14,1.2246467991473532e-16,-1.0,-0.433883739117558,-0.9009688679024191,1,1,129,0,2536,0,0,0,0,3321275.31,2699480.09
2019-06-15,2019,6,2,5,15,1.2246467991473532e-16,-1.0,-0.9749279121818236,-0.2225209339563146,1,1,130,0,2537,0,0,0,0,4401658.94,3526274.43
2019-06-16,2019,6,2,6,16,1.2246467991473532e-16,-1.0,-0.7818314824680299,0.6234898018587334,1,1,131,0,2538,0,0,0,0,3952891.26,3206561.32
2019-06-17,2019,6,2,0,17,1.2246467991473532e-16,-1.0,0.0,1.0,1,1,132,0,2539,0,0,0,0,4164327.54,3246799.45
2019-06-18,2019,6,2,1,18,1.2246467991473532e-16,-1.0,0.7818314824680298,0.6234898018587336,1,1,133,0,2540,0,0,0,0,5036738.58,4114695.79
2019-06-19,2019,6,2,2,19,1.2246467991473532e-16,-1.0,0.9749279121818236,-0.22252093395631434,1,1,134,0,2541,0,0,0,0,5640058.49,4485935.07
2019-06-20,2019,6,2,3,20,1.2246467991473532e-16,-1.0,0.43388373911755823,-0.900968867902419,1,1,135,0,2542,0,0,0,0,4189605.48,3314789.57
2019-06-21,2019,6,2,4,21,1.2246467991473532e-16,-1.0,-0.433883739117558,-0.9009688679024191,1,1,136,0,2543,0,0,0,0,3812450.83,3058079.55
2019-06-22,2019,6,2,5,22,1.2246467991473532e-16,-1.0,-0.9749279121818236,-0.2225209339563146,1,1,137,0,2544,0,0,0,0,4550924.39,3531072.86
2019-06-23,2019,6,2,6,23,1.2246467991473532e-16,-1.0,-0.7818314824680299,0.6234898018587334,1,1,138,0,2545,0,0,0,0,3568419.01,3068943.59
2019-06-24,2019,6,2,0,24,1.2246467991473532e-16,-1.0,0.0,1.0,1,1,139,0,2546,0,0,0,0,3996277.5,3433419.57
2019-06-25,2019,6,2,1,25,1.2246467991473532e-16,-1.0,0.7818314824680298,0.6234898018587336,1,1,140,0,2547,0,0,0,0,5688790.13,5142260.13
2019-06-26,2019,6,2,2,26,1.2246467991473532e-16,-1.0,0.9749279121818236,-0.22252093395631434,1,1,141,0,2548,0,0,0,0,5662278.62,5280030.26
2019-06-27,2019,6,2,3,27,1.2246467991473532e-16,-1.0,0.43388373911755823,-0.900968867902419,1,1,142,0,2549,0,0,0,0,3630711.11,3603596.44
2019-06-28,2019,6,2,4,28,1.2246467991473532e-16,-1.0,-0.433883739117558,-0.9009688679024191,1,1,143,0,2550,0,0,0,0,4670111.28,4617792.03
2019-06-29,2019,6,2,5,29,1.2246467991473532e-16,-1.0,-0.9749279121818236,-0.2225209339563146,1,1,144,0,2551,0,0,0,0,7024746.69,6925205.4
2019-06-30,2019,6,2,6,30,1.2246467991473532e-16,-1.0,-0.7818314824680299,0.6234898018587334,1,1,145,0,2552,0,0,0,0,4945041.75,4627222.46
2019-07-01,2019,7,3,0,1,-0.4999999999999998,-0.8660254037844388,0.0,1.0,1,1,146,1,2553,0,0,0,0,4925285.45,4871863.28
2019-07-02,2019,7,3,1,2,-0.4999999999999998,-0.8660254037844388,0.7818314824680298,0.6234898018587336,1,1,147,1,2554,0,0,0,0,4873332.05,4786134.47
2019-07-03,2019,7,3,2,3,-0.4999999999999998,-0.8660254037844388,0.9749279121818236,-0.22252093395631434,1,1,148,1,2555,0,0,0,0,4886424.07,4756249.61
2019-07-04,2019,7,3,3,4,-0.4999999999999998,-0.8660254037844388,0.43388373911755823,-0.900968867902419,1,1,149,1,2556,0,0,0,0,1489388.03,1415805.18
2019-07-05,2019,7,3,4,5,-0.4999999999999998,-0.8660254037844388,-0.433883739117558,-0.9009688679024191,1,1,150,1,2557,0,0,0,0,1841931.9,1789551.81
2019-07-06,2019,7,3,5,6,-0.4999999999999998,-0.8660254037844388,-0.9749279121818236,-0.2225209339563146,1,1,151,1,2558,0,0,0,0,1673667.75,1672504.8
2019-07-07,2019,7,3,6,7,-0.4999999999999998,-0.8660254037844388,-0.7818314824680299,0.6234898018587334,1,1,152,1,2559,0,0,0,0,2108446.49,2118852.35
2019-07-08,2019,7,3,0,8,-0.4999999999999998,-0.8660254037844388,0.0,1.0,1,1,153,1,2560,0,0,0,0,2671803.54,2584413.1
2019-07-09,2019,7,3,1,9,-0.4999999999999998,-0.8660254037844388,0.7818314824680298,0.6234898018587336,1,1,154,1,2561,0,0,0,0,2568480.24,2386535.86
2019-07-10,2019,7,3,2,10,-0.4999999999999998,-0.8660254037844388,0.9749279121818236,-0.22252093395631434,1,1,155,1,2562,0,0,0,0,2970737.48,2920183.57
2019-07-11,2019,7,3,3,11,-0.4999999999999998,-0.8660254037844388,0.43388373911755823,-0.900968867902419,1,1,156,1,2563,0,0,0,0,3613434.66,3602172.41
2019-07-12,2019,7,3,4,12,-0.4999999999999998,-0.8660254037844388,-0.433883739117558,-0.9009688679024191,1,1,157,1,2564,0,0,0,0,2385921.03,2226726.44
2019-07-13,2019,7,3,5,13,-0.4999999999999998,-0.8660254037844388,-0.9749279121818236,-0.2225209339563146,1,1,158,1,2565,0,0,0,0,2098969.4,1932133.96
2019-07-14,2019,7,3,6,14,-0.4999999999999998,-0.8660254037844388,-0.7818314824680299,0.6234898018587334,1,1,159,1,2566,0,0,0,0,2644124.5,2456787.05
2019-07-15,2019,7,3,0,15,-0.4999999999999998,-0.8660254037844388,0.0,1.0,1,1,160,1,2567,0,0,0,0,2978181.99,2929468.55
2019-07-16,2019,7,3,1,16,-0.4999999999999998,-0.8660254037844388,0.7818314824680298,0.6234898018587336,1,1,161,1,2568,0,0,0,0,3187013.74,3153087.05
2019-07-17,2019,7,3,2,17,-0.4999999999999998,-0.8660254037844388,0.9749279121818236,-0.22252093395631434,1,1,162,1,2569,0,0,0,0,3959202.82,3896487.16
2019-07-18,2019,7,3,3,18,-0.4999999999999998,-0.8660254037844388,0.43388373911755823,-0.900968867902419,1,1,163,1,2570,0,0,0,0,3615222.41,3550288.82
2019-07-19,2019,7,3,4,19,-0.4999999999999998,-0.8660254037844388,-0.433883739117558,-0.9009688679024191,1,1,164,1,2571,0,0,0,0,2386618.42,2254762.11
2019-07-20,2019,7,3,5,20,-0.4999999999999998,-0.8660254037844388,-0.9749279121818236,-0.2225209339563146,1,1,165,1,2572,0,0,0,0,3483966.92,3119293.47
2019-07-21,2019,7,3,6,21,-0.4999999999999998,-0.8660254037844388,-0.7818314824680299,0.6234898018587334,1,1,166,1,2573,0,0,0,0,2833440.98,2457034.76
2019-07-22,2019,7,3,0,22,-0.4999999999999998,-0.8660254037844388,0.0,1.0,1,1,167,1,2574,0,0,0,0,3439033.06,2731287.61
2019-07-23,2019,7,3,1,23,-0.4999999999999998,-0.8660254037844388,0.7818314824680298,0.6234898018587336,1,1,168,1,2575,0,0,0,0,3417186.56,2643724.49
2019-07-24,2019,7,3,2,24,-0.4999999999999998,-0.8660254037844388,0.9749279121818236,-0.22252093395631434,1,1,169,1,2576,0,0,0,0,4684554.37,3722991.01
2019-07-25,2019,7,3,3,25,-0.4999999999999998,-0.8660254037844388,0.43388373911755823,-0.900968867902419,1,1,170,1,2577,0,0,0,0,4181297.47,3389253.8
2019-07-26,2019,7,3,4,26,-0.4999999999999998,-0.8660254037844388,-0.433883739117558,-0.9009688679024191,1,1,171,1,2578,0,0,0,0,2974387.4,2282672.9
2019-07-27,2019,7,3,5,27,-0.4999999999999998,-0.8660254037844388,-0.9749279121818236,-0.2225209339563146,1,1,172,1,2579,0,0,0,0,2400455.83,1937294.99
2019-07-28,2019,7,3,6,28,-0.4999999999999998,-0.8660254037844388,-0.7818314824680299,0.6234898018587334,1,1,173,1,2580,0,0,0,0,3130479.33,2444819.96
2019-07-29,2019,7,3,0,29,-0.4999999999999998,-0.8660254037844388,0.0,1.0,1,1,174,1,2581,0,0,0,0,3105749.62,2493332.47
2019-07-30,2019,7,3,1,30,-0.4999999999999998,-0.8660254037844388,0.7818314824680298,0.6234898018587336,1,1,175,1,2582,0,0,0,0,3330499.22,3199104.79
2019-07-31,2019,7,3,2,31,-0.4999999999999998,-0.8660254037844388,0.9749279121818236,-0.22252093395631434,1,1,176,1,2583,0,0,0,0,5525632.29,6089074.09
2019-08-01,2019,8,3,3,1,-0.8660254037844384,-0.5000000000000004,0.43388373911755823,-0.900968867902419,1,1,177,1,2584,0,0,0,0,4455488.15,5321254.35
2019-08-02,2019,8,3,4,2,-0.8660254037844384,-0.5000000000000004,-0.433883739117558,-0.9009688679024191,1,1,-176,1,2585,0,0,0,0,3938923.04,4562144.93
2019-08-03,2019,8,3,5,3,-0.8660254037844384,-0.5000000000000004,-0.9749279121818236,-0.2225209339563146,1,1,-175,1,2586,0,0,0,0,2470651.33,3392027.67
2019-08-04,2019,8,3,6,4,-0.8660254037844384,-0.5000000000000004,-0.7818314824680299,0.6234898018587334,1,1,-174,1,2587,0,0,0,0,2494912.22,3600849.09
2019-08-05,2019,8,3,0,5,-0.8660254037844384,-0.5000000000000004,0.0,1.0,1,1,-173,1,2588,0,0,0,0,1043419.2,1459268.06
2019-08-06,2019,8,3,1,6,-0.8660254037844384,-0.5000000000000004,0.7818314824680298,0.6234898018587336,1,1,-172,1,2589,0,0,0,0,1858125.18,2640605.83
2019-08-07,2019,8,3,2,7,-0.8660254037844384,-0.5000000000000004,0.9749279121818236,-0.22252093395631434,1,1,-171,1,2590,0,0,0,0,2612652.22,3641188.5
2019-08-08,2019,8,3,3,8,-0.8660254037844384,-0.5000000000000004,0.43388373911755823,-0.900968867902419,1,1,-170,1,2591,0,0,0,0,2075506.82,2794288.53
2019-08-09,2019,8,3,4,9,-0.8660254037844384,-0.5000000000000004,-0.433883739117558,-0.9009688679024191,1,1,-169,1,2592,0,0,0,0,1373112.09,1937571.87
2019-08-10,2019,8,3,5,10,-0.8660254037844384,-0.5000000000000004,-0.9749279121818236,-0.2225209339563146,1,1,-168,1,2593,0,0,0,0,1564845.37,2196994.14
2019-08-11,2019,8,3,6,11,-0.8660254037844384,-0.5000000000000004,-0.7818314824680299,0.6234898018587334,1,1,-167,1,2594,0,0,0,0,2346475.31,3292514.02
2019-08-12,2019,8,3,0,12,-0.8660254037844384,-0.5000000000000004,0.0,1.0,1,1,-166,1,2595,0,0,0,0,1668045.94,2290560.15
2019-08-13,2019,8,3,1,13,-0.8660254037844384,-0.5000000000000004,0.7818314824680298,0.6234898018587336,1,1,-165,1,2596,0,0,0,0,1490813.69,2171947.13
2019-08-14,2019,8,3,2,14,-0.8660254037844384,-0.5000000000000004,0.9749279121818236,-0.22252093395631434,1,1,-164,1,2597,0,0,0,0,3101196.53,4169515.66
2019-08-15,2019,8,3,3,15,-0.8660254037844384,-0.5000000000000004,0.43388373911755823,-0.900968867902419,1,1,-163,1,2598,0,0,0,0,2478038.89,3512738.3
2019-08-16,2019,8,3,4,16,-0.8660254037844384,-0.5000000000000004,-0.433883739117558,-0.9009688679024191,1,1,-162,1,2599,0,0,0,0,1829640.99,2493094.05
2019-08-17,2019,8,3,5,17,-0.8660254037844384,-0.5000000000000004,-0.9749279121818236,-0.2225209339563146,1,1,-161,1,2600,0,0,0,0,2003878.36,2733913.19
2019-08-18,2019,8,3,6,18,-0.8660254037844384,-0.5000000000000004,-0.7818314824680299,0.6234898018587334,1,1,-160,1,2601,0,0,0,0,1947390.84,2839386.72
2019-08-19,2019,8,3,0,19,-0.8660254037844384,-0.5000000000000004,0.0,1.0,1,1,-159,1,2602,0,0,0,0,2333967.14,3290384.64
2019-08-20,2019,8,3,1,20,-0.8660254037844384,-0.5000000000000004,0.7818314824680298,0.6234898018587336,1,1,-158,1,2603,0,0,0,0,2278154.51,3059344.57
2019-08-21,2019,8,3,2,21,-0.8660254037844384,-0.5000000000000004,0.9749279121818236,-0.22252093395631434,1,1,-157,1,2604,0,0,0,0,2902500.19,3975109.52
2019-08-22,2019,8,3,3,22,-0.8660254037844384,-0.5000000000000004,0.43388373911755823,-0.900968867902419,1,1,-156,1,2605,0,0,0,0,3279690.88,4303594.26
2019-08-23,2019,8,3,4,23,-0.8660254037844384,-0.5000000000000004,-0.433883739117558,-0.9009688679024191,1,1,-155,1,2606,0,0,0,0,1923531.37,2481146.96
2019-08-24,2019,8,3,5,24,-0.8660254037844384,-0.5000000000000004,-0.9749279121818236,-0.2225209339563146,1,1,-154,1,2607,0,0,0,0,1741999.11,2380723.06
2019-08-25,2019,8,3,6,25,-0.8660254037844384,-0.5000000000000004,-0.7818314824680299,0.6234898018587334,1,1,-153,1,2608,0,0,0,0,2343821.96,2973037.78
2019-08-26,2019,8,3,0,26,-0.8660254037844384,-0.5000000000000004,0.0,1.0,1,1,-152,1,2609,0,0,0,0,1566162.85,2092259.75
2019-08-27,2019,8,3,1,27,-0.8660254037844384,-0.5000000000000004,0.7818314824680298,0.6234898018587336,1,1,-151,1,2610,0,0,0,0,2452198.24,3395896.49
2019-08-28,2019,8,3,2,28,-0.8660254037844384,-0.5000000000000004,0.9749279121818236,-0.22252093395631434,1,1,-150,1,2611,0,0,0,0,5201709.9,7205663.14
2019-08-29,2019,8,3,3,29,-0.8660254037844384,-0.5000000000000004,0.43388373911755823,-0.900968867902419,1,1,-149,1,2612,0,0,0,0,4504012.62,6055206.11
2019-08-30,2019,8,3,4,30,-0.8660254037844384,-0.5000000000000004,-0.433883739117558,-0.9009688679024191,1,1,-148,1,2613,0,0,0,0,5157053.02,6765323.43
2019-08-31,2019,8,3,5,31,-0.8660254037844384,-0.5000000000000004,-0.9749279121818236,-0.2225209339563146,1,1,-147,1,2614,0,0,0,0,5057671.9,6368386.98
2019-09-01,2019,9,3,6,1,-1.0,-1.8369701987210297e-16,-0.7818314824680299,0.6234898018587334,1,1,-146,1,2615,0,0,0,0,4505538.06,5575548.49
2019-09-02,2019,9,3,0,2,-1.0,-1.8369701987210297e-16,0.0,1.0,1,1,-145,1,2616,0,1,0,0,1524133.27,1524323.94
2019-09-03,2019,9,3,1,3,-1.0,-1.8369701987210297e-16,0.7818314824680298,0.6234898018587336,1,1,-144,1,2617,0,0,0,0,1594821.11,1372800.55
2019-09-04,2019,9,3,2,4,-1.0,-1.8369701987210297e-16,0.9749279121818236,-0.22252093395631434,1,1,-143,1,2618,0,0,0,0,870213.71,795474.98
2019-09-05,2019,9,3,3,5,-1.0,-1.8369701987210297e-16,0.43388373911755823,-0.900968867902419,1,1,-142,1,2619,0,0,0,0,1849227.68,1737296.3
2019-09-06,2019,9,3,4,6,-1.0,-1.8369701987210297e-16,-0.433883739117558,-0.9009688679024191,1,1,-141,1,2620,0,0,0,0,2055566.63,1816545.14
2019-09-07,2019,9,3,5,7,-1.0,-1.8369701987210297e-16,-0.9749279121818236,-0.2225209339563146,1,1,-140,1,2621,0,0,0,0,2056135.02,1821442.12
2019-09-08,2019,9,3,6,8,-1.0,-1.8369701987210297e-16,-0.7818314824680299,0.6234898018587334,1,1,-139,1,2622,0,0,0,0,2799308.76,2590587.34
2019-09-09,2019,9,3,0,9,-1.0,-1.8369701987210297e-16,0.0,1.0,1,1,-138,1,2623,0,0,0,0,3586421.12,3025750.34
2019-09-10,2019,9,3,1,10,-1.0,-1.8369701987210297e-16,0.7818314824680298,0.6234898018587336,1,1,-137,1,2624,0,0,0,0,2327550.31,2102928.06
2019-09-11,2019,9,3,2,11,-1.0,-1.8369701987210297e-16,0.9749279121818236,-0.22252093395631434,1,1,-136,1,2625,0,0,0,0,2579418.47,2224939.94
2019-09-12,2019,9,3,3,12,-1.0,-1.8369701987210297e-16,0.43388373911755823,-0.900968867902419,1,1,-135,1,2626,0,0,0,0,2239528.24,2055638.17
2019-09-13,2019,9,3,4,13,-1.0,-1.8369701987210297e-16,-0.433883739117558,-0.9009688679024191,1,1,-134,1,2627,0,0,0,0,2602979.12,2360984.02
2019-09-14,2019,9,3,5,14,-1.0,-1.8369701987210297e-16,-0.9749279121818236,-0.2225209339563146,1,1,-133,1,2628,0,0,0,0,2471379.44,2104170.27
2019-09-15,2019,9,3,6,15,-1.0,-1.8369701987210297e-16,-0.7818314824680299,0.6234898018587334,1,1,-132,1,2629,0,0,0,0,2704686.82,2355376.75
2019-09-16,2019,9,3,0,16,-1.0,-1.8369701987210297e-16,0.0,1.0,1,1,-131,1,2630,0,0,0,0,3377677.52,3056070.46
2019-09-17,2019,9,3,1,17,-1.0,-1.8369701987210297e-16,0.7818314824680298,0.6234898018587336,1,1,-130,1,2631,0,0,0,0,2208634.91,1901278.99
2019-09-18,2019,9,3,2,18,-1.0,-1.8369701987210297e-16,0.9749279121818236,-0.22252093395631434,1,1,-129,1,2632,0,0,0,0,2218355.01,1872520.36
2019-09-19,2019,9,3,3,19,-1.0,-1.8369701987210297e-16,0.43388373911755823,-0.900968867902419,1,1,-128,1,2633,0,0,0,0,2750834.47,2383301.79
2019-09-20,2019,9,3,4,20,-1.0,-1.8369701987210297e-16,-0.433883739117558,-0.9009688679024191,1,1,-127,1,2634,0,0,0,0,1849923.37,1616131.82
2019-09-21,2019,9,3,5,21,-1.0,-1.8369701987210297e-16,-0.9749279121818236,-0.2225209339563146,1,1,-126,1,2635,0,0,0,0,3723308.64,3312576.87
2019-09-22,2019,9,3,6,22,-1.0,-1.8369701987210297e-16,-0.7818314824680299,0.6234898018587334,1,1,-125,1,2636,0,0,0,0,3164897.45,2715456.74
2019-09-23,2019,9,3,0,23,-1.0,-1.8369701987210297e-16,0.0,1.0,1,1,-124,1,2637,0,0,0,0,3099449.09,2787237.94
2019-09-24,2019,9,3,1,24,-1.0,-1.8369701987210297e-16,0.7818314824680298,0.6234898018587336,1,1,-123,1,2638,0,0,0,0,2947408.34,2515101.0
2019-09-25,2019,9,3,2,25,-1.0,-1.8369701987210297e-16,0.9749279121818236,-0.22252093395631434,1,1,-122,1,2639,0,0,0,0,2898334.29,2483117.25
2019-09-26,2019,9,3,3,26,-1.0,-1.8369701987210297e-16,0.43388373911755823,-0.900968867902419,1,1,-121,1,2640,0,0,0,0,2908501.91,2610054.46
2019-09-27,2019,9,3,4,27,-1.0,-1.8369701987210297e-16,-0.433883739117558,-0.9009688679024191,1,1,-120,1,2641,0,0,0,0,3950186.78,3564014.93
2019-09-28,2019,9,3,5,28,-1.0,-1.8369701987210297e-16,-0.9749279121818236,-0.2225209339563146,1,1,-119,1,2642,0,0,0,0,3814692.18,3453282.93
2019-09-29,2019,9,3,6,29,-1.0,-1.8369701987210297e-16,-0.7818314824680299,0.6234898018587334,1,1,-118,1,2643,0,0,0,0,4292493.62,3763429.08
2019-09-30,2019,9,3,0,30,-1.0,-1.8369701987210297e-16,0.0,1.0,1,1,-117,1,2644,0,0,0,0,4319120.35,3566624.12
2019-10-01,2019,10,4,1,1,-0.8660254037844386,0.5000000000000001,0.7818314824680298,0.6234898018587336,1,1,-116,0,2645,0,0,0,0,3461580.0,2846842.32
2019-10-02,2019,10,4,2,2,-0.8660254037844386,0.5000000000000001,0.9749279121818236,-0.22252093395631434,1,1,-115,0,2646,0,0,0,0,1385364.76,1073130.28
2019-10-03,2019,10,4,3,3,-0.8660254037844386,0.5000000000000001,0.43388373911755823,-0.900968867902419,1,1,-114,0,2647,0,0,0,0,1326788.68,1033086.86
2019-10-04,2019,10,4,4,4,-0.8660254037844386,0.5000000000000001,-0.433883739117558,-0.9009688679024191,1,1,-113,0,2648,0,0,0,0,1866207.62,1478185.6
2019-10-05,2019,10,4,5,5,-0.8660254037844386,0.5000000000000001,-0.9749279121818236,-0.2225209339563146,1,1,-112,0,2649,0,0,0,0,1911023.55,1500730.35
2019-10-06,2019,10,4,6,6,-0.8660254037844386,0.5000000000000001,-0.7818314824680299,0.6234898018587334,1,1,-111,0,2650,0,0,0,0,2387439.44,1819262.68
2019-10-07,2019,10,4,0,7,-0.8660254037844386,0.5000000000000001,0.0,1.0,1,1,-110,0,2651,0,0,0,0,1999285.69,1511800.84
2019-10-08,2019,10,4,1,8,-0.8660254037844386,0.5000000000000001,0.7818314824680298,0.6234898018587336,1,1,-109,0,2652,0,0,0,0,1470915.7,1203719.05
2019-10-09,2019,10,4,2,9,-0.8660254037844386,0.5000000000000001,0.9749279121818236,-0.22252093395631434,1,1,-108,0,2653,0,0,0,0,1397689.65,1162543.67
2019-10-10,2019,10,4,3,10,-0.8660254037844386,0.5000000000000001,0.43388373911755823,-0.900968867902419,1,1,-107,0,2654,0,0,0,0,1458507.56,1177103.47
2019-10-11,2019,10,4,4,11,-0.8660254037844386,0.5000000000000001,-0.433883739117558,-0.9009688679024191,1,1,-106,0,2655,0,0,0,0,2040409.76,1602691.87
2019-10-12,2019,10,4,5,12,-0.8660254037844386,0.5000000000000001,-0.9749279121818236,-0.2225209339563146,1,1,-105,0,2656,0,0,0,0,1557560.26,1243446.67
2019-10-13,2019,10,4,6,13,-0.8660254037844386,0.5000000000000001,-0.7818314824680299,0.6234898018587334,1,1,-104,0,2657,0,0,0,0,2002257.12,1582043.04
2019-10-14,2019,10,4,0,14,-0.8660254037844386,0.5000000000000001,0.0,1.0,1,1,-103,0,2658,0,0,0,0,1775994.7,1462978.37
2019-10-15,2019,10,4,1,15,-0.8660254037844386,0.5000000000000001,0.7818314824680298,0.6234898018587336,1,1,-102,0,2659,0,0,0,0,2018887.59,1548517.17
2019-10-16,2019,10,4,2,16,-0.8660254037844386,0.5000000000000001,0.9749279121818236,-0.22252093395631434,1,1,-101,0,2660,0,0,0,0,1464108.41,1141541.16
2019-10-17,2019,10,4,3,17,-0.8660254037844386,0.5000000000000001,0.43388373911755823,-0.900968867902419,1,1,-100,0,2661,0,0,0,0,1372058.65,1046890.17
2019-10-18,2019,10,4,4,18,-0.8660254037844386,0.5000000000000001,-0.433883739117558,-0.9009688679024191,1,1,-99,0,2662,0,0,0,0,1653633.26,1278811.6
2019-10-19,2019,10,4,5,19,-0.8660254037844386,0.5000000000000001,-0.9749279121818236,-0.2225209339563146,1,1,-98,0,2663,0,0,0,0,2811323.63,2269521.38
2019-10-20,2019,10,4,6,20,-0.8660254037844386,0.5000000000000001,-0.7818314824680299,0.6234898018587334,1,1,-97,0,2664,0,0,0,0,2844841.01,2392660.05
2019-10-21,2019,10,4,0,21,-0.8660254037844386,0.5000000000000001,0.0,1.0,1,1,-96,0,2665,0,0,0,0,2711153.32,2148763.37
2019-10-22,2019,10,4,1,22,-0.8660254037844386,0.5000000000000001,0.7818314824680298,0.6234898018587336,1,1,-95,0,2666,0,0,0,0,2214683.33,1838977.01
2019-10-23,2019,10,4,2,23,-0.8660254037844386,0.5000000000000001,0.9749279121818236,-0.22252093395631434,1,1,-94,0,2667,0,0,0,0,1759141.45,1358481.77
2019-10-24,2019,10,4,3,24,-0.8660254037844386,0.5000000000000001,0.43388373911755823,-0.900968867902419,1,1,-93,0,2668,0,0,0,0,2022900.04,1666320.71
2019-10-25,2019,10,4,4,25,-0.8660254037844386,0.5000000000000001,-0.433883739117558,-0.9009688679024191,1,1,-92,0,2669,0,0,0,0,3187144.16,2421364.94
2019-10-26,2019,10,4,5,26,-0.8660254037844386,0.5000000000000001,-0.9749279121818236,-0.2225209339563146,1,1,-91,0,2670,0,0,0,0,2566324.34,2091249.47
2019-10-27,2019,10,4,6,27,-0.8660254037844386,0.5000000000000001,-0.7818314824680299,0.6234898018587334,1,1,-90,0,2671,0,0,0,0,2753908.73,2215124.51
2019-10-28,2019,10,4,0,28,-0.8660254037844386,0.5000000000000001,0.0,1.0,1,1,-89,0,2672,0,0,0,0,4549329.18,3685783.91
2019-10-29,2019,10,4,1,29,-0.8660254037844386,0.5000000000000001,0.7818314824680298,0.6234898018587336,1,1,-88,0,2673,0,0,0,0,4173624.95,3482498.58
2019-10-30,2019,10,4,2,30,-0.8660254037844386,0.5000000000000001,0.9749279121818236,-0.22252093395631434,1,1,-87,0,2674,0,0,0,0,4011152.34,3303293.41
2019-10-31,2019,10,4,3,31,-0.8660254037844386,0.5000000000000001,0.43388373911755823,-0.900968867902419,1,1,-86,0,2675,0,0,0,0,3902622.14,3200919.46
2019-11-01,2019,11,4,4,1,-0.5000000000000004,0.8660254037844384,-0.433883739117558,-0.9009688679024191,1,1,-85,1,2676,0,0,0,0,2457372.77,1859550.39
2019-11-02,2019,11,4,5,2,-0.5000000000000004,0.8660254037844384,-0.9749279121818236,-0.2225209339563146,1,1,-84,1,2677,0,0,0,0,1251673.78,1011108.33
2019-11-03,2019,11,4,6,3,-0.5000000000000004,0.8660254037844384,-0.7818314824680299,0.6234898018587334,1,1,-83,1,2678,0,0,0,0,1429798.26,1038587.83
2019-11-04,2019,11,4,0,4,-0.5000000000000004,0.8660254037844384,0.0,1.0,1,1,-82,1,2679,0,0,0,0,1262571.36,995581.04
2019-11-05,2019,11,4,1,5,-0.5000000000000004,0.8660254037844384,0.7818314824680298,0.6234898018587336,1,1,-81,1,2680,0,0,0,0,1612667.27,1321321.71
2019-11-06,2019,11,4,2,6,-0.5000000000000004,0.8660254037844384,0.9749279121818236,-0.22252093395631434,1,1,-80,1,2681,0,0,0,0,1293265.9,977612.75
2019-11-07,2019,11,4,3,7,-0.5000000000000004,0.8660254037844384,0.43388373911755823,-0.900968867902419,1,1,-79,1,2682,0,0,0,0,1946539.7,1520179.67
2019-11-08,2019,11,4,4,8,-0.5000000000000004,0.8660254037844384,-0.433883739117558,-0.9009688679024191,1,1,-78,1,2683,0,0,0,0,1109713.24,903061.67
2019-11-09,2019,11,4,5,9,-0.5000000000000004,0.8660254037844384,-0.9749279121818236,-0.2225209339563146,1,1,-77,1,2684,0,0,0,0,2311380.72,1875909.56
2019-11-10,2019,11,4,6,10,-0.5000000000000004,0.8660254037844384,-0.7818314824680299,0.6234898018587334,1,1,-76,1,2685,0,0,0,0,3011648.48,2352435.67
2019-11-11,2019,11,4,0,11,-0.5000000000000004,0.8660254037844384,0.0,1.0,1,1,-75,1,2686,0,0,0,0,2092297.23,1711092.76
2019-11-12,2019,11,4,1,12,-0.5000000000000004,0.8660254037844384,0.7818314824680298,0.6234898018587336,1,1,-74,1,2687,0,0,0,0,2105090.82,1720904.41
2019-11-13,2019,11,4,2,13,-0.5000000000000004,0.8660254037844384,0.9749279121818236,-0.22252093395631434,1,1,-73,1,2688,0,0,0,0,2427345.64,1997625.77
2019-11-14,2019,11,4,3,14,-0.5000000000000004,0.8660254037844384,0.43388373911755823,-0.900968867902419,1,1,-72,1,2689,0,0,0,0,2269908.4,1766713.41
2019-11-15,2019,11,4,4,15,-0.5000000000000004,0.8660254037844384,-0.433883739117558,-0.9009688679024191,1,1,-71,1,2690,0,0,0,0,2141001.63,1662947.41
2019-11-16,2019,11,4,5,16,-0.5000000000000004,0.8660254037844384,-0.9749279121818236,-0.2225209339563146,1,1,-70,1,2691,0,0,0,0,1941582.58,1536690.27
2019-11-17,2019,11,4,6,17,-0.5000000000000004,0.8660254037844384,-0.7818314824680299,0.6234898018587334,1,1,-69,1,2692,0,0,0,0,2590750.35,2104287.3
2019-11-18,2019,11,4,0,18,-0.5000000000000004,0.8660254037844384,0.0,1.0,1,1,-68,1,2693,0,0,0,0,2099691.1,1835944.86
2019-11-19,2019,11,4,1,19,-0.5000000000000004,0.8660254037844384,0.7818314824680298,0.6234898018587336,1,1,-67,1,2694,0,0,0,0,1303736.25,1077699.56
2019-11-20,2019,11,4,2,20,-0.5000000000000004,0.8660254037844384,0.9749279121818236,-0.22252093395631434,1,1,-66,1,2695,0,0,0,0,1211508.93,1056017.89
2019-11-21,2019,11,4,3,21,-0.5000000000000004,0.8660254037844384,0.43388373911755823,-0.900968867902419,1,1,-65,1,2696,0,0,0,0,1758120.57,1675422.59
2019-11-22,2019,11,4,4,22,-0.5000000000000004,0.8660254037844384,-0.433883739117558,-0.9009688679024191,1,1,-64,1,2697,0,0,0,0,1717259.82,1683212.87
2019-11-23,2019,11,4,5,23,-0.5000000000000004,0.8660254037844384,-0.9749279121818236,-0.2225209339563146,1,1,-63,1,2698,0,0,0,0,1275541.97,1314745.82
2019-11-24,2019,11,4,6,24,-0.5000000000000004,0.8660254037844384,-0.7818314824680299,0.6234898018587334,1,1,-62,1,2699,0,0,0,0,1513582.11,1601636.32
2019-11-25,2019,11,4,0,25,-0.5000000000000004,0.8660254037844384,0.0,1.0,1,1,-61,1,2700,0,0,0,0,1823713.36,1796200.75
2019-11-26,2019,11,4,1,26,-0.5000000000000004,0.8660254037844384,0.7818314824680298,0.6234898018587336,1,1,-60,1,2701,0,0,0,0,1658805.72,1632988.64
2019-11-27,2019,11,4,2,27,-0.5000000000000004,0.8660254037844384,0.9749279121818236,-0.22252093395631434,1,1,-59,1,2702,0,0,0,0,1673862.79,1730384.96
2019-11-28,2019,11,4,3,28,-0.5000000000000004,0.8660254037844384,0.43388373911755823,-0.900968867902419,1,1,-58,1,2703,0,0,0,0,2283224.58,2385990.97
2019-11-29,2019,11,4,4,29,-0.5000000000000004,0.8660254037844384,-0.433883739117558,-0.9009688679024191,1,1,-57,1,2704,0,0,0,0,1727675.92,1763358.52
2019-11-30,2019,11,4,5,30,-0.5000000000000004,0.8660254037844384,-0.9749279121818236,-0.2225209339563146,1,1,-56,1,2705,0,0,0,0,1706944.78,1590980.52
2019-12-01,2019,12,4,6,1,-2.4492935982947064e-16,1.0,-0.7818314824680299,0.6234898018587334,1,1,-55,1,2706,0,0,0,0,1570052.1,1541270.84
2019-12-02,2019,12,4,0,2,-2.4492935982947064e-16,1.0,0.0,1.0,1,1,-54,1,2707,0,0,0,0,939051.09,913949.28
2019-12-03,2019,12,4,1,3,-2.4492935982947064e-16,1.0,0.7818314824680298,0.6234898018587336,1,1,-53,1,2708,0,0,0,0,1049432.49,1050128.15
2019-12-04,2019,12,4,2,4,-2.4492935982947064e-16,1.0,0.9749279121818236,-0.22252093395631434,1,1,-52,1,2709,0,0,0,0,808148.29,776278.66
2019-12-05,2019,12,4,3,5,-2.4492935982947064e-16,1.0,0.43388373911755823,-0.900968867902419,1,1,-51,1,2710,0,0,0,0,584316.21,549261.88
2019-12-06,2019,12,4,4,6,-2.4492935982947064e-16,1.0,-0.433883739117558,-0.9009688679024191,1,1,-50,1,2711,0,0,0,0,1028672.61,965955.9
2019-12-07,2019,12,4,5,7,-2.4492935982947064e-16,1.0,-0.9749279121818236,-0.2225209339563146,1,1,-49,1,2712,0,0,0,0,1004670.88,991134.01
2019-12-08,2019,12,4,6,8,-2.4492935982947064e-16,1.0,-0.7818314824680299,0.6234898018587334,1,1,-48,1,2713,0,0,0,0,992442.58,1015934.13
2019-12-09,2019,12,4,0,9,-2.4492935982947064e-16,1.0,0.0,1.0,1,1,-47,1,2714,0,0,0,0,1419175.87,1414450.62
2019-12-10,2019,12,4,1,10,-2.4492935982947064e-16,1.0,0.7818314824680298,0.6234898018587336,1,1,-46,1,2715,0,0,0,0,902926.09,843652.61
2019-12-11,2019,12,4,2,11,-2.4492935982947064e-16,1.0,0.9749279121818236,-0.22252093395631434,1,1,-45,1,2716,0,0,0,0,1013400.28,984737.87
2019-12-12,2019,12,4,3,12,-2.4492935982947064e-16,1.0,0.43388373911755823,-0.900968867902419,1,1,-44,1,2717,0,0,0,0,928048.97,925066.67
2019-12-13,2019,12,4,4,13,-2.4492935982947064e-16,1.0,-0.433883739117558,-0.9009688679024191,1,1,-43,1,2718,0,0,0,0,1377941.74,1350365.69
2019-12-14,2019,12,4,5,14,-2.4492935982947064e-16,1.0,-0.9749279121818236,-0.2225209339563146,1,1,-42,1,2719,0,0,0,0,1133983.1,1100467.71
2019-12-15,2019,12,4,6,15,-2.4492935982947064e-16,1.0,-0.7818314824680299,0.6234898018587334,1,1,-41,1,2720,0,0,0,0,1178357.1,1177403.13
2019-12-16,2019,12,4,0,16,-2.4492935982947064e-16,1.0,0.0,1.0,1,1,-40,1,2721,0,0,0,0,2441615.29,2435335.9
2019-12-17,2019,12,4,1,17,-2.4492935982947064e-16,1.0,0.7818314824680298,0.6234898018587336,1,1,-39,1,2722,0,0,0,0,1509802.09,1466889.03
2019-12-18,2019,12,4,2,18,-2.4492935982947064e-16,1.0,0.9749279121818236,-0.22252093395631434,1,1,-38,1,2723,0,0,0,0,1081751.46,1118946.01
2019-12-19,2019,12,4,3,19,-2.4492935982947064e-16,1.0,0.43388373911755823,-0.900968867902419,1,1,-37,1,2724,0,0,0,0,1755344.65,1729566.17
2019-12-20,2019,12,4,4,20,-2.4492935982947064e-16,1.0,-0.433883739117558,-0.9009688679024191,1,1,-36,1,2725,0,0,0,0,1591897.49,1519651.21
2019-12-21,2019,12,4,5,21,-2.4492935982947064e-16,1.0,-0.9749279121818236,-0.2225209339563146,1,1,-35,1,2726,0,0,0,0,1604411.0,1557139.8
2019-12-22,2019,12,4,6,22,-2.4492935982947064e-16,1.0,-0.7818314824680299,0.6234898018587334,1,1,-34,1,2727,0,0,0,0,1998393.15,2053342.91
2019-12-23,2019,12,4,0,23,-2.4492935982947064e-16,1.0,0.0,1.0,1,1,-33,1,2728,0,0,0,0,1553261.7,1489890.38
2019-12-24,2019,12,4,1,24,-2.4492935982947064e-16,1.0,0.7818314824680298,0.6234898018587336,1,1,-32,1,2729,0,0,0,0,1516895.67,1497007.31
2019-12-25,2019,12,4,2,25,-2.4492935982947064e-16,1.0,0.9749279121818236,-0.22252093395631434,1,1,-31,1,2730,0,0,1,0,1299670.93,1288364.93
2019-12-26,2019,12,4,3,26,-2.4492935982947064e-16,1.0,0.43388373911755823,-0.900968867902419,1,1,-30,1,2731,0,0,0,0,962186.25,831064.78
2019-12-27,2019,12,4,4,27,-2.4492935982947064e-16,1.0,-0.433883739117558,-0.9009688679024191,1,1,-29,1,2732,0,0,0,0,2014300.3,2077708.75
2019-12-28,2019,12,4,5,28,-2.4492935982947064e-16,1.0,-0.9749279121818236,-0.2225209339563146,1,1,-28,1,2733,0,0,0,0,3502828.06,3565984.26
2019-12-29,2019,12,4,6,29,-2.4492935982947064e-16,1.0,-0.7818314824680299,0.6234898018587334,1,1,-27,1,2734,0,0,0,0,3313547.73,3269447.73
2019-12-30,2019,12,4,0,30,-2.4492935982947064e-16,1.0,0.0,1.0,1,1,-26,1,2735,0,0,0,0,3576704.95,3493583.35
2019-12-31,2019,12,4,1,31,-2.4492935982947064e-16,1.0,0.7818314824680298,0.6234898018587336,1,1,-25,1,2736,0,0,0,0,2778326.07,2777906.18
2020-01-01,2020,1,1,2,1,0.49999999999999994,0.8660254037844387,0.9749279121818236,-0.22252093395631434,1,1,-24,0,2737,0,0,0,0,1871817.88,1823332.03
2020-01-02,2020,1,1,3,2,0.49999999999999994,0.8660254037844387,0.43388373911755823,-0.900968867902419,1,1,-23,0,2738,0,0,0,0,306693.87,273455.38
2020-01-03,2020,1,1,4,3,0.49999999999999994,0.8660254037844387,-0.433883739117558,-0.9009688679024191,1,1,-22,0,2739,0,0,0,0,766406.86,609099.87
2020-01-04,2020,1,1,5,4,0.49999999999999994,0.8660254037844387,-0.9749279121818236,-0.2225209339563146,1,1,-21,0,2740,0,0,0,0,888245.03,704147.35
2020-01-05,2020,1,1,6,5,0.49999999999999994,0.8660254037844387,-0.7818314824680299,0.6234898018587334,1,1,-20,0,2741,0,0,0,0,1285208.07,1020467.61
2020-01-06,2020,1,1,0,6,0.49999999999999994,0.8660254037844387,0.0,1.0,1,1,-19,0,2742,0,0,0,0,970782.47,779316.08
2020-01-07,2020,1,1,1,7,0.49999999999999994,0.8660254037844387,0.7818314824680298,0.6234898018587336,1,1,-18,0,2743,0,0,0,0,764267.46,602605.56
2020-01-08,2020,1,1,2,8,0.49999999999999994,0.8660254037844387,0.9749279121818236,-0.22252093395631434,1,1,-17,0,2744,0,0,0,0,1107287.26,894624.14
2020-01-09,2020,1,1,3,9,0.49999999999999994,0.8660254037844387,0.43388373911755823,-0.900968867902419,1,1,-16,0,2745,0,0,0,0,1056334.6,871321.63
2020-01-10,2020,1,1,4,10,0.49999999999999994,0.8660254037844387,-0.433883739117558,-0.9009688679024191,1,1,-15,0,2746,0,0,0,0,1052535.45,809623.15
2020-01-11,2020,1,1,5,11,0.49999999999999994,0.8660254037844387,-0.9749279121818236,-0.2225209339563146,1,1,-14,0,2747,0,0,0,0,1482481.4,1217653.88
2020-01-12,2020,1,1,6,12,0.49999999999999994,0.8660254037844387,-0.7818314824680299,0.6234898018587334,1,1,-13,0,2748,0,0,0,0,1377373.92,1076992.76
2020-01-13,2020,1,1,0,13,0.49999999999999994,0.8660254037844387,0.0,1.0,1,1,-12,0,2749,0,0,0,0,1823598.04,1448101.5
2020-01-14,2020,1,1,1,14,0.49999999999999994,0.8660254037844387,0.7818314824680298,0.6234898018587336,1,1,-11,0,2750,0,0,0,0,1243925.22,978766.56
2020-01-15,2020,1,1,2,15,0.49999999999999994,0.8660254037844387,0.9749279121818236,-0.22252093395631434,1,1,-10,0,2751,0,0,0,0,1380005.06,1018100.72
2020-01-16,2020,1,1,3,16,0.49999999999999994,0.8660254037844387,0.43388373911755823,-0.900968867902419,1,1,-9,0,2752,0,0,0,0,1030944.9,795470.95
2020-01-17,2020,1,1,4,17,0.49999999999999994,0.8660254037844387,-0.433883739117558,-0.9009688679024191,1,1,-8,0,2753,0,0,0,0,1830660.94,1431085.31
2020-01-18,2020,1,1,5,18,0.49999999999999994,0.8660254037844387,-0.9749279121818236,-0.2225209339563146,1,1,-7,0,2754,0,0,0,0,1766837.19,1324243.87
2020-01-19,2020,1,1,6,19,0.49999999999999994,0.8660254037844387,-0.7818314824680299,0.6234898018587334,1,1,-6,0,2755,0,0,0,0,1524971.65,1235381.65
2020-01-20,2020,1,1,0,20,0.49999999999999994,0.8660254037844387,0.0,1.0,1,1,-5,0,2756,0,0,0,0,1754063.39,1357099.14
2020-01-21,2020,1,1,1,21,0.49999999999999994,0.8660254037844387,0.7818314824680298,0.6234898018587336,1,1,-4,0,2757,0,0,0,0,1339757.99,1058996.46
2020-01-22,2020,1,1,2,22,0.49999999999999994,0.8660254037844387,0.9749279121818236,-0.22252093395631434,1,1,-3,0,2758,0,0,0,0,1519425.6,1259362.61
2020-01-23,2020,1,1,3,23,0.49999999999999994,0.8660254037844387,0.43388373911755823,-0.900968867902419,1,1,-2,0,2759,0,0,0,0,1004242.27,765471.69
2020-01-24,2020,1,1,4,24,0.49999999999999994,0.8660254037844387,-0.433883739117558,-0.9009688679024191,1,1,-1,0,2760,0,0,0,0,1704378.2,1375285.81
2020-01-25,2020,1,1,5,25,0.49999999999999994,0.8660254037844387,-0.9749279121818236,-0.2225209339563146,1,1,0,0,2761,0,0,0,0,1822074.98,1406914.83
2020-01-26,2020,1,1,6,26,0.49999999999999994,0.8660254037844387,-0.7818314824680299,0.6234898018587334,1,1,1,0,2762,0,0,0,0,2456410.62,1973809.59
2020-01-27,2020,1,1,0,27,0.49999999999999994,0.8660254037844387,0.0,1.0,1,1,2,0,2763,0,0,0,0,3063079.4,2398030.81
2020-01-28,2020,1,1,1,28,0.49999999999999994,0.8660254037844387,0.7818314824680298,0.6234898018587336,1,1,3,0,2764,0,0,0,0,2756106.46,2116903.62
2020-01-29,2020,1,1,2,29,0.49999999999999994,0.8660254037844387,0.9749279121818236,-0.22252093395631434,1,1,4,0,2765,0,0,0,0,2649423.01,2056424.25
2020-01-30,2020,1,1,3,30,0.49999999999999994,0.8660254037844387,0.43388373911755823,-0.900968867902419,1,1,5,0,2766,0,0,0,0,2487204.75,2078176.85
2020-01-31,2020,1,1,4,31,0.49999999999999994,0.8660254037844387,-0.433883739117558,-0.9009688679024191,1,1,6,0,2767,0,0,0,0,1641713.06,1229647.19
2020-02-01,2020,2,1,5,1,0.8660254037844386,0.5000000000000001,-0.9749279121818236,-0.2225209339563146,1,1,7,0,2768,0,0,0,0,1463943.76,1142123.1
2020-02-02,2020,2,1,6,2,0.8660254037844386,0.5000000000000001,-0.7818314824680299,0.6234898018587334,1,1,8,0,2769,0,0,0,0,1093114.88,845764.23
2020-02-03,2020,2,1,0,3,0.8660254037844386,0.5000000000000001,0.0,1.0,1,1,9,0,2770,0,0,0,0,1316072.4,1043180.49
2020-02-04,2020,2,1,1,4,0.8660254037844386,0.5000000000000001,0.7818314824680298,0.6234898018587336,1,1,10,0,2771,0,0,0,0,1029616.88,806175.81
2020-02-05,2020,2,1,2,5,0.8660254037844386,0.5000000000000001,0.9749279121818236,-0.22252093395631434,1,1,11,0,2772,0,0,0,0,1584431.42,1282491.8
2020-02-06,2020,2,1,3,6,0.8660254037844386,0.5000000000000001,0.43388373911755823,-0.900968867902419,1,1,12,0,2773,0,0,0,0,1426441.72,1176781.21
2020-02-07,2020,2,1,4,7,0.8660254037844386,0.5000000000000001,-0.433883739117558,-0.9009688679024191,1,1,13,0,2774,0,0,0,0,1459386.86,1149577.39
2020-02-08,2020,2,1,5,8,0.8660254037844386,0.5000000000000001,-0.9749279121818236,-0.2225209339563146,1,1,14,0,2775,0,0,0,0,2184212.09,1826022.53
2020-02-09,2020,2,1,6,9,0.8660254037844386,0.5000000000000001,-0.7818314824680299,0.6234898018587334,1,1,15,0,2776,0,0,0,0,2055783.58,1523755.95
2020-02-10,2020,2,1,0,10,0.8660254037844386,0.5000000000000001,0.0,1.0,1,1,16,0,2777,0,0,0,0,2291998.17,1847054.74
2020-02-11,2020,2,1,1,11,0.8660254037844386,0.5000000000000001,0.7818314824680298,0.6234898018587336,1,1,17,0,2778,0,0,0,0,1213349.37,971610.69
2020-02-12,2020,2,1,2,12,0.8660254037844386,0.5000000000000001,0.9749279121818236,-0.22252093395631434,1,1,18,0,2779,0,0,0,0,1321005.73,1096334.73
2020-02-13,2020,2,1,3,13,0.8660254037844386,0.5000000000000001,0.43388373911755823,-0.900968867902419,1,1,19,0,2780,0,0,0,0,1581431.75,1352362.12
2020-02-14,2020,2,1,4,14,0.8660254037844386,0.5000000000000001,-0.433883739117558,-0.9009688679024191,1,1,20,0,2781,0,0,0,0,2037539.68,1651978.34
2020-02-15,2020,2,1,5,15,0.8660254037844386,0.5000000000000001,-0.9749279121818236,-0.2225209339563146,1,1,21,0,2782,0,0,0,0,2021731.66,1579252.08
2020-02-16,2020,2,1,6,16,0.8660254037844386,0.5000000000000001,-0.7818314824680299,0.6234898018587334,1,1,22,0,2783,0,0,0,0,2850540.94,2254151.72
2020-02-17,2020,2,1,0,17,0.8660254037844386,0.5000000000000001,0.0,1.0,1,1,23,0,2784,0,0,0,0,3027388.85,2358428.94
2020-02-18,2020,2,1,1,18,0.8660254037844386,0.5000000000000001,0.7818314824680298,0.6234898018587336,1,1,24,0,2785,0,0,0,0,1906269.53,1488503.07
2020-02-19,2020,2,1,2,19,0.8660254037844386,0.5000000000000001,0.9749279121818236,-0.22252093395631434,1,1,25,0,2786,0,0,0,0,2587869.93,2040282.29
2020-02-20,2020,2,1,3,20,0.8660254037844386,0.5000000000000001,0.43388373911755823,-0.900968867902419,1,1,26,0,2787,0,0,0,0,2179252.94,1655887.69
2020-02-21,2020,2,1,4,21,0.8660254037844386,0.5000000000000001,-0.433883739117558,-0.9009688679024191,1,1,27,0,2788,0,0,0,0,1875282.27,1484938.15
2020-02-22,2020,2,1,5,22,0.8660254037844386,0.5000000000000001,-0.9749279121818236,-0.2225209339563146,1,1,28,0,2789,0,0,0,0,2816611.42,2298912.93
2020-02-23,2020,2,1,6,23,0.8660254037844386,0.5000000000000001,-0.7818314824680299,0.6234898018587334,1,1,29,0,2790,0,0,0,0,3660447.62,2943311.48
2020-02-24,2020,2,1,0,24,0.8660254037844386,0.5000000000000001,0.0,1.0,1,1,30,0,2791,0,0,0,0,4913668.98,3894010.08
2020-02-25,2020,2,1,1,25,0.8660254037844386,0.5000000000000001,0.7818314824680298,0.6234898018587336,1,1,31,0,2792,0,0,0,0,3883383.17,3094926.07
2020-02-26,2020,2,1,2,26,0.8660254037844386,0.5000000000000001,0.9749279121818236,-0.22252093395631434,1,1,32,0,2793,0,0,0,0,3776016.2,3155920.72
2020-02-27,2020,2,1,3,27,0.8660254037844386,0.5000000000000001,0.43388373911755823,-0.900968867902419,1,1,33,0,2794,0,0,0,0,2799802.2,2267130.6
2020-02-28,2020,2,1,4,28,0.8660254037844386,0.5000000000000001,-0.433883739117558,-0.9009688679024191,1,1,34,0,2795,0,0,0,0,1651589.28,1198881.14
2020-02-29,2020,2,1,5,29,0.8660254037844386,0.5000000000000001,-0.9749279121818236,-0.2225209339563146,1,1,35,0,2796,0,0,0,0,440505.08,389641.44
2020-03-01,2020,3,1,6,1,1.0,6.123233995736766e-17,-0.7818314824680299,0.6234898018587334,1,1,36,0,2797,0,0,0,0,574193.42,436323.03
2020-03-02,2020,3,1,0,2,1.0,6.123233995736766e-17,0.0,1.0,1,1,37,0,2798,0,0,0,0,723891.53,597321.16
2020-03-03,2020,3,1,1,3,1.0,6.123233995736766e-17,0.7818314824680298,0.6234898018587336,1,1,38,0,2799,0,0,0,0,943222.71,762767.07
2020-03-04,2020,3,1,2,4,1.0,6.123233995736766e-17,0.9749279121818236,-0.22252093395631434,1,1,39,0,2800,0,0,0,0,1909614.63,1505586.81
2020-03-05,2020,3,1,3,5,1.0,6.123233995736766e-17,0.43388373911755823,-0.900968867902419,1,1,40,0,2801,0,0,0,0,2333220.72,1843371.65
2020-03-06,2020,3,1,4,6,1.0,6.123233995736766e-17,-0.433883739117558,-0.9009688679024191,1,1,41,0,2802,0,0,0,0,1511362.89,1171921.71
2020-03-07,2020,3,1,5,7,1.0,6.123233995736766e-17,-0.9749279121818236,-0.2225209339563146,1,1,42,0,2803,0,0,0,0,1871812.61,1532326.46
2020-03-08,2020,3,1,6,8,1.0,6.123233995736766e-17,-0.7818314824680299,0.6234898018587334,1,1,43,0,2804,0,0,0,0,2407053.63,1849597.49
2020-03-09,2020,3,1,0,9,1.0,6.123233995736766e-17,0.0,1.0,1,1,44,0,2805,0,0,0,0,2614688.4,2090705.98
2020-03-10,2020,3,1,1,10,1.0,6.123233995736766e-17,0.7818314824680298,0.6234898018587336,1,1,45,0,2806,0,0,0,0,2160515.74,1668007.68
2020-03-11,2020,3,1,2,11,1.0,6.123233995736766e-17,0.9749279121818236,-0.22252093395631434,1,1,46,0,2807,0,0,0,0,3433278.78,2692451.6
2020-03-12,2020,3,1,3,12,1.0,6.123233995736766e-17,0.43388373911755823,-0.900968867902419,1,1,47,0,2808,0,0,0,0,4588363.52,3791750.44
2020-03-13,2020,3,1,4,13,1.0,6.123233995736766e-17,-0.433883739117558,-0.9009688679024191,1,1,48,0,2809,0,0,0,0,3021810.51,2369481.88
2020-03-14,2020,3,1,5,14,1.0,6.123233995736766e-17,-0.9749279121818236,-0.2225209339563146,1,1,49,0,2810,0,0,0,0,2973651.06,2401421.48
2020-03-15,2020,3,1,6,15,1.0,6.123233995736766e-17,-0.7818314824680299,0.6234898018587334,1,1,50,0,2811,0,0,0,0,3221293.98,2639677.91
2020-03-16,2020,3,1,0,16,1.0,6.123233995736766e-17,0.0,1.0,1,1,51,0,2812,0,0,0,0,3825962.41,3158330.02
2020-03-17,2020,3,1,1,17,1.0,6.123233995736766e-17,0.7818314824680298,0.6234898018587336,1,1,52,0,2813,0,0,0,0,3337087.52,2593918.94
2020-03-18,2020,3,1,2,18,1.0,6.123233995736766e-17,0.9749279121818236,-0.22252093395631434,1,1,53,0,2814,0,0,0,0,4361415.01,3636509.4
2020-03-19,2020,3,1,3,19,1.0,6.123233995736766e-17,0.43388373911755823,-0.900968867902419,1,1,54,0,2815,0,0,0,0,4192556.63,3408251.62
2020-03-20,2020,3,1,4,20,1.0,6.123233995736766e-17,-0.433883739117558,-0.9009688679024191,1,1,55,0,2816,0,0,0,0,4714923.6,4026187.52
2020-03-21,2020,3,1,5,21,1.0,6.123233995736766e-17,-0.9749279121818236,-0.2225209339563146,1,1,56,0,2817,0,0,0,0,3786624.27,3364585.08
2020-03-22,2020,3,1,6,22,1.0,6.123233995736766e-17,-0.7818314824680299,0.6234898018587334,1,1,57,0,2818,0,0,0,0,3660217.49,3308325.46
2020-03-23,2020,3,1,0,23,1.0,6.123233995736766e-17,0.0,1.0,1,1,58,0,2819,0,0,0,0,4599846.79,4217636.5
2020-03-24,2020,3,1,1,24,1.0,6.123233995736766e-17,0.7818314824680298,0.6234898018587336,1,1,59,0,2820,0,0,0,0,3777061.29,3491500.34
2020-03-25,2020,3,1,2,25,1.0,6.123233995736766e-17,0.9749279121818236,-0.22252093395631434,1,1,60,0,2821,0,0,0,0,5473119.8,4913905.47
2020-03-26,2020,3,1,3,26,1.0,6.123233995736766e-17,0.43388373911755823,-0.900968867902419,1,1,61,0,2822,0,0,0,0,4976074.87,4486016.71
2020-03-27,2020,3,1,4,27,1.0,6.123233995736766e-17,-0.433883739117558,-0.9009688679024191,1,1,62,0,2823,0,0,0,0,5292649.55,4770553.08
2020-03-28,2020,3,1,5,28,1.0,6.123233995736766e-17,-0.9749279121818236,-0.2225209339563146,1,1,63,0,2824,0,0,0,0,4107108.15,3626441.43
2020-03-29,2020,3,1,6,29,1.0,6.123233995736766e-17,-0.7818314824680299,0.6234898018587334,1,1,64,0,2825,0,0,0,0,4853424.1,4204693.19
2020-03-30,2020,3,1,0,30,1.0,6.123233995736766e-17,0.0,1.0,1,1,65,0,2826,0,0,0,0,8661154.35,7724558.44
2020-03-31,2020,3,1,1,31,1.0,6.123233995736766e-17,0.7818314824680298,0.6234898018587336,1,1,66,0,2827,0,0,0,0,7897174.25,7105527.86
2020-04-01,2020,4,2,2,1,0.8660254037844387,-0.49999999999999983,0.9749279121818236,-0.22252093395631434,1,1,67,0,2828,0,0,0,0,8755809.46,7957568.75
2020-04-02,2020,4,2,3,2,0.8660254037844387,-0.49999999999999983,0.43388373911755823,-0.900968867902419,1,1,68,0,2829,0,0,0,0,7577709.18,6681340.51
2020-04-03,2020,4,2,4,3,0.8660254037844387,-0.49999999999999983,-0.433883739117558,-0.9009688679024191,1,1,69,0,2830,0,0,0,0,6784809.88,6004344.42
2020-04-04,2020,4,2,5,4,0.8660254037844387,-0.49999999999999983,-0.9749279121818236,-0.2225209339563146,1,1,70,0,2831,0,0,0,0,2596249.84,2421613.19
2020-04-05,2020,4,2,6,5,0.8660254037844387,-0.49999999999999983,-0.7818314824680299,0.6234898018587334,1,1,71,0,2832,0,0,0,0,2270549.35,2115323.24
2020-04-06,2020,4,2,0,6,0.8660254037844387,-0.49999999999999983,0.0,1.0,1,1,72,0,2833,0,0,0,0,2174513.69,1986210.77
2020-04-07,2020,4,2,1,7,0.8660254037844387,-0.49999999999999983,0.7818314824680298,0.6234898018587336,1,1,73,0,2834,0,0,0,0,2970609.75,2686271.15
2020-04-08,2020,4,2,2,8,0.8660254037844387,-0.49999999999999983,0.9749279121818236,-0.22252093395631434,1,1,74,0,2835,0,0,0,0,4245321.13,3850661.27
2020-04-09,2020,4,2,3,9,0.8660254037844387,-0.49999999999999983,0.43388373911755823,-0.900968867902419,1,1,75,0,2836,0,0,0,0,3887991.65,3427172.36
2020-04-10,2020,4,2,4,10,0.8660254037844387,-0.49999999999999983,-0.433883739117558,-0.9009688679024191,1,1,76,0,2837,0,0,0,0,3023393.36,2760209.97
2020-04-11,2020,4,2,5,11,0.8660254037844387,-0.49999999999999983,-0.9749279121818236,-0.2225209339563146,1,1,77,0,2838,0,0,0,0,3732689.24,3332780.74
2020-04-12,2020,4,2,6,12,0.8660254037844387,-0.49999999999999983,-0.7818314824680299,0.6234898018587334,1,1,78,0,2839,0,0,0,0,2907846.49,2591717.12
2020-04-13,2020,4,2,0,13,0.8660254037844387,-0.49999999999999983,0.0,1.0,1,1,79,0,2840,0,0,0,0,3947462.22,3605060.08
2020-04-14,2020,4,2,1,14,0.8660254037844387,-0.49999999999999983,0.7818314824680298,0.6234898018587336,1,1,80,0,2841,0,0,0,0,3808658.46,3373247.72
2020-04-15,2020,4,2,2,15,0.8660254037844387,-0.49999999999999983,0.9749279121818236,-0.22252093395631434,1,1,81,0,2842,0,0,0,0,4628778.3,3891917.12
2020-04-16,2020,4,2,3,16,0.8660254037844387,-0.49999999999999983,0.43388373911755823,-0.900968867902419,1,1,82,0,2843,0,0,0,0,4375989.59,3596667.75
2020-04-17,2020,4,2,4,17,0.8660254037844387,-0.49999999999999983,-0.433883739117558,-0.9009688679024191,1,1,83,0,2844,0,0,0,0,4558971.27,3709799.59
2020-04-18,2020,4,2,5,18,0.8660254037844387,-0.49999999999999983,-0.9749279121818236,-0.2225209339563146,1,1,84,0,2845,0,0,0,0,3884483.75,3074401.15
2020-04-19,2020,4,2,6,19,0.8660254037844387,-0.49999999999999983,-0.7818314824680299,0.6234898018587334,1,1,85,0,2846,0,0,0,0,5420905.61,4354985.3
2020-04-20,2020,4,2,0,20,0.8660254037844387,-0.49999999999999983,0.0,1.0,1,1,86,0,2847,0,0,0,0,3709374.1,2922517.52
2020-04-21,2020,4,2,1,21,0.8660254037844387,-0.49999999999999983,0.7818314824680298,0.6234898018587336,1,1,87,0,2848,0,0,0,0,3772726.0,2994859.61
2020-04-22,2020,4,2,2,22,0.8660254037844387,-0.49999999999999983,0.9749279121818236,-0.22252093395631434,1,1,88,0,2849,0,0,0,0,5657450.97,4439369.34
2020-04-23,2020,4,2,3,23,0.8660254037844387,-0.49999999999999983,0.43388373911755823,-0.900968867902419,1,1,89,0,2850,0,0,0,0,5173024.12,4119922.93
2020-04-24,2020,4,2,4,24,0.8660254037844387,-0.49999999999999983,-0.433883739117558,-0.9009688679024191,1,1,90,0,2851,0,0,0,0,3753095.45,2970279.3
2020-04-25,2020,4,2,5,25,0.8660254037844387,-0.49999999999999983,-0.9749279121818236,-0.2225209339563146,1,1,91,0,2852,0,0,0,0,3664845.35,2858437.84
2020-04-26,2020,4,2,6,26,0.8660254037844387,-0.49999999999999983,-0.7818314824680299,0.6234898018587334,1,1,92,0,2853,0,0,0,0,4605371.55,3664887.11
2020-04-27,2020,4,2,0,27,0.8660254037844387,-0.49999999999999983,0.0,1.0,1,1,93,0,2854,0,0,0,0,5455531.12,4305091.4
2020-04-28,2020,4,2,1,28,0.8660254037844387,-0.49999999999999983,0.7818314824680298,0.6234898018587336,1,1,94,0,2855,0,0,0,0,5014129.21,3953650.56
2020-04-29,2020,4,2,2,29,0.8660254037844387,-0.49999999999999983,0.9749279121818236,-0.22252093395631434,1,1,95,0,2856,0,0,0,0,10020939.03,8067774.24
2020-04-30,2020,4,2,3,30,0.8660254037844387,-0.49999999999999983,0.43388373911755823,-0.900968867902419,1,1,96,0,2857,1,0,0,0,7581421.63,6073119.3
2020-05-01,2020,5,2,4,1,0.49999999999999994,-0.8660254037844387,-0.433883739117558,-0.9009688679024191,1,1,97,0,2858,1,0,0,0,6232298.35,4980016.59
2020-05-02,2020,5,2,5,2,0.49999999999999994,-0.8660254037844387,-0.9749279121818236,-0.2225209339563146,1,1,98,0,2859,0,0,0,0,4883269.9,3978529.52
2020-05-03,2020,5,2,6,3,0.49999999999999994,-0.8660254037844387,-0.7818314824680299,0.6234898018587334,1,1,99,0,2860,0,0,0,0,4614868.43,3622251.36
2020-05-04,2020,5,2,0,4,0.49999999999999994,-0.8660254037844387,0.0,1.0,1,1,100,0,2861,0,0,0,0,1696650.37,1285985.68
2020-05-05,2020,5,2,1,5,0.49999999999999994,-0.8660254037844387,0.7818314824680298,0.6234898018587336,1,1,101,0,2862,0,0,0,0,2127409.75,1664266.24
2020-05-06,2020,5,2,2,6,0.49999999999999994,-0.8660254037844387,0.9749279121818236,-0.22252093395631434,1,1,102,0,2863,0,0,0,0,2719040.36,2101438.95
2020-05-07,2020,5,2,3,7,0.49999999999999994,-0.8660254037844387,0.43388373911755823,-0.900968867902419,1,1,103,0,2864,0,0,0,0,3735794.57,3081283.21
2020-05-08,2020,5,2,4,8,0.49999999999999994,-0.8660254037844387,-0.433883739117558,-0.9009688679024191,1,1,104,0,2865,0,0,0,0,3885246.63,3057670.15
2020-05-09,2020,5,2,5,9,0.49999999999999994,-0.8660254037844387,-0.9749279121818236,-0.2225209339563146,1,1,105,0,2866,0,0,0,0,2045722.89,1564919.31
2020-05-10,2020,5,2,6,10,0.49999999999999994,-0.8660254037844387,-0.7818314824680299,0.6234898018587334,1,1,106,0,2867,0,0,0,0,3584812.06,2817308.7
2020-05-11,2020,5,2,0,11,0.49999999999999994,-0.8660254037844387,0.0,1.0,1,1,107,0,2868,0,0,0,0,2782658.98,2126531.87
2020-05-12,2020,5,2,1,12,0.49999999999999994,-0.8660254037844387,0.7818314824680298,0.6234898018587336,1,1,108,0,2869,0,0,0,0,3333481.33,2554876.05
2020-05-13,2020,5,2,2,13,0.49999999999999994,-0.8660254037844387,0.9749279121818236,-0.22252093395631434,1,1,109,0,2870,0,0,0,0,3150929.25,2367805.02
2020-05-14,2020,5,2,3,14,0.49999999999999994,-0.8660254037844387,0.43388373911755823,-0.900968867902419,1,1,110,0,2871,0,0,0,0,4015255.86,3222738.56
2020-05-15,2020,5,2,4,15,0.49999999999999994,-0.8660254037844387,-0.433883739117558,-0.9009688679024191,1,1,111,0,2872,0,0,0,0,5094966.3,4205637.32
2020-05-16,2020,5,2,5,16,0.49999999999999994,-0.8660254037844387,-0.9749279121818236,-0.2225209339563146,1,1,112,0,2873,0,0,0,0,3808061.0,3113947.78
2020-05-17,2020,5,2,6,17,0.49999999999999994,-0.8660254037844387,-0.7818314824680299,0.6234898018587334,1,1,113,0,2874,0,0,0,0,3532524.59,2826498.79
2020-05-18,2020,5,2,0,18,0.49999999999999994,-0.8660254037844387,0.0,1.0,1,1,114,0,2875,0,0,0,0,3000875.02,2429735.03
2020-05-19,2020,5,2,1,19,0.49999999999999994,-0.8660254037844387,0.7818314824680298,0.6234898018587336,1,1,115,0,2876,0,0,0,0,3027466.21,2447172.14
2020-05-20,2020,5,2,2,20,0.49999999999999994,-0.8660254037844387,0.9749279121818236,-0.22252093395631434,1,1,116,0,2877,0,0,0,0,3689172.21,3019892.02
2020-05-21,2020,5,2,3,21,0.49999999999999994,-0.8660254037844387,0.43388373911755823,-0.900968867902419,1,1,117,0,2878,0,0,0,0,4498828.44,3647887.78
2020-05-22,2020,5,2,4,22,0.49999999999999994,-0.8660254037844387,-0.433883739117558,-0.9009688679024191,1,1,118,0,2879,0,0,0,0,5108046.04,3839020.41
2020-05-23,2020,5,2,5,23,0.49999999999999994,-0.8660254037844387,-0.9749279121818236,-0.2225209339563146,1,1,119,0,2880,0,0,0,0,4015420.66,3313265.28
2020-05-24,2020,5,2,6,24,0.49999999999999994,-0.8660254037844387,-0.7818314824680299,0.6234898018587334,1,1,120,0,2881,0,0,0,0,4700650.04,3764671.03
2020-05-25,2020,5,2,0,25,0.49999999999999994,-0.8660254037844387,0.0,1.0,1,1,121,0,2882,0,0,0,0,4378883.27,3340216.53
2020-05-26,2020,5,2,1,26,0.49999999999999994,-0.8660254037844387,0.7818314824680298,0.6234898018587336,1,1,122,0,2883,0,0,0,0,3938416.11,3225312.26
2020-05-27,2020,5,2,2,27,0.49999999999999994,-0.8660254037844387,0.9749279121818236,-0.22252093395631434,1,1,123,0,2884,0,0,0,0,4400378.84,3586763.01
2020-05-28,2020,5,2,3,28,0.49999999999999994,-0.8660254037844387,0.43388373911755823,-0.900968867902419,1,1,124,0,2885,0,0,0,0,7125254.26,5586999.34
2020-05-29,2020,5,2,4,29,0.49999999999999994,-0.8660254037844387,-0.433883739117558,-0.9009688679024191,1,1,125,0,2886,0,0,0,0,8058075.78,6156826.89
2020-05-30,2020,5,2,5,30,0.49999999999999994,-0.8660254037844387,-0.9749279121818236,-0.2225209339563146,1,1,126,0,2887,0,0,0,0,8571150.17,6917398.63
2020-05-31,2020,5,2,6,31,0.49999999999999994,-0.8660254037844387,-0.7818314824680299,0.6234898018587334,1,1,127,0,2888,0,0,0,0,7068160.11,5722407.19
2020-06-01,2020,6,2,0,1,1.2246467991473532e-16,-1.0,0.0,1.0,1,1,128,0,2889,0,0,0,0,7434640.87,6007912.51
2020-06-02,2020,6,2,1,2,1.2246467991473532e-16,-1.0,0.7818314824680298,0.6234898018587336,1,1,129,0,2890,0,0,0,0,3295138.19,2630884.15
2020-06-03,2020,6,2,2,3,1.2246467991473532e-16,-1.0,0.9749279121818236,-0.22252093395631434,1,1,130,0,2891,0,0,0,0,3497127.32,2854677.4
2020-06-04,2020,6,2,3,4,1.2246467991473532e-16,-1.0,0.43388373911755823,-0.900968867902419,1,1,131,0,2892,0,0,0,0,2962471.81,2212520.77
2020-06-05,2020,6,2,4,5,1.2246467991473532e-16,-1.0,-0.433883739117558,-0.9009688679024191,1,1,132,0,2893,0,0,0,0,2452274.28,2042840.96
2020-06-06,2020,6,2,5,6,1.2246467991473532e-16,-1.0,-0.9749279121818236,-0.2225209339563146,1,1,133,0,2894,0,0,0,0,2258600.23,1840555.75
2020-06-07,2020,6,2,6,7,1.2246467991473532e-16,-1.0,-0.7818314824680299,0.6234898018587334,1,1,134,0,2895,0,0,0,0,2693731.83,2065838.19
2020-06-08,2020,6,2,0,8,1.2246467991473532e-16,-1.0,0.0,1.0,1,1,135,0,2896,0,0,0,0,3084455.23,2459766.38
2020-06-09,2020,6,2,1,9,1.2246467991473532e-16,-1.0,0.7818314824680298,0.6234898018587336,1,1,136,0,2897,0,0,0,0,3331413.85,2608681.96
2020-06-10,2020,6,2,2,10,1.2246467991473532e-16,-1.0,0.9749279121818236,-0.22252093395631434,1,1,137,0,2898,0,0,0,0,3810023.86,3037801.06
2020-06-11,2020,6,2,3,11,1.2246467991473532e-16,-1.0,0.43388373911755823,-0.900968867902419,1,1,138,0,2899,0,0,0,0,4027121.39,3106482.9
2020-06-12,2020,6,2,4,12,1.2246467991473532e-16,-1.0,-0.433883739117558,-0.9009688679024191,1,1,139,0,2900,0,0,0,0,2833219.35,2245340.12
2020-06-13,2020,6,2,5,13,1.2246467991473532e-16,-1.0,-0.9749279121818236,-0.2225209339563146,1,1,140,0,2901,0,0,0,0,2840132.87,2324352.25
2020-06-14,2020,6,2,6,14,1.2246467991473532e-16,-1.0,-0.7818314824680299,0.6234898018587334,1,1,141,0,2902,0,0,0,0,3797554.63,3078986.36
2020-06-15,2020,6,2,0,15,1.2246467991473532e-16,-1.0,0.0,1.0,1,1,142,0,2903,0,0,0,0,3921468.12,3112876.56
2020-06-16,2020,6,2,1,16,1.2246467991473532e-16,-1.0,0.7818314824680298,0.6234898018587336,1,1,143,0,2904,0,0,0,0,3620819.64,2950472.85
2020-06-17,2020,6,2,2,17,1.2246467991473532e-16,-1.0,0.9749279121818236,-0.22252093395631434,1,1,144,0,2905,0,0,0,0,4864660.1,3741174.91
2020-06-18,2020,6,2,3,18,1.2246467991473532e-16,-1.0,0.43388373911755823,-0.900968867902419,1,1,145,0,2906,0,0,0,0,4188150.34,3329563.04
2020-06-19,2020,6,2,4,19,1.2246467991473532e-16,-1.0,-0.433883739117558,-0.9009688679024191,1,1,146,0,2907,0,0,0,0,2960897.79,2329260.25
2020-06-20,2020,6,2,5,20,1.2246467991473532e-16,-1.0,-0.9749279121818236,-0.2225209339563146,1,1,147,0,2908,0,0,0,0,2189006.74,1795056.75
2020-06-21,2020,6,2,6,21,1.2246467991473532e-16,-1.0,-0.7818314824680299,0.6234898018587334,1,1,148,0,2909,0,0,0,0,3477329.48,2740967.86
2020-06-22,2020,6,2,0,22,1.2246467991473532e-16,-1.0,0.0,1.0,1,1,149,0,2910,0,0,0,0,3068801.79,2472668.81
2020-06-23,2020,6,2,1,23,1.2246467991473532e-16,-1.0,0.7818314824680298,0.6234898018587336,1,1,150,0,2911,0,0,0,0,3277142.11,2715748.0
2020-06-24,2020,6,2,2,24,1.2246467991473532e-16,-1.0,0.9749279121818236,-0.22252093395631434,1,1,151,0,2912,0,0,0,0,4983800.13,4272479.54
2020-06-25,2020,6,2,3,25,1.2246467991473532e-16,-1.0,0.43388373911755823,-0.900968867902419,1,1,152,0,2913,0,0,0,0,4480875.32,3949301.47
2020-06-26,2020,6,2,4,26,1.2246467991473532e-16,-1.0,-0.433883739117558,-0.9009688679024191,1,1,153,0,2914,0,0,0,0,3538964.96,3128909.95
2020-06-27,2020,6,2,5,27,1.2246467991473532e-16,-1.0,-0.9749279121818236,-0.2225209339563146,1,1,154,0,2915,0,0,0,0,2952009.99,2893474.01
2020-06-28,2020,6,2,6,28,1.2246467991473532e-16,-1.0,-0.7818314824680299,0.6234898018587334,1,1,155,0,2916,0,0,0,0,4033143.22,4037949.63
2020-06-29,2020,6,2,0,29,1.2246467991473532e-16,-1.0,0.0,1.0,1,1,156,0,2917,0,0,0,0,5223388.62,5021085.51
2020-06-30,2020,6,2,1,30,1.2246467991473532e-16,-1.0,0.7818314824680298,0.6234898018587336,1,1,157,0,2918,0,0,0,0,5506677.04,5509880.9
2020-07-01,2020,7,3,2,1,-0.4999999999999998,-0.8660254037844388,0.9749279121818236,-0.22252093395631434,1,1,158,1,2919,0,0,0,0,4785799.65,4637675.06
2020-07-02,2020,7,3,3,2,-0.4999999999999998,-0.8660254037844388,0.43388373911755823,-0.900968867902419,1,1,159,1,2920,0,0,0,0,4866951.38,4707883.99
2020-07-03,2020,7,3,4,3,-0.4999999999999998,-0.8660254037844388,-0.433883739117558,-0.9009688679024191,1,1,160,1,2921,0,0,0,0,3696972.88,3771036.88
2020-07-04,2020,7,3,5,4,-0.4999999999999998,-0.8660254037844388,-0.9749279121818236,-0.2225209339563146,1,1,161,1,2922,0,0,0,0,706367.78,665027.87
2020-07-05,2020,7,3,6,5,-0.4999999999999998,-0.8660254037844388,-0.7818314824680299,0.6234898018587334,1,1,162,1,2923,0,0,0,0,1406074.5,1343687.36
2020-07-06,2020,7,3,0,6,-0.4999999999999998,-0.8660254037844388,0.0,1.0,1,1,163,1,2924,0,0,0,0,2077312.99,1986626.45
2020-07-07,2020,7,3,1,7,-0.4999999999999998,-0.8660254037844388,0.7818314824680298,0.6234898018587336,1,1,164,1,2925,0,0,0,0,2024009.16,2068227.77
2020-07-08,2020,7,3,2,8,-0.4999999999999998,-0.8660254037844388,0.9749279121818236,-0.22252093395631434,1,1,165,1,2926,0,0,0,0,1848400.71,1796794.0
2020-07-09,2020,7,3,3,9,-0.4999999999999998,-0.8660254037844388,0.43388373911755823,-0.900968867902419,1,1,166,1,2927,0,0,0,0,2881762.16,2884926.26
2020-07-10,2020,7,3,4,10,-0.4999999999999998,-0.8660254037844388,-0.433883739117558,-0.9009688679024191,1,1,167,1,2928,0,0,0,0,2456330.77,2270775.74
2020-07-11,2020,7,3,5,11,-0.4999999999999998,-0.8660254037844388,-0.9749279121818236,-0.2225209339563146,1,1,168,1,2929,0,0,0,0,2777782.43,2617463.18
2020-07-12,2020,7,3,6,12,-0.4999999999999998,-0.8660254037844388,-0.7818314824680299,0.6234898018587334,1,1,169,1,2930,0,0,0,0,2353469.99,2352864.85
2020-07-13,2020,7,3,0,13,-0.4999999999999998,-0.8660254037844388,0.0,1.0,1,1,170,1,2931,0,0,0,0,2674159.75,2528820.54
2020-07-14,2020,7,3,1,14,-0.4999999999999998,-0.8660254037844388,0.7818314824680298,0.6234898018587336,1,1,171,1,2932,0,0,0,0,2241406.69,2199143.63
2020-07-15,2020,7,3,2,15,-0.4999999999999998,-0.8660254037844388,0.9749279121818236,-0.22252093395631434,1,1,172,1,2933,0,0,0,0,2628917.79,2573366.47
2020-07-16,2020,7,3,3,16,-0.4999999999999998,-0.8660254037844388,0.43388373911755823,-0.900968867902419,1,1,173,1,2934,0,0,0,0,3496916.1,3417273.9
2020-07-17,2020,7,3,4,17,-0.4999999999999998,-0.8660254037844388,-0.433883739117558,-0.9009688679024191,1,1,174,1,2935,0,0,0,0,2963494.21,2910103.21
2020-07-18,2020,7,3,5,18,-0.4999999999999998,-0.8660254037844388,-0.9749279121818236,-0.2225209339563146,1,1,175,1,2936,0,0,0,0,2167217.41,2102740.45
2020-07-19,2020,7,3,6,19,-0.4999999999999998,-0.8660254037844388,-0.7818314824680299,0.6234898018587334,1,1,176,1,2937,0,0,0,0,2598183.41,2439859.2
2020-07-20,2020,7,3,0,20,-0.4999999999999998,-0.8660254037844388,0.0,1.0,1,1,177,1,2938,0,0,0,0,2378509.49,2153084.64
2020-07-21,2020,7,3,1,21,-0.4999999999999998,-0.8660254037844388,0.7818314824680298,0.6234898018587336,1,1,178,1,2939,0,0,0,0,3060145.15,2555988.41
2020-07-22,2020,7,3,2,22,-0.4999999999999998,-0.8660254037844388,0.9749279121818236,-0.22252093395631434,1,1,179,1,2940,0,0,0,0,3102912.51,2421357.03
2020-07-23,2020,7,3,3,23,-0.4999999999999998,-0.8660254037844388,0.43388373911755823,-0.900968867902419,1,1,180,1,2941,0,0,0,0,3882974.91,3066175.92
2020-07-24,2020,7,3,4,24,-0.4999999999999998,-0.8660254037844388,-0.433883739117558,-0.9009688679024191,1,1,181,1,2942,0,0,0,0,3897982.79,3118044.81
2020-07-25,2020,7,3,5,25,-0.4999999999999998,-0.8660254037844388,-0.9749279121818236,-0.2225209339563146,1,1,182,1,2943,0,0,0,0,2726776.18,2185291.86
2020-07-26,2020,7,3,6,26,-0.4999999999999998,-0.8660254037844388,-0.7818314824680299,0.6234898018587334,1,1,183,1,2944,0,0,0,0,2852671.37,2228931.73
2020-07-27,2020,7,3,0,27,-0.4999999999999998,-0.8660254037844388,0.0,1.0,1,1,184,1,2945,0,0,0,0,2831486.13,2289596.5
2020-07-28,2020,7,3,1,28,-0.4999999999999998,-0.8660254037844388,0.7818314824680298,0.6234898018587336,1,1,185,1,2946,0,0,0,0,2395619.59,1857411.18
2020-07-29,2020,7,3,2,29,-0.4999999999999998,-0.8660254037844388,0.9749279121818236,-0.22252093395631434,1,1,186,1,2947,0,0,0,0,3158908.2,2317187.54
2020-07-30,2020,7,3,3,30,-0.4999999999999998,-0.8660254037844388,0.43388373911755823,-0.900968867902419,1,1,187,1,2948,0,0,0,0,4151632.35,3350026.58
2020-07-31,2020,7,3,4,31,-0.4999999999999998,-0.8660254037844388,-0.433883739117558,-0.9009688679024191,1,1,188,1,2949,0,0,0,0,5610491.95,4496247.74
2020-08-01,2020,8,3,5,1,-0.8660254037844384,-0.5000000000000004,-0.9749279121818236,-0.2225209339563146,1,1,189,1,2950,0,0,0,0,6132541.37,4909626.33
2020-08-02,2020,8,3,6,2,-0.8660254037844384,-0.5000000000000004,-0.7818314824680299,0.6234898018587334,1,1,190,1,2951,0,0,0,0,5345584.67,4186394.94
2020-08-03,2020,8,3,0,3,-0.8660254037844384,-0.5000000000000004,0.0,1.0,1,1,191,1,2952,0,0,0,0,4397713.48,3443554.44
2020-08-04,2020,8,3,1,4,-0.8660254037844384,-0.5000000000000004,0.7818314824680298,0.6234898018587336,1,1,192,1,2953,0,0,0,0,3298352.62,2591360.98
2020-08-05,2020,8,3,2,5,-0.8660254037844384,-0.5000000000000004,0.9749279121818236,-0.22252093395631434,1,1,-191,1,2954,0,0,0,0,2223462.81,1734678.05
2020-08-06,2020,8,3,3,6,-0.8660254037844384,-0.5000000000000004,0.43388373911755823,-0.900968867902419,1,1,-190,1,2955,0,0,0,0,2991469.99,2308279.85
2020-08-07,2020,8,3,4,7,-0.8660254037844384,-0.5000000000000004,-0.433883739117558,-0.9009688679024191,1,1,-189,1,2956,0,0,0,0,3277756.91,2547914.06
2020-08-08,2020,8,3,5,8,-0.8660254037844384,-0.5000000000000004,-0.9749279121818236,-0.2225209339563146,1,1,-188,1,2957,0,0,0,0,2449651.51,2088845.7
2020-08-09,2020,8,3,6,9,-0.8660254037844384,-0.5000000000000004,-0.7818314824680299,0.6234898018587334,1,1,-187,1,2958,0,0,0,0,2935305.67,2352528.07
2020-08-10,2020,8,3,0,10,-0.8660254037844384,-0.5000000000000004,0.0,1.0,1,1,-186,1,2959,0,0,0,0,2914723.92,2318822.04
2020-08-11,2020,8,3,1,11,-0.8660254037844384,-0.5000000000000004,0.7818314824680298,0.6234898018587336,1,1,-185,1,2960,0,0,0,0,2533038.45,2110648.66
2020-08-12,2020,8,3,2,12,-0.8660254037844384,-0.5000000000000004,0.9749279121818236,-0.22252093395631434,1,1,-184,1,2961,0,0,0,0,4245177.97,3574622.62
2020-08-13,2020,8,3,3,13,-0.8660254037844384,-0.5000000000000004,0.43388373911755823,-0.900968867902419,1,1,-183,1,2962,0,0,0,0,3438121.83,2662240.38
2020-08-14,2020,8,3,4,14,-0.8660254037844384,-0.5000000000000004,-0.433883739117558,-0.9009688679024191,1,1,-182,1,2963,0,0,0,0,3685522.51,2879232.79
2020-08-15,2020,8,3,5,15,-0.8660254037844384,-0.5000000000000004,-0.9749279121818236,-0.2225209339563146,1,1,-181,1,2964,0,0,0,0,2556409.43,2072000.19
2020-08-16,2020,8,3,6,16,-0.8660254037844384,-0.5000000000000004,-0.7818314824680299,0.6234898018587334,1,1,-180,1,2965,0,0,0,0,2596444.46,2077063.06
2020-08-17,2020,8,3,0,17,-0.8660254037844384,-0.5000000000000004,0.0,1.0,1,1,-179,1,2966,0,0,0,0,3646382.12,2892437.08
2020-08-18,2020,8,3,1,18,-0.8660254037844384,-0.5000000000000004,0.7818314824680298,0.6234898018587336,1,1,-178,1,2967,0,0,0,0,3240488.83,2493505.46
2020-08-19,2020,8,3,2,19,-0.8660254037844384,-0.5000000000000004,0.9749279121818236,-0.22252093395631434,1,1,-177,1,2968,0,0,0,0,3279887.27,2543910.75
2020-08-20,2020,8,3,3,20,-0.8660254037844384,-0.5000000000000004,0.43388373911755823,-0.900968867902419,1,1,-176,1,2969,0,0,0,0,3569013.59,2909846.44
2020-08-21,2020,8,3,4,21,-0.8660254037844384,-0.5000000000000004,-0.433883739117558,-0.9009688679024191,1,1,-175,1,2970,0,0,0,0,3939388.46,3133654.06
2020-08-22,2020,8,3,5,22,-0.8660254037844384,-0.5000000000000004,-0.9749279121818236,-0.2225209339563146,1,1,-174,1,2971,0,0,0,0,2465099.71,2000862.66
2020-08-23,2020,8,3,6,23,-0.8660254037844384,-0.5000000000000004,-0.7818314824680299,0.6234898018587334,1,1,-173,1,2972,0,0,0,0,2832425.22,2280579.88
2020-08-24,2020,8,3,0,24,-0.8660254037844384,-0.5000000000000004,0.0,1.0,1,1,-172,1,2973,0,0,0,0,3217603.07,2631929.43
2020-08-25,2020,8,3,1,25,-0.8660254037844384,-0.5000000000000004,0.7818314824680298,0.6234898018587336,1,1,-171,1,2974,0,0,0,0,2428315.18,1917538.84
2020-08-26,2020,8,3,2,26,-0.8660254037844384,-0.5000000000000004,0.9749279121818236,-0.22252093395631434,1,1,-170,1,2975,0,0,0,0,3194953.82,2616197.98
2020-08-27,2020,8,3,3,27,-0.8660254037844384,-0.5000000000000004,0.43388373911755823,-0.900968867902419,1,1,-169,1,2976,0,0,0,0,4445347.68,3675387.97
2020-08-28,2020,8,3,4,28,-0.8660254037844384,-0.5000000000000004,-0.433883739117558,-0.9009688679024191,1,1,-168,1,2977,0,0,0,0,7296538.72,5928088.7
2020-08-29,2020,8,3,5,29,-0.8660254037844384,-0.5000000000000004,-0.9749279121818236,-0.2225209339563146,1,1,-167,1,2978,0,0,0,0,7517051.79,6089417.86
2020-08-30,2020,8,3,6,30,-0.8660254037844384,-0.5000000000000004,-0.7818314824680299,0.6234898018587334,1,1,-166,1,2979,0,0,0,0,8480394.59,6775599.46
2020-08-31,2020,8,3,0,31,-0.8660254037844384,-0.5000000000000004,0.0,1.0,1,1,-165,1,2980,0,0,0,0,7490849.71,6294569.34
2020-09-01,2020,9,3,1,1,-1.0,-1.8369701987210297e-16,0.7818314824680298,0.6234898018587336,1,1,-164,1,2981,0,0,0,0,6047477.92,5072223.86
2020-09-02,2020,9,3,2,2,-1.0,-1.8369701987210297e-16,0.9749279121818236,-0.22252093395631434,1,1,-163,1,2982,0,1,0,0,1434923.77,1282633.72
2020-09-03,2020,9,3,3,3,-1.0,-1.8369701987210297e-16,0.43388373911755823,-0.900968867902419,1,1,-162,1,2983,0,0,0,0,1557705.54,1435356.63
2020-09-04,2020,9,3,4,4,-1.0,-1.8369701987210297e-16,-0.433883739117558,-0.9009688679024191,1,1,-161,1,2984,0,0,0,0,1425115.38,1249060.77
2020-09-05,2020,9,3,5,5,-1.0,-1.8369701987210297e-16,-0.9749279121818236,-0.2225209339563146,1,1,-160,1,2985,0,0,0,0,1581867.47,1449235.72
2020-09-06,2020,9,3,6,6,-1.0,-1.8369701987210297e-16,-0.7818314824680299,0.6234898018587334,1,1,-159,1,2986,0,0,0,0,2654105.11,2377874.42
2020-09-07,2020,9,3,0,7,-1.0,-1.8369701987210297e-16,0.0,1.0,1,1,-158,1,2987,0,0,0,0,2479133.84,2159138.36
2020-09-08,2020,9,3,1,8,-1.0,-1.8369701987210297e-16,0.7818314824680298,0.6234898018587336,1,1,-157,1,2988,0,0,0,0,2542645.13,2183405.0
2020-09-09,2020,9,3,2,9,-1.0,-1.8369701987210297e-16,0.9749279121818236,-0.22252093395631434,1,1,-156,1,2989,0,0,0,0,1979410.07,1799215.01
2020-09-10,2020,9,3,3,10,-1.0,-1.8369701987210297e-16,0.43388373911755823,-0.900968867902419,1,1,-155,1,2990,0,0,0,0,3146008.14,2761931.92
2020-09-11,2020,9,3,4,11,-1.0,-1.8369701987210297e-16,-0.433883739117558,-0.9009688679024191,1,1,-154,1,2991,0,0,0,0,1990335.39,1821328.74
2020-09-12,2020,9,3,5,12,-1.0,-1.8369701987210297e-16,-0.9749279121818236,-0.2225209339563146,1,1,-153,1,2992,0,0,0,0,2806228.3,2605429.08
2020-09-13,2020,9,3,6,13,-1.0,-1.8369701987210297e-16,-0.7818314824680299,0.6234898018587334,1,1,-152,1,2993,0,0,0,0,2240095.92,1957201.32
2020-09-14,2020,9,3,0,14,-1.0,-1.8369701987210297e-16,0.0,1.0,1,1,-151,1,2994,0,0,0,0,2832905.03,2603630.98
2020-09-15,2020,9,3,1,15,-1.0,-1.8369701987210297e-16,0.7818314824680298,0.6234898018587336,1,1,-150,1,2995,0,0,0,0,2914536.51,2476205.19
2020-09-16,2020,9,3,2,16,-1.0,-1.8369701987210297e-16,0.9749279121818236,-0.22252093395631434,1,1,-149,1,2996,0,0,0,0,1994638.41,1821831.75
2020-09-17,2020,9,3,3,17,-1.0,-1.8369701987210297e-16,0.43388373911755823,-0.900968867902419,1,1,-148,1,2997,0,0,0,0,1827659.24,1626961.14
2020-09-18,2020,9,3,4,18,-1.0,-1.8369701987210297e-16,-0.433883739117558,-0.9009688679024191,1,1,-147,1,2998,0,0,0,0,2600220.08,2233677.06
2020-09-19,2020,9,3,5,19,-1.0,-1.8369701987210297e-16,-0.9749279121818236,-0.2225209339563146,1,1,-146,1,2999,0,0,0,0,1806587.98,1582702.76
2020-09-20,2020,9,3,6,20,-1.0,-1.8369701987210297e-16,-0.7818314824680299,0.6234898018587334,1,1,-145,1,3000,0,0,0,0,2334885.81,2132834.58
2020-09-21,2020,9,3,0,21,-1.0,-1.8369701987210297e-16,0.0,1.0,1,1,-144,1,3001,0,0,0,0,3082015.84,2723671.97
2020-09-22,2020,9,3,1,22,-1.0,-1.8369701987210297e-16,0.7818314824680298,0.6234898018587336,1,1,-143,1,3002,0,0,0,0,2827707.7,2426080.5
2020-09-23,2020,9,3,2,23,-1.0,-1.8369701987210297e-16,0.9749279121818236,-0.22252093395631434,1,1,-142,1,3003,0,0,0,0,2254030.17,2095482.45
2020-09-24,2020,9,3,3,24,-1.0,-1.8369701987210297e-16,0.43388373911755823,-0.900968867902419,1,1,-141,1,3004,0,0,0,0,2021614.99,1879290.21
2020-09-25,2020,9,3,4,25,-1.0,-1.8369701987210297e-16,-0.433883739117558,-0.9009688679024191,1,1,-140,1,3005,0,0,0,0,2587034.31,2341681.4
2020-09-26,2020,9,3,5,26,-1.0,-1.8369701987210297e-16,-0.9749279121818236,-0.2225209339563146,1,1,-139,1,3006,0,0,0,0,2219447.23,2025784.18
2020-09-27,2020,9,3,6,27,-1.0,-1.8369701987210297e-16,-0.7818314824680299,0.6234898018587334,1,1,-138,1,3007,0,0,0,0,3907778.93,3495826.9
2020-09-28,2020,9,3,0,28,-1.0,-1.8369701987210297e-16,0.0,1.0,1,1,-137,1,3008,0,0,0,0,4681424.38,4163962.01
2020-09-29,2020,9,3,1,29,-1.0,-1.8369701987210297e-16,0.7818314824680298,0.6234898018587336,1,1,-136,1,3009,0,0,0,0,3862957.51,3418321.41
2020-09-30,2020,9,3,2,30,-1.0,-1.8369701987210297e-16,0.9749279121818236,-0.22252093395631434,1,1,-135,1,3010,0,0,0,0,3185317.6,2835582.57
2020-10-01,2020,10,4,3,1,-0.8660254037844386,0.5000000000000001,0.43388373911755823,-0.900968867902419,1,1,-134,0,3011,0,0,0,0,2053948.94,1801442.13
2020-10-02,2020,10,4,4,2,-0.8660254037844386,0.5000000000000001,-0.433883739117558,-0.9009688679024191,1,1,-133,0,3012,0,0,0,0,844947.12,672777.16
2020-10-03,2020,10,4,5,3,-0.8660254037844386,0.5000000000000001,-0.9749279121818236,-0.2225209339563146,1,1,-132,0,3013,0,0,0,0,1819620.17,1400911.62
2020-10-04,2020,10,4,6,4,-0.8660254037844386,0.5000000000000001,-0.7818314824680299,0.6234898018587334,1,1,-131,0,3014,0,0,0,0,1305849.84,1031248.84
2020-10-05,2020,10,4,0,5,-0.8660254037844386,0.5000000000000001,0.0,1.0,1,1,-130,0,3015,0,0,0,0,1476045.28,1106750.78
2020-10-06,2020,10,4,1,6,-0.8660254037844386,0.5000000000000001,0.7818314824680298,0.6234898018587336,1,1,-129,0,3016,0,0,0,0,2225510.95,1785750.97
2020-10-07,2020,10,4,2,7,-0.8660254037844386,0.5000000000000001,0.9749279121818236,-0.22252093395631434,1,1,-128,0,3017,0,0,0,0,2084609.48,1633404.7
2020-10-08,2020,10,4,3,8,-0.8660254037844386,0.5000000000000001,0.43388373911755823,-0.900968867902419,1,1,-127,0,3018,0,0,0,0,1798621.9,1415449.28
2020-10-09,2020,10,4,4,9,-0.8660254037844386,0.5000000000000001,-0.433883739117558,-0.9009688679024191,1,1,-126,0,3019,0,0,0,0,1682037.65,1404182.57
2020-10-10,2020,10,4,5,10,-0.8660254037844386,0.5000000000000001,-0.9749279121818236,-0.2225209339563146,1,1,-125,0,3020,0,0,0,0,2023437.43,1582185.76
2020-10-11,2020,10,4,6,11,-0.8660254037844386,0.5000000000000001,-0.7818314824680299,0.6234898018587334,1,1,-124,0,3021,0,0,0,0,1446988.51,1177371.98
2020-10-12,2020,10,4,0,12,-0.8660254037844386,0.5000000000000001,0.0,1.0,1,1,-123,0,3022,0,0,0,0,1856496.7,1470316.91
2020-10-13,2020,10,4,1,13,-0.8660254037844386,0.5000000000000001,0.7818314824680298,0.6234898018587336,1,1,-122,0,3023,0,0,0,0,3071390.97,2435896.58
2020-10-14,2020,10,4,2,14,-0.8660254037844386,0.5000000000000001,0.9749279121818236,-0.22252093395631434,1,1,-121,0,3024,0,0,0,0,2627129.58,2030216.9
2020-10-15,2020,10,4,3,15,-0.8660254037844386,0.5000000000000001,0.43388373911755823,-0.900968867902419,1,1,-120,0,3025,0,0,0,0,1826480.99,1499468.55
2020-10-16,2020,10,4,4,16,-0.8660254037844386,0.5000000000000001,-0.433883739117558,-0.9009688679024191,1,1,-119,0,3026,0,0,0,0,2213689.11,1814772.4
2020-10-17,2020,10,4,5,17,-0.8660254037844386,0.5000000000000001,-0.9749279121818236,-0.2225209339563146,1,1,-118,0,3027,0,0,0,0,2024181.52,1623856.95
2020-10-18,2020,10,4,6,18,-0.8660254037844386,0.5000000000000001,-0.7818314824680299,0.6234898018587334,1,1,-117,0,3028,0,0,0,0,2416150.55,2000897.4
2020-10-19,2020,10,4,0,19,-0.8660254037844386,0.5000000000000001,0.0,1.0,1,1,-116,0,3029,0,0,0,0,1798941.77,1455468.16
2020-10-20,2020,10,4,1,20,-0.8660254037844386,0.5000000000000001,0.7818314824680298,0.6234898018587336,1,1,-115,0,3030,0,0,0,0,2361849.87,1800189.76
2020-10-21,2020,10,4,2,21,-0.8660254037844386,0.5000000000000001,0.9749279121818236,-0.22252093395631434,1,1,-114,0,3031,0,0,0,0,2168284.88,1762213.02
2020-10-22,2020,10,4,3,22,-0.8660254037844386,0.5000000000000001,0.43388373911755823,-0.900968867902419,1,1,-113,0,3032,0,0,0,0,2384359.77,1939167.59
2020-10-23,2020,10,4,4,23,-0.8660254037844386,0.5000000000000001,-0.433883739117558,-0.9009688679024191,1,1,-112,0,3033,0,0,0,0,1313373.58,984874.54
2020-10-24,2020,10,4,5,24,-0.8660254037844386,0.5000000000000001,-0.9749279121818236,-0.2225209339563146,1,1,-111,0,3034,0,0,0,0,2435210.66,1935814.16
2020-10-25,2020,10,4,6,25,-0.8660254037844386,0.5000000000000001,-0.7818314824680299,0.6234898018587334,1,1,-110,0,3035,0,0,0,0,2045855.5,1595051.09
2020-10-26,2020,10,4,0,26,-0.8660254037844386,0.5000000000000001,0.0,1.0,1,1,-109,0,3036,0,0,0,0,2383306.02,1881515.76
2020-10-27,2020,10,4,1,27,-0.8660254037844386,0.5000000000000001,0.7818314824680298,0.6234898018587336,1,1,-108,0,3037,0,0,0,0,3242319.66,2668015.76
2020-10-28,2020,10,4,2,28,-0.8660254037844386,0.5000000000000001,0.9749279121818236,-0.22252093395631434,1,1,-107,0,3038,0,0,0,0,4138715.4,3246854.44
2020-10-29,2020,10,4,3,29,-0.8660254037844386,0.5000000000000001,0.43388373911755823,-0.900968867902419,1,1,-106,0,3039,0,0,0,0,3361148.04,2777298.73
2020-10-30,2020,10,4,4,30,-0.8660254037844386,0.5000000000000001,-0.433883739117558,-0.9009688679024191,1,1,-105,0,3040,0,0,0,0,2606337.42,2045887.36
2020-10-31,2020,10,4,5,31,-0.8660254037844386,0.5000000000000001,-0.9749279121818236,-0.2225209339563146,1,1,-104,0,3041,0,0,0,0,3099623.67,2419274.6
2020-11-01,2020,11,4,6,1,-0.5000000000000004,0.8660254037844384,-0.7818314824680299,0.6234898018587334,1,1,-103,1,3042,0,0,0,0,2000351.9,1651707.88
2020-11-02,2020,11,4,0,2,-0.5000000000000004,0.8660254037844384,0.0,1.0,1,1,-102,1,3043,0,0,0,0,1609265.54,1276568.22
2020-11-03,2020,11,4,1,3,-0.5000000000000004,0.8660254037844384,0.7818314824680298,0.6234898018587336,1,1,-101,1,3044,0,0,0,0,1148970.3,951051.1
2020-11-04,2020,11,4,2,4,-0.5000000000000004,0.8660254037844384,0.9749279121818236,-0.22252093395631434,1,1,-100,1,3045,0,0,0,0,1475675.48,1140886.92
2020-11-05,2020,11,4,3,5,-0.5000000000000004,0.8660254037844384,0.43388373911755823,-0.900968867902419,1,1,-99,1,3046,0,0,0,0,1340308.97,1063954.02
2020-11-06,2020,11,4,4,6,-0.5000000000000004,0.8660254037844384,-0.433883739117558,-0.9009688679024191,1,1,-98,1,3047,0,0,0,0,717152.89,537123.9
2020-11-07,2020,11,4,5,7,-0.5000000000000004,0.8660254037844384,-0.9749279121818236,-0.2225209339563146,1,1,-97,1,3048,0,0,0,0,1261006.58,1012158.51
2020-11-08,2020,11,4,6,8,-0.5000000000000004,0.8660254037844384,-0.7818314824680299,0.6234898018587334,1,1,-96,1,3049,0,0,0,0,1462906.75,1152752.12
2020-11-09,2020,11,4,0,9,-0.5000000000000004,0.8660254037844384,0.0,1.0,1,1,-95,1,3050,0,0,0,0,1841341.67,1500031.86
2020-11-10,2020,11,4,1,10,-0.5000000000000004,0.8660254037844384,0.7818314824680298,0.6234898018587336,1,1,-94,1,3051,0,0,0,0,1423817.05,1131446.53
2020-11-11,2020,11,4,2,11,-0.5000000000000004,0.8660254037844384,0.9749279121818236,-0.22252093395631434,1,1,-93,1,3052,0,0,0,0,1850484.56,1510899.02
2020-11-12,2020,11,4,3,12,-0.5000000000000004,0.8660254037844384,0.43388373911755823,-0.900968867902419,1,1,-92,1,3053,0,0,0,0,1742209.81,1490266.12
2020-11-13,2020,11,4,4,13,-0.5000000000000004,0.8660254037844384,-0.433883739117558,-0.9009688679024191,1,1,-91,1,3054,0,0,0,0,1874908.56,1475799.13
2020-11-14,2020,11,4,5,14,-0.5000000000000004,0.8660254037844384,-0.9749279121818236,-0.2225209339563146,1,1,-90,1,3055,0,0,0,0,1505407.33,1170919.18
2020-11-15,2020,11,4,6,15,-0.5000000000000004,0.8660254037844384,-0.7818314824680299,0.6234898018587334,1,1,-89,1,3056,0,0,0,0,1822943.34,1452200.16
2020-11-16,2020,11,4,0,16,-0.5000000000000004,0.8660254037844384,0.0,1.0,1,1,-88,1,3057,0,0,0,0,1677772.33,1289405.39
2020-11-17,2020,11,4,1,17,-0.5000000000000004,0.8660254037844384,0.7818314824680298,0.6234898018587336,1,1,-87,1,3058,0,0,0,0,1698265.63,1375791.27
2020-11-18,2020,11,4,2,18,-0.5000000000000004,0.8660254037844384,0.9749279121818236,-0.22252093395631434,1,1,-86,1,3059,0,0,0,0,1708292.62,1460231.18
2020-11-19,2020,11,4,3,19,-0.5000000000000004,0.8660254037844384,0.43388373911755823,-0.900968867902419,1,1,-85,1,3060,0,0,0,0,1389140.38,1147069.41
2020-11-20,2020,11,4,4,20,-0.5000000000000004,0.8660254037844384,-0.433883739117558,-0.9009688679024191,1,1,-84,1,3061,0,0,0,0,1761075.99,1653768.63
2020-11-21,2020,11,4,5,21,-0.5000000000000004,0.8660254037844384,-0.9749279121818236,-0.2225209339563146,1,1,-83,1,3062,0,0,0,0,1277317.49,1191035.2
2020-11-22,2020,11,4,6,22,-0.5000000000000004,0.8660254037844384,-0.7818314824680299,0.6234898018587334,1,1,-82,1,3063,0,0,0,0,1402812.95,1422457.39
2020-11-23,2020,11,4,0,23,-0.5000000000000004,0.8660254037844384,0.0,1.0,1,1,-81,1,3064,0,0,0,0,1254495.47,1331674.56
2020-11-24,2020,11,4,1,24,-0.5000000000000004,0.8660254037844384,0.7818314824680298,0.6234898018587336,1,1,-80,1,3065,0,0,0,0,1234768.03,1251831.61
2020-11-25,2020,11,4,2,25,-0.5000000000000004,0.8660254037844384,0.9749279121818236,-0.22252093395631434,1,1,-79,1,3066,0,0,0,0,1016787.85,1011073.66
2020-11-26,2020,11,4,3,26,-0.5000000000000004,0.8660254037844384,0.43388373911755823,-0.900968867902419,1,1,-78,1,3067,0,0,0,0,1003033.14,1066907.31
2020-11-27,2020,11,4,4,27,-0.5000000000000004,0.8660254037844384,-0.433883739117558,-0.9009688679024191,1,1,-77,1,3068,0,0,0,0,2064673.72,2076697.24
2020-11-28,2020,11,4,5,28,-0.5000000000000004,0.8660254037844384,-0.9749279121818236,-0.2225209339563146,1,1,-76,1,3069,0,0,0,0,2102733.52,2118368.35
2020-11-29,2020,11,4,6,29,-0.5000000000000004,0.8660254037844384,-0.7818314824680299,0.6234898018587334,1,1,-75,1,3070,0,0,0,0,1696662.48,1642786.66
2020-11-30,2020,11,4,0,30,-0.5000000000000004,0.8660254037844384,0.0,1.0,1,1,-74,1,3071,0,0,0,0,1376299.12,1423882.94
2020-12-01,2020,12,4,1,1,-2.4492935982947064e-16,1.0,0.7818314824680298,0.6234898018587336,1,1,-73,1,3072,0,0,0,0,1160032.88,1083886.83
2020-12-02,2020,12,4,2,2,-2.4492935982947064e-16,1.0,0.9749279121818236,-0.22252093395631434,1,1,-72,1,3073,0,0,0,0,370653.23,366277.85
2020-12-03,2020,12,4,3,3,-2.4492935982947064e-16,1.0,0.43388373911755823,-0.900968867902419,1,1,-71,1,3074,0,0,0,0,528608.48,509665.44
2020-12-04,2020,12,4,4,4,-2.4492935982947064e-16,1.0,-0.433883739117558,-0.9009688679024191,1,1,-70,1,3075,0,0,0,0,645703.05,632473.93
2020-12-05,2020,12,4,5,5,-2.4492935982947064e-16,1.0,-0.9749279121818236,-0.2225209339563146,1,1,-69,1,3076,0,0,0,0,653591.96,700683.81
2020-12-06,2020,12,4,6,6,-2.4492935982947064e-16,1.0,-0.7818314824680299,0.6234898018587334,1,1,-68,1,3077,0,0,0,0,755648.75,731905.7
2020-12-07,2020,12,4,0,7,-2.4492935982947064e-16,1.0,0.0,1.0,1,1,-67,1,3078,0,0,0,0,832522.38,856716.78
2020-12-08,2020,12,4,1,8,-2.4492935982947064e-16,1.0,0.7818314824680298,0.6234898018587336,1,1,-66,1,3079,0,0,0,0,1297656.34,1226584.15
2020-12-09,2020,12,4,2,9,-2.4492935982947064e-16,1.0,0.9749279121818236,-0.22252093395631434,1,1,-65,1,3080,0,0,0,0,1154833.63,1135523.17
2020-12-10,2020,12,4,3,10,-2.4492935982947064e-16,1.0,0.43388373911755823,-0.900968867902419,1,1,-64,1,3081,0,0,0,0,696601.42,694712.49
2020-12-11,2020,12,4,4,11,-2.4492935982947064e-16,1.0,-0.433883739117558,-0.9009688679024191,1,1,-63,1,3082,0,0,0,0,708701.4,714731.83
2020-12-12,2020,12,4,5,12,-2.4492935982947064e-16,1.0,-0.9749279121818236,-0.2225209339563146,1,1,-62,1,3083,0,0,0,0,1122552.93,1114505.97
2020-12-13,2020,12,4,6,13,-2.4492935982947064e-16,1.0,-0.7818314824680299,0.6234898018587334,1,1,-61,1,3084,0,0,0,0,937152.62,894184.44
2020-12-14,2020,12,4,0,14,-2.4492935982947064e-16,1.0,0.0,1.0,1,1,-60,1,3085,0,0,0,0,1601200.69,1536265.51
2020-12-15,2020,12,4,1,15,-2.4492935982947064e-16,1.0,0.7818314824680298,0.6234898018587336,1,1,-59,1,3086,0,0,0,0,1355809.66,1345601.61
2020-12-16,2020,12,4,2,16,-2.4492935982947064e-16,1.0,0.9749279121818236,-0.22252093395631434,1,1,-58,1,3087,0,0,0,0,1368150.26,1378715.06
2020-12-17,2020,12,4,3,17,-2.4492935982947064e-16,1.0,0.43388373911755823,-0.900968867902419,1,1,-57,1,3088,0,0,0,0,1104685.57,1105268.19
2020-12-18,2020,12,4,4,18,-2.4492935982947064e-16,1.0,-0.433883739117558,-0.9009688679024191,1,1,-56,1,3089,0,0,0,0,1251306.12,1173503.24
2020-12-19,2020,12,4,5,19,-2.4492935982947064e-16,1.0,-0.9749279121818236,-0.2225209339563146,1,1,-55,1,3090,0,0,0,0,1648432.09,1604918.15
2020-12-20,2020,12,4,6,20,-2.4492935982947064e-16,1.0,-0.7818314824680299,0.6234898018587334,1,1,-54,1,3091,0,0,0,0,1777867.4,1748875.07
2020-12-21,2020,12,4,0,21,-2.4492935982947064e-16,1.0,0.0,1.0,1,1,-53,1,3092,0,0,0,0,2040125.86,2025685.77
2020-12-22,2020,12,4,1,22,-2.4492935982947064e-16,1.0,0.7818314824680298,0.6234898018587336,1,1,-52,1,3093,0,0,0,0,2050706.5,1957791.36
2020-12-23,2020,12,4,2,23,-2.4492935982947064e-16,1.0,0.9749279121818236,-0.22252093395631434,1,1,-51,1,3094,0,0,0,0,1964805.24,2036033.68
2020-12-24,2020,12,4,3,24,-2.4492935982947064e-16,1.0,0.43388373911755823,-0.900968867902419,1,1,-50,1,3095,0,0,0,0,1223063.47,1196024.1
2020-12-25,2020,12,4,4,25,-2.4492935982947064e-16,1.0,-0.433883739117558,-0.9009688679024191,1,1,-49,1,3096,0,0,1,0,1200258.49,1181002.97
2020-12-26,2020,12,4,5,26,-2.4492935982947064e-16,1.0,-0.9749279121818236,-0.2225209339563146,1,1,-48,1,3097,0,0,0,0,1099988.0,1121806.33
2020-12-27,2020,12,4,6,27,-2.4492935982947064e-16,1.0,-0.7818314824680299,0.6234898018587334,1,1,-47,1,3098,0,0,0,0,1517374.4,1548752.98
2020-12-28,2020,12,4,0,28,-2.4492935982947064e-16,1.0,0.0,1.0,1,1,-46,1,3099,0,0,0,0,3627797.75,3660309.96
2020-12-29,2020,12,4,1,29,-2.4492935982947064e-16,1.0,0.7818314824680298,0.6234898018587336,1,1,-45,1,3100,0,0,0,0,2940732.69,2915164.04
2020-12-30,2020,12,4,2,30,-2.4492935982947064e-16,1.0,0.9749279121818236,-0.22252093395631434,1,1,-44,1,3101,0,0,0,0,2881135.64,2881761.18
2020-12-31,2020,12,4,3,31,-2.4492935982947064e-16,1.0,0.43388373911755823,-0.900968867902419,1,1,-43,1,3102,0,0,0,0,2153864.87,2157011.11
2021-01-01,2021,1,1,4,1,0.49999999999999994,0.8660254037844387,-0.433883739117558,-0.9009688679024191,1,1,-42,0,3103,0,0,0,0,1553431.51,1547553.58
2021-01-02,2021,1,1,5,2,0.49999999999999994,0.8660254037844387,-0.9749279121818236,-0.2225209339563146,1,1,-41,0,3104,0,0,0,0,378420.41,311258.46
2021-01-03,2021,1,1,6,3,0.49999999999999994,0.8660254037844387,-0.7818314824680299,0.6234898018587334,1,1,-40,0,3105,0,0,0,0,677894.56,516308.19
2021-01-04,2021,1,1,0,4,0.49999999999999994,0.8660254037844387,0.0,1.0,1,1,-39,0,3106,0,0,0,0,819877.04,631242.67
2021-01-05,2021,1,1,1,5,0.49999999999999994,0.8660254037844387,0.7818314824680298,0.6234898018587336,1,1,-38,0,3107,0,0,0,0,1174326.91,961163.6
2021-01-06,2021,1,1,2,6,0.49999999999999994,0.8660254037844387,0.9749279121818236,-0.22252093395631434,1,1,-37,0,3108,0,0,0,0,1114251.05,906466.26
2021-01-07,2021,1,1,3,7,0.49999999999999994,0.8660254037844387,0.43388373911755823,-0.900968867902419,1,1,-36,0,3109,0,0,0,0,837846.02,690390.14
2021-01-08,2021,1,1,4,8,0.49999999999999994,0.8660254037844387,-0.433883739117558,-0.9009688679024191,1,1,-35,0,3110,0,0,0,0,1023293.14,849565.94
2021-01-09,2021,1,1,5,9,0.49999999999999994,0.8660254037844387,-0.9749279121818236,-0.2225209339563146,1,1,-34,0,3111,0,0,0,0,853729.27,699954.28
2021-01-10,2021,1,1,6,10,0.49999999999999994,0.8660254037844387,-0.7818314824680299,0.6234898018587334,1,1,-33,0,3112,0,0,0,0,1180728.66,984866.85
2021-01-11,2021,1,1,0,11,0.49999999999999994,0.8660254037844387,0.0,1.0,1,1,-32,0,3113,0,0,0,0,1515387.6,1201417.37
2021-01-12,2021,1,1,1,12,0.49999999999999994,0.8660254037844387,0.7818314824680298,0.6234898018587336,1,1,-31,0,3114,0,0,0,0,1062807.64,869052.09
2021-01-13,2021,1,1,2,13,0.49999999999999994,0.8660254037844387,0.9749279121818236,-0.22252093395631434,1,1,-30,0,3115,0,0,0,0,1070756.5,856031.34
2021-01-14,2021,1,1,3,14,0.49999999999999994,0.8660254037844387,0.43388373911755823,-0.900968867902419,1,1,-29,0,3116,0,0,0,0,764427.24,629061.31
2021-01-15,2021,1,1,4,15,0.49999999999999994,0.8660254037844387,-0.433883739117558,-0.9009688679024191,1,1,-28,0,3117,0,0,0,0,977003.78,779003.57
2021-01-16,2021,1,1,5,16,0.49999999999999994,0.8660254037844387,-0.9749279121818236,-0.2225209339563146,1,1,-27,0,3118,0,0,0,0,1185774.61,916210.38
2021-01-17,2021,1,1,6,17,0.49999999999999994,0.8660254037844387,-0.7818314824680299,0.6234898018587334,1,1,-26,0,3119,0,0,0,0,1224098.2,966990.57
2021-01-18,2021,1,1,0,18,0.49999999999999994,0.8660254037844387,0.0,1.0,1,1,-25,0,3120,0,0,0,0,2502006.18,1916159.06
2021-01-19,2021,1,1,1,19,0.49999999999999994,0.8660254037844387,0.7818314824680298,0.6234898018587336,1,1,-24,0,3121,0,0,0,0,2011018.39,1652010.17
2021-01-20,2021,1,1,2,20,0.49999999999999994,0.8660254037844387,0.9749279121818236,-0.22252093395631434,1,1,-23,0,3122,0,0,0,0,1595354.2,1216527.62
2021-01-21,2021,1,1,3,21,0.49999999999999994,0.8660254037844387,0.43388373911755823,-0.900968867902419,1,1,-22,0,3123,0,0,0,0,1698207.91,1250048.47
2021-01-22,2021,1,1,4,22,0.49999999999999994,0.8660254037844387,-0.433883739117558,-0.9009688679024191,1,1,-21,0,3124,0,0,0,0,1620041.5,1267935.48
2021-01-23,2021,1,1,5,23,0.49999999999999994,0.8660254037844387,-0.9749279121818236,-0.2225209339563146,1,1,-20,0,3125,0,0,0,0,1744298.27,1412867.08
2021-01-24,2021,1,1,6,24,0.49999999999999994,0.8660254037844387,-0.7818314824680299,0.6234898018587334,1,1,-19,0,3126,0,0,0,0,1862707.42,1491339.57
2021-01-25,2021,1,1,0,25,0.49999999999999994,0.8660254037844387,0.0,1.0,1,1,-18,0,3127,0,0,0,0,2346216.5,1913189.53
2021-01-26,2021,1,1,1,26,0.49999999999999994,0.8660254037844387,0.7818314824680298,0.6234898018587336,1,1,-17,0,3128,0,0,0,0,2993616.58,2282478.29
2021-01-27,2021,1,1,2,27,0.49999999999999994,0.8660254037844387,0.9749279121818236,-0.22252093395631434,1,1,-16,0,3129,0,0,0,0,2258351.94,1690062.59
2021-01-28,2021,1,1,3,28,0.49999999999999994,0.8660254037844387,0.43388373911755823,-0.900968867902419,1,1,-15,0,3130,0,0,0,0,2405871.45,1845885.39
2021-01-29,2021,1,1,4,29,0.49999999999999994,0.8660254037844387,-0.433883739117558,-0.9009688679024191,1,1,-14,0,3131,0,0,0,0,2246568.53,1778946.6
2021-01-30,2021,1,1,5,30,0.49999999999999994,0.8660254037844387,-0.9749279121818236,-0.2225209339563146,1,1,-13,0,3132,0,0,0,0,2167603.39,1754979.72
2021-01-31,2021,1,1,6,31,0.49999999999999994,0.8660254037844387,-0.7818314824680299,0.6234898018587334,1,1,-12,0,3133,0,0,0,0,1607178.02,1317474.79
2021-02-01,2021,2,1,0,1,0.8660254037844386,0.5000000000000001,0.0,1.0,1,1,-11,0,3134,0,0,0,0,1551374.11,1281321.59
2021-02-02,2021,2,1,1,2,0.8660254037844386,0.5000000000000001,0.7818314824680298,0.6234898018587336,1,1,-10,0,3135,0,0,0,0,958876.9,764858.08
2021-02-03,2021,2,1,2,3,0.8660254037844386,0.5000000000000001,0.9749279121818236,-0.22252093395631434,1,1,-9,0,3136,0,0,0,0,1095535.11,933310.92
2021-02-04,2021,2,1,3,4,0.8660254037844386,0.5000000000000001,0.43388373911755823,-0.900968867902419,1,1,-8,0,3137,0,0,0,0,1345207.17,1009834.12
2021-02-05,2021,2,1,4,5,0.8660254037844386,0.5000000000000001,-0.433883739117558,-0.9009688679024191,1,1,-7,0,3138,0,0,0,0,1749418.05,1399602.15
2021-02-06,2021,2,1,5,6,0.8660254037844386,0.5000000000000001,-0.9749279121818236,-0.2225209339563146,1,1,-6,0,3139,0,0,0,0,1240787.91,940727.48
2021-02-07,2021,2,1,6,7,0.8660254037844386,0.5000000000000001,-0.7818314824680299,0.6234898018587334,1,1,-5,0,3140,0,0,0,0,1814367.53,1394396.68
2021-02-08,2021,2,1,0,8,0.8660254037844386,0.5000000000000001,0.0,1.0,1,1,-4,0,3141,0,0,0,0,1325809.68,1131072.08
2021-02-09,2021,2,1,1,9,0.8660254037844386,0.5000000000000001,0.7818314824680298,0.6234898018587336,1,1,-3,0,3142,0,0,0,0,1448124.96,1194857.77
2021-02-10,2021,2,1,2,10,0.8660254037844386,0.5000000000000001,0.9749279121818236,-0.22252093395631434,1,1,-2,0,3143,0,0,0,0,1851743.73,1575581.32
2021-02-11,2021,2,1,3,11,0.8660254037844386,0.5000000000000001,0.43388373911755823,-0.900968867902419,1,1,-1,0,3144,0,0,0,0,1689417.95,1396084.38
2021-02-12,2021,2,1,4,12,0.8660254037844386,0.5000000000000001,-0.433883739117558,-0.9009688679024191,1,1,0,0,3145,0,0,0,0,1983824.96,1679342.84
2021-02-13,2021,2,1,5,13,0.8660254037844386,0.5000000000000001,-0.9749279121818236,-0.2225209339563146,1,1,1,0,3146,0,0,0,0,1986462.63,1556559.62
2021-02-14,2021,2,1,6,14,0.8660254037844386,0.5000000000000001,-0.7818314824680299,0.6234898018587334,1,1,2,0,3147,0,0,0,0,2942830.48,2472928.79
2021-02-15,2021,2,1,0,15,0.8660254037844386,0.5000000000000001,0.0,1.0,1,1,3,0,3148,0,0,0,0,3142099.08,2531323.24
2021-02-16,2021,2,1,1,16,0.8660254037844386,0.5000000000000001,0.7818314824680298,0.6234898018587336,1,1,4,0,3149,0,0,0,0,1874868.49,1645455.89
2021-02-17,2021,2,1,2,17,0.8660254037844386,0.5000000000000001,0.9749279121818236,-0.22252093395631434,1,1,5,0,3150,0,0,0,0,2468895.03,1948858.13
2021-02-18,2021,2,1,3,18,0.8660254037844386,0.5000000000000001,0.43388373911755823,-0.900968867902419,1,1,6,0,3151,0,0,0,0,1729200.62,1374282.0
2021-02-19,2021,2,1,4,19,0.8660254037844386,0.5000000000000001,-0.433883739117558,-0.9009688679024191,1,1,7,0,3152,0,0,0,0,2485137.46,1894234.27
2021-02-20,2021,2,1,5,20,0.8660254037844386,0.5000000000000001,-0.9749279121818236,-0.2225209339563146,1,1,8,0,3153,0,0,0,0,2510521.11,1978226.96
2021-02-21,2021,2,1,6,21,0.8660254037844386,0.5000000000000001,-0.7818314824680299,0.6234898018587334,1,1,9,0,3154,0,0,0,0,2673937.37,2158355.9
2021-02-22,2021,2,1,0,22,0.8660254037844386,0.5000000000000001,0.0,1.0,1,1,10,0,3155,0,0,0,0,3295922.4,2680528.93
2021-02-23,2021,2,1,1,23,0.8660254037844386,0.5000000000000001,0.7818314824680298,0.6234898018587336,1,1,11,0,3156,0,0,0,0,4952064.84,3886168.63
2021-02-24,2021,2,1,2,24,0.8660254037844386,0.5000000000000001,0.9749279121818236,-0.22252093395631434,1,1,12,0,3157,0,0,0,0,2880648.13,2377495.5
2021-02-25,2021,2,1,3,25,0.8660254037844386,0.5000000000000001,0.43388373911755823,-0.900968867902419,1,1,13,0,3158,0,0,0,0,5675843.97,4598510.35
2021-02-26,2021,2,1,4,26,0.8660254037844386,0.5000000000000001,-0.433883739117558,-0.9009688679024191,1,1,14,0,3159,0,0,0,0,3813868.44,3118356.14
2021-02-27,2021,2,1,5,27,0.8660254037844386,0.5000000000000001,-0.9749279121818236,-0.2225209339563146,1,1,15,0,3160,0,0,0,0,3241854.71,2733660.27
2021-02-28,2021,2,1,6,28,0.8660254037844386,0.5000000000000001,-0.7818314824680299,0.6234898018587334,1,1,16,0,3161,0,0,0,0,2348995.75,1901704.24
2021-03-01,2021,3,1,0,1,1.0,6.123233995736766e-17,0.0,1.0,1,1,17,0,3162,0,0,0,0,1942260.67,1595206.21
2021-03-02,2021,3,1,1,2,1.0,6.123233995736766e-17,0.7818314824680298,0.6234898018587336,1,1,18,0,3163,0,0,0,0,679248.37,536287.19
2021-03-03,2021,3,1,2,3,1.0,6.123233995736766e-17,0.9749279121818236,-0.22252093395631434,1,1,19,0,3164,0,0,0,0,1202803.22,982110.07
2021-03-04,2021,3,1,3,4,1.0,6.123233995736766e-17,0.43388373911755823,-0.900968867902419,1,1,20,0,3165,0,0,0,0,2188811.67,1718125.54
2021-03-05,2021,3,1,4,5,1.0,6.123233995736766e-17,-0.433883739117558,-0.9009688679024191,1,1,21,0,3166,0,0,0,0,1350969.16,1101818.84
2021-03-06,2021,3,1,5,6,1.0,6.123233995736766e-17,-0.9749279121818236,-0.2225209339563146,1,1,22,0,3167,0,0,0,0,1702498.76,1385168.73
2021-03-07,2021,3,1,6,7,1.0,6.123233995736766e-17,-0.7818314824680299,0.6234898018587334,1,1,23,0,3168,0,0,0,0,2475099.15,2022240.35
2021-03-08,2021,3,1,0,8,1.0,6.123233995736766e-17,0.0,1.0,1,1,24,0,3169,0,0,0,0,2765984.78,2054703.58
2021-03-09,2021,3,1,1,9,1.0,6.123233995736766e-17,0.7818314824680298,0.6234898018587336,1,1,25,0,3170,0,0,0,0,2910840.37,2318282.64
2021-03-10,2021,3,1,2,10,1.0,6.123233995736766e-17,0.9749279121818236,-0.22252093395631434,1,1,26,0,3171,0,0,0,0,2793536.43,2183321.72
2021-03-11,2021,3,1,3,11,1.0,6.123233995736766e-17,0.43388373911755823,-0.900968867902419,1,1,27,0,3172,0,0,0,0,4291688.17,3434300.04
2021-03-12,2021,3,1,4,12,1.0,6.123233995736766e-17,-0.433883739117558,-0.9009688679024191,1,1,28,0,3173,0,0,0,0,4134860.06,3361961.81
2021-03-13,2021,3,1,5,13,1.0,6.123233995736766e-17,-0.9749279121818236,-0.2225209339563146,1,1,29,0,3174,0,0,0,0,2417371.88,1968099.73
2021-03-14,2021,3,1,6,14,1.0,6.123233995736766e-17,-0.7818314824680299,0.6234898018587334,1,1,30,0,3175,0,0,0,0,2889680.59,2334076.0
2021-03-15,2021,3,1,0,15,1.0,6.123233995736766e-17,0.0,1.0,1,1,31,0,3176,0,0,0,0,3654509.31,2866925.36
2021-03-16,2021,3,1,1,16,1.0,6.123233995736766e-17,0.7818314824680298,0.6234898018587336,1,1,32,0,3177,0,0,0,0,4008350.11,3320217.27
2021-03-17,2021,3,1,2,17,1.0,6.123233995736766e-17,0.9749279121818236,-0.22252093395631434,1,1,33,0,3178,0,0,0,0,4400411.89,3480694.63
2021-03-18,2021,3,1,3,18,1.0,6.123233995736766e-17,0.43388373911755823,-0.900968867902419,1,1,34,0,3179,0,0,0,0,5516765.31,4537155.51
2021-03-19,2021,3,1,4,19,1.0,6.123233995736766e-17,-0.433883739117558,-0.9009688679024191,1,1,35,0,3180,0,0,0,0,3614457.51,2975958.79
2021-03-20,2021,3,1,5,20,1.0,6.123233995736766e-17,-0.9749279121818236,-0.2225209339563146,1,1,36,0,3181,0,0,0,0,3232018.55,2766387.35
2021-03-21,2021,3,1,6,21,1.0,6.123233995736766e-17,-0.7818314824680299,0.6234898018587334,1,1,37,0,3182,0,0,0,0,2822145.24,2475231.8
2021-03-22,2021,3,1,0,22,1.0,6.123233995736766e-17,0.0,1.0,1,1,38,0,3183,0,0,0,0,3923103.49,3698730.81
2021-03-23,2021,3,1,1,23,1.0,6.123233995736766e-17,0.7818314824680298,0.6234898018587336,1,1,39,0,3184,0,0,0,0,4222620.69,3768846.71
2021-03-24,2021,3,1,2,24,1.0,6.123233995736766e-17,0.9749279121818236,-0.22252093395631434,1,1,40,0,3185,0,0,0,0,4003647.57,3639438.17
2021-03-25,2021,3,1,3,25,1.0,6.123233995736766e-17,0.43388373911755823,-0.900968867902419,1,1,41,0,3186,0,0,0,0,4847687.37,4322456.49
2021-03-26,2021,3,1,4,26,1.0,6.123233995736766e-17,-0.433883739117558,-0.9009688679024191,1,1,42,0,3187,0,0,0,0,4034615.27,3623284.41
2021-03-27,2021,3,1,5,27,1.0,6.123233995736766e-17,-0.9749279121818236,-0.2225209339563146,1,1,43,0,3188,0,0,0,0,3612774.77,3405524.2
2021-03-28,2021,3,1,6,28,1.0,6.123233995736766e-17,-0.7818314824680299,0.6234898018587334,1,1,44,0,3189,0,0,0,0,3528929.89,3193051.24
2021-03-29,2021,3,1,0,29,1.0,6.123233995736766e-17,0.0,1.0,1,1,45,0,3190,0,0,0,0,4090090.6,3735223.94
2021-03-30,2021,3,1,1,30,1.0,6.123233995736766e-17,0.7818314824680298,0.6234898018587336,1,1,46,0,3191,0,0,0,0,10795905.35,9875208.04
2021-03-31,2021,3,1,2,31,1.0,6.123233995736766e-17,0.9749279121818236,-0.22252093395631434,1,1,47,0,3192,0,0,0,0,9220320.43,8547874.84
2021-04-01,2021,4,2,3,1,0.8660254037844387,-0.49999999999999983,0.43388373911755823,-0.900968867902419,1,1,48,0,3193,0,0,0,0,9027075.84,8225391.38
2021-04-02,2021,4,2,4,2,0.8660254037844387,-0.49999999999999983,-0.433883739117558,-0.9009688679024191,1,1,49,0,3194,0,0,0,0,7866035.23,7228630.89
2021-04-03,2021,4,2,5,3,0.8660254037844387,-0.49999999999999983,-0.9749279121818236,-0.2225209339563146,1,1,50,0,3195,0,0,0,0,7594752.42,7064149.71
2021-04-04,2021,4,2,6,4,0.8660254037844387,-0.49999999999999983,-0.7818314824680299,0.6234898018587334,1,1,51,0,3196,0,0,0,0,1720555.46,1597615.49
2021-04-05,2021,4,2,0,5,0.8660254037844387,-0.49999999999999983,0.0,1.0,1,1,52,0,3197,0,0,0,0,2665962.66,2489752.36
2021-04-06,2021,4,2,1,6,0.8660254037844387,-0.49999999999999983,0.7818314824680298,0.6234898018587336,1,1,53,0,3198,0,0,0,0,2627509.32,2395678.58
2021-04-07,2021,4,2,2,7,0.8660254037844387,-0.49999999999999983,0.9749279121818236,-0.22252093395631434,1,1,54,0,3199,0,0,0,0,3504391.02,3200078.0
2021-04-08,2021,4,2,3,8,0.8660254037844387,-0.49999999999999983,0.43388373911755823,-0.900968867902419,1,1,55,0,3200,0,0,0,0,3026850.22,2768519.33
2021-04-09,2021,4,2,4,9,0.8660254037844387,-0.49999999999999983,-0.433883739117558,-0.9009688679024191,1,1,56,0,3201,0,0,0,0,3110153.27,2714930.73
2021-04-10,2021,4,2,5,10,0.8660254037844387,-0.49999999999999983,-0.9749279121818236,-0.2225209339563146,1,1,57,0,3202,0,0,0,0,2505766.01,2142941.81
2021-04-11,2021,4,2,6,11,0.8660254037844387,-0.49999999999999983,-0.7818314824680299,0.6234898018587334,1,1,58,0,3203,0,0,0,0,2755337.37,2528446.54
2021-04-12,2021,4,2,0,12,0.8660254037844387,-0.49999999999999983,0.0,1.0,1,1,59,0,3204,0,0,0,0,3206411.87,3006280.88
2021-04-13,2021,4,2,1,13,0.8660254037844387,-0.49999999999999983,0.7818314824680298,0.6234898018587336,1,1,60,0,3205,0,0,0,0,3231903.43,2897501.76
2021-04-14,2021,4,2,2,14,0.8660254037844387,-0.49999999999999983,0.9749279121818236,-0.22252093395631434,1,1,61,0,3206,0,0,0,0,5218947.03,4826353.96
2021-04-15,2021,4,2,3,15,0.8660254037844387,-0.49999999999999983,0.43388373911755823,-0.900968867902419,1,1,62,0,3207,0,0,0,0,4270735.63,3783812.65
2021-04-16,2021,4,2,4,16,0.8660254037844387,-0.49999999999999983,-0.433883739117558,-0.9009688679024191,1,1,63,0,3208,0,0,0,0,3735241.12,3308841.35
2021-04-17,2021,4,2,5,17,0.8660254037844387,-0.49999999999999983,-0.9749279121818236,-0.2225209339563146,1,1,64,0,3209,0,0,0,0,3800876.52,3259298.49
2021-04-18,2021,4,2,6,18,0.8660254037844387,-0.49999999999999983,-0.7818314824680299,0.6234898018587334,1,1,65,0,3210,0,0,0,0,4448113.81,3495208.68
2021-04-19,2021,4,2,0,19,0.8660254037844387,-0.49999999999999983,0.0,1.0,1,1,66,0,3211,0,0,0,0,3468512.12,2925337.15
2021-04-20,2021,4,2,1,20,0.8660254037844387,-0.49999999999999983,0.7818314824680298,0.6234898018587336,1,1,67,0,3212,0,0,0,0,4030055.78,3186833.6
2021-04-21,2021,4,2,2,21,0.8660254037844387,-0.49999999999999983,0.9749279121818236,-0.22252093395631434,1,1,68,0,3213,0,0,0,0,5244905.44,4141247.89
2021-04-22,2021,4,2,3,22,0.8660254037844387,-0.49999999999999983,0.43388373911755823,-0.900968867902419,1,1,69,0,3214,0,0,0,0,4635126.49,3691630.05
2021-04-23,2021,4,2,4,23,0.8660254037844387,-0.49999999999999983,-0.433883739117558,-0.9009688679024191,1,1,70,0,3215,0,0,0,0,2503702.41,1966755.8
2021-04-24,2021,4,2,5,24,0.8660254037844387,-0.49999999999999983,-0.9749279121818236,-0.2225209339563146,1,1,71,0,3216,0,0,0,0,3966260.92,3199689.13
2021-04-25,2021,4,2,6,25,0.8660254037844387,-0.49999999999999983,-0.7818314824680299,0.6234898018587334,1,1,72,0,3217,0,0,0,0,4545990.29,3630097.75
2021-04-26,2021,4,2,0,26,0.8660254037844387,-0.49999999999999983,0.0,1.0,1,1,73,0,3218,0,0,0,0,4718077.11,3814996.18
2021-04-27,2021,4,2,1,27,0.8660254037844387,-0.49999999999999983,0.7818314824680298,0.6234898018587336,1,1,74,0,3219,0,0,0,0,5303542.87,4355535.28
2021-04-28,2021,4,2,2,28,0.8660254037844387,-0.49999999999999983,0.9749279121818236,-0.22252093395631434,1,1,75,0,3220,0,0,0,0,5606431.49,4335482.99
2021-04-29,2021,4,2,3,29,0.8660254037844387,-0.49999999999999983,0.43388373911755823,-0.900968867902419,1,1,76,0,3221,0,0,0,0,9535515.05,7714922.63
2021-04-30,2021,4,2,4,30,0.8660254037844387,-0.49999999999999983,-0.433883739117558,-0.9009688679024191,1,1,77,0,3222,1,0,0,0,6962149.33,5622679.65
2021-05-01,2021,5,2,5,1,0.49999999999999994,-0.8660254037844387,-0.9749279121818236,-0.2225209339563146,1,1,78,0,3223,1,0,0,0,6555221.49,5276005.92
2021-05-02,2021,5,2,6,2,0.49999999999999994,-0.8660254037844387,-0.7818314824680299,0.6234898018587334,1,1,79,0,3224,0,0,0,0,5301495.07,4383106.98
2021-05-03,2021,5,2,0,3,0.49999999999999994,-0.8660254037844387,0.0,1.0,1,1,80,0,3225,0,0,0,0,3778243.02,3051862.47
2021-05-04,2021,5,2,1,4,0.49999999999999994,-0.8660254037844387,0.7818314824680298,0.6234898018587336,1,1,81,0,3226,0,0,0,0,1930133.97,1605646.92
2021-05-05,2021,5,2,2,5,0.49999999999999994,-0.8660254037844387,0.9749279121818236,-0.22252093395631434,1,1,82,0,3227,0,0,0,0,2491751.76,1992920.65
2021-05-06,2021,5,2,3,6,0.49999999999999994,-0.8660254037844387,0.43388373911755823,-0.900968867902419,1,1,83,0,3228,0,0,0,0,3090364.98,2462408.5
2021-05-07,2021,5,2,4,7,0.49999999999999994,-0.8660254037844387,-0.433883739117558,-0.9009688679024191,1,1,84,0,3229,0,0,0,0,3099539.75,2583097.98
2021-05-08,2021,5,2,5,8,0.49999999999999994,-0.8660254037844387,-0.9749279121818236,-0.2225209339563146,1,1,85,0,3230,0,0,0,0,2448108.31,2024581.03
2021-05-09,2021,5,2,6,9,0.49999999999999994,-0.8660254037844387,-0.7818314824680299,0.6234898018587334,1,1,86,0,3231,0,0,0,0,3801718.87,3192875.3
2021-05-10,2021,5,2,0,10,0.49999999999999994,-0.8660254037844387,0.0,1.0,1,1,87,0,3232,0,0,0,0,3546216.71,2807669.46
2021-05-11,2021,5,2,1,11,0.49999999999999994,-0.8660254037844387,0.7818314824680298,0.6234898018587336,1,1,88,0,3233,0,0,0,0,3323078.36,2752138.51
2021-05-12,2021,5,2,2,12,0.49999999999999994,-0.8660254037844387,0.9749279121818236,-0.22252093395631434,1,1,89,0,3234,0,0,0,0,4782841.68,3847828.01
2021-05-13,2021,5,2,3,13,0.49999999999999994,-0.8660254037844387,0.43388373911755823,-0.900968867902419,1,1,90,0,3235,0,0,0,0,5666923.8,4709813.19
2021-05-14,2021,5,2,4,14,0.49999999999999994,-0.8660254037844387,-0.433883739117558,-0.9009688679024191,1,1,91,0,3236,0,0,0,0,5250104.11,4258778.21
2021-05-15,2021,5,2,5,15,0.49999999999999994,-0.8660254037844387,-0.9749279121818236,-0.2225209339563146,1,1,92,0,3237,0,0,0,0,3858160.76,3146686.62
2021-05-16,2021,5,2,6,16,0.49999999999999994,-0.8660254037844387,-0.7818314824680299,0.6234898018587334,1,1,93,0,3238,0,0,0,0,3981359.06,3199505.04
2021-05-17,2021,5,2,0,17,0.49999999999999994,-0.8660254037844387,0.0,1.0,1,1,94,0,3239,0,0,0,0,4684806.7,3826508.17
2021-05-18,2021,5,2,1,18,0.49999999999999994,-0.8660254037844387,0.7818314824680298,0.6234898018587336,1,1,95,0,3240,0,0,0,0,3549112.31,2889339.05
2021-05-19,2021,5,2,2,19,0.49999999999999994,-0.8660254037844387,0.9749279121818236,-0.22252093395631434,1,1,96,0,3241,0,0,0,0,4795038.58,3840346.57
2021-05-20,2021,5,2,3,20,0.49999999999999994,-0.8660254037844387,0.43388373911755823,-0.900968867902419,1,1,97,0,3242,0,0,0,0,5057797.75,4088691.43
2021-05-21,2021,5,2,4,21,0.49999999999999994,-0.8660254037844387,-0.433883739117558,-0.9009688679024191,1,1,98,0,3243,0,0,0,0,5434543.62,4271132.76
2021-05-22,2021,5,2,5,22,0.49999999999999994,-0.8660254037844387,-0.9749279121818236,-0.2225209339563146,1,1,99,0,3244,0,0,0,0,4310539.38,3526722.84
2021-05-23,2021,5,2,6,23,0.49999999999999994,-0.8660254037844387,-0.7818314824680299,0.6234898018587334,1,1,100,0,3245,0,0,0,0,3846392.54,3086892.89
2021-05-24,2021,5,2,0,24,0.49999999999999994,-0.8660254037844387,0.0,1.0,1,1,101,0,3246,0,0,0,0,3987573.28,3177252.48
2021-05-25,2021,5,2,1,25,0.49999999999999994,-0.8660254037844387,0.7818314824680298,0.6234898018587336,1,1,102,0,3247,0,0,0,0,3822459.48,3142554.15
2021-05-26,2021,5,2,2,26,0.49999999999999994,-0.8660254037844387,0.9749279121818236,-0.22252093395631434,1,1,103,0,3248,0,0,0,0,4915453.17,4056932.97
2021-05-27,2021,5,2,3,27,0.49999999999999994,-0.8660254037844387,0.43388373911755823,-0.900968867902419,1,1,104,0,3249,0,0,0,0,7320510.07,6048379.93
2021-05-28,2021,5,2,4,28,0.49999999999999994,-0.8660254037844387,-0.433883739117558,-0.9009688679024191,1,1,105,0,3250,0,0,0,0,6925957.27,5561587.62
2021-05-29,2021,5,2,5,29,0.49999999999999994,-0.8660254037844387,-0.9749279121818236,-0.2225209339563146,1,1,106,0,3251,0,0,0,0,4630943.52,3787091.31
2021-05-30,2021,5,2,6,30,0.49999999999999994,-0.8660254037844387,-0.7818314824680299,0.6234898018587334,1,1,107,0,3252,0,0,0,0,8887935.6,7274840.31
2021-05-31,2021,5,2,0,31,0.49999999999999994,-0.8660254037844387,0.0,1.0,1,1,108,0,3253,0,0,0,0,7996369.9,6466327.4
2021-06-01,2021,6,2,1,1,1.2246467991473532e-16,-1.0,0.7818314824680298,0.6234898018587336,1,1,109,0,3254,0,0,0,0,7479521.04,6141761.22
2021-06-02,2021,6,2,2,2,1.2246467991473532e-16,-1.0,0.9749279121818236,-0.22252093395631434,1,1,110,0,3255,0,0,0,0,6960798.21,5572082.02
2021-06-03,2021,6,2,3,3,1.2246467991473532e-16,-1.0,0.43388373911755823,-0.900968867902419,1,1,111,0,3256,0,0,0,0,6367799.03,5139667.32
2021-06-04,2021,6,2,4,4,1.2246467991473532e-16,-1.0,-0.433883739117558,-0.9009688679024191,1,1,112,0,3257,0,0,0,0,2524112.16,2097669.41
2021-06-05,2021,6,2,5,5,1.2246467991473532e-16,-1.0,-0.9749279121818236,-0.2225209339563146,1,1,113,0,3258,0,0,0,0,2884765.01,2262050.61
2021-06-06,2021,6,2,6,6,1.2246467991473532e-16,-1.0,-0.7818314824680299,0.6234898018587334,1,1,114,0,3259,0,0,0,0,3795966.84,3084551.9
2021-06-07,2021,6,2,0,7,1.2246467991473532e-16,-1.0,0.0,1.0,1,1,115,0,3260,0,0,0,0,3757477.99,3136794.28
2021-06-08,2021,6,2,1,8,1.2246467991473532e-16,-1.0,0.7818314824680298,0.6234898018587336,1,1,116,0,3261,0,0,0,0,3948452.32,3177527.58
2021-06-09,2021,6,2,2,9,1.2246467991473532e-16,-1.0,0.9749279121818236,-0.22252093395631434,1,1,117,0,3262,0,0,0,0,3733884.76,3009506.21
2021-06-10,2021,6,2,3,10,1.2246467991473532e-16,-1.0,0.43388373911755823,-0.900968867902419,1,1,118,0,3263,0,0,0,0,3994102.54,3220973.51
2021-06-11,2021,6,2,4,11,1.2246467991473532e-16,-1.0,-0.433883739117558,-0.9009688679024191,1,1,119,0,3264,0,0,0,0,3221511.31,2622379.46
2021-06-12,2021,6,2,5,12,1.2246467991473532e-16,-1.0,-0.9749279121818236,-0.2225209339563146,1,1,120,0,3265,0,0,0,0,3618435.07,2920008.48
2021-06-13,2021,6,2,6,13,1.2246467991473532e-16,-1.0,-0.7818314824680299,0.6234898018587334,1,1,121,0,3266,0,0,0,0,3349171.43,2778202.9
2021-06-14,2021,6,2,0,14,1.2246467991473532e-16,-1.0,0.0,1.0,1,1,122,0,3267,0,0,0,0,4007931.92,3159812.63
2021-06-15,2021,6,2,1,15,1.2246467991473532e-16,-1.0,0.7818314824680298,0.6234898018587336,1,1,123,0,3268,0,0,0,0,4162142.95,3326425.2
2021-06-16,2021,6,2,2,16,1.2246467991473532e-16,-1.0,0.9749279121818236,-0.22252093395631434,1,1,124,0,3269,0,0,0,0,4740156.23,3752544.13
2021-06-17,2021,6,2,3,17,1.2246467991473532e-16,-1.0,0.43388373911755823,-0.900968867902419,1,1,125,0,3270,0,0,0,0,5807751.43,4698668.17
2021-06-18,2021,6,2,4,18,1.2246467991473532e-16,-1.0,-0.433883739117558,-0.9009688679024191,1,1,126,0,3271,0,0,0,0,4316861.14,3463681.18
2021-06-19,2021,6,2,5,19,1.2246467991473532e-16,-1.0,-0.9749279121818236,-0.2225209339563146,1,1,127,0,3272,0,0,0,0,3596996.21,3016398.92
2021-06-20,2021,6,2,6,20,1.2246467991473532e-16,-1.0,-0.7818314824680299,0.6234898018587334,1,1,128,0,3273,0,0,0,0,3113780.62,2502341.31
2021-06-21,2021,6,2,0,21,1.2246467991473532e-16,-1.0,0.0,1.0,1,1,129,0,3274,0,0,0,0,3454322.45,2831163.45
2021-06-22,2021,6,2,1,22,1.2246467991473532e-16,-1.0,0.7818314824680298,0.6234898018587336,1,1,130,0,3275,0,0,0,0,3814525.81,3072656.32
2021-06-23,2021,6,2,2,23,1.2246467991473532e-16,-1.0,0.9749279121818236,-0.22252093395631434,1,1,131,0,3276,0,0,0,0,5129834.24,4258385.56
2021-06-24,2021,6,2,3,24,1.2246467991473532e-16,-1.0,0.43388373911755823,-0.900968867902419,1,1,132,0,3277,0,0,0,0,5015283.26,4491924.42
2021-06-25,2021,6,2,4,25,1.2246467991473532e-16,-1.0,-0.433883739117558,-0.9009688679024191,1,1,133,0,3278,0,0,0,0,3255836.16,2807033.14
2021-06-26,2021,6,2,5,26,1.2246467991473532e-16,-1.0,-0.9749279121818236,-0.2225209339563146,1,1,134,0,3279,0,0,0,0,3202321.56,2946230.91
2021-06-27,2021,6,2,6,27,1.2246467991473532e-16,-1.0,-0.7818314824680299,0.6234898018587334,1,1,135,0,3280,0,0,0,0,3938214.81,3832008.26
2021-06-28,2021,6,2,0,28,1.2246467991473532e-16,-1.0,0.0,1.0,1,1,136,0,3281,0,0,0,0,4255543.96,4082242.05
2021-06-29,2021,6,2,1,29,1.2246467991473532e-16,-1.0,0.7818314824680298,0.6234898018587336,1,1,137,0,3282,0,0,0,0,5907160.01,5911751.11
2021-06-30,2021,6,2,2,30,1.2246467991473532e-16,-1.0,0.9749279121818236,-0.22252093395631434,1,1,138,0,3283,0,0,0,0,5094915.79,4949985.1
2021-07-01,2021,7,3,3,1,-0.4999999999999998,-0.8660254037844388,0.43388373911755823,-0.900968867902419,1,1,139,1,3284,0,0,0,0,4975867.15,5024857.74
2021-07-02,2021,7,3,4,2,-0.4999999999999998,-0.8660254037844388,-0.433883739117558,-0.9009688679024191,1,1,140,1,3285,0,0,0,0,4397949.68,4326458.07
2021-07-03,2021,7,3,5,3,-0.4999999999999998,-0.8660254037844388,-0.9749279121818236,-0.2225209339563146,1,1,141,1,3286,0,0,0,0,3132513.38,3101143.37
2021-07-04,2021,7,3,6,4,-0.4999999999999998,-0.8660254037844388,-0.7818314824680299,0.6234898018587334,1,1,142,1,3287,0,0,0,0,730601.15,647312.84
2021-07-05,2021,7,3,0,5,-0.4999999999999998,-0.8660254037844388,0.0,1.0,1,1,143,1,3288,0,0,0,0,1878817.85,1927429.12
2021-07-06,2021,7,3,1,6,-0.4999999999999998,-0.8660254037844388,0.7818314824680298,0.6234898018587336,1,1,144,1,3289,0,0,0,0,1616214.16,1626948.22
2021-07-07,2021,7,3,2,7,-0.4999999999999998,-0.8660254037844388,0.9749279121818236,-0.22252093395631434,1,1,145,1,3290,0,0,0,0,1741509.6,1715092.93
2021-07-08,2021,7,3,3,8,-0.4999999999999998,-0.8660254037844388,0.43388373911755823,-0.900968867902419,1,1,146,1,3291,0,0,0,0,2563149.38,2518109.42
2021-07-09,2021,7,3,4,9,-0.4999999999999998,-0.8660254037844388,-0.433883739117558,-0.9009688679024191,1,1,147,1,3292,0,0,0,0,2685812.87,2706650.91
2021-07-10,2021,7,3,5,10,-0.4999999999999998,-0.8660254037844388,-0.9749279121818236,-0.2225209339563146,1,1,148,1,3293,0,0,0,0,2524108.8,2448068.41
2021-07-11,2021,7,3,6,11,-0.4999999999999998,-0.8660254037844388,-0.7818314824680299,0.6234898018587334,1,1,149,1,3294,0,0,0,0,2592712.85,2553763.2
2021-07-12,2021,7,3,0,12,-0.4999999999999998,-0.8660254037844388,0.0,1.0,1,1,150,1,3295,0,0,0,0,3123873.5,3108780.0
2021-07-13,2021,7,3,1,13,-0.4999999999999998,-0.8660254037844388,0.7818314824680298,0.6234898018587336,1,1,151,1,3296,0,0,0,0,2650746.43,2549076.58
2021-07-14,2021,7,3,2,14,-0.4999999999999998,-0.8660254037844388,0.9749279121818236,-0.22252093395631434,1,1,152,1,3297,0,0,0,0,2970833.54,2785803.91
2021-07-15,2021,7,3,3,15,-0.4999999999999998,-0.8660254037844388,0.43388373911755823,-0.900968867902419,1,1,153,1,3298,0,0,0,0,3628282.86,3639556.87
2021-07-16,2021,7,3,4,16,-0.4999999999999998,-0.8660254037844388,-0.433883739117558,-0.9009688679024191,1,1,154,1,3299,0,0,0,0,2768513.94,2780496.25
2021-07-17,2021,7,3,5,17,-0.4999999999999998,-0.8660254037844388,-0.9749279121818236,-0.2225209339563146,1,1,155,1,3300,0,0,0,0,2453122.24,2399937.97
2021-07-18,2021,7,3,6,18,-0.4999999999999998,-0.8660254037844388,-0.7818314824680299,0.6234898018587334,1,1,156,1,3301,0,0,0,0,2827723.47,2930478.35
2021-07-19,2021,7,3,0,19,-0.4999999999999998,-0.8660254037844388,0.0,1.0,1,1,157,1,3302,0,0,0,0,2859598.56,2696150.18
2021-07-20,2021,7,3,1,20,-0.4999999999999998,-0.8660254037844388,0.7818314824680298,0.6234898018587336,1,1,158,1,3303,0,0,0,0,3389960.06,3045138.98
2021-07-21,2021,7,3,2,21,-0.4999999999999998,-0.8660254037844388,0.9749279121818236,-0.22252093395631434,1,1,159,1,3304,0,0,0,0,3336465.66,2928248.05
2021-07-22,2021,7,3,3,22,-0.4999999999999998,-0.8660254037844388,0.43388373911755823,-0.900968867902419,1,1,160,1,3305,0,0,0,0,4388007.92,3796262.13
2021-07-23,2021,7,3,4,23,-0.4999999999999998,-0.8660254037844388,-0.433883739117558,-0.9009688679024191,1,1,161,1,3306,0,0,0,0,4385215.41,3753800.99
2021-07-24,2021,7,3,5,24,-0.4999999999999998,-0.8660254037844388,-0.9749279121818236,-0.2225209339563146,1,1,162,1,3307,0,0,0,0,2294305.45,1930929.33
2021-07-25,2021,7,3,6,25,-0.4999999999999998,-0.8660254037844388,-0.7818314824680299,0.6234898018587334,1,1,163,1,3308,0,0,0,0,2549303.61,2173412.06
2021-07-26,2021,7,3,0,26,-0.4999999999999998,-0.8660254037844388,0.0,1.0,1,1,164,1,3309,0,0,0,0,3676952.36,2918564.14
2021-07-27,2021,7,3,1,27,-0.4999999999999998,-0.8660254037844388,0.7818314824680298,0.6234898018587336,1,1,165,1,3310,0,0,0,0,3460197.23,2857159.07
2021-07-28,2021,7,3,2,28,-0.4999999999999998,-0.8660254037844388,0.9749279121818236,-0.22252093395631434,1,1,166,1,3311,0,0,0,0,4046860.27,3235448.81
2021-07-29,2021,7,3,3,29,-0.4999999999999998,-0.8660254037844388,0.43388373911755823,-0.900968867902419,1,1,167,1,3312,0,0,0,0,5547857.68,4566302.38
2021-07-30,2021,7,3,4,30,-0.4999999999999998,-0.8660254037844388,-0.433883739117558,-0.9009688679024191,1,1,168,1,3313,0,0,0,0,6548042.77,6322433.77
2021-07-31,2021,7,3,5,31,-0.4999999999999998,-0.8660254037844388,-0.9749279121818236,-0.2225209339563146,1,1,169,1,3314,0,0,0,0,5256382.47,5446793.9
2021-08-01,2021,8,3,6,1,-0.8660254037844384,-0.5000000000000004,-0.7818314824680299,0.6234898018587334,1,1,170,1,3315,0,0,0,0,3652376.75,4109973.08
2021-08-02,2021,8,3,0,2,-0.8660254037844384,-0.5000000000000004,0.0,1.0,1,1,171,1,3316,0,0,0,0,4399616.65,4886236.3
2021-08-03,2021,8,3,1,3,-0.8660254037844384,-0.5000000000000004,0.7818314824680298,0.6234898018587336,1,1,172,1,3317,0,0,0,0,2422462.49,3359505.36
2021-08-04,2021,8,3,2,4,-0.8660254037844384,-0.5000000000000004,0.9749279121818236,-0.22252093395631434,1,1,173,1,3318,0,0,0,0,1157658.1,1697391.73
2021-08-05,2021,8,3,3,5,-0.8660254037844384,-0.5000000000000004,0.43388373911755823,-0.900968867902419,1,1,174,1,3319,0,0,0,0,1482037.52,2026425.65
2021-08-06,2021,8,3,4,6,-0.8660254037844384,-0.5000000000000004,-0.433883739117558,-0.9009688679024191,1,1,175,1,3320,0,0,0,0,1591502.8,2374360.64
2021-08-07,2021,8,3,5,7,-0.8660254037844384,-0.5000000000000004,-0.9749279121818236,-0.2225209339563146,1,1,176,1,3321,0,0,0,0,1632328.25,2336736.46
2021-08-08,2021,8,3,6,8,-0.8660254037844384,-0.5000000000000004,-0.7818314824680299,0.6234898018587334,1,1,177,1,3322,0,0,0,0,1411882.22,1918090.72
2021-08-09,2021,8,3,0,9,-0.8660254037844384,-0.5000000000000004,0.0,1.0,1,1,-176,1,3323,0,0,0,0,1376421.76,2167285.81
2021-08-10,2021,8,3,1,10,-0.8660254037844384,-0.5000000000000004,0.7818314824680298,0.6234898018587336,1,1,-175,1,3324,0,0,0,0,1581357.61,2246981.07
2021-08-11,2021,8,3,2,11,-0.8660254037844384,-0.5000000000000004,0.9749279121818236,-0.22252093395631434,1,1,-174,1,3325,0,0,0,0,1740229.21,2604985.61
2021-08-12,2021,8,3,3,12,-0.8660254037844384,-0.5000000000000004,0.43388373911755823,-0.900968867902419,1,1,-173,1,3326,0,0,0,0,2480973.68,3548924.53
2021-08-13,2021,8,3,4,13,-0.8660254037844384,-0.5000000000000004,-0.433883739117558,-0.9009688679024191,1,1,-172,1,3327,0,0,0,0,2199306.57,3444159.74
2021-08-14,2021,8,3,5,14,-0.8660254037844384,-0.5000000000000004,-0.9749279121818236,-0.2225209339563146,1,1,-171,1,3328,0,0,0,0,1494099.71,1993428.41
2021-08-15,2021,8,3,6,15,-0.8660254037844384,-0.5000000000000004,-0.7818314824680299,0.6234898018587334,1,1,-170,1,3329,0,0,0,0,1862118.62,2645589.05
2021-08-16,2021,8,3,0,16,-0.8660254037844384,-0.5000000000000004,0.0,1.0,1,1,-169,1,3330,0,0,0,0,2220064.67,3319453.91
2021-08-17,2021,8,3,1,17,-0.8660254037844384,-0.5000000000000004,0.7818314824680298,0.6234898018587336,1,1,-168,1,3331,0,0,0,0,2263302.37,3320429.89
2021-08-18,2021,8,3,2,18,-0.8660254037844384,-0.5000000000000004,0.9749279121818236,-0.22252093395631434,1,1,-167,1,3332,0,0,0,0,1875383.97,2630473.94
2021-08-19,2021,8,3,3,19,-0.8660254037844384,-0.5000000000000004,0.43388373911755823,-0.900968867902419,1,1,-166,1,3333,0,0,0,0,2535597.13,3644326.12
2021-08-20,2021,8,3,4,20,-0.8660254037844384,-0.5000000000000004,-0.433883739117558,-0.9009688679024191,1,1,-165,1,3334,0,0,0,0,2553183.49,3860236.79
2021-08-21,2021,8,3,5,21,-0.8660254037844384,-0.5000000000000004,-0.9749279121818236,-0.2225209339563146,1,1,-164,1,3335,0,0,0,0,1453356.23,2098001.94
2021-08-22,2021,8,3,6,22,-0.8660254037844384,-0.5000000000000004,-0.7818314824680299,0.6234898018587334,1,1,-163,1,3336,0,0,0,0,1640268.07,2295711.5
2021-08-23,2021,8,3,0,23,-0.8660254037844384,-0.5000000000000004,0.0,1.0,1,1,-162,1,3337,0,0,0,0,1883869.71,2626041.33
2021-08-24,2021,8,3,1,24,-0.8660254037844384,-0.5000000000000004,0.7818314824680298,0.6234898018587336,1,1,-161,1,3338,0,0,0,0,1836322.27,2808012.6
2021-08-25,2021,8,3,2,25,-0.8660254037844384,-0.5000000000000004,0.9749279121818236,-0.22252093395631434,1,1,-160,1,3339,0,0,0,0,1939866.54,2821994.79
2021-08-26,2021,8,3,3,26,-0.8660254037844384,-0.5000000000000004,0.43388373911755823,-0.900968867902419,1,1,-159,1,3340,0,0,0,0,1886569.08,2959216.09
2021-08-27,2021,8,3,4,27,-0.8660254037844384,-0.5000000000000004,-0.433883739117558,-0.9009688679024191,1,1,-158,1,3341,0,0,0,0,1662732.77,2371412.62
2021-08-28,2021,8,3,5,28,-0.8660254037844384,-0.5000000000000004,-0.9749279121818236,-0.2225209339563146,1,1,-157,1,3342,0,0,0,0,1664938.51,2453257.65
2021-08-29,2021,8,3,6,29,-0.8660254037844384,-0.5000000000000004,-0.7818314824680299,0.6234898018587334,1,1,-156,1,3343,0,0,0,0,4443078.33,6342118.62
2021-08-30,2021,8,3,0,30,-0.8660254037844384,-0.5000000000000004,0.0,1.0,1,1,-155,1,3344,0,0,0,0,3996164.3,5499176.03
2021-08-31,2021,8,3,1,31,-0.8660254037844384,-0.5000000000000004,0.7818314824680298,0.6234898018587336,1,1,-154,1,3345,0,0,0,0,3940957.44,5240978.22
2021-09-01,2021,9,3,2,1,-1.0,-1.8369701987210297e-16,0.9749279121818236,-0.22252093395631434,1,1,-153,1,3346,0,0,0,0,3579634.39,4583108.31
2021-09-02,2021,9,3,3,2,-1.0,-1.8369701987210297e-16,0.43388373911755823,-0.900968867902419,1,1,-152,1,3347,0,1,0,0,3917618.96,4722341.9
2021-09-03,2021,9,3,4,3,-1.0,-1.8369701987210297e-16,-0.433883739117558,-0.9009688679024191,1,1,-151,1,3348,0,0,0,0,1070973.42,1003268.02
2021-09-04,2021,9,3,5,4,-1.0,-1.8369701987210297e-16,-0.9749279121818236,-0.2225209339563146,1,1,-150,1,3349,0,0,0,0,1839742.83,1710231.68
2021-09-05,2021,9,3,6,5,-1.0,-1.8369701987210297e-16,-0.7818314824680299,0.6234898018587334,1,1,-149,1,3350,0,0,0,0,1682890.37,1626164.36
2021-09-06,2021,9,3,0,6,-1.0,-1.8369701987210297e-16,0.0,1.0,1,1,-148,1,3351,0,0,0,0,2097434.58,1931198.13
2021-09-07,2021,9,3,1,7,-1.0,-1.8369701987210297e-16,0.7818314824680298,0.6234898018587336,1,1,-147,1,3352,0,0,0,0,2244132.38,1986738.71
2021-09-08,2021,9,3,2,8,-1.0,-1.8369701987210297e-16,0.9749279121818236,-0.22252093395631434,1,1,-146,1,3353,0,0,0,0,3716975.63,3437593.72
2021-09-09,2021,9,3,3,9,-1.0,-1.8369701987210297e-16,0.43388373911755823,-0.900968867902419,1,1,-145,1,3354,0,0,0,0,2187074.96,2082447.03
2021-09-10,2021,9,3,4,10,-1.0,-1.8369701987210297e-16,-0.433883739117558,-0.9009688679024191,1,1,-144,1,3355,0,0,0,0,1980857.12,1821707.08
2021-09-11,2021,9,3,5,11,-1.0,-1.8369701987210297e-16,-0.9749279121818236,-0.2225209339563146,1,1,-143,1,3356,0,0,0,0,1547495.48,1455524.4
2021-09-12,2021,9,3,6,12,-1.0,-1.8369701987210297e-16,-0.7818314824680299,0.6234898018587334,1,1,-142,1,3357,0,0,0,0,2102573.99,1909199.54
2021-09-13,2021,9,3,0,13,-1.0,-1.8369701987210297e-16,0.0,1.0,1,1,-141,1,3358,0,0,0,0,2488502.06,2265837.09
2021-09-14,2021,9,3,1,14,-1.0,-1.8369701987210297e-16,0.7818314824680298,0.6234898018587336,1,1,-140,1,3359,0,0,0,0,2715006.68,2532491.32
2021-09-15,2021,9,3,2,15,-1.0,-1.8369701987210297e-16,0.9749279121818236,-0.22252093395631434,1,1,-139,1,3360,0,0,0,0,3275643.47,3007258.03
2021-09-16,2021,9,3,3,16,-1.0,-1.8369701987210297e-16,0.43388373911755823,-0.900968867902419,1,1,-138,1,3361,0,0,0,0,1853200.26,1657780.29
2021-09-17,2021,9,3,4,17,-1.0,-1.8369701987210297e-16,-0.433883739117558,-0.9009688679024191,1,1,-137,1,3362,0,0,0,0,2031900.2,1889074.28
2021-09-18,2021,9,3,5,18,-1.0,-1.8369701987210297e-16,-0.9749279121818236,-0.2225209339563146,1,1,-136,1,3363,0,0,0,0,1910747.73,1785651.61
2021-09-19,2021,9,3,6,19,-1.0,-1.8369701987210297e-16,-0.7818314824680299,0.6234898018587334,1,1,-135,1,3364,0,0,0,0,1952437.84,1794752.16
2021-09-20,2021,9,3,0,20,-1.0,-1.8369701987210297e-16,0.0,1.0,1,1,-134,1,3365,0,0,0,0,2307149.39,2140377.91
2021-09-21,2021,9,3,1,21,-1.0,-1.8369701987210297e-16,0.7818314824680298,0.6234898018587336,1,1,-133,1,3366,0,0,0,0,3210995.34,2839955.92
2021-09-22,2021,9,3,2,22,-1.0,-1.8369701987210297e-16,0.9749279121818236,-0.22252093395631434,1,1,-132,1,3367,0,0,0,0,2518917.94,2299264.05
2021-09-23,2021,9,3,3,23,-1.0,-1.8369701987210297e-16,0.43388373911755823,-0.900968867902419,1,1,-131,1,3368,0,0,0,0,2220736.52,2001371.7
2021-09-24,2021,9,3,4,24,-1.0,-1.8369701987210297e-16,-0.433883739117558,-0.9009688679024191,1,1,-130,1,3369,0,0,0,0,2008968.22,1790130.16
2021-09-25,2021,9,3,5,25,-1.0,-1.8369701987210297e-16,-0.9749279121818236,-0.2225209339563146,1,1,-129,1,3370,0,0,0,0,2281967.32,2112780.84
2021-09-26,2021,9,3,6,26,-1.0,-1.8369701987210297e-16,-0.7818314824680299,0.6234898018587334,1,1,-128,1,3371,0,0,0,0,1602075.57,1461503.99
2021-09-27,2021,9,3,0,27,-1.0,-1.8369701987210297e-16,0.0,1.0,1,1,-127,1,3372,0,0,0,0,3058684.14,2864098.57
2021-09-28,2021,9,3,1,28,-1.0,-1.8369701987210297e-16,0.7818314824680298,0.6234898018587336,1,1,-126,1,3373,0,0,0,0,4749132.81,4287087.43
2021-09-29,2021,9,3,2,29,-1.0,-1.8369701987210297e-16,0.9749279121818236,-0.22252093395631434,1,1,-125,1,3374,0,0,0,0,3184253.74,2793067.38
2021-09-30,2021,9,3,3,30,-1.0,-1.8369701987210297e-16,0.43388373911755823,-0.900968867902419,1,1,-124,1,3375,0,0,0,0,3504126.92,3102295.47
2021-10-01,2021,10,4,4,1,-0.8660254037844386,0.5000000000000001,-0.433883739117558,-0.9009688679024191,1,1,-123,0,3376,0,0,0,0,2465559.4,2269641.63
2021-10-02,2021,10,4,5,2,-0.8660254037844386,0.5000000000000001,-0.9749279121818236,-0.2225209339563146,1,1,-122,0,3377,0,0,0,0,2584886.96,2309451.71
2021-10-03,2021,10,4,6,3,-0.8660254037844386,0.5000000000000001,-0.7818314824680299,0.6234898018587334,1,1,-121,0,3378,0,0,0,0,920334.15,789349.71
2021-10-04,2021,10,4,0,4,-0.8660254037844386,0.5000000000000001,0.0,1.0,1,1,-120,0,3379,0,0,0,0,1043382.83,864297.5
2021-10-05,2021,10,4,1,5,-0.8660254037844386,0.5000000000000001,0.7818314824680298,0.6234898018587336,1,1,-119,0,3380,0,0,0,0,1440909.2,1238586.01
2021-10-06,2021,10,4,2,6,-0.8660254037844386,0.5000000000000001,0.9749279121818236,-0.22252093395631434,1,1,-118,0,3381,0,0,0,0,1793088.31,1465294.6
2021-10-07,2021,10,4,3,7,-0.8660254037844386,0.5000000000000001,0.43388373911755823,-0.900968867902419,1,1,-117,0,3382,0,0,0,0,1826196.69,1497790.82
2021-10-08,2021,10,4,4,8,-0.8660254037844386,0.5000000000000001,-0.433883739117558,-0.9009688679024191,1,1,-116,0,3383,0,0,0,0,1613264.94,1325310.58
2021-10-09,2021,10,4,5,9,-0.8660254037844386,0.5000000000000001,-0.9749279121818236,-0.2225209339563146,1,1,-115,0,3384,0,0,0,0,1794510.68,1447840.15
2021-10-10,2021,10,4,6,10,-0.8660254037844386,0.5000000000000001,-0.7818314824680299,0.6234898018587334,1,1,-114,0,3385,0,0,0,0,1883117.98,1559914.53
2021-10-11,2021,10,4,0,11,-0.8660254037844386,0.5000000000000001,0.0,1.0,1,1,-113,0,3386,0,0,0,0,2300450.29,1848634.77
2021-10-12,2021,10,4,1,12,-0.8660254037844386,0.5000000000000001,0.7818314824680298,0.6234898018587336,1,1,-112,0,3387,0,0,0,0,1567144.44,1334199.42
2021-10-13,2021,10,4,2,13,-0.8660254037844386,0.5000000000000001,0.9749279121818236,-0.22252093395631434,1,1,-111,0,3388,0,0,0,0,1918678.27,1624278.45
2021-10-14,2021,10,4,3,14,-0.8660254037844386,0.5000000000000001,0.43388373911755823,-0.900968867902419,1,1,-110,0,3389,0,0,0,0,2148334.67,1733671.89
2021-10-15,2021,10,4,4,15,-0.8660254037844386,0.5000000000000001,-0.433883739117558,-0.9009688679024191,1,1,-109,0,3390,0,0,0,0,1900056.41,1665667.16
2021-10-16,2021,10,4,5,16,-0.8660254037844386,0.5000000000000001,-0.9749279121818236,-0.2225209339563146,1,1,-108,0,3391,0,0,0,0,2106301.79,1750771.11
2021-10-17,2021,10,4,6,17,-0.8660254037844386,0.5000000000000001,-0.7818314824680299,0.6234898018587334,1,1,-107,0,3392,0,0,0,0,2495144.25,2124471.09
2021-10-18,2021,10,4,0,18,-0.8660254037844386,0.5000000000000001,0.0,1.0,1,1,-106,0,3393,0,0,0,0,2029589.44,1714394.15
2021-10-19,2021,10,4,1,19,-0.8660254037844386,0.5000000000000001,0.7818314824680298,0.6234898018587336,1,1,-105,0,3394,0,0,0,0,1794195.22,1443278.64
2021-10-20,2021,10,4,2,20,-0.8660254037844386,0.5000000000000001,0.9749279121818236,-0.22252093395631434,1,1,-104,0,3395,0,0,0,0,2748359.42,2249708.28
2021-10-21,2021,10,4,3,21,-0.8660254037844386,0.5000000000000001,0.43388373911755823,-0.900968867902419,1,1,-103,0,3396,0,0,0,0,1715238.6,1425166.31
2021-10-22,2021,10,4,4,22,-0.8660254037844386,0.5000000000000001,-0.433883739117558,-0.9009688679024191,1,1,-102,0,3397,0,0,0,0,2513749.87,2045877.61
2021-10-23,2021,10,4,5,23,-0.8660254037844386,0.5000000000000001,-0.9749279121818236,-0.2225209339563146,1,1,-101,0,3398,0,0,0,0,1853822.02,1521941.02
2021-10-24,2021,10,4,6,24,-0.8660254037844386,0.5000000000000001,-0.7818314824680299,0.6234898018587334,1,1,-100,0,3399,0,0,0,0,2201542.06,1879343.83
2021-10-25,2021,10,4,0,25,-0.8660254037844386,0.5000000000000001,0.0,1.0,1,1,-99,0,3400,0,0,0,0,2021989.32,1646748.37
2021-10-26,2021,10,4,1,26,-0.8660254037844386,0.5000000000000001,0.7818314824680298,0.6234898018587336,1,1,-98,0,3401,0,0,0,0,2162674.08,1776598.49
2021-10-27,2021,10,4,2,27,-0.8660254037844386,0.5000000000000001,0.9749279121818236,-0.22252093395631434,1,1,-97,0,3402,0,0,0,0,2151921.73,1803290.61
2021-10-28,2021,10,4,3,28,-0.8660254037844386,0.5000000000000001,0.43388373911755823,-0.900968867902419,1,1,-96,0,3403,0,0,0,0,2489853.45,2036708.17
2021-10-29,2021,10,4,4,29,-0.8660254037844386,0.5000000000000001,-0.433883739117558,-0.9009688679024191,1,1,-95,0,3404,0,0,0,0,3746325.95,3090953.59
2021-10-30,2021,10,4,5,30,-0.8660254037844386,0.5000000000000001,-0.9749279121818236,-0.2225209339563146,1,1,-94,0,3405,0,0,0,0,3434826.63,2965454.49
2021-10-31,2021,10,4,6,31,-0.8660254037844386,0.5000000000000001,-0.7818314824680299,0.6234898018587334,1,1,-93,0,3406,0,0,0,0,3026687.11,2545466.76
2021-11-01,2021,11,4,0,1,-0.5000000000000004,0.8660254037844384,0.0,1.0,1,1,-92,1,3407,0,0,0,0,2926691.09,2398381.34
2021-11-02,2021,11,4,1,2,-0.5000000000000004,0.8660254037844384,0.7818314824680298,0.6234898018587336,1,1,-91,1,3408,0,0,0,0,3072730.67,2536221.43
2021-11-03,2021,11,4,2,3,-0.5000000000000004,0.8660254037844384,0.9749279121818236,-0.22252093395631434,1,1,-90,1,3409,0,0,0,0,1262904.96,1055921.75
2021-11-04,2021,11,4,3,4,-0.5000000000000004,0.8660254037844384,0.43388373911755823,-0.900968867902419,1,1,-89,1,3410,0,0,0,0,1344901.28,1136391.76
2021-11-05,2021,11,4,4,5,-0.5000000000000004,0.8660254037844384,-0.433883739117558,-0.9009688679024191,1,1,-88,1,3411,0,0,0,0,1257605.18,1084704.98
2021-11-06,2021,11,4,5,6,-0.5000000000000004,0.8660254037844384,-0.9749279121818236,-0.2225209339563146,1,1,-87,1,3412,0,0,0,0,2093872.9,1714441.6
2021-11-07,2021,11,4,6,7,-0.5000000000000004,0.8660254037844384,-0.7818314824680299,0.6234898018587334,1,1,-86,1,3413,0,0,0,0,942802.49,782264.44
2021-11-08,2021,11,4,0,8,-0.5000000000000004,0.8660254037844384,0.0,1.0,1,1,-85,1,3414,0,0,0,0,2064680.43,1687466.21
2021-11-09,2021,11,4,1,9,-0.5000000000000004,0.8660254037844384,0.7818314824680298,0.6234898018587336,1,1,-84,1,3415,0,0,0,0,2462296.67,2100076.52
2021-11-10,2021,11,4,2,10,-0.5000000000000004,0.8660254037844384,0.9749279121818236,-0.22252093395631434,1,1,-83,1,3416,0,0,0,0,1774844.23,1518855.62
2021-11-11,2021,11,4,3,11,-0.5000000000000004,0.8660254037844384,0.43388373911755823,-0.900968867902419,1,1,-82,1,3417,0,0,0,0,1412638.65,1123822.69
2021-11-12,2021,11,4,4,12,-0.5000000000000004,0.8660254037844384,-0.433883739117558,-0.9009688679024191,1,1,-81,1,3418,0,0,0,0,1777590.33,1460783.5
2021-11-13,2021,11,4,5,13,-0.5000000000000004,0.8660254037844384,-0.9749279121818236,-0.2225209339563146,1,1,-80,1,3419,0,0,0,0,1291079.97,1073274.92
2021-11-14,2021,11,4,6,14,-0.5000000000000004,0.8660254037844384,-0.7818314824680299,0.6234898018587334,1,1,-79,1,3420,0,0,0,0,1228705.01,1065683.97
2021-11-15,2021,11,4,0,15,-0.5000000000000004,0.8660254037844384,0.0,1.0,1,1,-78,1,3421,0,0,0,0,1206377.91,983743.19
2021-11-16,2021,11,4,1,16,-0.5000000000000004,0.8660254037844384,0.7818314824680298,0.6234898018587336,1,1,-77,1,3422,0,0,0,0,2106714.51,1725304.97
2021-11-17,2021,11,4,2,17,-0.5000000000000004,0.8660254037844384,0.9749279121818236,-0.22252093395631434,1,1,-76,1,3423,0,0,0,0,1531889.09,1349321.43
2021-11-18,2021,11,4,3,18,-0.5000000000000004,0.8660254037844384,0.43388373911755823,-0.900968867902419,1,1,-75,1,3424,0,0,0,0,1661241.07,1433114.76
2021-11-19,2021,11,4,4,19,-0.5000000000000004,0.8660254037844384,-0.433883739117558,-0.9009688679024191,1,1,-74,1,3425,0,0,0,0,1253389.32,1095039.04
2021-11-20,2021,11,4,5,20,-0.5000000000000004,0.8660254037844384,-0.9749279121818236,-0.2225209339563146,1,1,-73,1,3426,0,0,0,0,1071404.44,1040227.2
2021-11-21,2021,11,4,6,21,-0.5000000000000004,0.8660254037844384,-0.7818314824680299,0.6234898018587334,1,1,-72,1,3427,0,0,0,0,1222908.7,1238315.19
2021-11-22,2021,11,4,0,22,-0.5000000000000004,0.8660254037844384,0.0,1.0,1,1,-71,1,3428,0,0,0,0,1558297.56,1613383.51
2021-11-23,2021,11,4,1,23,-0.5000000000000004,0.8660254037844384,0.7818314824680298,0.6234898018587336,1,1,-70,1,3429,0,0,0,0,1613168.79,1629011.23
2021-11-24,2021,11,4,2,24,-0.5000000000000004,0.8660254037844384,0.9749279121818236,-0.22252093395631434,1,1,-69,1,3430,0,0,0,0,1665269.85,1709718.17
2021-11-25,2021,11,4,3,25,-0.5000000000000004,0.8660254037844384,0.43388373911755823,-0.900968867902419,1,1,-68,1,3431,0,0,0,0,1278003.36,1305823.05
2021-11-26,2021,11,4,4,26,-0.5000000000000004,0.8660254037844384,-0.433883739117558,-0.9009688679024191,1,1,-67,1,3432,0,0,0,0,970756.2,1019443.98
2021-11-27,2021,11,4,5,27,-0.5000000000000004,0.8660254037844384,-0.9749279121818236,-0.2225209339563146,1,1,-66,1,3433,0,0,0,0,1407280.07,1519826.79
2021-11-28,2021,11,4,6,28,-0.5000000000000004,0.8660254037844384,-0.7818314824680299,0.6234898018587334,1,1,-65,1,3434,0,0,0,0,2359645.42,2324536.28
2021-11-29,2021,11,4,0,29,-0.5000000000000004,0.8660254037844384,0.0,1.0,1,1,-64,1,3435,0,0,0,0,1830856.99,1894919.03
2021-11-30,2021,11,4,1,30,-0.5000000000000004,0.8660254037844384,0.7818314824680298,0.6234898018587336,1,1,-63,1,3436,0,0,0,0,2987950.32,3045686.15
2021-12-01,2021,12,4,2,1,-2.4492935982947064e-16,1.0,0.9749279121818236,-0.22252093395631434,1,1,-62,1,3437,0,0,0,0,1881588.13,1920538.46
2021-12-02,2021,12,4,3,2,-2.4492935982947064e-16,1.0,0.43388373911755823,-0.900968867902419,1,1,-61,1,3438,0,0,0,0,1911470.99,1996362.17
2021-12-03,2021,12,4,4,3,-2.4492935982947064e-16,1.0,-0.433883739117558,-0.9009688679024191,1,1,-60,1,3439,0,0,0,0,586748.17,626899.33
2021-12-04,2021,12,4,5,4,-2.4492935982947064e-16,1.0,-0.9749279121818236,-0.2225209339563146,1,1,-59,1,3440,0,0,0,0,819389.63,787101.35
2021-12-05,2021,12,4,6,5,-2.4492935982947064e-16,1.0,-0.7818314824680299,0.6234898018587334,1,1,-58,1,3441,0,0,0,0,1101768.07,1082761.55
2021-12-06,2021,12,4,0,6,-2.4492935982947064e-16,1.0,0.0,1.0,1,1,-57,1,3442,0,0,0,0,1167887.5,1132700.46
2021-12-07,2021,12,4,1,7,-2.4492935982947064e-16,1.0,0.7818314824680298,0.6234898018587336,1,1,-56,1,3443,0,0,0,0,708706.53,724333.47
2021-12-08,2021,12,4,2,8,-2.4492935982947064e-16,1.0,0.9749279121818236,-0.22252093395631434,1,1,-55,1,3444,0,0,0,0,919265.14,968146.91
2021-12-09,2021,12,4,3,9,-2.4492935982947064e-16,1.0,0.43388373911755823,-0.900968867902419,1,1,-54,1,3445,0,0,0,0,999032.78,1047782.72
2021-12-10,2021,12,4,4,10,-2.4492935982947064e-16,1.0,-0.433883739117558,-0.9009688679024191,1,1,-53,1,3446,0,0,0,0,1214991.34,1243394.6
2021-12-11,2021,12,4,5,11,-2.4492935982947064e-16,1.0,-0.9749279121818236,-0.2225209339563146,1,1,-52,1,3447,0,0,0,0,948995.31,997983.77
2021-12-12,2021,12,4,6,12,-2.4492935982947064e-16,1.0,-0.7818314824680299,0.6234898018587334,1,1,-51,1,3448,0,0,0,0,1285064.15,1307106.22
2021-12-13,2021,12,4,0,13,-2.4492935982947064e-16,1.0,0.0,1.0,1,1,-50,1,3449,0,0,0,0,1112918.62,1168775.11
2021-12-14,2021,12,4,1,14,-2.4492935982947064e-16,1.0,0.7818314824680298,0.6234898018587336,1,1,-49,1,3450,0,0,0,0,1821860.68,1884666.84
2021-12-15,2021,12,4,2,15,-2.4492935982947064e-16,1.0,0.9749279121818236,-0.22252093395631434,1,1,-48,1,3451,0,0,0,0,1773908.51,1816537.46
2021-12-16,2021,12,4,3,16,-2.4492935982947064e-16,1.0,0.43388373911755823,-0.900968867902419,1,1,-47,1,3452,0,0,0,0,1771984.63,1846296.05
2021-12-17,2021,12,4,4,17,-2.4492935982947064e-16,1.0,-0.433883739117558,-0.9009688679024191,1,1,-46,1,3453,0,0,0,0,1463605.82,1523555.95
2021-12-18,2021,12,4,5,18,-2.4492935982947064e-16,1.0,-0.9749279121818236,-0.2225209339563146,1,1,-45,1,3454,0,0,0,0,1214550.47,1217310.4
2021-12-19,2021,12,4,6,19,-2.4492935982947064e-16,1.0,-0.7818314824680299,0.6234898018587334,1,1,-44,1,3455,0,0,0,0,1546435.59,1510053.63
2021-12-20,2021,12,4,0,20,-2.4492935982947064e-16,1.0,0.0,1.0,1,1,-43,1,3456,0,0,0,0,1676753.39,1642291.41
2021-12-21,2021,12,4,1,21,-2.4492935982947064e-16,1.0,0.7818314824680298,0.6234898018587336,1,1,-42,1,3457,0,0,0,0,2017237.85,2127476.27
2021-12-22,2021,12,4,2,22,-2.4492935982947064e-16,1.0,0.9749279121818236,-0.22252093395631434,1,1,-41,1,3458,0,0,0,0,2327738.57,2283587.28
2021-12-23,2021,12,4,3,23,-2.4492935982947064e-16,1.0,0.43388373911755823,-0.900968867902419,1,1,-40,1,3459,0,0,0,0,2415914.18,2480623.5
2021-12-24,2021,12,4,4,24,-2.4492935982947064e-16,1.0,-0.433883739117558,-0.9009688679024191,1,1,-39,1,3460,0,0,0,0,1448810.25,1505101.29
2021-12-25,2021,12,4,5,25,-2.4492935982947064e-16,1.0,-0.9749279121818236,-0.2225209339563146,1,1,-38,1,3461,0,0,1,0,1120986.7,1156338.1
2021-12-26,2021,12,4,6,26,-2.4492935982947064e-16,1.0,-0.7818314824680299,0.6234898018587334,1,1,-37,1,3462,0,0,0,0,1317218.46,1338753.3
2021-12-27,2021,12,4,0,27,-2.4492935982947064e-16,1.0,0.0,1.0,1,1,-36,1,3463,0,0,0,0,1025037.51,986082.95
2021-12-28,2021,12,4,1,28,-2.4492935982947064e-16,1.0,0.7818314824680298,0.6234898018587336,1,1,-35,1,3464,0,0,0,0,1855064.19,1847193.9
2021-12-29,2021,12,4,2,29,-2.4492935982947064e-16,1.0,0.9749279121818236,-0.22252093395631434,1,1,-34,1,3465,0,0,0,0,4065184.9,4208667.7
2021-12-30,2021,12,4,3,30,-2.4492935982947064e-16,1.0,0.43388373911755823,-0.900968867902419,1,1,-33,1,3466,0,0,0,0,3842586.5,3948015.94
2021-12-31,2021,12,4,4,31,-2.4492935982947064e-16,1.0,-0.433883739117558,-0.9009688679024191,1,1,-32,1,3467,0,0,0,0,3041203.79,3121467.33
2022-01-01,2022,1,1,5,1,0.49999999999999994,0.8660254037844387,-0.9749279121818236,-0.2225209339563146,1,0,-31,0,3468,0,0,0,0,2932155.47,3019583.5
2022-01-02,2022,1,1,6,2,0.49999999999999994,0.8660254037844387,-0.7818314824680299,0.6234898018587334,1,0,-30,0,3469,0,0,0,0,2361965.0,2368851.11
2022-01-03,2022,1,1,0,3,0.49999999999999994,0.8660254037844387,0.0,1.0,1,0,-29,0,3470,0,0,0,0,545563.72,476501.31
2022-01-04,2022,1,1,1,4,0.49999999999999994,0.8660254037844387,0.7818314824680298,0.6234898018587336,1,0,-28,0,3471,0,0,0,0,1242319.38,1057834.07
2022-01-05,2022,1,1,2,5,0.49999999999999994,0.8660254037844387,0.9749279121818236,-0.22252093395631434,1,0,-27,0,3472,0,0,0,0,809977.6,684605.3
2022-01-06,2022,1,1,3,6,0.49999999999999994,0.8660254037844387,0.43388373911755823,-0.900968867902419,1,0,-26,0,3473,0,0,0,0,993048.62,827696.4
2022-01-07,2022,1,1,4,7,0.49999999999999994,0.8660254037844387,-0.433883739117558,-0.9009688679024191,1,0,-25,0,3474,0,0,0,0,1294963.64,1109631.82
2022-01-08,2022,1,1,5,8,0.49999999999999994,0.8660254037844387,-0.9749279121818236,-0.2225209339563146,1,0,-24,0,3475,0,0,0,0,1641747.05,1369252.03
2022-01-09,2022,1,1,6,9,0.49999999999999994,0.8660254037844387,-0.7818314824680299,0.6234898018587334,1,0,-23,0,3476,0,0,0,0,1706485.37,1491356.56
2022-01-10,2022,1,1,0,10,0.49999999999999994,0.8660254037844387,0.0,1.0,1,0,-22,0,3477,0,0,0,0,2569113.21,2158709.88
2022-01-11,2022,1,1,1,11,0.49999999999999994,0.8660254037844387,0.7818314824680298,0.6234898018587336,1,0,-21,0,3478,0,0,0,0,1640806.35,1336967.26
2022-01-12,2022,1,1,2,12,0.49999999999999994,0.8660254037844387,0.9749279121818236,-0.22252093395631434,1,0,-20,0,3479,0,0,0,0,1775526.5,1506945.6
2022-01-13,2022,1,1,3,13,0.49999999999999994,0.8660254037844387,0.43388373911755823,-0.900968867902419,1,0,-19,0,3480,0,0,0,0,1173172.99,946254.56
2022-01-14,2022,1,1,4,14,0.49999999999999994,0.8660254037844387,-0.433883739117558,-0.9009688679024191,1,0,-18,0,3481,0,0,0,0,1548726.82,1300219.1
2022-01-15,2022,1,1,5,15,0.49999999999999994,0.8660254037844387,-0.9749279121818236,-0.2225209339563146,1,0,-17,0,3482,0,0,0,0,1461990.71,1263054.33
2022-01-16,2022,1,1,6,16,0.49999999999999994,0.8660254037844387,-0.7818314824680299,0.6234898018587334,1,0,-16,0,3483,0,0,0,0,2064339.13,1781850.02
2022-01-17,2022,1,1,0,17,0.49999999999999994,0.8660254037844387,0.0,1.0,1,0,-15,0,3484,0,0,0,0,1621773.2,1340632.16
2022-01-18,2022,1,1,1,18,0.49999999999999994,0.8660254037844387,0.7818314824680298,0.6234898018587336,1,0,-14,0,3485,0,0,0,0,1861205.18,1606509.55
2022-01-19,2022,1,1,2,19,0.49999999999999994,0.8660254037844387,0.9749279121818236,-0.22252093395631434,1,0,-13,0,3486,0,0,0,0,2020862.53,1738187.82
2022-01-20,2022,1,1,3,20,0.49999999999999994,0.8660254037844387,0.43388373911755823,-0.900968867902419,1,0,-12,0,3487,0,0,0,0,1249233.56,1043117.49
2022-01-21,2022,1,1,4,21,0.49999999999999994,0.8660254037844387,-0.433883739117558,-0.9009688679024191,1,0,-11,0,3488,0,0,0,0,1580948.85,1245282.02
2022-01-22,2022,1,1,5,22,0.49999999999999994,0.8660254037844387,-0.9749279121818236,-0.2225209339563146,1,0,-10,0,3489,0,0,0,0,1758593.8,1468639.94
2022-01-23,2022,1,1,6,23,0.49999999999999994,0.8660254037844387,-0.7818314824680299,0.6234898018587334,1,0,-9,0,3490,0,0,0,0,1785338.17,1512426.38
2022-01-24,2022,1,1,0,24,0.49999999999999994,0.8660254037844387,0.0,1.0,1,0,-8,0,3491,0,0,0,0,1915906.28,1601822.71
2022-01-25,2022,1,1,1,25,0.49999999999999994,0.8660254037844387,0.7818314824680298,0.6234898018587336,1,0,-7,0,3492,0,0,0,0,2471179.3,1957064.07
2022-01-26,2022,1,1,2,26,0.49999999999999994,0.8660254037844387,0.9749279121818236,-0.22252093395631434,1,0,-6,0,3493,0,0,0,0,2278973.82,1903209.07
2022-01-27,2022,1,1,3,27,0.49999999999999994,0.8660254037844387,0.43388373911755823,-0.900968867902419,1,0,-5,0,3494,0,0,0,0,1604489.99,1290075.13
2022-01-28,2022,1,1,4,28,0.49999999999999994,0.8660254037844387,-0.433883739117558,-0.9009688679024191,1,0,-4,0,3495,0,0,0,0,2792317.48,2306948.5
2022-01-29,2022,1,1,5,29,0.49999999999999994,0.8660254037844387,-0.9749279121818236,-0.2225209339563146,1,0,-3,0,3496,0,0,0,0,3897632.5,3247780.03
2022-01-30,2022,1,1,6,30,0.49999999999999994,0.8660254037844387,-0.7818314824680299,0.6234898018587334,1,0,-2,0,3497,0,0,0,0,3903300.55,3262713.48
2022-01-31,2022,1,1,0,31,0.49999999999999994,0.8660254037844387,0.0,1.0,1,0,-1,0,3498,0,0,0,0,3159829.55,2627738.4
2022-02-01,2022,2,1,1,1,0.8660254037844386,0.5000000000000001,0.7818314824680298,0.6234898018587336,1,0,0,0,3499,0,0,0,0,3672475.88,3092119.13
2022-02-02,2022,2,1,2,2,0.8660254037844386,0.5000000000000001,0.9749279121818236,-0.22252093395631434,1,0,1,0,3500,0,0,0,0,3072419.17,2457270.01
2022-02-03,2022,2,1,3,3,0.8660254037844386,0.5000000000000001,0.43388373911755823,-0.900968867902419,1,0,2,0,3501,0,0,0,0,1056919.3,915391.24
2022-02-04,2022,2,1,4,4,0.8660254037844386,0.5000000000000001,-0.433883739117558,-0.9009688679024191,1,0,3,0,3502,0,0,0,0,1135262.35,959597.02
2022-02-05,2022,2,1,5,5,0.8660254037844386,0.5000000000000001,-0.9749279121818236,-0.2225209339563146,1,0,4,0,3503,0,0,0,0,1325806.77,1094262.79
2022-02-06,2022,2,1,6,6,0.8660254037844386,0.5000000000000001,-0.7818314824680299,0.6234898018587334,1,0,5,0,3504,0,0,0,0,1360544.32,1086414.25
2022-02-07,2022,2,1,0,7,0.8660254037844386,0.5000000000000001,0.0,1.0,1,0,6,0,3505,0,0,0,0,1777072.87,1505671.69
2022-02-08,2022,2,1,1,8,0.8660254037844386,0.5000000000000001,0.7818314824680298,0.6234898018587336,1,0,7,0,3506,0,0,0,0,2324022.32,1858719.97
2022-02-09,2022,2,1,2,9,0.8660254037844386,0.5000000000000001,0.9749279121818236,-0.22252093395631434,1,0,8,0,3507,0,0,0,0,2087968.13,1716217.3
2022-02-10,2022,2,1,3,10,0.8660254037844386,0.5000000000000001,0.43388373911755823,-0.900968867902419,1,0,9,0,3508,0,0,0,0,1681958.09,1377183.24
2022-02-11,2022,2,1,4,11,0.8660254037844386,0.5000000000000001,-0.433883739117558,-0.9009688679024191,1,0,10,0,3509,0,0,0,0,1868277.55,1450465.3
2022-02-12,2022,2,1,5,12,0.8660254037844386,0.5000000000000001,-0.9749279121818236,-0.2225209339563146,1,0,11,0,3510,0,0,0,0,2483675.48,2002526.57
2022-02-13,2022,2,1,6,13,0.8660254037844386,0.5000000000000001,-0.7818314824680299,0.6234898018587334,1,0,12,0,3511,0,0,0,0,2471088.82,2037847.39
2022-02-14,2022,2,1,0,14,0.8660254037844386,0.5000000000000001,0.0,1.0,1,0,13,0,3512,0,0,0,0,2477651.08,2066561.36
2022-02-15,2022,2,1,1,15,0.8660254037844386,0.5000000000000001,0.7818314824680298,0.6234898018587336,1,0,14,0,3513,0,0,0,0,2911470.49,2304155.38
2022-02-16,2022,2,1,2,16,0.8660254037844386,0.5000000000000001,0.9749279121818236,-0.22252093395631434,1,0,15,0,3514,0,0,0,0,3189077.73,2624063.44
2022-02-17,2022,2,1,3,17,0.8660254037844386,0.5000000000000001,0.43388373911755823,-0.900968867902419,1,0,16,0,3515,0,0,0,0,2365001.98,1930644.21
2022-02-18,2022,2,1,4,18,0.8660254037844386,0.5000000000000001,-0.433883739117558,-0.9009688679024191,1,0,17,0,3516,0,0,0,0,2218074.92,1902787.38
2022-02-19,2022,2,1,5,19,0.8660254037844386,0.5000000000000001,-0.9749279121818236,-0.2225209339563146,1,0,18,0,3517,0,0,0,0,2497284.24,2073056.25
2022-02-20,2022,2,1,6,20,0.8660254037844386,0.5000000000000001,-0.7818314824680299,0.6234898018587334,1,0,19,0,3518,0,0,0,0,3274514.0,2808978.4
2022-02-21,2022,2,1,0,21,0.8660254037844386,0.5000000000000001,0.0,1.0,1,0,20,0,3519,0,0,0,0,3231879.49,2662096.96
2022-02-22,2022,2,1,1,22,0.8660254037844386,0.5000000000000001,0.7818314824680298,0.6234898018587336,1,0,21,0,3520,0,0,0,0,3646117.64,3080342.28
2022-02-23,2022,2,1,2,23,0.8660254037844386,0.5000000000000001,0.9749279121818236,-0.22252093395631434,1,0,22,0,3521,0,0,0,0,3297595.34,2768284.27
2022-02-24,2022,2,1,3,24,0.8660254037844386,0.5000000000000001,0.43388373911755823,-0.900968867902419,1,0,23,0,3522,0,0,0,0,2768850.97,2337359.85
2022-02-25,2022,2,1,4,25,0.8660254037844386,0.5000000000000001,-0.433883739117558,-0.9009688679024191,1,0,24,0,3523,0,0,0,0,2943786.98,2445090.2
2022-02-26,2022,2,1,5,26,0.8660254037844386,0.5000000000000001,-0.9749279121818236,-0.2225209339563146,1,0,25,0,3524,0,0,0,0,6304749.98,4896174.07
2022-02-27,2022,2,1,6,27,0.8660254037844386,0.5000000000000001,-0.7818314824680299,0.6234898018587334,1,0,26,0,3525,0,0,0,0,5652340.75,4889448.26
2022-02-28,2022,2,1,0,28,0.8660254037844386,0.5000000000000001,0.0,1.0,1,0,27,0,3526,0,0,0,0,6007208.86,4942844.92
2022-03-01,2022,3,1,1,1,1.0,6.123233995736766e-17,0.7818314824680298,0.6234898018587336,1,0,28,0,3527,0,0,0,0,4532724.33,3774772.1
2022-03-02,2022,3,1,2,2,1.0,6.123233995736766e-17,0.9749279121818236,-0.22252093395631434,1,0,29,0,3528,0,0,0,0,5221766.09,4446394.75
2022-03-03,2022,3,1,3,3,1.0,6.123233995736766e-17,0.43388373911755823,-0.900968867902419,1,0,30,0,3529,0,0,0,0,1113577.08,936517.95
2022-03-04,2022,3,1,4,4,1.0,6.123233995736766e-17,-0.433883739117558,-0.9009688679024191,1,0,31,0,3530,0,0,0,0,1265611.41,1001621.35
2022-03-05,2022,3,1,5,5,1.0,6.123233995736766e-17,-0.9749279121818236,-0.2225209339563146,1,0,32,0,3531,0,0,0,0,1917604.21,1671253.56
2022-03-06,2022,3,1,6,6,1.0,6.123233995736766e-17,-0.7818314824680299,0.6234898018587334,1,0,33,0,3532,0,0,0,0,2406752.08,1881208.83
2022-03-07,2022,3,1,0,7,1.0,6.123233995736766e-17,0.0,1.0,1,0,34,0,3533,0,0,0,0,3077438.94,2603663.56
2022-03-08,2022,3,1,1,8,1.0,6.123233995736766e-17,0.7818314824680298,0.6234898018587336,1,0,35,0,3534,0,0,0,0,3777839.97,3199498.52
2022-03-09,2022,3,1,2,9,1.0,6.123233995736766e-17,0.9749279121818236,-0.22252093395631434,1,0,36,0,3535,0,0,0,0,4138590.91,3354044.48
2022-03-10,2022,3,1,3,10,1.0,6.123233995736766e-17,0.43388373911755823,-0.900968867902419,1,0,37,0,3536,0,0,0,0,3544992.79,2897669.69
2022-03-11,2022,3,1,4,11,1.0,6.123233995736766e-17,-0.433883739117558,-0.9009688679024191,1,0,38,0,3537,0,0,0,0,3499825.21,2868355.02
2022-03-12,2022,3,1,5,12,1.0,6.123233995736766e-17,-0.9749279121818236,-0.2225209339563146,1,0,39,0,3538,0,0,0,0,3731020.06,3230097.43
2022-03-13,2022,3,1,6,13,1.0,6.123233995736766e-17,-0.7818314824680299,0.6234898018587334,1,0,40,0,3539,0,0,0,0,4026635.22,3346220.86
2022-03-14,2022,3,1,0,14,1.0,6.123233995736766e-17,0.0,1.0,1,0,41,0,3540,0,0,0,0,4709281.9,3928279.43
2022-03-15,2022,3,1,1,15,1.0,6.123233995736766e-17,0.7818314824680298,0.6234898018587336,1,0,42,0,3541,0,0,0,0,4619237.89,3907599.13
2022-03-16,2022,3,1,2,16,1.0,6.123233995736766e-17,0.9749279121818236,-0.22252093395631434,1,0,43,0,3542,0,0,0,0,4519934.96,3787149.37
2022-03-17,2022,3,1,3,17,1.0,6.123233995736766e-17,0.43388373911755823,-0.900968867902419,1,0,44,0,3543,0,0,0,0,5222281.22,4421275.88
2022-03-18,2022,3,1,4,18,1.0,6.123233995736766e-17,-0.433883739117558,-0.9009688679024191,1,0,45,0,3544,0,0,0,0,4426435.98,3648313.01
2022-03-19,2022,3,1,5,19,1.0,6.123233995736766e-17,-0.9749279121818236,-0.2225209339563146,1,0,46,0,3545,0,0,0,0,4313906.61,3587200.12
2022-03-20,2022,3,1,6,20,1.0,6.123233995736766e-17,-0.7818314824680299,0.6234898018587334,1,0,47,0,3546,0,0,0,0,4198964.15,3744253.09
2022-03-21,2022,3,1,0,21,1.0,6.123233995736766e-17,0.0,1.0,1,0,48,0,3547,0,0,0,0,4036051.82,3737447.21
2022-03-22,2022,3,1,1,22,1.0,6.123233995736766e-17,0.7818314824680298,0.6234898018587336,1,0,49,0,3548,0,0,0,0,4626820.15,4342565.79
2022-03-23,2022,3,1,2,23,1.0,6.123233995736766e-17,0.9749279121818236,-0.22252093395631434,1,0,50,0,3549,0,0,0,0,5301842.45,4915987.31
2022-03-24,2022,3,1,3,24,1.0,6.123233995736766e-17,0.43388373911755823,-0.900968867902419,1,0,51,0,3550,0,0,0,0,5052034.89,4744310.26
2022-03-25,2022,3,1,4,25,1.0,6.123233995736766e-17,-0.433883739117558,-0.9009688679024191,1,0,52,0,3551,0,0,0,0,4122489.22,4014534.97
2022-03-26,2022,3,1,5,26,1.0,6.123233995736766e-17,-0.9749279121818236,-0.2225209339563146,1,0,53,0,3552,0,0,0,0,4325007.4,4010228.32
2022-03-27,2022,3,1,6,27,1.0,6.123233995736766e-17,-0.7818314824680299,0.6234898018587334,1,0,54,0,3553,0,0,0,0,5169170.11,4775502.11
2022-03-28,2022,3,1,0,28,1.0,6.123233995736766e-17,0.0,1.0,1,0,55,0,3554,0,0,0,0,4855258.01,4607293.73
2022-03-29,2022,3,1,1,29,1.0,6.123233995736766e-17,0.7818314824680298,0.6234898018587336,1,0,56,0,3555,0,0,0,0,4908504.49,4613958.54
2022-03-30,2022,3,1,2,30,1.0,6.123233995736766e-17,0.9749279121818236,-0.22252093395631434,1,0,57,0,3556,0,0,0,0,11643208.73,10896036.48
2022-03-31,2022,3,1,3,31,1.0,6.123233995736766e-17,0.43388373911755823,-0.900968867902419,1,0,58,0,3557,0,0,0,0,9233141.0,8773718.15
2022-04-01,2022,4,2,4,1,0.8660254037844387,-0.49999999999999983,-0.433883739117558,-0.9009688679024191,1,0,59,0,3558,0,0,0,0,8299060.74,8041756.19
2022-04-02,2022,4,2,5,2,0.8660254037844387,-0.49999999999999983,-0.9749279121818236,-0.2225209339563146,1,0,60,0,3559,0,0,0,0,8289456.22,7808017.19
2022-04-03,2022,4,2,6,3,0.8660254037844387,-0.49999999999999983,-0.7818314824680299,0.6234898018587334,1,0,61,0,3560,0,0,0,0,6547965.12,6148445.74
2022-04-04,2022,4,2,0,4,0.8660254037844387,-0.49999999999999983,0.0,1.0,1,0,62,0,3561,0,0,0,0,1974536.55,1802524.97
2022-04-05,2022,4,2,1,5,0.8660254037844387,-0.49999999999999983,0.7818314824680298,0.6234898018587336,1,0,63,0,3562,0,0,0,0,3017582.3,2782222.29
2022-04-06,2022,4,2,2,6,0.8660254037844387,-0.49999999999999983,0.9749279121818236,-0.22252093395631434,1,0,64,0,3563,0,0,0,0,2934004.6,2645021.55
2022-04-07,2022,4,2,3,7,0.8660254037844387,-0.49999999999999983,0.43388373911755823,-0.900968867902419,1,0,65,0,3564,0,0,0,0,1947894.58,1833343.52
2022-04-08,2022,4,2,4,8,0.8660254037844387,-0.49999999999999983,-0.433883739117558,-0.9009688679024191,1,0,66,0,3565,0,0,0,0,2516364.3,2311523.71
2022-04-09,2022,4,2,5,9,0.8660254037844387,-0.49999999999999983,-0.9749279121818236,-0.2225209339563146,1,0,67,0,3566,0,0,0,0,3523261.24,3380510.41
2022-04-10,2022,4,2,6,10,0.8660254037844387,-0.49999999999999983,-0.7818314824680299,0.6234898018587334,1,0,68,0,3567,0,0,0,0,3747690.93,3511278.1
2022-04-11,2022,4,2,0,11,0.8660254037844387,-0.49999999999999983,0.0,1.0,1,0,69,0,3568,0,0,0,0,4187283.4,3982564.11
2022-04-12,2022,4,2,1,12,0.8660254037844387,-0.49999999999999983,0.7818314824680298,0.6234898018587336,1,0,70,0,3569,0,0,0,0,4300020.35,4061975.74
2022-04-13,2022,4,2,2,13,0.8660254037844387,-0.49999999999999983,0.9749279121818236,-0.22252093395631434,1,0,71,0,3570,0,0,0,0,4888627.31,4546028.85
2022-04-14,2022,4,2,3,14,0.8660254037844387,-0.49999999999999983,0.43388373911755823,-0.900968867902419,1,0,72,0,3571,0,0,0,0,4670014.27,4407778.78
2022-04-15,2022,4,2,4,15,0.8660254037844387,-0.49999999999999983,-0.433883739117558,-0.9009688679024191,1,0,73,0,3572,0,0,0,0,4908291.49,4288050.23
2022-04-16,2022,4,2,5,16,0.8660254037844387,-0.49999999999999983,-0.9749279121818236,-0.2225209339563146,1,0,74,0,3573,0,0,0,0,5147946.06,4540748.11
2022-04-17,2022,4,2,6,17,0.8660254037844387,-0.49999999999999983,-0.7818314824680299,0.6234898018587334,1,0,75,0,3574,0,0,0,0,4470361.38,3877207.22
2022-04-18,2022,4,2,0,18,0.8660254037844387,-0.49999999999999983,0.0,1.0,1,0,76,0,3575,0,0,0,0,3680888.01,2995894.73
2022-04-19,2022,4,2,1,19,0.8660254037844387,-0.49999999999999983,0.7818314824680298,0.6234898018587336,1,0,77,0,3576,0,0,0,0,4426735.65,3630694.51
2022-04-20,2022,4,2,2,20,0.8660254037844387,-0.49999999999999983,0.9749279121818236,-0.22252093395631434,1,0,78,0,3577,0,0,0,0,4874458.71,4017615.85
2022-04-21,2022,4,2,3,21,0.8660254037844387,-0.49999999999999983,0.43388373911755823,-0.900968867902419,1,0,79,0,3578,0,0,0,0,2926459.0,2418771.53
2022-04-22,2022,4,2,4,22,0.8660254037844387,-0.49999999999999983,-0.433883739117558,-0.9009688679024191,1,0,80,0,3579,0,0,0,0,4609506.19,3890393.56
2022-04-23,2022,4,2,5,23,0.8660254037844387,-0.49999999999999983,-0.9749279121818236,-0.2225209339563146,1,0,81,0,3580,0,0,0,0,4709847.04,3925675.06
2022-04-24,2022,4,2,6,24,0.8660254037844387,-0.49999999999999983,-0.7818314824680299,0.6234898018587334,1,0,82,0,3581,0,0,0,0,5020542.99,4173556.86
2022-04-25,2022,4,2,0,25,0.8660254037844387,-0.49999999999999983,0.0,1.0,1,0,83,0,3582,0,0,0,0,4873788.42,3954819.04
2022-04-26,2022,4,2,1,26,0.8660254037844387,-0.49999999999999983,0.7818314824680298,0.6234898018587336,1,0,84,0,3583,0,0,0,0,5688161.6,4770812.83
2022-04-27,2022,4,2,2,27,0.8660254037844387,-0.49999999999999983,0.9749279121818236,-0.22252093395631434,1,0,85,0,3584,0,0,0,0,5361513.76,4376745.35
2022-04-28,2022,4,2,3,28,0.8660254037844387,-0.49999999999999983,0.43388373911755823,-0.900968867902419,1,0,86,0,3585,0,0,0,0,5590934.3,4645081.23
2022-04-29,2022,4,2,4,29,0.8660254037844387,-0.49999999999999983,-0.433883739117558,-0.9009688679024191,1,0,87,0,3586,0,0,0,0,7579535.07,6187238.79
2022-04-30,2022,4,2,5,30,0.8660254037844387,-0.49999999999999983,-0.9749279121818236,-0.2225209339563146,1,0,88,0,3587,1,0,0,0,6592777.23,5405333.92
2022-05-01,2022,5,2,6,1,0.49999999999999994,-0.8660254037844387,-0.7818314824680299,0.6234898018587334,1,0,89,0,3588,1,0,0,0,5680859.44,4706859.17
2022-05-02,2022,5,2,0,2,0.49999999999999994,-0.8660254037844387,0.0,1.0,1,0,90,0,3589,0,0,0,0,4291036.44,3434252.59
2022-05-03,2022,5,2,1,3,0.49999999999999994,-0.8660254037844387,0.7818314824680298,0.6234898018587336,1,0,91,0,3590,0,0,0,0,5504853.65,4531490.74
2022-05-04,2022,5,2,2,4,0.49999999999999994,-0.8660254037844387,0.9749279121818236,-0.22252093395631434,1,0,92,0,3591,0,0,0,0,1792730.62,1492900.17
2022-05-05,2022,5,2,3,5,0.49999999999999994,-0.8660254037844387,0.43388373911755823,-0.900968867902419,1,0,93,0,3592,0,0,0,0,3556300.98,2916616.09
2022-05-06,2022,5,2,4,6,0.49999999999999994,-0.8660254037844387,-0.433883739117558,-0.9009688679024191,1,0,94,0,3593,0,0,0,0,2532060.94,2027456.78
2022-05-07,2022,5,2,5,7,0.49999999999999994,-0.8660254037844387,-0.9749279121818236,-0.2225209339563146,1,0,95,0,3594,0,0,0,0,3620303.23,3000039.1
2022-05-08,2022,5,2,6,8,0.49999999999999994,-0.8660254037844387,-0.7818314824680299,0.6234898018587334,1,0,96,0,3595,0,0,0,0,2468343.71,1923320.47
2022-05-09,2022,5,2,0,9,0.49999999999999994,-0.8660254037844387,0.0,1.0,1,0,97,0,3596,0,0,0,0,2985986.67,2430054.67
2022-05-10,2022,5,2,1,10,0.49999999999999994,-0.8660254037844387,0.7818314824680298,0.6234898018587336,1,0,98,0,3597,0,0,0,0,3668495.19,2955983.75
2022-05-11,2022,5,2,2,11,0.49999999999999994,-0.8660254037844387,0.9749279121818236,-0.22252093395631434,1,0,99,0,3598,0,0,0,0,4347378.73,3521156.43
2022-05-12,2022,5,2,3,12,0.49999999999999994,-0.8660254037844387,0.43388373911755823,-0.900968867902419,1,0,100,0,3599,0,0,0,0,4753134.02,3878195.49
2022-05-13,2022,5,2,4,13,0.49999999999999994,-0.8660254037844387,-0.433883739117558,-0.9009688679024191,1,0,101,0,3600,0,0,0,0,3479131.38,2953956.65
2022-05-14,2022,5,2,5,14,0.49999999999999994,-0.8660254037844387,-0.9749279121818236,-0.2225209339563146,1,0,102,0,3601,0,0,0,0,4406804.98,3730445.32
2022-05-15,2022,5,2,6,15,0.49999999999999994,-0.8660254037844387,-0.7818314824680299,0.6234898018587334,1,0,103,0,3602,0,0,0,0,4455089.7,3604418.84
2022-05-16,2022,5,2,0,16,0.49999999999999994,-0.8660254037844387,0.0,1.0,1,0,104,0,3603,0,0,0,0,4323621.35,3469983.75
2022-05-17,2022,5,2,1,17,0.49999999999999994,-0.8660254037844387,0.7818314824680298,0.6234898018587336,1,0,105,0,3604,0,0,0,0,4158982.96,3363524.3
2022-05-18,2022,5,2,2,18,0.49999999999999994,-0.8660254037844387,0.9749279121818236,-0.22252093395631434,1,0,106,0,3605,0,0,0,0,6094171.87,4997123.61
2022-05-19,2022,5,2,3,19,0.49999999999999994,-0.8660254037844387,0.43388373911755823,-0.900968867902419,1,0,107,0,3606,0,0,0,0,5824908.18,4737898.72
2022-05-20,2022,5,2,4,20,0.49999999999999994,-0.8660254037844387,-0.433883739117558,-0.9009688679024191,1,0,108,0,3607,0,0,0,0,2226534.2,1797128.71
2022-05-21,2022,5,2,5,21,0.49999999999999994,-0.8660254037844387,-0.9749279121818236,-0.2225209339563146,1,0,109,0,3608,0,0,0,0,4033154.28,3341369.82
2022-05-22,2022,5,2,6,22,0.49999999999999994,-0.8660254037844387,-0.7818314824680299,0.6234898018587334,1,0,110,0,3609,0,0,0,0,5000275.74,4124194.76
2022-05-23,2022,5,2,0,23,0.49999999999999994,-0.8660254037844387,0.0,1.0,1,0,111,0,3610,0,0,0,0,3647180.26,3055864.88
2022-05-24,2022,5,2,1,24,0.49999999999999994,-0.8660254037844387,0.7818314824680298,0.6234898018587336,1,0,112,0,3611,0,0,0,0,4442598.36,3584450.45
2022-05-25,2022,5,2,2,25,0.49999999999999994,-0.8660254037844387,0.9749279121818236,-0.22252093395631434,1,0,113,0,3612,0,0,0,0,6573956.43,5501922.55
2022-05-26,2022,5,2,3,26,0.49999999999999994,-0.8660254037844387,0.43388373911755823,-0.900968867902419,1,0,114,0,3613,0,0,0,0,6284218.49,5141408.99
2022-05-27,2022,5,2,4,27,0.49999999999999994,-0.8660254037844387,-0.433883739117558,-0.9009688679024191,1,0,115,0,3614,0,0,0,0,3652675.9,2933129.2
2022-05-28,2022,5,2,5,28,0.49999999999999994,-0.8660254037844387,-0.9749279121818236,-0.2225209339563146,1,0,116,0,3615,0,0,0,0,3223975.84,2664148.14
2022-05-29,2022,5,2,6,29,0.49999999999999994,-0.8660254037844387,-0.7818314824680299,0.6234898018587334,1,0,117,0,3616,0,0,0,0,5327455.25,4413502.81
2022-05-30,2022,5,2,0,30,0.49999999999999994,-0.8660254037844387,0.0,1.0,1,0,118,0,3617,0,0,0,0,8158502.0,6931185.72
2022-05-31,2022,5,2,1,31,0.49999999999999994,-0.8660254037844387,0.7818314824680298,0.6234898018587336,1,0,119,0,3618,0,0,0,0,8513166.37,6787523.6
2022-06-01,2022,6,2,2,1,1.2246467991473532e-16,-1.0,0.9749279121818236,-0.22252093395631434,1,0,120,0,3619,0,0,0,0,8373363.4,7038218.52
2022-06-02,2022,6,2,3,2,1.2246467991473532e-16,-1.0,0.43388373911755823,-0.900968867902419,1,0,121,0,3620,0,0,0,0,8325437.52,6796380.79
2022-06-03,2022,6,2,4,3,1.2246467991473532e-16,-1.0,-0.433883739117558,-0.9009688679024191,1,0,122,0,3621,0,0,0,0,6585522.44,5345747.87
2022-06-04,2022,6,2,5,4,1.2246467991473532e-16,-1.0,-0.9749279121818236,-0.2225209339563146,1,0,123,0,3622,0,0,0,0,2998952.42,2492875.15
2022-06-05,2022,6,2,6,5,1.2246467991473532e-16,-1.0,-0.7818314824680299,0.6234898018587334,1,0,124,0,3623,0,0,0,0,2945501.79,2481566.23
2022-06-06,2022,6,2,0,6,1.2246467991473532e-16,-1.0,0.0,1.0,1,0,125,0,3624,0,0,0,0,3100859.0,2519872.17
2022-06-07,2022,6,2,1,7,1.2246467991473532e-16,-1.0,0.7818314824680298,0.6234898018587336,1,0,126,0,3625,0,0,0,0,3673238.8,3096187.02
2022-06-08,2022,6,2,2,8,1.2246467991473532e-16,-1.0,0.9749279121818236,-0.22252093395631434,1,0,127,0,3626,0,0,0,0,3686799.9,3086016.13
2022-06-09,2022,6,2,3,9,1.2246467991473532e-16,-1.0,0.43388373911755823,-0.900968867902419,1,0,128,0,3627,0,0,0,0,2619038.14,2169844.13
2022-06-10,2022,6,2,4,10,1.2246467991473532e-16,-1.0,-0.433883739117558,-0.9009688679024191,1,0,129,0,3628,0,0,0,0,3369544.01,2830537.04
2022-06-11,2022,6,2,5,11,1.2246467991473532e-16,-1.0,-0.9749279121818236,-0.2225209339563146,1,0,130,0,3629,0,0,0,0,4463584.56,3478666.52
2022-06-12,2022,6,2,6,12,1.2246467991473532e-16,-1.0,-0.7818314824680299,0.6234898018587334,1,0,131,0,3630,0,0,0,0,4561669.81,3820200.11
2022-06-13,2022,6,2,0,13,1.2246467991473532e-16,-1.0,0.0,1.0,1,0,132,0,3631,0,0,0,0,4221162.05,3579316.15
2022-06-14,2022,6,2,1,14,1.2246467991473532e-16,-1.0,0.7818314824680298,0.6234898018587336,1,0,133,0,3632,0,0,0,0,4843640.76,3943051.0
2022-06-15,2022,6,2,2,15,1.2246467991473532e-16,-1.0,0.9749279121818236,-0.22252093395631434,1,0,134,0,3633,0,0,0,0,4969823.53,4197066.37
2022-06-16,2022,6,2,3,16,1.2246467991473532e-16,-1.0,0.43388373911755823,-0.900968867902419,1,0,135,0,3634,0,0,0,0,4143877.35,3546880.86
2022-06-17,2022,6,2,4,17,1.2246467991473532e-16,-1.0,-0.433883739117558,-0.9009688679024191,1,0,136,0,3635,0,0,0,0,4914374.7,4127718.74
2022-06-18,2022,6,2,5,18,1.2246467991473532e-16,-1.0,-0.9749279121818236,-0.2225209339563146,1,0,137,0,3636,0,0,0,0,4817780.87,3824360.06
2022-06-19,2022,6,2,6,19,1.2246467991473532e-16,-1.0,-0.7818314824680299,0.6234898018587334,1,0,138,0,3637,0,0,0,0,3795086.21,3161112.99
2022-06-20,2022,6,2,0,20,1.2246467991473532e-16,-1.0,0.0,1.0,1,0,139,0,3638,0,0,0,0,3323030.57,2753309.16
2022-06-21,2022,6,2,1,21,1.2246467991473532e-16,-1.0,0.7818314824680298,0.6234898018587336,1,0,140,0,3639,0,0,0,0,4271838.09,3517936.59
2022-06-22,2022,6,2,2,22,1.2246467991473532e-16,-1.0,0.9749279121818236,-0.22252093395631434,1,0,141,0,3640,0,0,0,0,5182306.11,4283552.22
2022-06-23,2022,6,2,3,23,1.2246467991473532e-16,-1.0,0.43388373911755823,-0.900968867902419,1,0,142,0,3641,0,0,0,0,3276933.23,2698817.37
2022-06-24,2022,6,2,4,24,1.2246467991473532e-16,-1.0,-0.433883739117558,-0.9009688679024191,1,0,143,0,3642,0,0,0,0,4334289.08,3840132.24
2022-06-25,2022,6,2,5,25,1.2246467991473532e-16,-1.0,-0.9749279121818236,-0.2225209339563146,1,0,144,0,3643,0,0,0,0,3650772.37,3465656.03
2022-06-26,2022,6,2,6,26,1.2246467991473532e-16,-1.0,-0.7818314824680299,0.6234898018587334,1,0,145,0,3644,0,0,0,0,3313898.55,3251613.07
2022-06-27,2022,6,2,0,27,1.2246467991473532e-16,-1.0,0.0,1.0,1,0,146,0,3645,0,0,0,0,3481464.68,3545701.77
2022-06-28,2022,6,2,1,28,1.2246467991473532e-16,-1.0,0.7818314824680298,0.6234898018587336,1,0,147,0,3646,0,0,0,0,5799352.35,5797836.84
2022-06-29,2022,6,2,2,29,1.2246467991473532e-16,-1.0,0.9749279121818236,-0.22252093395631434,1,0,148,0,3647,0,0,0,0,7265484.49,7471904.08
2022-06-30,2022,6,2,3,30,1.2246467991473532e-16,-1.0,0.43388373911755823,-0.900968867902419,1,0,149,0,3648,0,0,0,0,5503799.91,5548808.71
2022-07-01,2022,7,3,4,1,-0.4999999999999998,-0.8660254037844388,-0.433883739117558,-0.9009688679024191,1,0,150,1,3649,0,0,0,0,5150082.22,5158929.6
2022-07-02,2022,7,3,5,2,-0.4999999999999998,-0.8660254037844388,-0.9749279121818236,-0.2225209339563146,1,0,151,1,3650,0,0,0,0,4591824.74,4681370.69
2022-07-03,2022,7,3,6,3,-0.4999999999999998,-0.8660254037844388,-0.7818314824680299,0.6234898018587334,1,0,152,1,3651,0,0,0,0,3487232.0,3467227.39
2022-07-04,2022,7,3,0,4,-0.4999999999999998,-0.8660254037844388,0.0,1.0,1,0,153,1,3652,0,0,0,0,1208545.64,1210803.29
2022-07-05,2022,7,3,1,5,-0.4999999999999998,-0.8660254037844388,0.7818314824680298,0.6234898018587336,1,0,154,1,3653,0,0,0,0,1079245.09,1067117.75
2022-07-06,2022,7,3,2,6,-0.4999999999999998,-0.8660254037844388,0.9749279121818236,-0.22252093395631434,1,0,155,1,3654,0,0,0,0,2003115.26,1958001.67
2022-07-07,2022,7,3,3,7,-0.4999999999999998,-0.8660254037844388,0.43388373911755823,-0.900968867902419,1,0,156,1,3655,0,0,0,0,2178171.4,2191625.58
2022-07-08,2022,7,3,4,8,-0.4999999999999998,-0.8660254037844388,-0.433883739117558,-0.9009688679024191,1,0,157,1,3656,0,0,0,0,1881078.1,1982500.01
2022-07-09,2022,7,3,5,9,-0.4999999999999998,-0.8660254037844388,-0.9749279121818236,-0.2225209339563146,1,0,158,1,3657,0,0,0,0,1988747.3,2091746.39
2022-07-10,2022,7,3,6,10,-0.4999999999999998,-0.8660254037844388,-0.7818314824680299,0.6234898018587334,1,0,159,1,3658,0,0,0,0,2250020.87,2249417.16
2022-07-11,2022,7,3,0,11,-0.4999999999999998,-0.8660254037844388,0.0,1.0,1,0,160,1,3659,0,0,0,0,3085208.06,3120714.69
2022-07-12,2022,7,3,1,12,-0.4999999999999998,-0.8660254037844388,0.7818314824680298,0.6234898018587336,1,0,161,1,3660,0,0,0,0,3275001.85,3465716.5
2022-07-13,2022,7,3,2,13,-0.4999999999999998,-0.8660254037844388,0.9749279121818236,-0.22252093395631434,1,0,162,1,3661,0,0,0,0,3331997.68,3265956.0
2022-07-14,2022,7,3,3,14,-0.4999999999999998,-0.8660254037844388,0.43388373911755823,-0.900968867902419,1,0,163,1,3662,0,0,0,0,3428606.64,3482102.84
2022-07-15,2022,7,3,4,15,-0.4999999999999998,-0.8660254037844388,-0.433883739117558,-0.9009688679024191,1,0,164,1,3663,0,0,0,0,3272104.3,3382105.17
2022-07-16,2022,7,3,5,16,-0.4999999999999998,-0.8660254037844388,-0.9749279121818236,-0.2225209339563146,1,0,165,1,3664,0,0,0,0,3060600.17,3054594.29
2022-07-17,2022,7,3,6,17,-0.4999999999999998,-0.8660254037844388,-0.7818314824680299,0.6234898018587334,1,0,166,1,3665,0,0,0,0,3238870.01,3239433.47
2022-07-18,2022,7,3,0,18,-0.4999999999999998,-0.8660254037844388,0.0,1.0,1,0,167,1,3666,0,0,0,0,3305333.1,3363292.96
2022-07-19,2022,7,3,1,19,-0.4999999999999998,-0.8660254037844388,0.7818314824680298,0.6234898018587336,1,0,168,1,3667,0,0,0,0,3101945.44,3019090.18
2022-07-20,2022,7,3,2,20,-0.4999999999999998,-0.8660254037844388,0.9749279121818236,-0.22252093395631434,1,0,169,1,3668,0,0,0,0,3436240.82,3222539.9
2022-07-21,2022,7,3,3,21,-0.4999999999999998,-0.8660254037844388,0.43388373911755823,-0.900968867902419,1,0,170,1,3669,0,0,0,0,3596036.01,3119249.05
2022-07-22,2022,7,3,4,22,-0.4999999999999998,-0.8660254037844388,-0.433883739117558,-0.9009688679024191,1,0,171,1,3670,0,0,0,0,2771453.13,2364982.84
2022-07-23,2022,7,3,5,23,-0.4999999999999998,-0.8660254037844388,-0.9749279121818236,-0.2225209339563146,1,0,172,1,3671,0,0,0,0,4190232.53,3612754.83
2022-07-24,2022,7,3,6,24,-0.4999999999999998,-0.8660254037844388,-0.7818314824680299,0.6234898018587334,1,0,173,1,3672,0,0,0,0,3833852.9,3118207.38
2022-07-25,2022,7,3,0,25,-0.4999999999999998,-0.8660254037844388,0.0,1.0,1,0,174,1,3673,0,0,0,0,2614143.21,2099890.98
2022-07-26,2022,7,3,1,26,-0.4999999999999998,-0.8660254037844388,0.7818314824680298,0.6234898018587336,1,0,175,1,3674,0,0,0,0,3176075.37,2651641.17
2022-07-27,2022,7,3,2,27,-0.4999999999999998,-0.8660254037844388,0.9749279121818236,-0.22252093395631434,1,0,176,1,3675,0,0,0,0,4214912.76,3467925.47
2022-07-28,2022,7,3,3,28,-0.4999999999999998,-0.8660254037844388,0.43388373911755823,-0.900968867902419,1,0,177,1,3676,0,0,0,0,4859620.98,3942867.94
2022-07-29,2022,7,3,4,29,-0.4999999999999998,-0.8660254037844388,-0.433883739117558,-0.9009688679024191,1,0,-177,1,3677,0,0,0,0,3226100.81,2681143.22
2022-07-30,2022,7,3,5,30,-0.4999999999999998,-0.8660254037844388,-0.9749279121818236,-0.2225209339563146,1,0,-176,1,3678,0,0,0,0,2682461.47,2137462.32
2022-07-31,2022,7,3,6,31,-0.4999999999999998,-0.8660254037844388,-0.7818314824680299,0.6234898018587334,1,0,-175,1,3679,0,0,0,0,4622917.86,3735517.99
2022-08-01,2022,8,3,0,1,-0.8660254037844384,-0.5000000000000004,0.0,1.0,1,0,-174,1,3680,0,0,0,0,4081818.17,3201046.8
2022-08-02,2022,8,3,1,2,-0.8660254037844384,-0.5000000000000004,0.7818314824680298,0.6234898018587336,1,0,-173,1,3681,0,0,0,0,4490226.96,3711709.11
2022-08-03,2022,8,3,2,3,-0.8660254037844384,-0.5000000000000004,0.9749279121818236,-0.22252093395631434,1,0,-172,1,3682,0,0,0,0,5085558.26,4209543.55
2022-08-04,2022,8,3,3,4,-0.8660254037844384,-0.5000000000000004,0.43388373911755823,-0.900968867902419,1,0,-171,1,3683,0,0,0,0,4345026.44,3614349.89
2022-08-05,2022,8,3,4,5,-0.8660254037844384,-0.5000000000000004,-0.433883739117558,-0.9009688679024191,1,0,-170,1,3684,0,0,0,0,2114789.45,1780212.48
2022-08-06,2022,8,3,5,6,-0.8660254037844384,-0.5000000000000004,-0.9749279121818236,-0.2225209339563146,1,0,-169,1,3685,0,0,0,0,2325289.52,2017328.21
2022-08-07,2022,8,3,6,7,-0.8660254037844384,-0.5000000000000004,-0.7818314824680299,0.6234898018587334,1,0,-168,1,3686,0,0,0,0,2331541.43,1882527.46
2022-08-08,2022,8,3,0,8,-0.8660254037844384,-0.5000000000000004,0.0,1.0,1,0,-167,1,3687,0,0,0,0,3054473.91,2576748.48
2022-08-09,2022,8,3,1,9,-0.8660254037844384,-0.5000000000000004,0.7818314824680298,0.6234898018587336,1,0,-166,1,3688,0,0,0,0,2488386.71,1932711.49
2022-08-10,2022,8,3,2,10,-0.8660254037844384,-0.5000000000000004,0.9749279121818236,-0.22252093395631434,1,0,-165,1,3689,0,0,0,0,2963483.62,2399743.47
2022-08-11,2022,8,3,3,11,-0.8660254037844384,-0.5000000000000004,0.43388373911755823,-0.900968867902419,1,0,-164,1,3690,0,0,0,0,3674343.1,3109434.98
2022-08-12,2022,8,3,4,12,-0.8660254037844384,-0.5000000000000004,-0.433883739117558,-0.9009688679024191,1,0,-163,1,3691,0,0,0,0,2787707.25,2241846.4
2022-08-13,2022,8,3,5,13,-0.8660254037844384,-0.5000000000000004,-0.9749279121818236,-0.2225209339563146,1,0,-162,1,3692,0,0,0,0,1789226.45,1446390.99
2022-08-14,2022,8,3,6,14,-0.8660254037844384,-0.5000000000000004,-0.7818314824680299,0.6234898018587334,1,0,-161,1,3693,0,0,0,0,2557373.24,2109123.95
2022-08-15,2022,8,3,0,15,-0.8660254037844384,-0.5000000000000004,0.0,1.0,1,0,-160,1,3694,0,0,0,0,3869248.63,3309171.5
2022-08-16,2022,8,3,1,16,-0.8660254037844384,-0.5000000000000004,0.7818314824680298,0.6234898018587336,1,0,-159,1,3695,0,0,0,0,3139997.28,2622848.5
2022-08-17,2022,8,3,2,17,-0.8660254037844384,-0.5000000000000004,0.9749279121818236,-0.22252093395631434,1,0,-158,1,3696,0,0,0,0,3480892.06,2948849.64
2022-08-18,2022,8,3,3,18,-0.8660254037844384,-0.5000000000000004,0.43388373911755823,-0.900968867902419,1,0,-157,1,3697,0,0,0,0,4171974.77,3471070.42
2022-08-19,2022,8,3,4,19,-0.8660254037844384,-0.5000000000000004,-0.433883739117558,-0.9009688679024191,1,0,-156,1,3698,0,0,0,0,2011108.63,1643391.76
2022-08-20,2022,8,3,5,20,-0.8660254037844384,-0.5000000000000004,-0.9749279121818236,-0.2225209339563146,1,0,-155,1,3699,0,0,0,0,2479005.37,2092133.98
2022-08-21,2022,8,3,6,21,-0.8660254037844384,-0.5000000000000004,-0.7818314824680299,0.6234898018587334,1,0,-154,1,3700,0,0,0,0,2235990.02,1905397.24
2022-08-22,2022,8,3,0,22,-0.8660254037844384,-0.5000000000000004,0.0,1.0,1,0,-153,1,3701,0,0,0,0,3743695.22,3095599.8
2022-08-23,2022,8,3,1,23,-0.8660254037844384,-0.5000000000000004,0.7818314824680298,0.6234898018587336,1,0,-152,1,3702,0,0,0,0,2422220.1,1951701.71
2022-08-24,2022,8,3,2,24,-0.8660254037844384,-0.5000000000000004,0.9749279121818236,-0.22252093395631434,1,0,-151,1,3703,0,0,0,0,3292983.26,2679505.93
2022-08-25,2022,8,3,3,25,-0.8660254037844384,-0.5000000000000004,0.43388373911755823,-0.900968867902419,1,0,-150,1,3704,0,0,0,0,3512475.16,2996327.54
2022-08-26,2022,8,3,4,26,-0.8660254037844384,-0.5000000000000004,-0.433883739117558,-0.9009688679024191,1,0,-149,1,3705,0,0,0,0,3544046.7,2980867.4
2022-08-27,2022,8,3,5,27,-0.8660254037844384,-0.5000000000000004,-0.9749279121818236,-0.2225209339563146,1,0,-148,1,3706,0,0,0,0,2367664.33,1897436.06
2022-08-28,2022,8,3,6,28,-0.8660254037844384,-0.5000000000000004,-0.7818314824680299,0.6234898018587334,1,0,-147,1,3707,0,0,0,0,7051722.27,5879145.36
2022-08-29,2022,8,3,0,29,-0.8660254037844384,-0.5000000000000004,0.0,1.0,1,0,-146,1,3708,0,0,0,0,7928796.83,6503005.43
2022-08-30,2022,8,3,1,30,-0.8660254037844384,-0.5000000000000004,0.7818314824680298,0.6234898018587336,1,0,-145,1,3709,0,0,0,0,6574345.89,5482415.72
2022-08-31,2022,8,3,2,31,-0.8660254037844384,-0.5000000000000004,0.9749279121818236,-0.22252093395631434,1,0,-144,1,3710,0,0,0,0,7627532.44,6341793.09
2022-09-01,2022,9,3,3,1,-1.0,-1.8369701987210297e-16,0.43388373911755823,-0.900968867902419,1,0,-143,1,3711,0,0,0,0,6284732.49,5155753.38
2022-09-02,2022,9,3,4,2,-1.0,-1.8369701987210297e-16,-0.433883739117558,-0.9009688679024191,1,0,-142,1,3712,0,1,0,0,1902817.9,1746845.19
2022-09-03,2022,9,3,5,3,-1.0,-1.8369701987210297e-16,-0.9749279121818236,-0.2225209339563146,1,0,-141,1,3713,0,0,0,0,1443083.36,1319555.66
2022-09-04,2022,9,3,6,4,-1.0,-1.8369701987210297e-16,-0.7818314824680299,0.6234898018587334,1,0,-140,1,3714,0,0,0,0,1814811.35,1668265.18
2022-09-05,2022,9,3,0,5,-1.0,-1.8369701987210297e-16,0.0,1.0,1,0,-139,1,3715,0,0,0,0,2214621.47,2091481.45
2022-09-06,2022,9,3,1,6,-1.0,-1.8369701987210297e-16,0.7818314824680298,0.6234898018587336,1,0,-138,1,3716,0,0,0,0,1440405.44,1324005.11
2022-09-07,2022,9,3,2,7,-1.0,-1.8369701987210297e-16,0.9749279121818236,-0.22252093395631434,1,0,-137,1,3717,0,0,0,0,1890879.55,1717460.94
2022-09-08,2022,9,3,3,8,-1.0,-1.8369701987210297e-16,0.43388373911755823,-0.900968867902419,1,0,-136,1,3718,0,0,0,0,3137260.99,2854328.48
2022-09-09,2022,9,3,4,9,-1.0,-1.8369701987210297e-16,-0.433883739117558,-0.9009688679024191,1,0,-135,1,3719,0,0,0,0,1905843.43,1773901.8
2022-09-10,2022,9,3,5,10,-1.0,-1.8369701987210297e-16,-0.9749279121818236,-0.2225209339563146,1,0,-134,1,3720,0,0,0,0,3003150.84,2629180.97
2022-09-11,2022,9,3,6,11,-1.0,-1.8369701987210297e-16,-0.7818314824680299,0.6234898018587334,1,0,-133,1,3721,0,0,0,0,3574194.77,3355823.68
2022-09-12,2022,9,3,0,12,-1.0,-1.8369701987210297e-16,0.0,1.0,1,0,-132,1,3722,0,0,0,0,3415849.51,3102681.39
2022-09-13,2022,9,3,1,13,-1.0,-1.8369701987210297e-16,0.7818314824680298,0.6234898018587336,1,0,-131,1,3723,0,0,0,0,2521208.91,2449598.89
2022-09-14,2022,9,3,2,14,-1.0,-1.8369701987210297e-16,0.9749279121818236,-0.22252093395631434,1,0,-130,1,3724,0,0,0,0,2125189.04,1992207.12
2022-09-15,2022,9,3,3,15,-1.0,-1.8369701987210297e-16,0.43388373911755823,-0.900968867902419,1,0,-129,1,3725,0,0,0,0,3154006.65,2833555.37
2022-09-16,2022,9,3,4,16,-1.0,-1.8369701987210297e-16,-0.433883739117558,-0.9009688679024191,1,0,-128,1,3726,0,0,0,0,2557894.76,2402816.85
2022-09-17,2022,9,3,5,17,-1.0,-1.8369701987210297e-16,-0.9749279121818236,-0.2225209339563146,1,0,-127,1,3727,0,0,0,0,1810510.0,1735920.18
2022-09-18,2022,9,3,6,18,-1.0,-1.8369701987210297e-16,-0.7818314824680299,0.6234898018587334,1,0,-126,1,3728,0,0,0,0,2355578.71,2098692.33
2022-09-19,2022,9,3,0,19,-1.0,-1.8369701987210297e-16,0.0,1.0,1,0,-125,1,3729,0,0,0,0,2832515.44,2618684.64
2022-09-20,2022,9,3,1,20,-1.0,-1.8369701987210297e-16,0.7818314824680298,0.6234898018587336,1,0,-124,1,3730,0,0,0,0,1813002.77,1685796.46
2022-09-21,2022,9,3,2,21,-1.0,-1.8369701987210297e-16,0.9749279121818236,-0.22252093395631434,1,0,-123,1,3731,0,0,0,0,2262085.02,2156585.58
2022-09-22,2022,9,3,3,22,-1.0,-1.8369701987210297e-16,0.43388373911755823,-0.900968867902419,1,0,-122,1,3732,0,0,0,0,3106149.95,2910964.29
2022-09-23,2022,9,3,4,23,-1.0,-1.8369701987210297e-16,-0.433883739117558,-0.9009688679024191,1,0,-121,1,3733,0,0,0,0,2634119.24,2453809.45
2022-09-24,2022,9,3,5,24,-1.0,-1.8369701987210297e-16,-0.9749279121818236,-0.2225209339563146,1,0,-120,1,3734,0,0,0,0,2896411.14,2694695.72
2022-09-25,2022,9,3,6,25,-1.0,-1.8369701987210297e-16,-0.7818314824680299,0.6234898018587334,1,0,-119,1,3735,0,0,0,0,3041369.47,2753150.12
2022-09-26,2022,9,3,0,26,-1.0,-1.8369701987210297e-16,0.0,1.0,1,0,-118,1,3736,0,0,0,0,5205389.57,4849044.63
2022-09-27,2022,9,3,1,27,-1.0,-1.8369701987210297e-16,0.7818314824680298,0.6234898018587336,1,0,-117,1,3737,0,0,0,0,4259834.95,3803492.23
2022-09-28,2022,9,3,2,28,-1.0,-1.8369701987210297e-16,0.9749279121818236,-0.22252093395631434,1,0,-116,1,3738,0,0,0,0,4257301.76,3860995.61
2022-09-29,2022,9,3,3,29,-1.0,-1.8369701987210297e-16,0.43388373911755823,-0.900968867902419,1,0,-115,1,3739,0,0,0,0,4352754.23,4023586.93
2022-09-30,2022,9,3,4,30,-1.0,-1.8369701987210297e-16,-0.433883739117558,-0.9009688679024191,1,0,-114,1,3740,0,0,0,0,2551313.88,2332362.64
2022-10-01,2022,10,4,5,1,-0.8660254037844386,0.5000000000000001,-0.9749279121818236,-0.2225209339563146,1,0,-113,0,3741,0,0,0,0,1469771.93,1293984.1
2022-10-02,2022,10,4,6,2,-0.8660254037844386,0.5000000000000001,-0.7818314824680299,0.6234898018587334,1,0,-112,0,3742,0,0,0,0,1289798.82,1015484.47
2022-10-03,2022,10,4,0,3,-0.8660254037844386,0.5000000000000001,0.0,1.0,1,0,-111,0,3743,0,0,0,0,2179072.88,1799910.69
2022-10-04,2022,10,4,1,4,-0.8660254037844386,0.5000000000000001,0.7818314824680298,0.6234898018587336,1,0,-110,0,3744,0,0,0,0,2751920.12,2302490.12
2022-10-05,2022,10,4,2,5,-0.8660254037844386,0.5000000000000001,0.9749279121818236,-0.22252093395631434,1,0,-109,0,3745,0,0,0,0,1527341.84,1209546.76
2022-10-06,2022,10,4,3,6,-0.8660254037844386,0.5000000000000001,0.43388373911755823,-0.900968867902419,1,0,-108,0,3746,0,0,0,0,2026518.43,1678609.18
2022-10-07,2022,10,4,4,7,-0.8660254037844386,0.5000000000000001,-0.433883739117558,-0.9009688679024191,1,0,-107,0,3747,0,0,0,0,1406363.3,1112130.94
2022-10-08,2022,10,4,5,8,-0.8660254037844386,0.5000000000000001,-0.9749279121818236,-0.2225209339563146,1,0,-106,0,3748,0,0,0,0,2137543.63,1805932.34
2022-10-09,2022,10,4,6,9,-0.8660254037844386,0.5000000000000001,-0.7818314824680299,0.6234898018587334,1,0,-105,0,3749,0,0,0,0,1805775.79,1488842.7
2022-10-10,2022,10,4,0,10,-0.8660254037844386,0.5000000000000001,0.0,1.0,1,0,-104,0,3750,0,0,0,0,2356440.12,1975941.69
2022-10-11,2022,10,4,1,11,-0.8660254037844386,0.5000000000000001,0.7818314824680298,0.6234898018587336,1,0,-103,0,3751,0,0,0,0,2270162.6,1955651.17
2022-10-12,2022,10,4,2,12,-0.8660254037844386,0.5000000000000001,0.9749279121818236,-0.22252093395631434,1,0,-102,0,3752,0,0,0,0,1976207.14,1617749.24
2022-10-13,2022,10,4,3,13,-0.8660254037844386,0.5000000000000001,0.43388373911755823,-0.900968867902419,1,0,-101,0,3753,0,0,0,0,2430819.33,1940628.06
2022-10-14,2022,10,4,4,14,-0.8660254037844386,0.5000000000000001,-0.433883739117558,-0.9009688679024191,1,0,-100,0,3754,0,0,0,0,1927818.67,1586067.15
2022-10-15,2022,10,4,5,15,-0.8660254037844386,0.5000000000000001,-0.9749279121818236,-0.2225209339563146,1,0,-99,0,3755,0,0,0,0,1986495.19,1576156.75
2022-10-16,2022,10,4,6,16,-0.8660254037844386,0.5000000000000001,-0.7818314824680299,0.6234898018587334,1,0,-98,0,3756,0,0,0,0,1897952.11,1655869.65
2022-10-17,2022,10,4,0,17,-0.8660254037844386,0.5000000000000001,0.0,1.0,1,0,-97,0,3757,0,0,0,0,2507328.8,2119354.36
2022-10-18,2022,10,4,1,18,-0.8660254037844386,0.5000000000000001,0.7818314824680298,0.6234898018587336,1,0,-96,0,3758,0,0,0,0,3170696.65,2645141.42
2022-10-19,2022,10,4,2,19,-0.8660254037844386,0.5000000000000001,0.9749279121818236,-0.22252093395631434,1,0,-95,0,3759,0,0,0,0,2324314.45,1931007.25
2022-10-20,2022,10,4,3,20,-0.8660254037844386,0.5000000000000001,0.43388373911755823,-0.900968867902419,1,0,-94,0,3760,0,0,0,0,2591151.06,2095872.66
2022-10-21,2022,10,4,4,21,-0.8660254037844386,0.5000000000000001,-0.433883739117558,-0.9009688679024191,1,0,-93,0,3761,0,0,0,0,2662328.56,2201489.2
2022-10-22,2022,10,4,5,22,-0.8660254037844386,0.5000000000000001,-0.9749279121818236,-0.2225209339563146,1,0,-92,0,3762,0,0,0,0,2407124.47,1949055.98
2022-10-23,2022,10,4,6,23,-0.8660254037844386,0.5000000000000001,-0.7818314824680299,0.6234898018587334,1,0,-91,0,3763,0,0,0,0,1971627.46,1628494.03
2022-10-24,2022,10,4,0,24,-0.8660254037844386,0.5000000000000001,0.0,1.0,1,0,-90,0,3764,0,0,0,0,2678456.17,2245907.36
2022-10-25,2022,10,4,1,25,-0.8660254037844386,0.5000000000000001,0.7818314824680298,0.6234898018587336,1,0,-89,0,3765,0,0,0,0,3003375.87,2373976.27
2022-10-26,2022,10,4,2,26,-0.8660254037844386,0.5000000000000001,0.9749279121818236,-0.22252093395631434,1,0,-88,0,3766,0,0,0,0,2345490.55,1902512.75
2022-10-27,2022,10,4,3,27,-0.8660254037844386,0.5000000000000001,0.43388373911755823,-0.900968867902419,1,0,-87,0,3767,0,0,0,0,2493935.72,2087492.57
2022-10-28,2022,10,4,4,28,-0.8660254037844386,0.5000000000000001,-0.433883739117558,-0.9009688679024191,1,0,-86,0,3768,0,0,0,0,4210212.53,3513694.7
2022-10-29,2022,10,4,5,29,-0.8660254037844386,0.5000000000000001,-0.9749279121818236,-0.2225209339563146,1,0,-85,0,3769,0,0,0,0,3626939.26,2918150.87
2022-10-30,2022,10,4,6,30,-0.8660254037844386,0.5000000000000001,-0.7818314824680299,0.6234898018587334,1,0,-84,0,3770,0,0,0,0,3130677.4,2518990.77
2022-10-31,2022,10,4,0,31,-0.8660254037844386,0.5000000000000001,0.0,1.0,1,0,-83,0,3771,0,0,0,0,4630791.46,3823758.6
2022-11-01,2022,11,4,1,1,-0.5000000000000004,0.8660254037844384,0.7818314824680298,0.6234898018587336,1,0,-82,1,3772,0,0,0,0,3025164.28,2504688.31
2022-11-02,2022,11,4,2,2,-0.5000000000000004,0.8660254037844384,0.9749279121818236,-0.22252093395631434,1,0,-81,1,3773,0,0,0,0,1338326.56,1136192.76
2022-11-03,2022,11,4,3,3,-0.5000000000000004,0.8660254037844384,0.43388373911755823,-0.900968867902419,1,0,-80,1,3774,0,0,0,0,1253721.23,994106.82
2022-11-04,2022,11,4,4,4,-0.5000000000000004,0.8660254037844384,-0.433883739117558,-0.9009688679024191,1,0,-79,1,3775,0,0,0,0,1065066.0,908402.36
2022-11-05,2022,11,4,5,5,-0.5000000000000004,0.8660254037844384,-0.9749279121818236,-0.2225209339563146,1,0,-78,1,3776,0,0,0,0,1826120.07,1592683.79
2022-11-06,2022,11,4,6,6,-0.5000000000000004,0.8660254037844384,-0.7818314824680299,0.6234898018587334,1,0,-77,1,3777,0,0,0,0,2207719.98,1750011.7
2022-11-07,2022,11,4,0,7,-0.5000000000000004,0.8660254037844384,0.0,1.0,1,0,-76,1,3778,0,0,0,0,1655852.99,1340974.43
2022-11-08,2022,11,4,1,8,-0.5000000000000004,0.8660254037844384,0.7818314824680298,0.6234898018587336,1,0,-75,1,3779,0,0,0,0,1781413.12,1480654.53
2022-11-09,2022,11,4,2,9,-0.5000000000000004,0.8660254037844384,0.9749279121818236,-0.22252093395631434,1,0,-74,1,3780,0,0,0,0,845358.47,699535.31
2022-11-10,2022,11,4,3,10,-0.5000000000000004,0.8660254037844384,0.43388373911755823,-0.900968867902419,1,0,-73,1,3781,0,0,0,0,2079598.87,1694276.76
2022-11-11,2022,11,4,4,11,-0.5000000000000004,0.8660254037844384,-0.433883739117558,-0.9009688679024191,1,0,-72,1,3782,0,0,0,0,1581745.15,1307363.48
2022-11-12,2022,11,4,5,12,-0.5000000000000004,0.8660254037844384,-0.9749279121818236,-0.2225209339563146,1,0,-71,1,3783,0,0,0,0,1354235.95,1091940.76
2022-11-13,2022,11,4,6,13,-0.5000000000000004,0.8660254037844384,-0.7818314824680299,0.6234898018587334,1,0,-70,1,3784,0,0,0,0,2903552.41,2399414.44
2022-11-14,2022,11,4,0,14,-0.5000000000000004,0.8660254037844384,0.0,1.0,1,0,-69,1,3785,0,0,0,0,1656739.7,1428653.75
2022-11-15,2022,11,4,1,15,-0.5000000000000004,0.8660254037844384,0.7818314824680298,0.6234898018587336,1,0,-68,1,3786,0,0,0,0,1547150.37,1239694.48
2022-11-16,2022,11,4,2,16,-0.5000000000000004,0.8660254037844384,0.9749279121818236,-0.22252093395631434,1,0,-67,1,3787,0,0,0,0,1436853.58,1152791.3
2022-11-17,2022,11,4,3,17,-0.5000000000000004,0.8660254037844384,0.43388373911755823,-0.900968867902419,1,0,-66,1,3788,0,0,0,0,1542318.91,1326508.48
2022-11-18,2022,11,4,4,18,-0.5000000000000004,0.8660254037844384,-0.433883739117558,-0.9009688679024191,1,0,-65,1,3789,0,0,0,0,2067584.69,1767319.2
2022-11-19,2022,11,4,5,19,-0.5000000000000004,0.8660254037844384,-0.9749279121818236,-0.2225209339563146,1,0,-64,1,3790,0,0,0,0,1496563.56,1377725.1
2022-11-20,2022,11,4,6,20,-0.5000000000000004,0.8660254037844384,-0.7818314824680299,0.6234898018587334,1,0,-63,1,3791,0,0,0,0,1857748.24,1631718.89
2022-11-21,2022,11,4,0,21,-0.5000000000000004,0.8660254037844384,0.0,1.0,1,0,-62,1,3792,0,0,0,0,1349907.06,1276634.29
2022-11-22,2022,11,4,1,22,-0.5000000000000004,0.8660254037844384,0.7818314824680298,0.6234898018587336,1,0,-61,1,3793,0,0,0,0,853188.02,904694.78
2022-11-23,2022,11,4,2,23,-0.5000000000000004,0.8660254037844384,0.9749279121818236,-0.22252093395631434,1,0,-60,1,3794,0,0,0,0,1060969.69,1157743.64
2022-11-24,2022,11,4,3,24,-0.5000000000000004,0.8660254037844384,0.43388373911755823,-0.900968867902419,1,0,-59,1,3795,0,0,0,0,1729664.2,1775190.25
2022-11-25,2022,11,4,4,25,-0.5000000000000004,0.8660254037844384,-0.433883739117558,-0.9009688679024191,1,0,-58,1,3796,0,0,0,0,1527923.9,1576795.62
2022-11-26,2022,11,4,5,26,-0.5000000000000004,0.8660254037844384,-0.9749279121818236,-0.2225209339563146,1,0,-57,1,3797,0,0,0,0,2035639.78,2105948.81
2022-11-27,2022,11,4,6,27,-0.5000000000000004,0.8660254037844384,-0.7818314824680299,0.6234898018587334,1,0,-56,1,3798,0,0,0,0,3138619.13,3283279.48
2022-11-28,2022,11,4,0,28,-0.5000000000000004,0.8660254037844384,0.0,1.0,1,0,-55,1,3799,0,0,0,0,2104917.42,2152332.4
2022-11-29,2022,11,4,1,29,-0.5000000000000004,0.8660254037844384,0.7818314824680298,0.6234898018587336,1,0,-54,1,3800,0,0,0,0,2558728.79,2694391.19
2022-11-30,2022,11,4,2,30,-0.5000000000000004,0.8660254037844384,0.9749279121818236,-0.22252093395631434,1,0,-53,1,3801,0,0,0,0,1317689.52,1346354.39
2022-12-01,2022,12,4,3,1,-2.4492935982947064e-16,1.0,0.43388373911755823,-0.900968867902419,1,0,-52,1,3802,0,0,0,0,1668445.9,1683082.9
2022-12-02,2022,12,4,4,2,-2.4492935982947064e-16,1.0,-0.433883739117558,-0.9009688679024191,1,0,-51,1,3803,0,0,0,0,720381.04,726739.78
2022-12-03,2022,12,4,5,3,-2.4492935982947064e-16,1.0,-0.9749279121818236,-0.2225209339563146,1,0,-50,1,3804,0,0,0,0,753704.17,751384.0
2022-12-04,2022,12,4,6,4,-2.4492935982947064e-16,1.0,-0.7818314824680299,0.6234898018587334,1,0,-49,1,3805,0,0,0,0,664409.51,678890.04
2022-12-05,2022,12,4,0,5,-2.4492935982947064e-16,1.0,0.0,1.0,1,0,-48,1,3806,0,0,0,0,1607335.1,1688255.85
2022-12-06,2022,12,4,1,6,-2.4492935982947064e-16,1.0,0.7818314824680298,0.6234898018587336,1,0,-47,1,3807,0,0,0,0,1436188.44,1460346.38
2022-12-07,2022,12,4,2,7,-2.4492935982947064e-16,1.0,0.9749279121818236,-0.22252093395631434,1,0,-46,1,3808,0,0,0,0,760218.13,731672.82
2022-12-08,2022,12,4,3,8,-2.4492935982947064e-16,1.0,0.43388373911755823,-0.900968867902419,1,0,-45,1,3809,0,0,0,0,818209.67,832757.07
2022-12-09,2022,12,4,4,9,-2.4492935982947064e-16,1.0,-0.433883739117558,-0.9009688679024191,1,0,-44,1,3810,0,0,0,0,1323267.85,1366777.35
2022-12-10,2022,12,4,5,10,-2.4492935982947064e-16,1.0,-0.9749279121818236,-0.2225209339563146,1,0,-43,1,3811,0,0,0,0,1598936.84,1616981.65
2022-12-11,2022,12,4,6,11,-2.4492935982947064e-16,1.0,-0.7818314824680299,0.6234898018587334,1,0,-42,1,3812,0,0,0,0,1420910.74,1526398.5
2022-12-12,2022,12,4,0,12,-2.4492935982947064e-16,1.0,0.0,1.0,1,0,-41,1,3813,0,0,0,0,1983085.06,2071778.79
2022-12-13,2022,12,4,1,13,-2.4492935982947064e-16,1.0,0.7818314824680298,0.6234898018587336,1,0,-40,1,3814,0,0,0,0,1652309.19,1687562.98
2022-12-14,2022,12,4,2,14,-2.4492935982947064e-16,1.0,0.9749279121818236,-0.22252093395631434,1,0,-39,1,3815,0,0,0,0,1662243.59,1688191.22
2022-12-15,2022,12,4,3,15,-2.4492935982947064e-16,1.0,0.43388373911755823,-0.900968867902419,1,0,-38,1,3816,0,0,0,0,1494318.64,1554407.68
2022-12-16,2022,12,4,4,16,-2.4492935982947064e-16,1.0,-0.433883739117558,-0.9009688679024191,1,0,-37,1,3817,0,0,0,0,1482192.97,1521540.05
2022-12-17,2022,12,4,5,17,-2.4492935982947064e-16,1.0,-0.9749279121818236,-0.2225209339563146,1,0,-36,1,3818,0,0,0,0,1302193.74,1321522.92
2022-12-18,2022,12,4,6,18,-2.4492935982947064e-16,1.0,-0.7818314824680299,0.6234898018587334,1,0,-35,1,3819,0,0,0,0,2201374.59,2308997.06
2022-12-19,2022,12,4,0,19,-2.4492935982947064e-16,1.0,0.0,1.0,1,0,-34,1,3820,0,0,0,0,2250767.39,2245767.23
2022-12-20,2022,12,4,1,20,-2.4492935982947064e-16,1.0,0.7818314824680298,0.6234898018587336,1,0,-33,1,3821,0,0,0,0,2026810.08,2053084.16
2022-12-21,2022,12,4,2,21,-2.4492935982947064e-16,1.0,0.9749279121818236,-0.22252093395631434,1,0,-32,1,3822,0,0,0,0,1795395.02,1806884.57
2022-12-22,2022,12,4,3,22,-2.4492935982947064e-16,1.0,0.43388373911755823,-0.900968867902419,1,0,-31,1,3823,0,0,0,0,1791622.46,1773829.08
2022-12-23,2022,12,4,4,23,-2.4492935982947064e-16,1.0,-0.433883739117558,-0.9009688679024191,1,0,-30,1,3824,0,0,0,0,1501209.11,1499234.75
2022-12-24,2022,12,4,5,24,-2.4492935982947064e-16,1.0,-0.9749279121818236,-0.2225209339563146,1,0,-29,1,3825,0,0,0,0,1390870.89,1401661.67
2022-12-25,2022,12,4,6,25,-2.4492935982947064e-16,1.0,-0.7818314824680299,0.6234898018587334,1,0,-28,1,3826,0,0,1,0,1136772.53,1160100.63
2022-12-26,2022,12,4,0,26,-2.4492935982947064e-16,1.0,0.0,1.0,1,0,-27,1,3827,0,0,0,0,2110830.12,2160963.69
2022-12-27,2022,12,4,1,27,-2.4492935982947064e-16,1.0,0.7818314824680298,0.6234898018587336,1,0,-26,1,3828,0,0,0,0,2100553.66,2184872.24
2022-12-28,2022,12,4,2,28,-2.4492935982947064e-16,1.0,0.9749279121818236,-0.22252093395631434,1,0,-25,1,3829,0,0,0,0,3448729.2,3513621.0
2022-12-29,2022,12,4,3,29,-2.4492935982947064e-16,1.0,0.43388373911755823,-0.900968867902419,1,0,-24,1,3830,0,0,0,0,3083944.33,3170787.1
2022-12-30,2022,12,4,4,30,-2.4492935982947064e-16,1.0,-0.433883739117558,-0.9009688679024191,1,0,-23,1,3831,0,0,0,0,2884668.76,3022292.15
2022-12-31,2022,12,4,5,31,-2.4492935982947064e-16,1.0,-0.9749279121818236,-0.2225209339563146,1,0,-22,1,3832,0,0,0,0,2383037.48,2279288.13
