order_id,order_date,customer_id,zip,order_status,payment_method,device_type,order_source
1,2012-07-04,58578,1109,delivered,credit_card,desktop,paid_search
2,2012-07-04,58621,1330,returned,cod,mobile,paid_search
3,2012-07-04,58811,1473,delivered,credit_card,desktop,direct
4,2012-07-04,59453,2360,delivered,credit_card,desktop,referral
6,2012-07-06,57821,2886,delivered,paypal,mobile,email_campaign
7,2012-07-06,57820,2886,delivered,credit_card,tablet,organic_search
8,2012-07-06,57818,2886,delivered,credit_card,mobile,email_campaign
9,2012-07-06,49102,5262,delivered,apple_pay,tablet,paid_search
10,2012-07-06,49101,5262,delivered,paypal,desktop,organic_search
13,2012-07-06,40638,7456,delivered,credit_card,tablet,social_media
15,2012-07-06,41782,7726,shipped,credit_card,mobile,paid_search
16,2012-07-05,41028,7830,delivered,cod,mobile,social_media
17,2012-07-05,42030,8016,delivered,cod,tablet,email_campaign
18,2012-07-06,42282,8075,delivered,credit_card,mobile,organic_search
20,2012-07-04,42962,8620,delivered,credit_card,tablet,organic_search
21,2012-07-04,43029,8724,delivered,credit_card,tablet,organic_search
22,2012-07-06,12621,10019,cancelled,apple_pay,desktop,organic_search
23,2012-07-06,12213,11777,delivered,cod,desktop,direct
24,2012-07-05,13426,12148,delivered,apple_pay,mobile,direct
25,2012-07-06,14287,12572,delivered,credit_card,desktop,organic_search
26,2012-07-05,16344,13502,cancelled,credit_card,desktop,paid_search
28,2012-07-06,9473,14304,delivered,cod,desktop,organic_search
29,2012-07-06,1484,15025,delivered,credit_card,tablet,referral
30,2012-07-04,1482,15025,delivered,cod,mobile,paid_search
31,2012-07-06,59,15212,cancelled,cod,mobile,email_campaign
32,2012-07-05,6037,17033,returned,credit_card,desktop,social_media
33,2012-07-04,6121,17057,delivered,apple_pay,desktop,referral
34,2012-07-04,3479,18068,delivered,paypal,desktop,social_media
35,2012-07-04,3666,18944,returned,credit_card,desktop,organic_search
36,2012-07-05,3678,18947,delivered,paypal,desktop,referral
38,2012-07-04,4536,19103,delivered,credit_card,tablet,paid_search
39,2012-07-04,4607,19123,delivered,paypal,desktop,paid_search
41,2012-07-04,7833,19508,delivered,credit_card,desktop,referral
42,2012-07-06,48406,19977,cancelled,paypal,mobile,direct
43,2012-07-04,65096,20008,delivered,paypal,desktop,organic_search
44,2012-07-05,65847,22407,delivered,cod,tablet,email_campaign
45,2012-07-04,66149,22630,delivered,credit_card,mobile,social_media
46,2012-07-04,68317,24141,cancelled,cod,desktop,paid_search
47,2012-07-06,72063,24212,returned,credit_card,mobile,organic_search
48,2012-07-04,39584,26264,delivered,credit_card,desktop,organic_search
49,2012-07-04,39696,26330,delivered,credit_card,tablet,social_media
50,2012-07-04,39739,26351,delivered,credit_card,mobile,social_media
52,2012-07-06,50793,27612,delivered,cod,mobile,referral
53,2012-07-06,50806,27614,delivered,apple_pay,desktop,paid_search
56,2012-07-06,51904,28462,delivered,credit_card,mobile,email_campaign
58,2012-07-04,62776,29412,paid,credit_card,mobile,organic_search
59,2012-07-06,63551,29669,returned,cod,mobile,paid_search
60,2012-07-04,53784,30004,delivered,credit_card,mobile,social_media
62,2012-07-04,54035,30075,delivered,credit_card,desktop,email_campaign
63,2012-07-06,54260,30127,delivered,credit_card,desktop,paid_search
65,2012-07-04,61684,30907,paid,credit_card,mobile,organic_search
66,2012-07-04,55365,31008,delivered,credit_card,mobile,organic_search
67,2012-07-04,17352,32922,returned,credit_card,desktop,paid_search
68,2012-07-05,20526,33126,delivered,credit_card,desktop,referral
70,2012-07-04,20320,34688,delivered,credit_card,desktop,organic_search
71,2012-07-06,20317,34688,cancelled,credit_card,desktop,email_campaign
72,2012-07-04,20391,34953,delivered,paypal,desktop,paid_search
74,2012-07-04,70880,35126,delivered,credit_card,desktop,organic_search
75,2012-07-04,71549,35620,delivered,paypal,mobile,social_media
76,2012-07-05,52862,36092,delivered,apple_pay,mobile,social_media
78,2012-07-04,53240,36351,delivered,cod,mobile,referral
79,2012-07-04,53482,36580,delivered,credit_card,tablet,organic_search
80,2012-07-04,75426,38109,delivered,credit_card,desktop,referral
81,2012-07-05,75477,38122,delivered,credit_card,mobile,email_campaign
82,2012-07-04,46143,40601,delivered,paypal,desktop,email_campaign
83,2012-07-04,46265,41042,delivered,apple_pay,mobile,referral
84,2012-07-04,26013,43311,delivered,cod,tablet,referral
85,2012-07-04,27342,43528,delivered,paypal,tablet,social_media
86,2012-07-05,27433,43556,delivered,credit_card,desktop,direct
87,2012-07-04,23719,43938,delivered,paypal,tablet,referral
88,2012-07-04,23718,43938,delivered,apple_pay,mobile,email_campaign
89,2012-07-04,27823,44077,delivered,paypal,mobile,email_campaign
90,2012-07-05,28488,44405,delivered,paypal,mobile,organic_search
91,2012-07-06,28899,44646,delivered,cod,desktop,paid_search
92,2012-07-04,29210,44830,delivered,credit_card,desktop,organic_search
93,2012-07-06,34572,47380,delivered,credit_card,tablet,email_campaign
95,2012-07-04,37009,47946,delivered,paypal,desktop,social_media
96,2012-07-04,30351,48302,delivered,credit_card,mobile,social_media
97,2012-07-05,30427,48322,cancelled,cod,mobile,referral
99,2012-07-05,30476,48334,cancelled,credit_card,tablet,social_media
100,2012-07-04,30676,48419,delivered,credit_card,mobile,direct
101,2012-07-04,31610,48843,delivered,credit_card,mobile,paid_search
102,2012-07-04,31661,48854,returned,credit_card,mobile,organic_search
104,2012-07-05,105900,50616,delivered,paypal,desktop,organic_search
106,2012-07-06,88049,51401,delivered,credit_card,desktop,organic_search
107,2012-07-05,85445,51579,delivered,credit_card,desktop,organic_search
108,2012-07-05,112415,52409,returned,bank_transfer,mobile,organic_search
110,2012-07-06,111024,52565,delivered,credit_card,desktop,organic_search
116,2012-07-04,115741,53207,delivered,bank_transfer,mobile,organic_search
117,2012-07-04,115808,53221,delivered,credit_card,desktop,paid_search
118,2012-07-04,116865,54547,delivered,bank_transfer,tablet,social_media
120,2012-07-04,103298,55330,delivered,apple_pay,mobile,organic_search
121,2012-07-04,104044,55917,delivered,credit_card,mobile,email_campaign
122,2012-07-04,104301,56007,delivered,credit_card,mobile,organic_search
124,2012-07-06,88710,56334,delivered,bank_transfer,desktop,referral
125,2012-07-04,90215,57401,delivered,bank_transfer,tablet,paid_search
126,2012-07-04,117647,60061,delivered,credit_card,desktop,organic_search
128,2012-07-04,117866,60120,delivered,credit_card,mobile,referral
130,2012-07-05,118070,60177,cancelled,cod,tablet,email_campaign
132,2012-07-04,118599,60506,returned,credit_card,mobile,email_campaign
133,2012-07-04,119489,61032,delivered,apple_pay,desktop,organic_search
135,2012-07-04,47414,61938,returned,cod,mobile,organic_search
136,2012-07-04,121841,62035,delivered,cod,desktop,social_media
137,2012-07-05,76340,62901,cancelled,credit_card,mobile,direct
138,2012-07-04,109646,63031,paid,credit_card,mobile,organic_search
140,2012-07-06,83154,64060,delivered,cod,desktop,email_campaign
141,2012-07-04,110610,65109,cancelled,credit_card,mobile,referral
144,2012-07-04,95103,67156,returned,cod,mobile,social_media
145,2012-07-06,101836,71105,delivered,credit_card,tablet,referral
146,2012-07-04,78826,71601,returned,apple_pay,tablet,paid_search
147,2012-07-04,79363,72023,returned,credit_card,desktop,email_campaign
149,2012-07-05,94482,73179,delivered,credit_card,mobile,direct
152,2012-07-04,125023,76008,delivered,credit_card,tablet,organic_search
153,2012-07-05,125023,76008,delivered,cod,mobile,social_media
154,2012-07-05,127653,76513,delivered,apple_pay,desktop,paid_search
156,2012-07-04,123891,79121,delivered,apple_pay,desktop,organic_search
157,2012-07-04,123926,79255,shipped,paypal,desktop,social_media
158,2012-07-04,126677,79423,delivered,credit_card,desktop,paid_search
159,2012-07-04,107642,80480,delivered,credit_card,desktop,paid_search
160,2012-07-04,108819,81401,delivered,cod,desktop,organic_search
163,2012-07-04,144785,86406,delivered,cod,desktop,organic_search
164,2012-07-04,145280,87144,shipped,paypal,desktop,direct
165,2012-07-04,145543,87505,delivered,credit_card,desktop,organic_search
168,2012-07-04,151534,89706,delivered,cod,tablet,organic_search
169,2012-07-04,151531,89706,delivered,paypal,mobile,social_media
170,2012-07-04,142387,90029,delivered,paypal,tablet,social_media
171,2012-07-04,140685,91361,cancelled,cod,mobile,organic_search
172,2012-07-05,140918,91702,delivered,credit_card,mobile,social_media
173,2012-07-04,137834,91901,delivered,apple_pay,desktop,paid_search
175,2012-07-04,138024,92009,delivered,paypal,mobile,referral
176,2012-07-04,137548,92101,delivered,bank_transfer,desktop,email_campaign
177,2012-07-06,138691,92354,delivered,paypal,desktop,organic_search
178,2012-07-05,139129,92590,delivered,credit_card,mobile,social_media
179,2012-07-04,141358,92656,delivered,credit_card,desktop,social_media
180,2012-07-05,141411,92675,delivered,credit_card,tablet,social_media
182,2012-07-04,141457,92692,delivered,credit_card,mobile,paid_search
183,2012-07-05,141458,92692,delivered,credit_card,mobile,organic_search
184,2012-07-06,141497,92705,cancelled,credit_card,desktop,organic_search
185,2012-07-04,139182,92881,delivered,apple_pay,tablet,social_media
186,2012-07-04,141857,93041,delivered,paypal,mobile,social_media
187,2012-07-04,133446,94303,delivered,credit_card,desktop,social_media
188,2012-07-06,135522,94535,delivered,paypal,desktop,organic_search
189,2012-07-05,133631,94536,delivered,cod,tablet,referral
190,2012-07-05,133762,94566,delivered,paypal,tablet,direct
191,2012-07-06,133977,94701,delivered,credit_card,mobile,organic_search
192,2012-07-04,134336,95006,returned,credit_card,desktop,referral
193,2012-07-04,134336,95006,delivered,credit_card,desktop,organic_search
194,2012-07-04,134556,95075,delivered,credit_card,desktop,email_campaign
196,2012-07-04,134686,95133,delivered,cod,desktop,social_media
197,2012-07-05,135998,95604,delivered,paypal,desktop,organic_search
198,2012-07-06,136004,95605,delivered,credit_card,tablet,direct
199,2012-07-04,136004,95605,delivered,apple_pay,mobile,social_media
202,2012-07-04,136475,95747,cancelled,credit_card,mobile,organic_search
204,2012-07-05,136493,95762,delivered,bank_transfer,desktop,social_media
205,2012-07-04,137506,95835,delivered,credit_card,desktop,social_media
206,2012-07-04,136751,95969,delivered,credit_card,mobile,social_media
208,2012-07-04,147493,97338,delivered,credit_card,desktop,organic_search
209,2012-07-05,149086,98236,paid,cod,tablet,social_media
210,2012-07-05,149398,98327,delivered,credit_card,mobile,email_campaign
211,2012-07-06,148159,99709,returned,credit_card,mobile,paid_search
212,2012-07-07,59239,2050,delivered,credit_card,mobile,paid_search
213,2012-07-07,59937,2747,created,apple_pay,desktop,referral
214,2012-07-04,57099,6478,delivered,credit_card,mobile,paid_search
215,2012-07-06,48587,6820,cancelled,credit_card,desktop,paid_search
217,2012-07-06,42050,8021,delivered,credit_card,tablet,organic_search
218,2012-07-05,42511,8225,delivered,paypal,tablet,social_media
219,2012-07-04,42759,8361,delivered,paypal,mobile,social_media
220,2012-07-07,41328,8804,delivered,credit_card,tablet,social_media
223,2012-07-04,10813,10530,delivered,paypal,mobile,organic_search
224,2012-07-07,11011,10913,delivered,credit_card,tablet,organic_search
225,2012-07-06,11379,11229,cancelled,credit_card,desktop,organic_search
226,2012-07-04,11672,11433,delivered,paypal,mobile,paid_search
227,2012-07-05,11714,11510,delivered,apple_pay,desktop,paid_search
228,2012-07-06,14351,12590,delivered,cod,mobile,organic_search
229,2012-07-04,14417,12729,delivered,paypal,desktop,organic_search
230,2012-07-07,14637,12804,created,cod,desktop,referral
231,2012-07-04,15526,13110,delivered,apple_pay,mobile,organic_search
232,2012-07-07,16823,13760,created,credit_card,mobile,organic_search
233,2012-07-07,8974,14033,delivered,credit_card,desktop,paid_search
234,2012-07-04,9206,14120,delivered,credit_card,mobile,direct
236,2012-07-04,1477,15024,delivered,credit_card,mobile,organic_search
237,2012-07-07,1758,15108,shipped,cod,tablet,organic_search
238,2012-07-04,168,15236,delivered,credit_card,desktop,social_media
239,2012-07-04,169,15236,delivered,credit_card,mobile,paid_search
241,2012-07-04,2851,15677,delivered,credit_card,mobile,paid_search
242,2012-07-04,799,16314,delivered,credit_card,desktop,social_media
244,2012-07-05,5167,16866,delivered,credit_card,mobile,email_campaign
245,2012-07-05,7331,18037,delivered,paypal,desktop,organic_search
246,2012-07-05,8269,18504,delivered,credit_card,mobile,organic_search
249,2012-07-04,65065,20002,cancelled,paypal,desktop,direct
250,2012-07-04,44235,21218,delivered,credit_card,desktop,social_media
251,2012-07-05,44466,21640,delivered,apple_pay,tablet,email_campaign
254,2012-07-05,37565,24981,delivered,credit_card,mobile,paid_search
257,2012-07-04,38541,25632,delivered,paypal,tablet,organic_search
259,2012-07-06,49708,27018,delivered,paypal,mobile,paid_search
260,2012-07-04,60048,27295,delivered,paypal,desktop,organic_search
261,2012-07-05,50508,27526,delivered,credit_card,tablet,email_campaign
262,2012-07-04,50911,27804,cancelled,apple_pay,tablet,referral
263,2012-07-04,60389,28120,delivered,credit_card,mobile,social_media
264,2012-07-07,52233,28584,delivered,paypal,mobile,social_media
265,2012-07-04,60826,28715,delivered,credit_card,desktop,direct
266,2012-07-05,60924,28739,delivered,credit_card,mobile,social_media
268,2012-07-05,54254,30126,delivered,credit_card,tablet,organic_search
269,2012-07-04,55909,30306,delivered,paypal,mobile,social_media
271,2012-07-04,61594,30813,delivered,credit_card,tablet,referral
273,2012-07-07,21144,32119,cancelled,credit_card,desktop,paid_search
274,2012-07-06,23472,32514,delivered,credit_card,mobile,paid_search
275,2012-07-06,17486,32962,delivered,credit_card,desktop,organic_search
278,2012-07-07,18515,33541,delivered,credit_card,tablet,organic_search
280,2012-07-05,53305,36420,delivered,credit_card,tablet,organic_search
281,2012-07-07,73912,37601,delivered,credit_card,mobile,referral
282,2012-07-06,74024,37663,delivered,apple_pay,mobile,social_media
284,2012-07-04,98689,39154,delivered,credit_card,tablet,organic_search
285,2012-07-04,69370,41501,delivered,apple_pay,mobile,paid_search
286,2012-07-06,70475,42633,delivered,credit_card,desktop,social_media
287,2012-07-06,46502,42748,delivered,credit_card,desktop,email_campaign
290,2012-07-04,23859,44442,delivered,apple_pay,mobile,organic_search
291,2012-07-04,28604,44444,delivered,paypal,desktop,organic_search
292,2012-07-04,29435,44905,delivered,credit_card,mobile,organic_search
293,2012-07-06,24527,45345,cancelled,credit_card,mobile,paid_search
295,2012-07-04,24738,45424,delivered,credit_card,desktop,paid_search
296,2012-07-05,24783,45439,delivered,bank_transfer,desktop,paid_search
297,2012-07-06,35241,46237,delivered,cod,desktop,paid_search
298,2012-07-04,35641,46567,delivered,cod,mobile,organic_search
299,2012-07-04,34077,46809,delivered,apple_pay,desktop,email_campaign
300,2012-07-05,36977,47933,delivered,credit_card,desktop,referral
301,2012-07-04,29843,48105,delivered,credit_card,tablet,organic_search
302,2012-07-05,33573,48131,delivered,credit_card,desktop,paid_search
303,2012-07-04,31358,48746,delivered,credit_card,mobile,referral
305,2012-07-05,33610,49022,returned,cod,mobile,paid_search
306,2012-07-04,32093,49071,delivered,credit_card,mobile,social_media
307,2012-07-07,32185,49201,delivered,cod,desktop,organic_search
308,2012-07-04,112399,52404,delivered,credit_card,tablet,paid_search
309,2012-07-07,112407,52405,delivered,apple_pay,desktop,organic_search
310,2012-07-07,115655,53150,cancelled,cod,desktop,organic_search
311,2012-07-05,115699,53188,delivered,credit_card,desktop,organic_search
312,2012-07-05,114661,53590,cancelled,bank_transfer,desktop,referral
315,2012-07-04,102825,55044,delivered,apple_pay,desktop,social_media
316,2012-07-04,103055,55112,delivered,credit_card,desktop,referral
317,2012-07-04,103210,55311,delivered,paypal,desktop,paid_search
318,2012-07-04,103493,55372,delivered,credit_card,mobile,social_media
322,2012-07-04,91101,58201,delivered,credit_card,mobile,social_media
323,2012-07-05,91758,58554,delivered,paypal,desktop,social_media
324,2012-07-04,91799,58572,delivered,credit_card,desktop,social_media
326,2012-07-07,92267,58854,delivered,apple_pay,mobile,email_campaign
328,2012-07-05,117697,60073,delivered,credit_card,mobile,paid_search
330,2012-07-05,118505,60473,delivered,credit_card,desktop,referral
331,2012-07-04,118675,60527,delivered,cod,mobile,social_media
333,2012-07-07,121189,61523,delivered,credit_card,mobile,organic_search
335,2012-07-07,110056,63401,delivered,credit_card,desktop,paid_search
336,2012-07-07,110160,63459,returned,apple_pay,desktop,email_campaign
337,2012-07-07,76805,63755,delivered,credit_card,mobile,paid_search
338,2012-07-04,76983,63857,delivered,bank_transfer,desktop,social_media
339,2012-07-04,83867,64730,delivered,credit_card,mobile,social_media
340,2012-07-05,95998,67851,delivered,credit_card,mobile,social_media
341,2012-07-06,96000,67851,delivered,credit_card,desktop,paid_search
342,2012-07-07,101706,71044,delivered,paypal,mobile,organic_search
344,2012-07-04,102023,71235,delivered,cod,mobile,social_media
346,2012-07-05,79638,72104,delivered,credit_card,desktop,paid_search
347,2012-07-04,80226,72403,paid,apple_pay,tablet,paid_search
348,2012-07-05,80375,72450,delivered,credit_card,mobile,referral
351,2012-07-05,124486,75061,delivered,paypal,desktop,paid_search
352,2012-07-04,124593,75090,cancelled,cod,mobile,organic_search
353,2012-07-04,122760,75672,paid,credit_card,mobile,organic_search
357,2012-07-04,129553,78043,delivered,paypal,mobile,organic_search
358,2012-07-05,126680,79424,cancelled,paypal,mobile,email_campaign
359,2012-07-04,126929,79703,delivered,cod,desktop,organic_search
362,2012-07-04,107193,80110,cancelled,cod,mobile,paid_search
365,2012-07-04,107508,80443,delivered,paypal,desktop,direct
366,2012-07-06,107679,80501,delivered,credit_card,desktop,direct
367,2012-07-05,108288,80909,delivered,paypal,desktop,direct
368,2012-07-06,87305,82633,paid,credit_card,mobile,organic_search
369,2012-07-06,154099,84088,delivered,credit_card,desktop,direct
370,2012-07-07,142792,85044,delivered,credit_card,tablet,referral
371,2012-07-04,142897,85098,delivered,credit_card,desktop,organic_search
372,2012-07-05,143098,85213,delivered,credit_card,desktop,paid_search
373,2012-07-07,143096,85213,returned,apple_pay,mobile,paid_search
376,2012-07-07,143787,85383,delivered,credit_card,mobile,email_campaign
377,2012-07-06,143787,85383,delivered,credit_card,mobile,paid_search
378,2012-07-04,144103,85650,delivered,cod,desktop,paid_search
380,2012-07-04,142356,90023,delivered,credit_card,desktop,organic_search
381,2012-07-04,140143,90703,delivered,paypal,mobile,paid_search
383,2012-07-04,141011,91745,delivered,credit_card,mobile,social_media
385,2012-07-04,138636,92337,delivered,credit_card,tablet,paid_search
386,2012-07-04,138668,92345,delivered,credit_card,tablet,email_campaign
388,2012-07-04,136299,95678,cancelled,credit_card,mobile,organic_search
391,2012-07-04,137408,95816,delivered,credit_card,tablet,email_campaign
393,2012-07-05,146866,97055,cancelled,credit_card,mobile,paid_search
394,2012-07-05,150786,97478,delivered,credit_card,desktop,organic_search
395,2012-07-07,148454,98006,cancelled,paypal,tablet,email_campaign
396,2012-07-06,149024,98221,delivered,cod,mobile,organic_search
397,2012-07-04,149294,98290,delivered,paypal,mobile,organic_search
399,2012-07-05,149646,98390,cancelled,credit_card,desktop,social_media
400,2012-07-04,149889,98512,delivered,cod,desktop,social_media
401,2012-07-05,150189,98607,delivered,paypal,desktop,organic_search
402,2012-07-04,152900,98823,delivered,apple_pay,tablet,email_campaign
403,2012-07-07,153818,99362,delivered,credit_card,desktop,direct
404,2012-07-04,153817,99362,paid,credit_card,mobile,direct
405,2012-07-04,153819,99362,returned,cod,desktop,direct
406,2012-07-07,148046,99664,delivered,credit_card,mobile,social_media
409,2012-07-08,44737,21769,returned,cod,tablet,social_media
410,2012-07-04,63052,29510,delivered,credit_card,mobile,paid_search
411,2012-07-08,54226,30120,delivered,credit_card,desktop,social_media
412,2012-07-08,54226,30120,returned,paypal,mobile,paid_search
413,2012-07-05,75851,38351,delivered,cod,desktop,social_media
414,2012-07-07,45667,40104,delivered,credit_card,mobile,paid_search
415,2012-07-04,24740,45424,delivered,credit_card,desktop,social_media
416,2012-07-08,30774,48442,shipped,credit_card,desktop,organic_search
417,2012-07-08,31948,49017,delivered,apple_pay,desktop,direct
418,2012-07-04,32484,49318,delivered,paypal,mobile,organic_search
419,2012-07-08,32699,49417,delivered,credit_card,mobile,organic_search
420,2012-07-08,105977,51346,delivered,paypal,desktop,paid_search
421,2012-07-05,103300,55330,delivered,credit_card,tablet,organic_search
423,2012-07-06,83175,64064,returned,apple_pay,mobile,email_campaign
425,2012-07-06,83257,64081,shipped,credit_card,desktop,referral
426,2012-07-07,85640,66030,cancelled,cod,mobile,referral
427,2012-07-05,100613,70471,delivered,paypal,mobile,organic_search
428,2012-07-08,124284,75013,delivered,credit_card,tablet,social_media
429,2012-07-05,125103,76028,delivered,apple_pay,desktop,organic_search
430,2012-07-06,125448,76126,returned,credit_card,mobile,paid_search
432,2012-07-05,156159,83858,delivered,apple_pay,desktop,paid_search
433,2012-07-06,153955,84043,delivered,credit_card,desktop,organic_search
434,2012-07-04,141430,92679,delivered,credit_card,desktop,organic_search
435,2012-07-04,139343,93306,delivered,apple_pay,mobile,email_campaign
436,2012-07-05,132875,93722,delivered,credit_card,mobile,paid_search
438,2012-07-06,59997,2777,delivered,credit_card,mobile,direct
439,2012-07-07,60007,2780,delivered,credit_card,tablet,social_media
440,2012-07-07,57607,2814,delivered,credit_card,mobile,paid_search
442,2012-07-08,57829,2889,delivered,apple_pay,mobile,email_campaign
443,2012-07-06,56576,6239,delivered,credit_card,desktop,social_media
444,2012-07-05,56609,6250,delivered,bank_transfer,desktop,paid_search
445,2012-07-08,56671,6277,delivered,apple_pay,desktop,paid_search
446,2012-07-06,56672,6277,delivered,credit_card,mobile,organic_search
448,2012-07-07,40222,7005,delivered,apple_pay,desktop,email_campaign
449,2012-07-07,40390,7070,delivered,credit_card,desktop,paid_search
450,2012-07-08,41585,7078,created,credit_card,tablet,email_campaign
451,2012-07-06,40479,7304,created,paypal,mobile,email_campaign
452,2012-07-09,40635,7452,delivered,credit_card,tablet,paid_search
453,2012-07-07,40894,7647,delivered,credit_card,desktop,paid_search
457,2012-07-07,12402,11949,delivered,cod,mobile,organic_search
458,2012-07-09,13471,12158,paid,credit_card,mobile,organic_search
459,2012-07-08,16180,13440,delivered,apple_pay,mobile,social_media
461,2012-07-09,9157,14094,delivered,paypal,tablet,direct
463,2012-07-09,1922,15321,delivered,credit_card,mobile,paid_search
466,2012-07-05,4979,16701,delivered,credit_card,desktop,email_campaign
469,2012-07-06,8451,18801,delivered,credit_card,mobile,organic_search
470,2012-07-09,3804,19002,delivered,credit_card,desktop,direct
471,2012-07-07,3894,19026,delivered,credit_card,mobile,organic_search
472,2012-07-05,3898,19027,shipped,credit_card,desktop,social_media
473,2012-07-09,4289,19382,delivered,cod,desktop,social_media
474,2012-07-06,65382,20166,delivered,credit_card,mobile,paid_search
475,2012-07-09,64309,20650,delivered,cod,desktop,social_media
476,2012-07-07,44434,21629,delivered,credit_card,mobile,referral
477,2012-07-05,44795,21784,delivered,cod,mobile,social_media
478,2012-07-07,44836,21797,delivered,credit_card,desktop,email_campaign
479,2012-07-09,44834,21797,delivered,credit_card,mobile,social_media
484,2012-07-09,68550,24477,delivered,cod,mobile,paid_search
485,2012-07-07,37167,24712,delivered,cod,tablet,email_campaign
486,2012-07-05,38313,25508,delivered,credit_card,mobile,paid_search
487,2012-07-06,50798,27613,delivered,credit_card,desktop,direct
490,2012-07-08,63878,29822,delivered,cod,desktop,organic_search
491,2012-07-05,64043,29910,delivered,bank_transfer,mobile,organic_search
492,2012-07-06,53783,30004,shipped,cod,mobile,social_media
495,2012-07-05,54356,30157,delivered,bank_transfer,mobile,referral
496,2012-07-06,54545,30230,delivered,paypal,desktop,paid_search
497,2012-07-07,61687,30907,delivered,cod,desktop,social_media
499,2012-07-05,23436,32504,delivered,bank_transfer,mobile,social_media
501,2012-07-08,18184,33421,paid,paypal,desktop,organic_search
503,2012-07-05,23088,34759,delivered,credit_card,desktop,organic_search
505,2012-07-09,71074,35216,delivered,credit_card,desktop,direct
506,2012-07-07,71676,35674,cancelled,apple_pay,mobile,email_campaign
508,2012-07-06,71853,35806,delivered,paypal,desktop,social_media
509,2012-07-05,52936,36117,delivered,cod,mobile,social_media
511,2012-07-06,72845,37042,delivered,paypal,mobile,social_media
513,2012-07-09,75517,38135,delivered,paypal,desktop,organic_search
514,2012-07-06,75119,38583,delivered,credit_card,mobile,social_media
515,2012-07-05,99748,39759,delivered,paypal,desktop,social_media
516,2012-07-08,46188,41010,delivered,credit_card,mobile,organic_search
517,2012-07-05,77676,42003,delivered,paypal,mobile,social_media
518,2012-07-07,72713,42223,delivered,credit_card,mobile,referral
520,2012-07-05,26362,43912,delivered,cod,desktop,organic_search
523,2012-07-06,28494,44406,delivered,credit_card,desktop,paid_search
525,2012-07-09,24424,45322,delivered,credit_card,tablet,social_media
527,2012-07-07,26574,45640,delivered,paypal,desktop,social_media
528,2012-07-09,26756,45710,delivered,credit_card,mobile,organic_search
530,2012-07-05,30121,48189,returned,bank_transfer,mobile,organic_search
531,2012-07-09,30147,48195,delivered,credit_card,desktop,social_media
532,2012-07-06,30153,48198,delivered,credit_card,mobile,social_media
533,2012-07-06,30155,48198,returned,credit_card,mobile,paid_search
534,2012-07-09,30579,48374,delivered,credit_card,mobile,social_media
535,2012-07-05,30579,48374,returned,credit_card,mobile,social_media
536,2012-07-05,31424,48762,delivered,paypal,desktop,social_media
539,2012-07-05,87579,50538,delivered,credit_card,desktop,organic_search
540,2012-07-05,111176,52645,delivered,paypal,mobile,email_campaign
542,2012-07-09,115661,53151,cancelled,credit_card,desktop,referral
543,2012-07-09,114206,53177,delivered,credit_card,desktop,referral
544,2012-07-08,114480,53545,delivered,credit_card,tablet,paid_search
545,2012-07-05,103494,55372,delivered,credit_card,desktop,organic_search
546,2012-07-06,103557,55387,delivered,credit_card,desktop,email_campaign
547,2012-07-09,103597,55398,delivered,credit_card,tablet,social_media
548,2012-07-05,118672,60526,delivered,credit_card,desktop,organic_search
550,2012-07-08,119913,61275,delivered,credit_card,desktop,social_media
551,2012-07-09,76641,62983,delivered,credit_card,mobile,paid_search
552,2012-07-05,109512,63138,delivered,cod,desktop,organic_search
554,2012-07-07,84339,64152,delivered,apple_pay,mobile,organic_search
556,2012-07-07,85866,66102,delivered,credit_card,mobile,email_campaign
557,2012-07-06,95802,67658,delivered,credit_card,desktop,organic_search
558,2012-07-06,81917,68521,delivered,credit_card,mobile,organic_search
559,2012-07-05,81937,68526,delivered,credit_card,tablet,social_media
560,2012-07-07,82335,68832,delivered,credit_card,desktop,referral
562,2012-07-09,101695,71040,delivered,credit_card,tablet,paid_search
563,2012-07-09,79136,71923,delivered,apple_pay,mobile,organic_search
564,2012-07-05,122606,75604,delivered,paypal,mobile,paid_search
565,2012-07-09,122682,75650,delivered,credit_card,mobile,direct
566,2012-07-06,125561,76201,delivered,credit_card,mobile,direct
567,2012-07-07,129450,78006,delivered,bank_transfer,mobile,organic_search
568,2012-07-08,123612,79015,delivered,credit_card,mobile,social_media
569,2012-07-07,109136,80203,delivered,apple_pay,tablet,organic_search
570,2012-07-09,109256,80231,delivered,cod,mobile,social_media
571,2012-07-06,108262,80903,cancelled,credit_card,desktop,organic_search
573,2012-07-07,155682,83619,returned,paypal,desktop,organic_search
574,2012-07-09,155883,83703,returned,cod,desktop,paid_search
577,2012-07-08,144767,86403,delivered,credit_card,mobile,email_campaign
581,2012-07-08,140470,91205,delivered,credit_card,mobile,paid_search
582,2012-07-06,140566,91321,delivered,credit_card,desktop,direct
583,2012-07-06,140985,91737,delivered,paypal,mobile,social_media
584,2012-07-08,141144,91790,returned,credit_card,mobile,direct
586,2012-07-09,138215,92069,delivered,apple_pay,tablet,organic_search
587,2012-07-06,138467,92270,returned,credit_card,desktop,paid_search
588,2012-07-08,138528,92307,delivered,bank_transfer,mobile,social_media
589,2012-07-08,138524,92307,delivered,cod,mobile,social_media
590,2012-07-08,138919,92509,delivered,credit_card,tablet,direct
591,2012-07-05,141220,92610,delivered,credit_card,desktop,organic_search
592,2012-07-05,141940,93108,delivered,credit_card,desktop,social_media
593,2012-07-09,139497,93536,delivered,apple_pay,desktop,organic_search
594,2012-07-07,133262,94102,delivered,credit_card,desktop,social_media
596,2012-07-05,135509,94533,delivered,cod,desktop,paid_search
597,2012-07-05,134644,95125,delivered,cod,mobile,organic_search
598,2012-07-09,152585,97813,delivered,apple_pay,mobile,referral
599,2012-07-09,150376,98682,delivered,apple_pay,mobile,direct
600,2012-07-06,150378,98682,cancelled,credit_card,mobile,paid_search
601,2012-07-09,153668,99301,cancelled,credit_card,mobile,social_media
602,2012-07-05,148064,99672,delivered,credit_card,tablet,social_media
603,2012-07-07,148064,99672,delivered,credit_card,mobile,organic_search
605,2012-07-06,57258,6614,delivered,credit_card,mobile,paid_search
607,2012-07-06,57431,6791,cancelled,credit_card,mobile,organic_search
609,2012-07-08,40881,7644,delivered,apple_pay,desktop,paid_search
610,2012-07-07,41336,8807,returned,cod,mobile,paid_search
612,2012-07-10,12964,10990,delivered,credit_card,tablet,referral
613,2012-07-10,11837,11572,delivered,bank_transfer,desktop,paid_search
614,2012-07-07,12014,11722,delivered,credit_card,tablet,organic_search
615,2012-07-07,15441,13077,delivered,paypal,mobile,email_campaign
616,2012-07-08,16744,13736,delivered,credit_card,mobile,organic_search
618,2012-07-08,2820,15668,delivered,credit_card,mobile,paid_search
619,2012-07-10,2816,15668,delivered,credit_card,mobile,paid_search
620,2012-07-09,48526,20176,delivered,credit_card,desktop,direct
621,2012-07-10,65411,20181,delivered,paypal,mobile,email_campaign
624,2012-07-06,67330,23323,delivered,paypal,desktop,organic_search
625,2012-07-06,50598,27551,delivered,credit_card,desktop,direct
628,2012-07-10,63466,29642,delivered,cod,desktop,direct
631,2012-07-08,55168,30656,delivered,credit_card,mobile,paid_search
632,2012-07-10,23551,32547,cancelled,paypal,mobile,social_media
633,2012-07-07,23609,32569,cancelled,cod,mobile,email_campaign
634,2012-07-07,52492,35160,delivered,credit_card,mobile,direct
635,2012-07-09,98219,36619,delivered,credit_card,mobile,social_media
636,2012-07-07,73344,37209,delivered,apple_pay,mobile,email_campaign
637,2012-07-07,77341,38606,returned,cod,mobile,referral
638,2012-07-09,77340,38606,delivered,credit_card,desktop,email_campaign
639,2012-07-07,25605,43068,delivered,paypal,mobile,social_media
641,2012-07-07,28004,44122,delivered,credit_card,desktop,paid_search
642,2012-07-07,28150,44203,delivered,credit_card,tablet,organic_search
643,2012-07-10,28441,44319,delivered,bank_transfer,tablet,social_media
644,2012-07-10,26612,45651,delivered,paypal,mobile,paid_search
645,2012-07-06,24951,45840,paid,apple_pay,mobile,social_media
646,2012-07-09,25060,45875,delivered,cod,desktop,organic_search
647,2012-07-09,35664,46574,cancelled,credit_card,desktop,organic_search
648,2012-07-09,33861,46714,cancelled,apple_pay,desktop,social_media
649,2012-07-09,29562,48030,delivered,credit_card,mobile,organic_search
650,2012-07-08,29680,48063,delivered,credit_card,desktop,paid_search
652,2012-07-07,30292,48228,cancelled,credit_card,mobile,referral
654,2012-07-10,30478,48335,delivered,credit_card,mobile,social_media
656,2012-07-10,33611,49022,delivered,bank_transfer,desktop,organic_search
658,2012-07-08,114140,53142,delivered,credit_card,desktop,email_campaign
659,2012-07-07,114156,53147,delivered,paypal,desktop,paid_search
662,2012-07-07,103045,55110,delivered,credit_card,desktop,paid_search
663,2012-07-07,103046,55110,delivered,credit_card,desktop,social_media
664,2012-07-08,103231,55315,delivered,paypal,desktop,direct
665,2012-07-09,103406,55353,returned,paypal,mobile,organic_search
667,2012-07-10,89740,57105,delivered,apple_pay,desktop,paid_search
669,2012-07-07,118601,60506,delivered,cod,mobile,social_media
670,2012-07-10,119200,60634,delivered,credit_card,mobile,direct
671,2012-07-08,76109,62832,cancelled,credit_card,mobile,organic_search
672,2012-07-08,83110,64050,delivered,credit_card,mobile,social_media
673,2012-07-06,85748,66062,delivered,paypal,desktop,referral
674,2012-07-09,85955,66210,delivered,apple_pay,mobile,paid_search
675,2012-07-08,85987,66216,delivered,credit_card,tablet,paid_search
676,2012-07-07,87112,68776,delivered,credit_card,desktop,social_media
678,2012-07-06,101184,70714,delivered,credit_card,desktop,paid_search
679,2012-07-06,124253,75002,delivered,apple_pay,mobile,social_media
680,2012-07-06,124440,75050,delivered,credit_card,mobile,referral
681,2012-07-08,124554,75080,delivered,cod,mobile,organic_search
682,2012-07-06,127244,75214,delivered,credit_card,tablet,social_media
683,2012-07-06,125197,76058,delivered,credit_card,mobile,organic_search
684,2012-07-09,128825,77505,delivered,cod,mobile,organic_search
686,2012-07-07,129766,78130,delivered,credit_card,tablet,referral
687,2012-07-09,129764,78130,delivered,credit_card,tablet,social_media
688,2012-07-08,131310,78746,delivered,credit_card,desktop,social_media
689,2012-07-06,126941,79705,delivered,apple_pay,desktop,email_campaign
690,2012-07-09,107231,80120,delivered,credit_card,mobile,social_media
692,2012-07-09,108463,81004,delivered,apple_pay,tablet,organic_search
695,2012-07-07,108918,81506,delivered,credit_card,tablet,organic_search
696,2012-07-10,87236,82401,delivered,cod,desktop,organic_search
697,2012-07-09,87307,82633,delivered,apple_pay,desktop,social_media
698,2012-07-07,155890,83704,delivered,credit_card,mobile,email_campaign
700,2012-07-07,142815,85050,cancelled,cod,desktop,paid_search
702,2012-07-10,151449,89510,delivered,cod,tablet,paid_search
703,2012-07-09,140019,90602,returned,paypal,mobile,paid_search
705,2012-07-07,139354,93308,returned,cod,desktop,organic_search
706,2012-07-08,132864,93720,delivered,credit_card,mobile,direct
707,2012-07-10,133437,94301,delivered,bank_transfer,desktop,organic_search
708,2012-07-09,133746,94563,delivered,cod,desktop,referral
709,2012-07-09,134130,94928,cancelled,credit_card,desktop,referral
712,2012-07-07,136822,95991,delivered,credit_card,mobile,referral
713,2012-07-09,137092,96080,delivered,paypal,tablet,paid_search
714,2012-07-09,147652,97388,cancelled,cod,desktop,referral
715,2012-07-09,150786,97478,delivered,apple_pay,mobile,social_media
717,2012-07-08,149494,98351,delivered,credit_card,mobile,paid_search
718,2012-07-09,17691,33040,delivered,credit_card,desktop,paid_search
719,2012-07-11,141374,92660,delivered,cod,mobile,organic_search
720,2012-07-09,58387,1040,returned,credit_card,desktop,paid_search
724,2012-07-10,59767,2660,delivered,credit_card,desktop,social_media
725,2012-07-10,59887,2725,delivered,paypal,mobile,organic_search
726,2012-07-09,59914,2743,delivered,paypal,desktop,social_media
728,2012-07-08,56204,6029,delivered,credit_card,desktop,social_media
729,2012-07-11,56505,6118,delivered,credit_card,tablet,social_media
731,2012-07-10,57105,6479,delivered,bank_transfer,desktop,social_media
732,2012-07-08,57470,6810,delivered,apple_pay,desktop,social_media
733,2012-07-10,40228,7009,delivered,credit_card,mobile,email_campaign
734,2012-07-08,40465,7109,delivered,credit_card,mobile,social_media
736,2012-07-09,40630,7450,cancelled,credit_card,mobile,paid_search
738,2012-07-10,42818,8514,delivered,credit_card,tablet,paid_search
739,2012-07-08,43103,8753,delivered,cod,mobile,social_media
740,2012-07-12,43121,8757,cancelled,credit_card,desktop,organic_search
741,2012-07-09,11538,11375,delivered,apple_pay,tablet,paid_search
742,2012-07-09,12024,11725,cancelled,credit_card,desktop,organic_search
743,2012-07-10,12024,11725,delivered,credit_card,mobile,social_media
744,2012-07-12,12212,11777,delivered,credit_card,tablet,email_campaign
747,2012-07-09,15269,13027,delivered,credit_card,desktop,social_media
748,2012-07-08,8894,14006,delivered,paypal,tablet,social_media
751,2012-07-11,1470,15021,returned,credit_card,mobile,email_campaign
753,2012-07-10,3116,15771,delivered,paypal,mobile,social_media
754,2012-07-08,3166,15801,created,credit_card,mobile,paid_search
756,2012-07-08,896,16364,delivered,credit_card,mobile,organic_search
757,2012-07-08,1017,16624,delivered,credit_card,tablet,paid_search
758,2012-07-12,5980,17019,delivered,paypal,desktop,email_campaign
759,2012-07-08,5978,17019,delivered,credit_card,desktop,email_campaign
760,2012-07-10,6183,17078,delivered,credit_card,desktop,paid_search
762,2012-07-08,6886,17545,delivered,credit_card,mobile,direct
763,2012-07-12,6990,17601,delivered,bank_transfer,mobile,direct
764,2012-07-11,7244,17967,delivered,apple_pay,mobile,social_media
765,2012-07-12,3451,18049,delivered,credit_card,desktop,paid_search
766,2012-07-12,8069,18411,delivered,credit_card,mobile,organic_search
768,2012-07-11,8315,18519,delivered,cod,tablet,organic_search
769,2012-07-11,4445,19468,delivered,bank_transfer,desktop,email_campaign
770,2012-07-09,48161,19709,delivered,credit_card,desktop,email_campaign
771,2012-07-09,65125,20019,delivered,credit_card,mobile,email_campaign
772,2012-07-10,43648,20874,delivered,apple_pay,desktop,paid_search
773,2012-07-08,44051,21122,delivered,paypal,desktop,organic_search
774,2012-07-11,44120,21157,delivered,credit_card,mobile,paid_search
775,2012-07-10,44176,21206,delivered,credit_card,mobile,email_campaign
779,2012-07-09,66536,22906,delivered,paypal,mobile,social_media
781,2012-07-11,67805,23701,delivered,credit_card,desktop,paid_search
782,2012-07-11,67884,23834,delivered,credit_card,mobile,email_campaign
783,2012-07-08,49487,24112,returned,paypal,mobile,organic_search
784,2012-07-12,49484,24112,cancelled,cod,mobile,referral
786,2012-07-12,68613,24521,delivered,bank_transfer,mobile,direct
787,2012-07-12,68621,24522,delivered,paypal,desktop,paid_search
789,2012-07-09,50063,27263,delivered,paypal,tablet,organic_search
790,2012-07-08,50635,27563,returned,credit_card,mobile,social_media
791,2012-07-10,50882,27713,delivered,credit_card,desktop,email_campaign
792,2012-07-12,60124,28021,delivered,credit_card,desktop,email_campaign
793,2012-07-10,60157,28032,delivered,cod,mobile,direct
794,2012-07-11,60409,28127,delivered,paypal,tablet,social_media
795,2012-07-11,60410,28127,delivered,cod,mobile,direct
796,2012-07-09,61244,28216,delivered,credit_card,tablet,paid_search
797,2012-07-11,51862,28451,shipped,paypal,mobile,social_media
798,2012-07-12,52078,28539,cancelled,credit_card,mobile,referral
799,2012-07-10,63130,29544,paid,credit_card,mobile,organic_search
802,2012-07-12,63655,29693,shipped,credit_card,tablet,organic_search
803,2012-07-12,64032,29906,delivered,credit_card,mobile,email_campaign
805,2012-07-08,54205,30116,delivered,bank_transfer,mobile,organic_search
806,2012-07-11,54306,30141,delivered,credit_card,desktop,organic_search
807,2012-07-08,54346,30153,delivered,credit_card,desktop,social_media
808,2012-07-12,54454,30187,delivered,paypal,mobile,social_media
809,2012-07-09,54520,30220,cancelled,credit_card,mobile,paid_search
810,2012-07-09,72620,30757,delivered,apple_pay,mobile,referral
811,2012-07-10,72622,30757,delivered,paypal,desktop,email_campaign
812,2012-07-10,61595,30813,delivered,credit_card,mobile,referral
813,2012-07-10,47690,31548,delivered,credit_card,mobile,direct
814,2012-07-11,21119,32114,delivered,credit_card,mobile,organic_search
815,2012-07-10,21865,32399,returned,paypal,desktop,social_media
816,2012-07-09,22116,32701,delivered,paypal,mobile,social_media
817,2012-07-09,22330,32765,cancelled,cod,mobile,paid_search
818,2012-07-10,17374,32927,delivered,credit_card,desktop,organic_search
820,2012-07-09,20661,33165,delivered,credit_card,mobile,organic_search
821,2012-07-12,17960,33314,paid,credit_card,tablet,social_media
823,2012-07-11,18770,33617,delivered,credit_card,desktop,email_campaign
824,2012-07-11,19374,33860,delivered,credit_card,mobile,organic_search
825,2012-07-10,19514,33912,delivered,paypal,mobile,direct
826,2012-07-08,19582,33931,delivered,apple_pay,mobile,organic_search
827,2012-07-08,20381,34951,delivered,bank_transfer,mobile,email_campaign
828,2012-07-11,20488,34997,delivered,cod,desktop,social_media
829,2012-07-10,71436,35576,delivered,credit_card,mobile,organic_search
831,2012-07-08,72845,37042,delivered,paypal,desktop,referral
832,2012-07-09,72925,37064,delivered,credit_card,tablet,referral
833,2012-07-10,73205,37160,delivered,paypal,mobile,organic_search
834,2012-07-09,74024,37663,cancelled,credit_card,desktop,direct
835,2012-07-11,74690,37921,delivered,credit_card,tablet,social_media
836,2012-07-08,98692,39154,delivered,apple_pay,mobile,social_media
838,2012-07-09,45846,40336,delivered,paypal,desktop,social_media
839,2012-07-08,46057,40502,returned,apple_pay,tablet,email_campaign
840,2012-07-10,46056,40502,cancelled,cod,desktop,social_media
841,2012-07-09,46086,40509,returned,credit_card,desktop,organic_search
842,2012-07-08,46207,41015,delivered,bank_transfer,desktop,organic_search
845,2012-07-11,25637,43078,shipped,apple_pay,mobile,social_media
846,2012-07-11,25714,43119,delivered,credit_card,mobile,email_campaign
848,2012-07-11,27464,43567,delivered,credit_card,desktop,social_media
849,2012-07-09,27547,43616,delivered,apple_pay,desktop,paid_search
850,2012-07-08,23789,43976,delivered,credit_card,mobile,paid_search
851,2012-07-09,27725,44044,delivered,credit_card,desktop,paid_search
852,2012-07-08,27864,44089,delivered,credit_card,mobile,email_campaign
853,2012-07-11,28053,44132,cancelled,cod,desktop,social_media
854,2012-07-11,28191,44221,delivered,credit_card,desktop,organic_search
859,2012-07-08,24192,45122,delivered,credit_card,mobile,organic_search
860,2012-07-11,25179,45206,delivered,paypal,tablet,email_campaign
861,2012-07-10,25358,45247,cancelled,apple_pay,desktop,organic_search
862,2012-07-09,26498,45601,delivered,apple_pay,mobile,organic_search
863,2012-07-10,34663,46032,delivered,paypal,desktop,direct
864,2012-07-10,113534,46324,delivered,cod,desktop,organic_search
865,2012-07-09,34561,47374,delivered,credit_card,desktop,referral
866,2012-07-12,34560,47374,delivered,apple_pay,mobile,social_media
867,2012-07-09,34560,47374,delivered,apple_pay,desktop,email_campaign
868,2012-07-11,36460,47429,cancelled,cod,desktop,paid_search
869,2012-07-12,36514,47448,delivered,credit_card,desktop,organic_search
870,2012-07-08,78429,47714,shipped,credit_card,desktop,organic_search
871,2012-07-09,29627,48044,delivered,credit_card,mobile,social_media
872,2012-07-08,30048,48170,created,bank_transfer,mobile,referral
873,2012-07-11,30710,48428,delivered,cod,desktop,paid_search
874,2012-07-12,30791,48446,delivered,credit_card,mobile,paid_search
875,2012-07-09,30791,48446,delivered,credit_card,mobile,paid_search
876,2012-07-10,31278,48729,delivered,credit_card,mobile,paid_search
877,2012-07-10,32042,49055,delivered,cod,mobile,direct
878,2012-07-11,32554,49333,delivered,credit_card,mobile,social_media
879,2012-07-08,33310,49707,returned,paypal,desktop,social_media
880,2012-07-12,33309,49707,delivered,credit_card,desktop,organic_search
881,2012-07-12,113987,49930,delivered,paypal,desktop,paid_search
882,2012-07-08,105430,50071,delivered,credit_card,desktop,email_campaign
883,2012-07-10,105788,50548,delivered,credit_card,desktop,organic_search
885,2012-07-10,112394,52403,delivered,credit_card,tablet,email_campaign
888,2012-07-12,115641,53137,created,cod,mobile,direct
889,2012-07-09,114221,53182,delivered,credit_card,mobile,direct
890,2012-07-11,115801,53219,delivered,credit_card,tablet,social_media
891,2012-07-08,115824,53224,cancelled,credit_card,mobile,social_media
896,2012-07-10,106475,54889,delivered,credit_card,mobile,paid_search
897,2012-07-11,117206,54904,delivered,paypal,tablet,organic_search
898,2012-07-10,102945,55076,shipped,credit_card,desktop,paid_search
899,2012-07-12,103243,55318,delivered,paypal,mobile,organic_search
900,2012-07-12,105247,55415,cancelled,credit_card,mobile,paid_search
901,2012-07-10,105396,55446,delivered,credit_card,desktop,direct
902,2012-07-11,88721,56336,delivered,bank_transfer,desktop,direct
903,2012-07-08,92184,58788,delivered,credit_card,desktop,social_media
904,2012-07-10,156587,59405,cancelled,credit_card,desktop,social_media
905,2012-07-12,117758,60091,delivered,credit_card,mobile,email_campaign
906,2012-07-10,118082,60180,cancelled,cod,desktop,direct
907,2012-07-10,118362,60441,delivered,cod,desktop,paid_search
908,2012-07-12,118380,60445,delivered,credit_card,mobile,paid_search
909,2012-07-08,118794,60564,delivered,credit_card,mobile,social_media
910,2012-07-12,118825,60707,delivered,credit_card,desktop,email_campaign
911,2012-07-11,119411,61008,paid,credit_card,desktop,paid_search
913,2012-07-09,119431,61014,delivered,credit_card,mobile,organic_search
915,2012-07-12,119852,61254,cancelled,credit_card,desktop,email_campaign
916,2012-07-10,121043,61448,delivered,cod,mobile,direct
917,2012-07-12,121403,61611,delivered,paypal,desktop,social_media
918,2012-07-11,47294,61866,delivered,cod,desktop,organic_search
919,2012-07-12,47296,61866,delivered,cod,mobile,organic_search
920,2012-07-12,121790,62021,delivered,cod,mobile,referral
922,2012-07-11,120700,62642,delivered,bank_transfer,desktop,organic_search
924,2012-07-09,76325,62896,delivered,credit_card,desktop,referral
925,2012-07-08,76376,62910,cancelled,cod,mobile,paid_search
926,2012-07-10,109463,63129,shipped,paypal,mobile,referral
929,2012-07-10,84222,64118,shipped,bank_transfer,desktop,direct
930,2012-07-09,96404,65020,delivered,apple_pay,desktop,organic_search
931,2012-07-10,95005,67114,delivered,paypal,tablet,organic_search
932,2012-07-10,95003,67114,delivered,credit_card,tablet,organic_search
934,2012-07-12,82299,68823,delivered,credit_card,tablet,paid_search
935,2012-07-08,82380,68845,shipped,credit_card,mobile,organic_search
936,2012-07-10,100519,70447,shipped,bank_transfer,mobile,organic_search
937,2012-07-11,100708,70523,delivered,apple_pay,mobile,organic_search
938,2012-07-08,100710,70523,delivered,apple_pay,desktop,paid_search
939,2012-07-10,102284,71346,cancelled,credit_card,desktop,organic_search
940,2012-07-10,97780,71655,delivered,credit_card,mobile,organic_search
941,2012-07-11,97821,71730,delivered,cod,mobile,paid_search
942,2012-07-12,112803,73458,delivered,paypal,desktop,paid_search
943,2012-07-08,93100,74014,delivered,credit_card,mobile,direct
944,2012-07-12,78633,74728,shipped,credit_card,desktop,social_media
945,2012-07-10,124266,75007,delivered,bank_transfer,tablet,organic_search
946,2012-07-12,124395,75040,delivered,cod,desktop,organic_search
949,2012-07-09,124583,75088,cancelled,cod,mobile,social_media
951,2012-07-08,127310,75228,delivered,credit_card,mobile,social_media
952,2012-07-10,124848,75402,delivered,cod,mobile,organic_search
953,2012-07-09,125056,76014,returned,paypal,desktop,social_media
955,2012-07-09,125535,76179,delivered,paypal,mobile,social_media
956,2012-07-11,132098,77073,delivered,apple_pay,tablet,organic_search
957,2012-07-10,132209,77095,delivered,credit_card,mobile,referral
958,2012-07-09,128857,77515,delivered,credit_card,mobile,social_media
959,2012-07-08,123528,77707,cancelled,apple_pay,mobile,email_campaign
960,2012-07-12,129479,78015,cancelled,credit_card,desktop,organic_search
962,2012-07-11,129764,78130,delivered,credit_card,desktop,referral
963,2012-07-09,130232,78504,delivered,credit_card,mobile,social_media
964,2012-07-11,130230,78504,delivered,credit_card,desktop,email_campaign
965,2012-07-12,130355,78559,delivered,credit_card,desktop,organic_search
966,2012-07-10,123724,79070,delivered,bank_transfer,desktop,organic_search
968,2012-07-11,107052,80013,delivered,credit_card,mobile,paid_search
969,2012-07-12,107060,80015,delivered,cod,desktop,email_campaign
970,2012-07-12,109201,80219,cancelled,cod,desktop,social_media
971,2012-07-08,109199,80219,delivered,paypal,desktop,paid_search
972,2012-07-09,109260,80232,delivered,credit_card,desktop,referral
973,2012-07-08,107487,80437,delivered,credit_card,tablet,social_media
974,2012-07-09,107487,80437,delivered,paypal,tablet,paid_search
976,2012-07-10,107651,80482,delivered,apple_pay,desktop,social_media
977,2012-07-12,107691,80503,delivered,cod,tablet,email_campaign
978,2012-07-12,108331,80917,delivered,paypal,tablet,paid_search
980,2012-07-11,108820,81401,delivered,credit_card,mobile,referral
981,2012-07-09,108820,81401,delivered,apple_pay,tablet,paid_search
982,2012-07-11,146471,81435,returned,credit_card,mobile,social_media
983,2012-07-12,106900,82520,shipped,credit_card,mobile,organic_search
984,2012-07-11,155045,83241,delivered,credit_card,mobile,social_media
986,2012-07-08,154444,84332,delivered,credit_card,desktop,organic_search
987,2012-07-09,142767,85037,delivered,paypal,desktop,email_campaign
988,2012-07-08,144324,85747,delivered,cod,mobile,organic_search
989,2012-07-12,144479,86001,delivered,credit_card,desktop,email_campaign
990,2012-07-10,145448,87401,delivered,credit_card,mobile,paid_search
991,2012-07-08,146512,89029,delivered,apple_pay,tablet,social_media
992,2012-07-10,152186,89145,shipped,paypal,mobile,organic_search
993,2012-07-11,151446,89510,cancelled,credit_card,mobile,paid_search
994,2012-07-11,142598,90003,cancelled,cod,tablet,email_campaign
995,2012-07-12,140619,91343,shipped,cod,mobile,organic_search
996,2012-07-09,140643,91351,cancelled,paypal,mobile,social_media
997,2012-07-12,140647,91352,delivered,credit_card,mobile,organic_search
998,2012-07-10,141033,91750,shipped,credit_card,desktop,organic_search
999,2012-07-08,141116,91776,cancelled,cod,mobile,social_media
1001,2012-07-10,138153,92054,delivered,credit_card,tablet,organic_search
1002,2012-07-12,137685,92130,delivered,credit_card,desktop,organic_search
1003,2012-07-10,138470,92274,delivered,cod,mobile,social_media
1004,2012-07-12,138846,92407,delivered,apple_pay,desktop,referral
1005,2012-07-10,141297,92630,delivered,credit_card,mobile,organic_search
1006,2012-07-10,141442,92688,delivered,credit_card,mobile,paid_search
1010,2012-07-08,142117,93433,delivered,credit_card,desktop,organic_search
1011,2012-07-11,133058,94002,paid,credit_card,mobile,social_media
1016,2012-07-10,133732,94560,paid,credit_card,mobile,email_campaign
1017,2012-07-12,133772,94568,delivered,credit_card,desktop,direct
1018,2012-07-08,134496,95054,delivered,credit_card,tablet,social_media
1019,2012-07-08,135040,95322,returned,credit_card,tablet,social_media
1020,2012-07-12,135040,95322,delivered,credit_card,desktop,social_media
1023,2012-07-10,136109,95628,delivered,credit_card,tablet,organic_search
1024,2012-07-12,137517,95838,paid,credit_card,mobile,referral
1025,2012-07-11,147299,97230,delivered,cod,desktop,organic_search
1026,2012-07-10,150462,97333,paid,credit_card,desktop,paid_search
1027,2012-07-08,150721,97459,paid,paypal,mobile,organic_search
1028,2012-07-10,150841,97496,delivered,apple_pay,tablet,organic_search
1030,2012-07-08,150881,97520,delivered,paypal,desktop,paid_search
1031,2012-07-10,150909,97526,delivered,credit_card,mobile,organic_search
1032,2012-07-08,148537,98026,delivered,paypal,mobile,email_campaign
1033,2012-07-10,148794,98107,delivered,credit_card,mobile,paid_search
1034,2012-07-09,149434,98335,delivered,credit_card,mobile,social_media
1035,2012-07-09,149577,98372,delivered,apple_pay,mobile,paid_search
1036,2012-07-08,149773,98439,delivered,credit_card,desktop,organic_search
1037,2012-07-10,150084,98580,delivered,bank_transfer,mobile,social_media
1039,2012-07-12,148059,99669,returned,cod,desktop,social_media
1040,2012-07-09,59431,2351,delivered,paypal,tablet,social_media
1041,2012-07-12,56143,6010,delivered,bank_transfer,tablet,direct
1042,2012-07-09,56230,6037,shipped,credit_card,desktop,social_media
1044,2012-07-12,56901,6410,delivered,credit_card,mobile,organic_search
1046,2012-07-11,40464,7109,delivered,bank_transfer,mobile,organic_search
1047,2012-07-10,41695,7206,delivered,apple_pay,mobile,email_campaign
1048,2012-07-11,41966,7980,delivered,credit_card,desktop,organic_search
1049,2012-07-09,43106,8753,returned,bank_transfer,mobile,social_media
1050,2012-07-12,41334,8807,cancelled,credit_card,desktop,email_campaign
1051,2012-07-10,8764,10576,delivered,cod,mobile,organic_search
1054,2012-07-13,11783,11557,delivered,credit_card,mobile,referral
1055,2012-07-11,11891,11598,delivered,apple_pay,mobile,referral
1056,2012-07-09,11966,11713,delivered,credit_card,mobile,organic_search
1058,2012-07-12,12322,11901,delivered,credit_card,desktop,direct
1060,2012-07-11,13578,12185,delivered,credit_card,desktop,paid_search
1061,2012-07-10,14016,12477,delivered,credit_card,desktop,direct
1062,2012-07-10,15438,13077,delivered,credit_card,desktop,organic_search
1063,2012-07-11,9031,14051,delivered,apple_pay,mobile,paid_search
1064,2012-07-11,10479,14840,returned,cod,mobile,email_campaign
1065,2012-07-11,1632,15063,delivered,credit_card,mobile,social_media
1067,2012-07-09,2586,15563,delivered,apple_pay,mobile,organic_search
1068,2012-07-11,2590,15563,cancelled,apple_pay,mobile,direct
1070,2012-07-11,3266,15860,returned,cod,desktop,organic_search
1071,2012-07-11,8642,16159,cancelled,cod,mobile,referral
1073,2012-07-13,4937,16507,delivered,credit_card,mobile,paid_search
1074,2012-07-09,6766,17404,delivered,cod,mobile,email_campaign
1075,2012-07-12,8068,18411,delivered,credit_card,mobile,paid_search
1076,2012-07-12,7816,18661,delivered,credit_card,tablet,paid_search
1077,2012-07-11,3963,19040,delivered,paypal,mobile,social_media
1078,2012-07-10,65423,20186,delivered,cod,mobile,organic_search
1079,2012-07-11,44041,21117,delivered,cod,mobile,referral
1081,2012-07-11,44382,21601,delivered,credit_card,mobile,social_media
1082,2012-07-10,66365,22742,delivered,paypal,mobile,organic_search
1083,2012-07-11,66366,22742,paid,credit_card,mobile,direct
1084,2012-07-12,67769,23666,delivered,credit_card,desktop,paid_search
1085,2012-07-10,50861,27707,delivered,paypal,mobile,email_campaign
1087,2012-07-10,60135,28025,delivered,credit_card,desktop,organic_search
1088,2012-07-13,60194,28043,delivered,cod,mobile,paid_search
1089,2012-07-09,60377,28114,cancelled,credit_card,mobile,paid_search
1090,2012-07-09,60380,28115,cancelled,cod,tablet,organic_search
1091,2012-07-12,51392,28314,delivered,credit_card,mobile,email_campaign
1092,2012-07-12,51389,28314,delivered,apple_pay,tablet,organic_search
1093,2012-07-09,51469,28338,delivered,credit_card,mobile,social_media
1094,2012-07-12,51663,28390,delivered,apple_pay,desktop,organic_search
1096,2012-07-12,52078,28539,delivered,credit_card,tablet,social_media
1097,2012-07-11,60635,28610,delivered,credit_card,mobile,referral
1098,2012-07-09,62718,29384,delivered,cod,desktop,direct
1099,2012-07-11,62859,29440,delivered,credit_card,mobile,organic_search
1101,2012-07-11,63234,29576,delivered,credit_card,desktop,organic_search
1102,2012-07-10,63238,29577,created,credit_card,desktop,organic_search
1103,2012-07-10,63357,29611,cancelled,credit_card,mobile,organic_search
1104,2012-07-12,63551,29669,delivered,cod,mobile,social_media
1105,2012-07-09,63688,29706,cancelled,paypal,desktop,paid_search
1107,2012-07-13,63788,29742,delivered,credit_card,mobile,social_media
1108,2012-07-09,53856,30019,delivered,credit_card,desktop,social_media
1109,2012-07-13,54546,30230,cancelled,credit_card,desktop,organic_search
1110,2012-07-09,54888,30533,returned,paypal,desktop,direct
1111,2012-07-13,55223,30683,delivered,credit_card,mobile,paid_search
1112,2012-07-09,55334,31002,cancelled,credit_card,tablet,paid_search
1113,2012-07-09,55492,31046,delivered,cod,desktop,direct
1114,2012-07-12,21057,32086,cancelled,paypal,desktop,social_media
1115,2012-07-10,23196,32405,delivered,credit_card,desktop,organic_search
1117,2012-07-13,17339,32911,cancelled,apple_pay,mobile,organic_search
1119,2012-07-12,17572,33015,delivered,bank_transfer,mobile,referral
1122,2012-07-12,18262,33441,delivered,cod,desktop,social_media
1125,2012-07-13,18440,33498,delivered,cod,desktop,referral
1126,2012-07-10,18921,33704,delivered,credit_card,mobile,organic_search
1127,2012-07-11,19547,33919,delivered,credit_card,mobile,paid_search
1129,2012-07-13,71673,35674,delivered,credit_card,mobile,social_media
1132,2012-07-11,74134,37716,delivered,credit_card,tablet,organic_search
1133,2012-07-12,74251,37757,cancelled,apple_pay,desktop,organic_search
1134,2012-07-09,75929,38375,delivered,paypal,tablet,organic_search
1135,2012-07-13,74922,38488,delivered,paypal,mobile,social_media
1136,2012-07-11,77600,38732,delivered,credit_card,mobile,organic_search
1138,2012-07-12,46630,40220,delivered,credit_card,mobile,email_campaign
1139,2012-07-09,69143,40962,delivered,credit_card,mobile,direct
1140,2012-07-11,46172,41005,delivered,credit_card,mobile,organic_search
1141,2012-07-11,46400,41097,delivered,paypal,mobile,social_media
1142,2012-07-10,69287,41311,delivered,credit_card,desktop,organic_search
1146,2012-07-09,25558,43055,delivered,apple_pay,desktop,email_campaign
1147,2012-07-09,25636,43078,delivered,paypal,mobile,social_media
1149,2012-07-13,25819,43154,delivered,credit_card,desktop,organic_search
1150,2012-07-11,23922,43318,delivered,credit_card,mobile,social_media
1151,2012-07-13,27286,43506,delivered,credit_card,mobile,direct
1153,2012-07-12,27725,44044,delivered,cod,mobile,direct
1154,2012-07-12,27750,44053,delivered,credit_card,mobile,organic_search
1155,2012-07-10,27748,44053,returned,credit_card,tablet,referral
1156,2012-07-10,27751,44053,delivered,credit_card,mobile,paid_search
1157,2012-07-10,27757,44054,cancelled,credit_card,desktop,social_media
1158,2012-07-12,27756,44054,delivered,cod,tablet,organic_search
1160,2012-07-09,27998,44121,delivered,credit_card,desktop,organic_search
1162,2012-07-13,28098,44141,cancelled,cod,mobile,social_media
1164,2012-07-11,28272,44255,delivered,credit_card,mobile,paid_search
1165,2012-07-12,28280,44260,cancelled,credit_card,desktop,social_media
1166,2012-07-11,28534,44420,delivered,credit_card,desktop,social_media
1167,2012-07-11,28549,44425,cancelled,credit_card,desktop,social_media
1168,2012-07-11,23881,44455,delivered,apple_pay,mobile,organic_search
1169,2012-07-10,23882,44455,returned,credit_card,tablet,organic_search
1170,2012-07-10,29113,44718,delivered,cod,desktop,email_campaign
1171,2012-07-10,29120,44720,delivered,credit_card,tablet,organic_search
1172,2012-07-11,29233,44839,delivered,bank_transfer,mobile,email_campaign
1173,2012-07-10,29237,44839,delivered,credit_card,mobile,paid_search
1174,2012-07-12,29407,44889,delivered,credit_card,desktop,email_campaign
1175,2012-07-13,29409,44890,delivered,paypal,tablet,email_campaign
1176,2012-07-11,24506,45341,delivered,paypal,mobile,paid_search
1177,2012-07-12,24728,45419,delivered,credit_card,tablet,referral
1178,2012-07-10,34919,46123,paid,credit_card,mobile,social_media
1180,2012-07-13,35233,46236,cancelled,credit_card,desktop,organic_search
1181,2012-07-11,35245,46239,delivered,credit_card,mobile,paid_search
1182,2012-07-11,113518,46321,delivered,credit_card,mobile,organic_search
1183,2012-07-13,35358,46350,delivered,credit_card,tablet,paid_search
1184,2012-07-12,35376,46360,delivered,credit_card,mobile,paid_search
1185,2012-07-09,35439,46392,delivered,cod,mobile,referral
1186,2012-07-13,113626,46410,delivered,apple_pay,desktop,email_campaign
1188,2012-07-12,33999,46788,delivered,credit_card,mobile,direct
1190,2012-07-10,36354,47356,delivered,paypal,desktop,organic_search
1191,2012-07-10,36458,47429,delivered,credit_card,desktop,paid_search
1192,2012-07-10,29636,48047,cancelled,cod,desktop,paid_search
1194,2012-07-13,29967,48141,paid,apple_pay,mobile,direct
1195,2012-07-09,29974,48146,delivered,credit_card,mobile,organic_search
1197,2012-07-11,30657,48415,delivered,credit_card,mobile,direct
1198,2012-07-11,31717,48867,created,credit_card,desktop,social_media
1199,2012-07-09,32353,49264,delivered,credit_card,desktop,social_media
1200,2012-07-13,32737,49424,delivered,paypal,mobile,referral
1201,2012-07-13,84456,50010,delivered,credit_card,tablet,social_media
1202,2012-07-13,87544,50216,delivered,cod,tablet,paid_search
1203,2012-07-10,111579,50702,delivered,paypal,desktop,paid_search
1204,2012-07-13,85264,51503,delivered,credit_card,mobile,email_campaign
1206,2012-07-11,114156,53147,delivered,credit_card,tablet,paid_search
1208,2012-07-13,115881,53549,delivered,bank_transfer,mobile,paid_search
1209,2012-07-12,114731,53713,delivered,apple_pay,mobile,referral
1211,2012-07-13,103179,55305,delivered,apple_pay,desktop,social_media
1213,2012-07-13,103495,55372,delivered,cod,mobile,organic_search
1214,2012-07-11,103524,55379,delivered,paypal,desktop,paid_search
1217,2012-07-09,105377,55442,delivered,credit_card,mobile,organic_search
1218,2012-07-10,105373,55442,delivered,apple_pay,tablet,organic_search
1219,2012-07-13,105373,55442,delivered,cod,mobile,paid_search
1221,2012-07-13,89770,57201,delivered,credit_card,desktop,direct
1223,2012-07-11,156516,59261,delivered,credit_card,mobile,social_media
1224,2012-07-09,156516,59261,delivered,cod,tablet,social_media
1225,2012-07-09,156887,59538,delivered,credit_card,mobile,social_media
1226,2012-07-09,117475,60010,delivered,credit_card,tablet,paid_search
1227,2012-07-10,117617,60050,delivered,credit_card,mobile,email_campaign
1228,2012-07-13,117977,60151,delivered,credit_card,tablet,organic_search
1232,2012-07-11,119458,61021,delivered,cod,tablet,organic_search
1233,2012-07-10,119463,61024,delivered,credit_card,mobile,organic_search
1234,2012-07-13,121683,61830,delivered,credit_card,mobile,paid_search
1235,2012-07-12,47294,61866,delivered,credit_card,tablet,social_media
1237,2012-07-12,76212,62864,delivered,credit_card,mobile,social_media
1238,2012-07-12,109437,63123,delivered,cod,desktop,social_media
1239,2012-07-12,83121,64052,returned,credit_card,desktop,referral
1241,2012-07-10,83599,64503,delivered,credit_card,desktop,paid_search
1242,2012-07-11,84112,65340,delivered,credit_card,mobile,email_campaign
1243,2012-07-13,84157,65360,delivered,credit_card,desktop,referral
1244,2012-07-13,96694,65616,delivered,credit_card,desktop,paid_search
1246,2012-07-10,97146,65770,delivered,credit_card,tablet,paid_search
1247,2012-07-13,94608,66762,cancelled,credit_card,mobile,organic_search
1248,2012-07-10,94611,66762,delivered,bank_transfer,mobile,paid_search
1251,2012-07-09,81902,68516,delivered,credit_card,mobile,organic_search
1252,2012-07-13,82015,68640,delivered,credit_card,tablet,organic_search
1253,2012-07-10,106538,69301,delivered,apple_pay,tablet,email_campaign
1254,2012-07-09,100411,70394,delivered,credit_card,tablet,paid_search
1255,2012-07-09,102519,71446,cancelled,cod,tablet,organic_search
1256,2012-07-09,78967,71801,delivered,credit_card,mobile,organic_search
1257,2012-07-12,97857,71826,delivered,apple_pay,mobile,email_campaign
1258,2012-07-10,80954,72923,delivered,cod,desktop,email_campaign
1260,2012-07-12,112711,73401,delivered,credit_card,desktop,direct
1261,2012-07-09,112871,73507,cancelled,apple_pay,mobile,email_campaign
1262,2012-07-10,93892,74501,delivered,credit_card,desktop,organic_search
1263,2012-07-10,124306,75019,delivered,cod,mobile,direct
1264,2012-07-12,124367,75032,delivered,credit_card,mobile,email_campaign
1265,2012-07-12,124475,75058,delivered,paypal,desktop,paid_search
1266,2012-07-10,124474,75058,delivered,credit_card,desktop,organic_search
1267,2012-07-11,124530,75074,delivered,credit_card,mobile,referral
1268,2012-07-09,127409,75252,delivered,credit_card,mobile,social_media
1271,2012-07-10,127796,76559,delivered,paypal,desktop,paid_search
1272,2012-07-10,132157,77084,delivered,credit_card,mobile,organic_search
1273,2012-07-11,128758,77488,delivered,credit_card,mobile,organic_search
1274,2012-07-11,128762,77488,delivered,credit_card,desktop,paid_search
1275,2012-07-11,128818,77504,delivered,paypal,desktop,email_campaign
1276,2012-07-09,129290,77901,delivered,credit_card,mobile,paid_search
1277,2012-07-12,129332,77957,delivered,cod,mobile,social_media
1278,2012-07-13,131596,78240,delivered,paypal,mobile,paid_search
1279,2012-07-10,130217,78501,delivered,credit_card,mobile,paid_search
1280,2012-07-13,131298,78744,delivered,credit_card,desktop,email_campaign
1281,2012-07-11,126999,79731,delivered,cod,tablet,social_media
1283,2012-07-10,107040,80011,delivered,credit_card,tablet,paid_search
1284,2012-07-11,107039,80011,delivered,cod,desktop,email_campaign
1285,2012-07-09,107062,80015,delivered,credit_card,desktop,organic_search
1287,2012-07-13,107304,80135,delivered,credit_card,mobile,organic_search
1288,2012-07-13,109295,80239,delivered,credit_card,desktop,paid_search
1290,2012-07-13,107477,80435,delivered,credit_card,mobile,email_campaign
1291,2012-07-13,107788,80535,delivered,cod,mobile,paid_search
1292,2012-07-13,107934,80634,delivered,credit_card,desktop,organic_search
1293,2012-07-12,107967,80648,delivered,credit_card,desktop,paid_search
1294,2012-07-13,108459,81003,returned,paypal,mobile,social_media
1297,2012-07-12,106775,82053,delivered,credit_card,desktop,social_media
1298,2012-07-10,155130,83274,cancelled,credit_card,tablet,referral
1299,2012-07-13,153845,84003,delivered,paypal,desktop,organic_search
1301,2012-07-13,153877,84015,delivered,credit_card,mobile,organic_search
1302,2012-07-13,154168,84105,delivered,credit_card,desktop,referral
1303,2012-07-13,154252,84124,delivered,credit_card,mobile,email_campaign
1304,2012-07-09,154505,84403,delivered,credit_card,desktop,organic_search
1305,2012-07-09,143039,85201,delivered,apple_pay,desktop,social_media
1307,2012-07-11,143102,85215,delivered,cod,mobile,paid_search
1308,2012-07-10,143160,85226,delivered,credit_card,mobile,paid_search
1309,2012-07-11,143249,85249,shipped,credit_card,mobile,organic_search
1310,2012-07-09,144769,86403,cancelled,apple_pay,tablet,paid_search
1311,2012-07-13,145093,87047,created,apple_pay,mobile,social_media
1312,2012-07-12,145157,87102,shipped,bank_transfer,desktop,social_media
1313,2012-07-13,145206,87112,delivered,credit_card,tablet,referral
1314,2012-07-10,145254,87122,delivered,credit_card,mobile,organic_search
1315,2012-07-11,145265,87124,delivered,credit_card,mobile,organic_search
1316,2012-07-13,146009,88007,delivered,paypal,mobile,email_campaign
1317,2012-07-11,151855,89031,created,credit_card,tablet,paid_search
1318,2012-07-09,151851,89031,delivered,cod,desktop,direct
1319,2012-07-12,151255,89410,cancelled,credit_card,mobile,organic_search
1320,2012-07-12,139908,90291,delivered,cod,desktop,organic_search
1321,2012-07-11,139984,90501,delivered,cod,mobile,social_media
1322,2012-07-11,139988,90501,paid,credit_card,desktop,social_media
1323,2012-07-11,140055,90620,returned,credit_card,desktop,organic_search
1324,2012-07-11,140817,91423,delivered,cod,mobile,organic_search
1325,2012-07-09,140818,91423,delivered,credit_card,desktop,email_campaign
1326,2012-07-12,138065,92021,delivered,paypal,tablet,direct
1327,2012-07-13,138064,92021,delivered,credit_card,desktop,organic_search
1328,2012-07-11,138064,92021,delivered,credit_card,mobile,organic_search
1329,2012-07-11,138098,92028,delivered,apple_pay,desktop,referral
1333,2012-07-12,137635,92119,delivered,credit_card,mobile,organic_search
1334,2012-07-10,138470,92274,shipped,credit_card,desktop,direct
1335,2012-07-09,138598,92324,delivered,credit_card,mobile,social_media
1337,2012-07-11,141296,92630,delivered,apple_pay,mobile,organic_search
1338,2012-07-10,141497,92705,returned,cod,desktop,referral
1339,2012-07-12,141728,92886,delivered,credit_card,mobile,organic_search
1340,2012-07-12,132545,93291,delivered,credit_card,mobile,organic_search
1341,2012-07-09,139360,93309,delivered,credit_card,mobile,email_campaign
1343,2012-07-12,135532,94585,delivered,credit_card,tablet,organic_search
1345,2012-07-12,134192,94947,delivered,credit_card,desktop,paid_search
1346,2012-07-13,134660,95128,paid,apple_pay,desktop,social_media
1347,2012-07-10,134938,95258,delivered,credit_card,mobile,email_campaign
1348,2012-07-12,136016,95608,delivered,bank_transfer,desktop,paid_search
1349,2012-07-11,136527,95901,cancelled,credit_card,mobile,organic_search
1350,2012-07-11,136590,95928,delivered,cod,desktop,paid_search
1351,2012-07-09,136717,95961,paid,cod,mobile,organic_search
1352,2012-07-11,136997,96049,delivered,cod,desktop,referral
1354,2012-07-13,146837,97045,delivered,credit_card,mobile,social_media
1355,2012-07-10,147283,97227,delivered,apple_pay,desktop,direct
1356,2012-07-09,147476,97330,delivered,credit_card,desktop,organic_search
1357,2012-07-11,147478,97330,delivered,credit_card,mobile,social_media
1358,2012-07-10,148450,98005,returned,cod,desktop,paid_search
1359,2012-07-11,148511,98021,delivered,credit_card,mobile,social_media
1360,2012-07-11,148916,98148,delivered,credit_card,tablet,direct
1361,2012-07-11,148920,98148,delivered,paypal,mobile,social_media
1362,2012-07-12,149045,98226,delivered,credit_card,desktop,social_media
1364,2012-07-11,149239,98277,delivered,apple_pay,mobile,social_media
1366,2012-07-11,150377,98682,delivered,cod,desktop,paid_search
1368,2012-07-11,153722,99336,returned,apple_pay,desktop,organic_search
1369,2012-07-13,147745,99516,delivered,credit_card,desktop,organic_search
1371,2012-07-13,58766,1450,delivered,credit_card,mobile,organic_search
1372,2012-07-13,58969,1540,delivered,paypal,desktop,paid_search
1373,2012-07-10,59440,2356,delivered,cod,mobile,social_media
1376,2012-07-10,59989,2771,returned,paypal,mobile,paid_search
1378,2012-07-11,56820,6374,delivered,cod,tablet,social_media
1379,2012-07-14,57215,6525,delivered,cod,tablet,organic_search
1380,2012-07-12,57252,6611,delivered,credit_card,tablet,organic_search
1381,2012-07-14,48619,6878,delivered,credit_card,mobile,organic_search
1383,2012-07-11,40411,7074,delivered,credit_card,mobile,organic_search
1384,2012-07-13,41602,7081,delivered,credit_card,desktop,paid_search
1385,2012-07-10,41791,7728,delivered,cod,mobile,organic_search
1387,2012-07-13,40981,7801,delivered,credit_card,desktop,social_media
1388,2012-07-10,40980,7801,delivered,credit_card,desktop,organic_search
1389,2012-07-11,41000,7822,delivered,credit_card,mobile,organic_search
1391,2012-07-12,42800,8505,delivered,paypal,mobile,organic_search
1392,2012-07-11,43166,8820,delivered,credit_card,desktop,organic_search
1395,2012-07-12,10606,10307,returned,apple_pay,desktop,social_media
1396,2012-07-10,11700,11501,created,apple_pay,desktop,direct
1397,2012-07-10,11712,11510,delivered,credit_card,mobile,referral
1398,2012-07-14,11865,11580,delivered,credit_card,mobile,organic_search
1399,2012-07-10,12349,11934,delivered,credit_card,mobile,social_media
1400,2012-07-14,14545,12769,delivered,credit_card,desktop,email_campaign
1401,2012-07-10,16144,13431,delivered,credit_card,mobile,paid_search
1402,2012-07-12,16144,13431,delivered,apple_pay,tablet,social_media
1403,2012-07-14,9157,14094,delivered,credit_card,mobile,paid_search
1404,2012-07-12,9583,14456,delivered,paypal,desktop,organic_search
1405,2012-07-13,10441,14821,delivered,credit_card,desktop,direct
1406,2012-07-13,1399,15001,delivered,credit_card,mobile,social_media
1407,2012-07-11,1415,15005,delivered,credit_card,tablet,organic_search
1408,2012-07-13,161,15235,delivered,paypal,desktop,social_media
1409,2012-07-12,172,15237,cancelled,credit_card,desktop,social_media
1410,2012-07-12,1876,15301,cancelled,apple_pay,desktop,organic_search
1411,2012-07-10,1879,15301,cancelled,credit_card,tablet,email_campaign
1412,2012-07-14,3308,15902,delivered,credit_card,mobile,email_campaign
1414,2012-07-10,8592,16125,cancelled,credit_card,desktop,social_media
1415,2012-07-11,656,16226,cancelled,credit_card,desktop,social_media
1416,2012-07-14,4935,16506,delivered,credit_card,tablet,direct
1417,2012-07-10,4949,16509,delivered,credit_card,mobile,referral
1419,2012-07-14,1131,16662,delivered,bank_transfer,desktop,organic_search
1420,2012-07-12,1132,16662,delivered,credit_card,desktop,social_media
1422,2012-07-13,6839,17522,delivered,credit_card,tablet,organic_search
1423,2012-07-11,6839,17522,delivered,apple_pay,mobile,referral
1424,2012-07-10,7310,18017,delivered,credit_card,desktop,organic_search
1425,2012-07-10,7349,18042,delivered,credit_card,tablet,paid_search
1426,2012-07-13,3570,18914,delivered,credit_card,mobile,paid_search
1427,2012-07-12,4674,19136,cancelled,credit_card,mobile,organic_search
1428,2012-07-12,7033,19363,delivered,credit_card,mobile,email_campaign
1429,2012-07-14,4277,19380,delivered,credit_card,desktop,organic_search
1430,2012-07-14,7830,19506,delivered,credit_card,mobile,paid_search
1431,2012-07-10,7879,19530,delivered,paypal,desktop,paid_search
1432,2012-07-14,65123,20019,delivered,credit_card,desktop,organic_search
1433,2012-07-13,65206,20111,delivered,credit_card,mobile,referral
1434,2012-07-10,44025,21111,returned,credit_card,mobile,social_media
1435,2012-07-11,44238,21219,delivered,paypal,tablet,organic_search
1436,2012-07-13,44873,21821,delivered,credit_card,mobile,email_campaign
1437,2012-07-13,65655,22192,delivered,paypal,mobile,organic_search
1440,2012-07-11,67225,23234,delivered,credit_card,tablet,organic_search
1441,2012-07-13,67885,23834,delivered,paypal,mobile,paid_search
1442,2012-07-11,68104,24015,delivered,apple_pay,tablet,direct
1445,2012-07-14,49617,24541,delivered,credit_card,mobile,email_campaign
1446,2012-07-13,38400,25541,delivered,credit_card,desktop,paid_search
1447,2012-07-11,38774,25812,returned,credit_card,mobile,social_media
1449,2012-07-11,50028,27253,delivered,credit_card,mobile,organic_search
1450,2012-07-13,50263,27360,delivered,credit_card,desktop,organic_search
1451,2012-07-11,51073,27850,delivered,credit_card,desktop,social_media
1454,2012-07-12,52323,28635,delivered,credit_card,desktop,direct
1455,2012-07-11,52358,28659,delivered,cod,desktop,referral
1456,2012-07-14,62047,29020,delivered,credit_card,desktop,paid_search
1457,2012-07-12,62366,29150,delivered,cod,desktop,social_media
1459,2012-07-10,62392,29160,delivered,credit_card,mobile,organic_search
1460,2012-07-11,63687,29704,cancelled,paypal,mobile,referral
1463,2012-07-10,53843,30017,delivered,credit_card,mobile,email_campaign
1464,2012-07-14,53896,30032,delivered,credit_card,mobile,referral
1465,2012-07-11,54071,30082,delivered,cod,mobile,organic_search
1466,2012-07-13,54340,30152,cancelled,credit_card,mobile,social_media
1469,2012-07-10,56063,30345,delivered,credit_card,desktop,direct
1470,2012-07-13,61539,30635,delivered,cod,tablet,direct
1471,2012-07-11,61542,30635,delivered,paypal,desktop,email_campaign
1474,2012-07-14,21177,32127,delivered,bank_transfer,desktop,paid_search
1476,2012-07-12,21689,32311,returned,credit_card,mobile,direct
1477,2012-07-12,21751,32328,delivered,credit_card,mobile,organic_search
1478,2012-07-12,17437,32953,delivered,cod,desktop,referral
1480,2012-07-12,18114,33407,delivered,paypal,mobile,paid_search
1481,2012-07-12,19073,33766,delivered,paypal,desktop,social_media
1485,2012-07-14,52885,36106,delivered,credit_card,tablet,organic_search
1487,2012-07-11,53551,36801,delivered,credit_card,desktop,paid_search
1489,2012-07-10,74095,37705,created,apple_pay,tablet,paid_search
1490,2012-07-13,75679,38261,delivered,credit_card,desktop,social_media
1492,2012-07-10,45494,40013,delivered,paypal,tablet,organic_search
1493,2012-07-11,45684,40115,delivered,credit_card,mobile,organic_search
1494,2012-07-11,45772,40162,delivered,credit_card,mobile,email_campaign
1496,2012-07-11,46618,40218,delivered,credit_card,desktop,organic_search
1497,2012-07-10,68883,40769,delivered,apple_pay,mobile,social_media
1498,2012-07-11,45266,41129,delivered,apple_pay,desktop,social_media
1499,2012-07-11,45342,41174,returned,credit_card,mobile,organic_search
1503,2012-07-14,46468,42724,delivered,paypal,mobile,social_media
1504,2012-07-11,25636,43078,delivered,cod,mobile,direct
1505,2012-07-12,25636,43078,delivered,credit_card,tablet,organic_search
1507,2012-07-10,23721,43938,shipped,credit_card,mobile,email_campaign
1508,2012-07-11,23745,43948,delivered,credit_card,desktop,email_campaign
1509,2012-07-10,27750,44053,paid,credit_card,mobile,paid_search
1510,2012-07-12,27947,44110,delivered,apple_pay,mobile,organic_search
1511,2012-07-13,28119,44145,delivered,bank_transfer,desktop,paid_search
1512,2012-07-12,28208,44231,delivered,credit_card,mobile,paid_search
1513,2012-07-11,28666,44483,returned,credit_card,desktop,social_media
1514,2012-07-11,29104,44710,delivered,credit_card,mobile,paid_search
1517,2012-07-12,25345,45244,created,apple_pay,tablet,social_media
1519,2012-07-10,35234,46236,returned,credit_card,desktop,paid_search
1520,2012-07-14,35276,46254,delivered,credit_card,mobile,organic_search
1521,2012-07-11,35309,46304,delivered,apple_pay,mobile,paid_search
1522,2012-07-13,35313,46307,delivered,credit_card,desktop,social_media
1523,2012-07-12,35316,46307,delivered,cod,mobile,social_media
1524,2012-07-14,35388,46368,returned,paypal,desktop,organic_search
1526,2012-07-13,35541,46534,delivered,credit_card,mobile,paid_search
1527,2012-07-13,35641,46567,delivered,credit_card,mobile,organic_search
1528,2012-07-14,34389,47161,delivered,paypal,desktop,paid_search
1530,2012-07-14,78423,47713,delivered,credit_card,mobile,email_campaign
1531,2012-07-12,36674,47802,delivered,credit_card,mobile,organic_search
1532,2012-07-14,29525,48021,delivered,credit_card,desktop,organic_search
1533,2012-07-11,29525,48021,delivered,paypal,mobile,organic_search
1534,2012-07-14,29699,48067,delivered,credit_card,mobile,paid_search
1535,2012-07-14,29877,48114,delivered,paypal,mobile,paid_search
1536,2012-07-10,33600,48157,returned,credit_card,mobile,organic_search
1539,2012-07-10,30331,48239,delivered,paypal,mobile,paid_search
1541,2012-07-11,30608,48383,delivered,apple_pay,desktop,organic_search
1542,2012-07-12,31255,48722,paid,credit_card,desktop,organic_search
1543,2012-07-13,32704,49418,paid,paypal,desktop,email_campaign
1544,2012-07-13,32703,49418,delivered,paypal,mobile,email_campaign
1545,2012-07-14,105788,50548,cancelled,paypal,tablet,social_media
1547,2012-07-13,114207,53177,delivered,credit_card,tablet,social_media
1548,2012-07-12,115787,53216,delivered,credit_card,mobile,direct
1549,2012-07-13,114487,53546,delivered,credit_card,tablet,paid_search
1550,2012-07-14,114700,53703,delivered,cod,mobile,email_campaign
1551,2012-07-10,114839,53813,paid,credit_card,desktop,email_campaign
1552,2012-07-11,114842,53813,delivered,credit_card,desktop,email_campaign
1553,2012-07-10,115946,53946,delivered,credit_card,mobile,social_media
1554,2012-07-14,106097,54016,delivered,apple_pay,mobile,email_campaign
1555,2012-07-11,102906,55068,delivered,cod,mobile,organic_search
1557,2012-07-12,103168,55303,delivered,paypal,mobile,email_campaign
1558,2012-07-13,103595,55398,delivered,paypal,mobile,social_media
1559,2012-07-12,105286,55423,delivered,credit_card,mobile,direct
1561,2012-07-10,103756,55731,cancelled,credit_card,desktop,paid_search
1562,2012-07-14,104054,55920,delivered,credit_card,desktop,organic_search
1563,2012-07-12,104518,56071,delivered,paypal,mobile,paid_search
1564,2012-07-12,104836,56320,delivered,cod,desktop,paid_search
1565,2012-07-14,89744,57106,returned,apple_pay,mobile,organic_search
1567,2012-07-13,90669,57717,delivered,paypal,mobile,organic_search
1568,2012-07-11,91458,58401,delivered,bank_transfer,tablet,social_media
1569,2012-07-11,91550,58448,delivered,cod,desktop,organic_search
1571,2012-07-11,156306,59034,delivered,credit_card,desktop,direct
1572,2012-07-11,157000,59701,delivered,cod,mobile,organic_search
1573,2012-07-11,157514,59923,delivered,credit_card,desktop,organic_search
1574,2012-07-14,117562,60035,delivered,cod,mobile,social_media
1575,2012-07-11,117602,60046,delivered,credit_card,desktop,referral
1576,2012-07-11,117697,60073,delivered,credit_card,mobile,organic_search
1578,2012-07-12,118106,60188,delivered,cod,tablet,organic_search
1579,2012-07-13,118260,60419,delivered,credit_card,desktop,referral
1580,2012-07-11,118324,60433,delivered,paypal,mobile,referral
1581,2012-07-10,118384,60446,paid,cod,mobile,social_media
1582,2012-07-10,118412,60451,delivered,cod,desktop,organic_search
1583,2012-07-14,118458,60463,delivered,paypal,desktop,social_media
1584,2012-07-12,119377,60548,delivered,credit_card,desktop,organic_search
1585,2012-07-10,119627,61072,delivered,credit_card,mobile,organic_search
1586,2012-07-12,121451,61704,delivered,cod,mobile,organic_search
1587,2012-07-10,47217,61844,delivered,credit_card,desktop,organic_search
1588,2012-07-12,47382,61920,delivered,credit_card,mobile,referral
1589,2012-07-13,76341,62901,shipped,credit_card,desktop,social_media
1591,2012-07-12,109611,63020,delivered,credit_card,mobile,direct
1592,2012-07-12,109632,63026,delivered,credit_card,mobile,paid_search
1593,2012-07-12,110057,63401,delivered,apple_pay,mobile,paid_search
1594,2012-07-11,110056,63401,delivered,paypal,desktop,paid_search
1595,2012-07-10,82990,63565,delivered,cod,desktop,email_campaign
1596,2012-07-12,83158,64061,delivered,credit_card,mobile,direct
1598,2012-07-10,110609,65109,delivered,credit_card,mobile,direct
1599,2012-07-12,97196,65785,cancelled,cod,mobile,organic_search
1600,2012-07-14,97197,65785,returned,credit_card,desktop,email_campaign
1601,2012-07-12,95127,67204,delivered,paypal,tablet,paid_search
1603,2012-07-11,82456,68866,delivered,credit_card,mobile,paid_search
1604,2012-07-10,100161,70118,delivered,cod,tablet,social_media
1605,2012-07-11,100506,70444,delivered,credit_card,mobile,email_campaign
1606,2012-07-14,100563,70458,delivered,credit_card,desktop,organic_search
1608,2012-07-14,79421,72034,returned,credit_card,desktop,email_campaign
1609,2012-07-12,79915,72206,delivered,apple_pay,desktop,social_media
1610,2012-07-13,94300,73119,delivered,paypal,desktop,social_media
1611,2012-07-12,93718,74365,delivered,paypal,mobile,organic_search
1612,2012-07-11,124425,75047,cancelled,bank_transfer,tablet,organic_search
1613,2012-07-14,127309,75228,delivered,paypal,mobile,paid_search
1615,2012-07-11,122838,75703,cancelled,cod,mobile,paid_search
1616,2012-07-10,123031,75801,delivered,credit_card,desktop,organic_search
1617,2012-07-12,125105,76028,delivered,paypal,desktop,organic_search
1618,2012-07-12,131824,77018,delivered,credit_card,mobile,social_media
1619,2012-07-10,131947,77042,cancelled,paypal,tablet,referral
1620,2012-07-13,132043,77062,delivered,credit_card,desktop,email_campaign
1622,2012-07-11,128998,77568,delivered,credit_card,desktop,organic_search
1623,2012-07-11,131581,78237,returned,paypal,desktop,paid_search
1625,2012-07-10,126940,79705,cancelled,credit_card,mobile,organic_search
1626,2012-07-13,126952,79707,paid,apple_pay,mobile,paid_search
1627,2012-07-10,107039,80011,delivered,paypal,desktop,referral
1628,2012-07-12,107059,80015,delivered,credit_card,desktop,email_campaign
1629,2012-07-11,107273,80129,delivered,credit_card,tablet,organic_search
1630,2012-07-10,109145,80205,delivered,cod,desktop,paid_search
1631,2012-07-10,109151,80206,delivered,credit_card,tablet,paid_search
1632,2012-07-11,109199,80219,delivered,apple_pay,mobile,referral
1633,2012-07-11,109198,80219,delivered,credit_card,tablet,social_media
1634,2012-07-10,109211,80221,delivered,credit_card,tablet,paid_search
1635,2012-07-14,107356,80301,delivered,paypal,mobile,paid_search
1636,2012-07-13,107361,80302,delivered,bank_transfer,mobile,organic_search
1638,2012-07-14,107936,80634,shipped,credit_card,desktop,email_campaign
1639,2012-07-11,108283,80908,delivered,paypal,mobile,organic_search
1640,2012-07-10,108396,80930,delivered,credit_card,mobile,organic_search
1641,2012-07-10,106756,82009,delivered,credit_card,tablet,social_media
1642,2012-07-13,152303,82414,returned,cod,mobile,social_media
1643,2012-07-14,152302,82414,delivered,credit_card,desktop,social_media
1644,2012-07-14,155416,83440,delivered,paypal,mobile,social_media
1646,2012-07-12,154595,84542,shipped,credit_card,tablet,paid_search
1647,2012-07-10,154773,84655,created,credit_card,mobile,organic_search
1648,2012-07-12,154774,84655,delivered,apple_pay,mobile,paid_search
1651,2012-07-10,144676,86326,delivered,credit_card,desktop,paid_search
1652,2012-07-14,145220,87114,delivered,credit_card,mobile,social_media
1653,2012-07-12,145218,87114,delivered,credit_card,mobile,organic_search
1654,2012-07-13,151945,89074,delivered,credit_card,desktop,email_campaign
1656,2012-07-13,152173,89142,delivered,credit_card,mobile,organic_search
1657,2012-07-14,142565,90077,delivered,credit_card,mobile,referral
1658,2012-07-11,139891,90277,delivered,paypal,mobile,organic_search
1659,2012-07-14,139895,90278,delivered,credit_card,mobile,email_campaign
1660,2012-07-14,140732,91381,delivered,cod,desktop,referral
1663,2012-07-13,140957,91724,delivered,apple_pay,mobile,email_campaign
1664,2012-07-11,137874,91911,delivered,apple_pay,mobile,email_campaign
1665,2012-07-10,138102,92028,cancelled,cod,desktop,referral
1666,2012-07-12,139650,92243,delivered,credit_card,tablet,paid_search
1667,2012-07-13,139650,92243,delivered,paypal,mobile,organic_search
1668,2012-07-14,139647,92243,cancelled,cod,tablet,organic_search
1669,2012-07-14,139651,92243,returned,credit_card,mobile,social_media
1670,2012-07-13,138484,92277,delivered,paypal,mobile,referral
1672,2012-07-14,139050,92562,delivered,paypal,mobile,referral
1673,2012-07-10,139137,92592,delivered,credit_card,desktop,organic_search
1674,2012-07-12,139138,92592,returned,bank_transfer,mobile,social_media
1675,2012-07-12,139137,92592,cancelled,apple_pay,desktop,social_media
1676,2012-07-10,141186,92602,cancelled,paypal,mobile,organic_search
1677,2012-07-11,141305,92646,delivered,paypal,desktop,referral
1678,2012-07-12,141491,92704,delivered,credit_card,mobile,social_media
1679,2012-07-12,141498,92705,delivered,credit_card,mobile,social_media
1680,2012-07-12,141777,93012,delivered,apple_pay,tablet,email_campaign
1681,2012-07-10,141855,93041,delivered,bank_transfer,desktop,email_campaign
1682,2012-07-13,139360,93309,created,credit_card,mobile,organic_search
1684,2012-07-12,133289,94109,delivered,credit_card,desktop,direct
1686,2012-07-11,133574,94520,returned,credit_card,desktop,referral
1689,2012-07-13,133826,94583,cancelled,paypal,mobile,organic_search
1690,2012-07-13,133834,94587,delivered,credit_card,desktop,referral
1691,2012-07-10,133846,94589,cancelled,credit_card,desktop,organic_search
1693,2012-07-10,134547,95070,delivered,apple_pay,mobile,paid_search
1695,2012-07-13,134836,95219,delivered,credit_card,tablet,paid_search
1696,2012-07-14,136180,95648,delivered,credit_card,desktop,organic_search
1697,2012-07-11,136470,95746,delivered,credit_card,mobile,social_media
1699,2012-07-11,136505,95765,delivered,credit_card,mobile,social_media
1700,2012-07-14,136508,95776,delivered,credit_card,mobile,referral
1701,2012-07-14,137452,95824,delivered,credit_card,desktop,email_campaign
1702,2012-07-11,137517,95838,delivered,credit_card,desktop,social_media
1703,2012-07-13,136523,95901,delivered,cod,mobile,organic_search
1704,2012-07-14,147577,97365,delivered,credit_card,mobile,paid_search
1705,2012-07-14,148518,98022,delivered,credit_card,desktop,social_media
1706,2012-07-14,148579,98034,delivered,credit_card,mobile,organic_search
1709,2012-07-13,148847,98121,delivered,paypal,tablet,social_media
1710,2012-07-14,149755,98422,delivered,cod,mobile,organic_search
1711,2012-07-10,149753,98422,delivered,credit_card,mobile,social_media
1712,2012-07-10,149891,98513,delivered,bank_transfer,desktop,organic_search
1713,2012-07-10,150171,98604,delivered,credit_card,tablet,organic_search
1714,2012-07-11,150270,98638,delivered,bank_transfer,desktop,email_campaign
1715,2012-07-12,152945,98837,delivered,cod,mobile,organic_search
1716,2012-07-11,153069,98926,delivered,bank_transfer,mobile,paid_search
1717,2012-07-14,147751,99518,delivered,credit_card,mobile,direct
1718,2012-07-10,147869,99577,delivered,credit_card,mobile,paid_search
1719,2012-07-10,147902,99603,delivered,credit_card,mobile,social_media
1720,2012-07-12,148333,99801,delivered,credit_card,mobile,social_media
1722,2012-07-13,59861,2720,shipped,paypal,mobile,referral
1724,2012-07-15,56921,6415,delivered,credit_card,mobile,social_media
1725,2012-07-12,57070,6470,delivered,credit_card,mobile,organic_search
1726,2012-07-13,57173,6513,delivered,credit_card,desktop,paid_search
1727,2012-07-14,57220,6604,delivered,credit_card,desktop,direct
1728,2012-07-13,57222,6604,delivered,paypal,mobile,organic_search
1729,2012-07-13,57250,6611,delivered,credit_card,desktop,email_campaign
1730,2012-07-15,57535,6877,created,apple_pay,desktop,organic_search
1731,2012-07-12,57534,6877,cancelled,credit_card,mobile,social_media
1732,2012-07-12,41498,7039,cancelled,paypal,tablet,direct
1734,2012-07-15,41073,7843,delivered,credit_card,tablet,paid_search
1735,2012-07-11,42051,8021,delivered,cod,mobile,paid_search
1738,2012-07-12,10712,10466,delivered,credit_card,mobile,email_campaign
1740,2012-07-14,8792,10590,returned,credit_card,mobile,paid_search
1742,2012-07-15,12964,10990,delivered,credit_card,mobile,email_campaign
1743,2012-07-12,12962,10990,shipped,cod,desktop,organic_search
1744,2012-07-14,11148,11003,paid,paypal,desktop,organic_search
1746,2012-07-12,12029,11726,delivered,credit_card,tablet,social_media
1747,2012-07-15,13246,12083,delivered,cod,tablet,paid_search
1748,2012-07-11,14124,12515,delivered,bank_transfer,desktop,social_media
1751,2012-07-11,16824,13760,delivered,apple_pay,mobile,organic_search
1753,2012-07-12,9525,14424,delivered,bank_transfer,desktop,organic_search
1756,2012-07-13,2356,15473,delivered,paypal,mobile,paid_search
1757,2012-07-13,2597,15601,delivered,credit_card,desktop,direct
1758,2012-07-12,3063,15742,delivered,credit_card,desktop,email_campaign
1759,2012-07-11,454,16056,delivered,credit_card,desktop,organic_search
1760,2012-07-13,480,16066,delivered,paypal,desktop,paid_search
1761,2012-07-14,478,16066,delivered,cod,tablet,referral
1762,2012-07-14,660,16226,delivered,credit_card,mobile,paid_search
1763,2012-07-11,1238,16692,delivered,apple_pay,mobile,organic_search
1764,2012-07-11,5326,16947,delivered,credit_card,desktop,paid_search
1765,2012-07-12,5977,17019,delivered,apple_pay,desktop,referral
1766,2012-07-15,6624,17325,delivered,credit_card,tablet,email_campaign
1767,2012-07-13,7014,17980,delivered,credit_card,tablet,social_media
1769,2012-07-12,44086,21144,delivered,credit_card,mobile,referral
1770,2012-07-11,44800,21787,delivered,paypal,mobile,paid_search
1771,2012-07-13,65506,22032,delivered,apple_pay,tablet,direct
1772,2012-07-12,66545,22911,delivered,cod,desktop,referral
1774,2012-07-14,67339,23325,delivered,apple_pay,desktop,social_media
1777,2012-07-15,68705,24571,delivered,paypal,desktop,social_media
1778,2012-07-14,38296,25504,cancelled,bank_transfer,mobile,email_campaign
1780,2012-07-11,50755,27603,delivered,paypal,mobile,direct
1781,2012-07-13,50755,27603,delivered,credit_card,mobile,paid_search
1783,2012-07-14,51973,28510,delivered,apple_pay,mobile,social_media
1784,2012-07-15,51999,28518,delivered,credit_card,tablet,organic_search
1785,2012-07-11,52249,28590,delivered,cod,desktop,paid_search
1787,2012-07-12,62199,29073,delivered,cod,desktop,paid_search
1789,2012-07-11,54840,30518,returned,bank_transfer,desktop,social_media
1790,2012-07-11,61947,31525,shipped,credit_card,tablet,social_media
1791,2012-07-15,21298,32168,delivered,credit_card,desktop,social_media
1792,2012-07-13,21421,32205,delivered,paypal,mobile,referral
1793,2012-07-13,21651,32303,delivered,credit_card,desktop,direct
1794,2012-07-12,22295,32754,delivered,credit_card,mobile,paid_search
1795,2012-07-15,22389,32779,delivered,paypal,mobile,social_media
1796,2012-07-13,22444,32804,delivered,credit_card,tablet,referral
1797,2012-07-12,22522,32821,delivered,credit_card,desktop,email_campaign
1798,2012-07-15,17909,33304,shipped,paypal,desktop,social_media
1799,2012-07-14,18328,33463,delivered,credit_card,mobile,direct
1800,2012-07-13,19212,33811,cancelled,cod,mobile,organic_search
1802,2012-07-11,22851,34476,cancelled,credit_card,mobile,paid_search
1803,2012-07-11,23015,34736,returned,bank_transfer,mobile,email_campaign
1804,2012-07-11,23146,34786,delivered,credit_card,tablet,organic_search
1805,2012-07-14,71832,35801,delivered,credit_card,mobile,organic_search
1806,2012-07-12,52789,36067,delivered,apple_pay,desktop,organic_search
1807,2012-07-12,98102,36575,delivered,credit_card,tablet,email_campaign
1808,2012-07-15,74677,37918,delivered,credit_card,desktop,direct
1809,2012-07-13,75829,38344,delivered,apple_pay,mobile,social_media
1811,2012-07-11,98610,39111,delivered,apple_pay,tablet,social_media
1812,2012-07-14,98845,39211,cancelled,apple_pay,mobile,email_campaign
1813,2012-07-12,99785,39773,cancelled,credit_card,desktop,social_media
1814,2012-07-14,46700,40272,delivered,credit_card,desktop,direct
1815,2012-07-12,77676,42003,delivered,credit_card,mobile,paid_search
1817,2012-07-11,77913,42325,delivered,apple_pay,mobile,direct
1818,2012-07-14,25991,43232,returned,credit_card,desktop,email_campaign
1819,2012-07-14,27766,44056,delivered,apple_pay,mobile,organic_search
1821,2012-07-12,28199,44224,delivered,paypal,desktop,organic_search
1822,2012-07-12,28265,44254,delivered,credit_card,desktop,referral
1823,2012-07-12,28280,44260,delivered,credit_card,mobile,organic_search
1824,2012-07-15,28279,44260,paid,apple_pay,mobile,direct
1825,2012-07-14,24429,45324,delivered,cod,desktop,referral
1826,2012-07-11,26501,45601,delivered,credit_card,mobile,social_media
1827,2012-07-14,26671,45669,cancelled,paypal,tablet,social_media
1829,2012-07-14,35120,46201,delivered,paypal,mobile,social_media
1830,2012-07-15,36121,46996,delivered,cod,desktop,social_media
1831,2012-07-13,36119,46996,delivered,apple_pay,mobile,email_campaign
1832,2012-07-11,36307,47303,delivered,credit_card,desktop,referral
1834,2012-07-12,78121,47513,delivered,credit_card,mobile,email_campaign
1835,2012-07-11,78120,47513,delivered,credit_card,tablet,paid_search
1837,2012-07-14,78458,47725,delivered,paypal,mobile,organic_search
1838,2012-07-14,29596,48038,delivered,credit_card,mobile,organic_search
1839,2012-07-14,33589,48144,delivered,credit_card,desktop,email_campaign
1840,2012-07-12,30050,48170,delivered,credit_card,desktop,paid_search
1841,2012-07-13,31678,48858,returned,apple_pay,mobile,paid_search
1842,2012-07-11,31745,48877,delivered,paypal,tablet,organic_search
1843,2012-07-12,32025,49051,delivered,bank_transfer,mobile,paid_search
1846,2012-07-14,33192,49663,delivered,apple_pay,desktop,email_campaign
1847,2012-07-12,113801,49855,delivered,credit_card,mobile,paid_search
1848,2012-07-12,84486,50032,delivered,apple_pay,desktop,organic_search
1850,2012-07-13,85089,50315,returned,credit_card,desktop,direct
1851,2012-07-14,85170,50801,delivered,credit_card,desktop,social_media
1853,2012-07-15,85299,51534,delivered,credit_card,mobile,organic_search
1854,2012-07-14,85335,51546,delivered,paypal,desktop,organic_search
1856,2012-07-11,112559,52761,delivered,paypal,mobile,organic_search
1858,2012-07-13,115901,53919,delivered,credit_card,mobile,direct
1859,2012-07-11,106100,54017,delivered,cod,mobile,paid_search
1860,2012-07-14,106099,54017,delivered,credit_card,desktop,organic_search
1861,2012-07-14,103018,55105,delivered,credit_card,tablet,email_campaign
1862,2012-07-14,103524,55379,delivered,cod,mobile,social_media
1863,2012-07-15,90406,57501,delivered,cod,desktop,organic_search
1864,2012-07-11,86929,59330,delivered,paypal,mobile,paid_search
1866,2012-07-15,117489,60014,cancelled,apple_pay,mobile,email_campaign
1867,2012-07-14,117577,60041,delivered,cod,desktop,social_media
1868,2012-07-12,117595,60045,delivered,credit_card,mobile,organic_search
1869,2012-07-12,117641,60060,delivered,credit_card,desktop,organic_search
1870,2012-07-14,117697,60073,delivered,credit_card,desktop,organic_search
1871,2012-07-12,117853,60118,delivered,credit_card,desktop,email_campaign
1872,2012-07-14,117892,60130,delivered,cod,mobile,social_media
1873,2012-07-12,118059,60175,shipped,credit_card,tablet,referral
1874,2012-07-11,118069,60177,delivered,credit_card,mobile,paid_search
1875,2012-07-12,118075,60178,delivered,bank_transfer,desktop,referral
1877,2012-07-12,118122,60191,delivered,credit_card,mobile,email_campaign
1878,2012-07-13,118185,60304,cancelled,cod,desktop,paid_search
1879,2012-07-14,118357,60440,delivered,credit_card,mobile,organic_search
1880,2012-07-14,118357,60440,delivered,credit_card,mobile,social_media
1881,2012-07-15,118503,60473,delivered,paypal,desktop,organic_search
1882,2012-07-13,118588,60504,delivered,credit_card,tablet,social_media
1883,2012-07-14,118656,60521,delivered,credit_card,desktop,email_campaign
1884,2012-07-15,118884,60914,cancelled,cod,mobile,organic_search
1885,2012-07-12,119949,61283,delivered,apple_pay,desktop,social_media
1886,2012-07-13,121090,61462,cancelled,cod,tablet,referral
1887,2012-07-15,121737,62002,delivered,credit_card,tablet,paid_search
1888,2012-07-13,46830,62441,paid,credit_card,desktop,social_media
1890,2012-07-15,109567,63010,delivered,credit_card,mobile,social_media
1891,2012-07-12,109626,63025,delivered,credit_card,mobile,paid_search
1892,2012-07-15,109762,63068,delivered,paypal,mobile,email_campaign
1893,2012-07-11,109458,63128,delivered,paypal,desktop,social_media
1894,2012-07-11,109523,63143,delivered,credit_card,tablet,referral
1896,2012-07-11,96590,65560,cancelled,credit_card,desktop,referral
1897,2012-07-11,86195,66508,delivered,credit_card,desktop,paid_search
1899,2012-07-15,94589,66748,delivered,credit_card,tablet,organic_search
1900,2012-07-11,95365,67401,delivered,credit_card,mobile,paid_search
1902,2012-07-14,81343,68123,delivered,credit_card,mobile,organic_search
1903,2012-07-13,100125,70094,delivered,credit_card,desktop,social_media
1904,2012-07-15,80214,72401,delivered,credit_card,mobile,organic_search
1905,2012-07-14,80214,72401,created,credit_card,desktop,paid_search
1907,2012-07-11,80990,72936,delivered,apple_pay,mobile,social_media
1909,2012-07-12,93891,74501,delivered,paypal,mobile,organic_search
1910,2012-07-13,124738,75150,delivered,bank_transfer,mobile,paid_search
1911,2012-07-13,125027,76008,returned,cod,desktop,paid_search
1912,2012-07-12,125675,76248,delivered,bank_transfer,desktop,paid_search
1913,2012-07-15,125886,76384,delivered,credit_card,tablet,social_media
1914,2012-07-11,128086,76706,delivered,cod,mobile,organic_search
1915,2012-07-11,131760,77005,delivered,credit_card,desktop,direct
1917,2012-07-12,132211,77095,delivered,credit_card,tablet,email_campaign
1918,2012-07-12,128259,77338,delivered,credit_card,desktop,social_media
1919,2012-07-14,128291,77346,delivered,paypal,mobile,paid_search
1920,2012-07-12,128832,77506,delivered,credit_card,tablet,organic_search
1921,2012-07-11,128913,77535,delivered,paypal,desktop,organic_search
1923,2012-07-14,129683,78076,delivered,cod,desktop,organic_search
1924,2012-07-11,129708,78109,delivered,apple_pay,desktop,organic_search
1926,2012-07-15,130121,78410,delivered,cod,desktop,paid_search
1927,2012-07-14,130213,78501,delivered,credit_card,mobile,referral
1929,2012-07-12,126621,79403,delivered,credit_card,desktop,email_campaign
1930,2012-07-15,126861,79563,delivered,credit_card,mobile,referral
1931,2012-07-15,126859,79563,delivered,cod,desktop,paid_search
1932,2012-07-11,107261,80126,cancelled,credit_card,desktop,paid_search
1934,2012-07-13,107272,80128,delivered,cod,desktop,organic_search
1935,2012-07-13,109271,80234,delivered,credit_card,mobile,social_media
1936,2012-07-11,107398,80401,delivered,credit_card,mobile,organic_search
1937,2012-07-12,107725,80516,delivered,paypal,mobile,organic_search
1938,2012-07-11,108278,80907,cancelled,cod,desktop,organic_search
1939,2012-07-12,108293,80910,delivered,credit_card,tablet,organic_search
1942,2012-07-15,146373,81301,delivered,credit_card,mobile,paid_search
1945,2012-07-13,87380,82718,delivered,credit_card,mobile,email_campaign
1950,2012-07-13,154097,84088,delivered,cod,desktop,organic_search
1951,2012-07-13,154212,84116,cancelled,credit_card,desktop,referral
1953,2012-07-11,151641,84765,delivered,credit_card,mobile,paid_search
1955,2012-07-14,143469,85303,delivered,credit_card,mobile,social_media
1957,2012-07-15,151778,89012,delivered,cod,mobile,organic_search
1958,2012-07-14,151779,89012,delivered,credit_card,desktop,social_media
1964,2012-07-15,139816,90250,shipped,credit_card,mobile,referral
1965,2012-07-13,140008,90505,delivered,credit_card,desktop,organic_search
1966,2012-07-15,140237,90746,delivered,credit_card,tablet,paid_search
1967,2012-07-11,140514,91301,delivered,credit_card,desktop,paid_search
1968,2012-07-11,140845,91505,delivered,apple_pay,tablet,paid_search
1969,2012-07-13,141067,91763,delivered,bank_transfer,desktop,social_media
1970,2012-07-12,137833,91901,delivered,cod,mobile,direct
1971,2012-07-13,137871,91910,delivered,cod,tablet,paid_search
1972,2012-07-12,137868,91910,delivered,credit_card,tablet,email_campaign
1973,2012-07-15,138021,92008,delivered,credit_card,desktop,paid_search
1974,2012-07-11,138067,92021,paid,credit_card,mobile,organic_search
1975,2012-07-12,138065,92021,delivered,paypal,tablet,email_campaign
1976,2012-07-11,137619,92115,delivered,apple_pay,mobile,paid_search
1977,2012-07-13,137627,92116,delivered,credit_card,desktop,organic_search
1978,2012-07-14,137632,92117,cancelled,cod,mobile,social_media
1979,2012-07-11,137631,92117,delivered,credit_card,desktop,organic_search
1980,2012-07-11,138308,92118,delivered,credit_card,desktop,email_campaign
1981,2012-07-13,137638,92120,delivered,cod,desktop,direct
1983,2012-07-12,137683,92130,delivered,credit_card,desktop,social_media
1984,2012-07-14,137683,92130,delivered,credit_card,mobile,email_campaign
1985,2012-07-12,138740,92374,delivered,cod,desktop,referral
1991,2012-07-13,141309,92647,delivered,credit_card,mobile,direct
1992,2012-07-14,141595,92821,delivered,credit_card,desktop,paid_search
1993,2012-07-11,141697,92867,delivered,paypal,mobile,organic_search
1995,2012-07-12,141737,93001,delivered,credit_card,desktop,organic_search
1997,2012-07-14,139371,93312,delivered,cod,mobile,paid_search
1999,2012-07-15,142134,93436,delivered,cod,mobile,paid_search
2000,2012-07-15,132863,93720,shipped,cod,desktop,social_media
2001,2012-07-15,133326,94117,delivered,paypal,desktop,social_media
2002,2012-07-13,133541,94513,delivered,credit_card,mobile,social_media
2004,2012-07-15,133623,94531,delivered,paypal,desktop,referral
2005,2012-07-11,133627,94531,paid,paypal,mobile,organic_search
2006,2012-07-14,135267,95379,delivered,paypal,desktop,social_media
2007,2012-07-15,136411,95709,delivered,credit_card,mobile,referral
2009,2012-07-15,146731,97016,delivered,cod,tablet,organic_search
2010,2012-07-13,146837,97045,delivered,credit_card,desktop,social_media
2012,2012-07-13,147342,97267,delivered,credit_card,desktop,paid_search
2013,2012-07-14,147417,97304,delivered,credit_card,desktop,paid_search
2014,2012-07-12,147419,97304,delivered,cod,desktop,email_campaign
2015,2012-07-15,150574,97420,delivered,credit_card,desktop,paid_search
2017,2012-07-13,148754,98092,cancelled,credit_card,mobile,organic_search
2018,2012-07-12,148819,98112,delivered,paypal,mobile,direct
2019,2012-07-11,148934,98166,delivered,credit_card,desktop,referral
2020,2012-07-15,149008,98208,delivered,apple_pay,mobile,social_media
2022,2012-07-13,149129,98245,delivered,cod,mobile,paid_search
2023,2012-07-13,149237,98277,delivered,cod,desktop,direct
2024,2012-07-13,149638,98387,delivered,cod,mobile,email_campaign
2025,2012-07-15,150237,98625,shipped,credit_card,mobile,social_media
2026,2012-07-12,150240,98625,created,apple_pay,desktop,organic_search
2027,2012-07-11,150259,98632,delivered,credit_card,desktop,social_media
2028,2012-07-15,150259,98632,delivered,apple_pay,desktop,referral
2029,2012-07-13,150388,98684,delivered,credit_card,tablet,paid_search
2031,2012-07-11,153725,99336,delivered,credit_card,mobile,social_media
2032,2012-07-14,147714,99508,cancelled,credit_card,tablet,paid_search
2033,2012-07-15,147765,99520,cancelled,apple_pay,desktop,paid_search
2034,2012-07-15,147780,99523,paid,credit_card,desktop,paid_search
2035,2012-07-11,148030,99654,delivered,apple_pay,tablet,social_media
2036,2012-07-13,58586,1118,delivered,credit_card,desktop,social_media
2041,2012-07-14,57130,6484,delivered,credit_card,tablet,social_media
2042,2012-07-14,57228,6606,delivered,credit_card,mobile,direct
2043,2012-07-13,40359,7052,delivered,credit_card,mobile,email_campaign
2045,2012-07-14,41766,7722,delivered,bank_transfer,mobile,social_media
2046,2012-07-13,41765,7722,delivered,credit_card,tablet,email_campaign
2048,2012-07-12,42537,8234,delivered,credit_card,desktop,referral
2049,2012-07-16,12622,10019,delivered,credit_card,desktop,referral
2050,2012-07-13,12634,10022,cancelled,cod,mobile,paid_search
2051,2012-07-15,10648,10453,cancelled,credit_card,tablet,paid_search
2052,2012-07-15,10737,10471,delivered,paypal,mobile,direct
2053,2012-07-14,10741,10472,delivered,credit_card,mobile,organic_search
2055,2012-07-12,12481,11967,delivered,credit_card,desktop,email_campaign
2056,2012-07-16,12517,11976,delivered,credit_card,desktop,organic_search
2057,2012-07-14,15984,13346,returned,paypal,desktop,direct
2059,2012-07-15,8993,14037,delivered,credit_card,desktop,organic_search
2062,2012-07-12,9899,14564,delivered,paypal,mobile,referral
2063,2012-07-13,9999,14611,delivered,apple_pay,mobile,email_campaign
2064,2012-07-14,10046,14622,delivered,cod,desktop,email_campaign
2065,2012-07-13,1588,15052,delivered,credit_card,desktop,social_media
2066,2012-07-12,852,16341,delivered,credit_card,mobile,referral
2068,2012-07-16,1276,16830,delivered,credit_card,mobile,paid_search
2069,2012-07-15,7421,18071,delivered,paypal,desktop,referral
2070,2012-07-12,4286,19382,delivered,apple_pay,mobile,paid_search
2072,2012-07-12,48192,19720,delivered,credit_card,mobile,organic_search
2073,2012-07-14,65343,20152,cancelled,credit_card,desktop,direct
2074,2012-07-15,64460,20745,returned,cod,desktop,organic_search
2075,2012-07-13,64461,20745,returned,credit_card,mobile,email_campaign
2076,2012-07-14,64459,20745,delivered,credit_card,desktop,email_campaign
2078,2012-07-16,44091,21146,delivered,credit_card,mobile,organic_search
2080,2012-07-15,65779,22309,cancelled,cod,mobile,organic_search
2081,2012-07-14,66173,22642,delivered,credit_card,tablet,paid_search
2083,2012-07-14,66518,22903,cancelled,credit_card,desktop,social_media
2084,2012-07-15,67035,23139,delivered,credit_card,desktop,paid_search
2087,2012-07-16,39489,26201,delivered,credit_card,tablet,referral
2088,2012-07-13,39663,26301,paid,credit_card,desktop,organic_search
2089,2012-07-13,39664,26301,delivered,paypal,mobile,social_media
2092,2012-07-14,49891,27127,delivered,credit_card,mobile,social_media
2097,2012-07-16,62092,29040,delivered,credit_card,mobile,referral
2098,2012-07-14,63765,29728,delivered,apple_pay,desktop,direct
2099,2012-07-16,53984,30060,paid,credit_card,mobile,organic_search
2101,2012-07-13,54293,30139,delivered,credit_card,mobile,social_media
2102,2012-07-14,54296,30139,delivered,credit_card,mobile,direct
2104,2012-07-12,54429,30180,delivered,credit_card,desktop,paid_search
2105,2012-07-15,54463,30189,delivered,apple_pay,desktop,social_media
2106,2012-07-13,54465,30189,delivered,cod,desktop,paid_search
2107,2012-07-12,54489,30213,delivered,credit_card,mobile,paid_search
2108,2012-07-13,54561,30236,delivered,bank_transfer,mobile,social_media
2110,2012-07-13,61685,30907,delivered,cod,desktop,paid_search
2111,2012-07-14,21174,32127,delivered,cod,mobile,direct
2112,2012-07-15,21610,32258,delivered,apple_pay,desktop,email_campaign
2114,2012-07-16,22589,32837,delivered,credit_card,mobile,email_campaign
2115,2012-07-15,17884,33160,cancelled,credit_card,tablet,paid_search
2116,2012-07-13,20414,34974,delivered,credit_card,mobile,paid_search
2118,2012-07-13,72951,37069,paid,credit_card,tablet,paid_search
2119,2012-07-15,72949,37069,delivered,credit_card,mobile,referral
2121,2012-07-13,73321,37204,delivered,credit_card,mobile,paid_search
2122,2012-07-13,74332,37803,delivered,credit_card,mobile,referral
2123,2012-07-16,75222,38024,delivered,credit_card,mobile,paid_search
2125,2012-07-13,45887,40353,delivered,paypal,mobile,organic_search
2127,2012-07-12,46040,40475,delivered,credit_card,tablet,organic_search
2128,2012-07-16,46350,41075,delivered,credit_card,mobile,social_media
2129,2012-07-15,25719,43123,shipped,apple_pay,desktop,paid_search
2130,2012-07-15,25962,43224,delivered,credit_card,mobile,social_media
2132,2012-07-16,24030,45036,delivered,credit_card,tablet,social_media
2133,2012-07-16,24432,45324,returned,credit_card,desktop,social_media
2134,2012-07-15,24599,45371,delivered,bank_transfer,tablet,referral
2135,2012-07-14,26588,45645,delivered,bank_transfer,mobile,organic_search
2136,2012-07-13,35252,46240,delivered,paypal,mobile,paid_search
2137,2012-07-12,113497,46303,delivered,credit_card,tablet,email_campaign
2138,2012-07-16,113500,46311,returned,paypal,mobile,organic_search
2141,2012-07-15,34176,47022,delivered,credit_card,mobile,organic_search
2142,2012-07-12,78448,47720,delivered,credit_card,tablet,paid_search
2143,2012-07-13,36917,47909,delivered,credit_card,tablet,organic_search
2144,2012-07-14,29685,48064,delivered,credit_card,desktop,organic_search
2145,2012-07-14,29788,48091,cancelled,credit_card,desktop,paid_search
2146,2012-07-15,29882,48116,delivered,apple_pay,tablet,organic_search
2147,2012-07-12,30754,48438,delivered,paypal,desktop,organic_search
2149,2012-07-15,30857,48463,delivered,credit_card,mobile,organic_search
2150,2012-07-13,31965,49026,cancelled,paypal,mobile,paid_search
2151,2012-07-15,31965,49026,delivered,cod,mobile,organic_search
2153,2012-07-15,32701,49417,delivered,cod,mobile,email_campaign
2154,2012-07-14,32755,49431,delivered,apple_pay,mobile,organic_search
2155,2012-07-15,32755,49431,delivered,credit_card,mobile,email_campaign
2157,2012-07-16,112058,52233,delivered,cod,desktop,email_campaign
2160,2012-07-12,111131,52632,delivered,credit_card,tablet,paid_search
2162,2012-07-16,114243,53402,delivered,paypal,mobile,referral
2163,2012-07-14,114265,53406,paid,apple_pay,mobile,email_campaign
2164,2012-07-13,116396,54311,delivered,credit_card,mobile,paid_search
2165,2012-07-14,103521,55378,delivered,credit_card,mobile,email_campaign
2166,2012-07-12,103531,55381,paid,credit_card,desktop,email_campaign
2167,2012-07-16,91075,58103,cancelled,cod,desktop,email_campaign
2168,2012-07-14,156349,59047,delivered,credit_card,tablet,organic_search
2169,2012-07-15,156952,59635,cancelled,credit_card,mobile,paid_search
2170,2012-07-12,157395,59860,returned,cod,tablet,paid_search
2172,2012-07-16,117476,60010,delivered,apple_pay,mobile,organic_search
2173,2012-07-14,117484,60013,delivered,apple_pay,mobile,organic_search
2174,2012-07-14,117638,60060,returned,credit_card,desktop,organic_search
2175,2012-07-15,117782,60098,delivered,credit_card,desktop,organic_search
2176,2012-07-13,117779,60098,delivered,cod,desktop,organic_search
2177,2012-07-16,117812,60106,delivered,credit_card,desktop,organic_search
2178,2012-07-13,118000,60156,delivered,credit_card,desktop,paid_search
2179,2012-07-15,118093,60185,delivered,credit_card,mobile,email_campaign
2180,2012-07-15,118254,60417,returned,credit_card,desktop,organic_search
2182,2012-07-14,118420,60453,returned,credit_card,desktop,referral
2183,2012-07-13,119118,60617,delivered,paypal,desktop,referral
2184,2012-07-14,119259,60647,delivered,cod,mobile,organic_search
2185,2012-07-14,119016,60970,delivered,paypal,desktop,referral
2186,2012-07-12,119433,61015,delivered,credit_card,tablet,referral
2188,2012-07-14,121307,61554,delivered,cod,desktop,paid_search
2189,2012-07-12,121393,61607,delivered,credit_card,mobile,email_campaign
2190,2012-07-13,120871,62703,delivered,apple_pay,mobile,email_campaign
2191,2012-07-15,109631,63026,returned,credit_card,mobile,organic_search
2192,2012-07-12,109470,63130,shipped,apple_pay,mobile,email_campaign
2193,2012-07-14,109973,63366,delivered,credit_card,desktop,organic_search
2194,2012-07-13,83251,64080,cancelled,cod,mobile,email_campaign
2195,2012-07-12,83555,64490,delivered,credit_card,desktop,paid_search
2196,2012-07-13,83836,64701,delivered,paypal,desktop,organic_search
2197,2012-07-15,94696,66901,delivered,credit_card,desktop,social_media
2198,2012-07-12,95172,67213,delivered,paypal,mobile,paid_search
2199,2012-07-12,81276,68104,delivered,credit_card,tablet,organic_search
2200,2012-07-15,100185,70124,delivered,credit_card,mobile,paid_search
2201,2012-07-12,102252,71334,created,credit_card,desktop,organic_search
2202,2012-07-13,102564,71459,delivered,paypal,mobile,email_campaign
2203,2012-07-15,97546,72727,cancelled,credit_card,tablet,organic_search
2204,2012-07-16,113078,73573,returned,apple_pay,desktop,referral
2205,2012-07-12,124742,75150,delivered,credit_card,tablet,paid_search
2206,2012-07-12,122806,75689,delivered,apple_pay,mobile,referral
2207,2012-07-12,122830,75701,delivered,bank_transfer,mobile,social_media
2208,2012-07-14,125676,76248,delivered,credit_card,mobile,social_media
2209,2012-07-14,128397,77377,delivered,credit_card,desktop,social_media
2210,2012-07-13,128844,77511,delivered,cod,mobile,paid_search
2213,2012-07-15,130024,78380,returned,paypal,tablet,organic_search
2214,2012-07-16,131051,78945,delivered,credit_card,desktop,paid_search
2215,2012-07-12,123910,79226,delivered,credit_card,mobile,social_media
2216,2012-07-12,123911,79226,shipped,apple_pay,desktop,referral
2217,2012-07-16,107051,80013,delivered,credit_card,tablet,email_campaign
2220,2012-07-14,107274,80129,delivered,credit_card,desktop,paid_search
2221,2012-07-12,109169,80211,delivered,bank_transfer,mobile,direct
2223,2012-07-15,107728,80517,delivered,credit_card,desktop,paid_search
2224,2012-07-12,107804,80538,delivered,credit_card,mobile,referral
2226,2012-07-16,107804,80538,delivered,credit_card,mobile,referral
2227,2012-07-14,107936,80634,delivered,apple_pay,desktop,organic_search
2230,2012-07-12,108911,81504,delivered,paypal,desktop,paid_search
2231,2012-07-12,109014,81625,delivered,paypal,desktop,paid_search
2232,2012-07-12,106734,82001,shipped,cod,desktop,paid_search
2233,2012-07-16,106903,82901,delivered,credit_card,desktop,email_campaign
2234,2012-07-12,155256,83340,delivered,credit_card,desktop,social_media
2235,2012-07-14,155497,83467,delivered,credit_card,mobile,paid_search
2236,2012-07-16,142771,85040,delivered,paypal,desktop,paid_search
2241,2012-07-16,145556,87508,delivered,credit_card,desktop,paid_search
2242,2012-07-16,140967,91730,delivered,cod,mobile,organic_search
2243,2012-07-12,141127,91784,delivered,bank_transfer,desktop,social_media
2244,2012-07-16,138106,92029,paid,credit_card,desktop,email_campaign
2245,2012-07-14,138103,92029,shipped,paypal,tablet,organic_search
2246,2012-07-12,138153,92054,delivered,paypal,tablet,paid_search
2247,2012-07-14,138597,92324,delivered,cod,mobile,organic_search
2251,2012-07-13,141750,93004,delivered,credit_card,mobile,organic_search
2253,2012-07-12,141774,93012,delivered,credit_card,mobile,organic_search
2255,2012-07-12,141793,93015,delivered,cod,desktop,organic_search
2256,2012-07-13,141890,93063,delivered,apple_pay,desktop,social_media
2257,2012-07-13,141896,93065,delivered,credit_card,desktop,organic_search
2258,2012-07-16,142075,93422,delivered,credit_card,mobile,direct
2259,2012-07-13,142134,93436,delivered,credit_card,mobile,email_campaign
2260,2012-07-13,133023,93940,cancelled,credit_card,desktop,email_campaign
2263,2012-07-16,133186,94061,paid,cod,mobile,paid_search
2264,2012-07-14,133266,94103,delivered,apple_pay,mobile,direct
2265,2012-07-12,133293,94110,delivered,cod,tablet,organic_search
2266,2012-07-14,133827,94583,delivered,credit_card,desktop,organic_search
2267,2012-07-13,133824,94583,delivered,credit_card,desktop,social_media
2268,2012-07-16,134506,95060,delivered,apple_pay,mobile,direct
2269,2012-07-13,134517,95062,delivered,apple_pay,desktop,organic_search
2270,2012-07-12,134517,95062,returned,credit_card,desktop,paid_search
2272,2012-07-14,134667,95129,delivered,credit_card,mobile,organic_search
2273,2012-07-15,134727,95148,cancelled,paypal,mobile,paid_search
2274,2012-07-12,134727,95148,delivered,cod,mobile,organic_search
2276,2012-07-13,135993,95603,delivered,credit_card,mobile,email_campaign
2277,2012-07-13,136293,95677,delivered,paypal,mobile,organic_search
2280,2012-07-13,136842,96002,shipped,credit_card,mobile,paid_search
2281,2012-07-12,146706,97009,delivered,paypal,desktop,email_campaign
2283,2012-07-15,147049,97124,delivered,cod,mobile,paid_search
2284,2012-07-13,147048,97124,delivered,paypal,mobile,organic_search
2285,2012-07-15,147561,97361,cancelled,apple_pay,tablet,paid_search
2286,2012-07-14,147587,97367,cancelled,cod,mobile,referral
2287,2012-07-16,150724,97459,delivered,bank_transfer,tablet,organic_search
2288,2012-07-15,148566,98032,delivered,credit_card,desktop,referral
2290,2012-07-15,149224,98274,delivered,credit_card,mobile,social_media
2291,2012-07-13,150256,98632,cancelled,credit_card,mobile,social_media
2292,2012-07-16,147694,99504,cancelled,cod,mobile,email_campaign
2293,2012-07-16,58293,1010,delivered,credit_card,mobile,organic_search
2294,2012-07-13,56790,6360,cancelled,credit_card,mobile,organic_search
2296,2012-07-14,56959,6424,delivered,credit_card,desktop,email_campaign
2302,2012-07-17,114,15223,delivered,credit_card,desktop,paid_search
2303,2012-07-15,5075,16803,delivered,credit_card,mobile,paid_search
2306,2012-07-15,63498,29651,delivered,paypal,mobile,paid_search
2307,2012-07-14,55252,30711,delivered,credit_card,mobile,social_media
2308,2012-07-16,55249,30711,delivered,paypal,tablet,referral
2309,2012-07-16,47635,31516,delivered,credit_card,desktop,organic_search
2310,2012-07-17,20864,32025,delivered,paypal,mobile,social_media
2311,2012-07-15,22330,32765,delivered,credit_card,desktop,organic_search
2312,2012-07-17,22969,34705,delivered,cod,desktop,email_campaign
2313,2012-07-14,71227,35453,delivered,bank_transfer,mobile,social_media
2314,2012-07-14,74468,37849,delivered,paypal,mobile,direct
2315,2012-07-13,74680,37919,delivered,credit_card,desktop,organic_search
2316,2012-07-17,74983,38551,delivered,credit_card,desktop,email_campaign
2318,2012-07-17,99485,39571,delivered,credit_card,mobile,social_media
2320,2012-07-17,78038,42431,cancelled,credit_card,desktop,referral
2321,2012-07-17,26037,43344,delivered,cod,tablet,paid_search
2322,2012-07-14,26033,43344,delivered,paypal,desktop,organic_search
2324,2012-07-17,24142,45102,delivered,credit_card,mobile,paid_search
2325,2012-07-15,84675,50125,returned,credit_card,mobile,email_campaign
2327,2012-07-13,105939,51301,paid,credit_card,desktop,social_media
2328,2012-07-15,115548,53089,delivered,bank_transfer,tablet,paid_search
2329,2012-07-13,114149,53144,delivered,paypal,desktop,paid_search
2331,2012-07-15,102884,55060,returned,cod,mobile,paid_search
2332,2012-07-17,103041,55109,delivered,credit_card,mobile,social_media
2333,2012-07-16,103165,55302,delivered,paypal,desktop,social_media
2334,2012-07-14,103194,55308,delivered,credit_card,mobile,email_campaign
2335,2012-07-14,103219,55313,delivered,paypal,mobile,organic_search
2336,2012-07-16,105261,55418,delivered,cod,tablet,social_media
2337,2012-07-13,105281,55422,shipped,credit_card,desktop,organic_search
2338,2012-07-14,105278,55422,delivered,apple_pay,mobile,paid_search
2339,2012-07-15,104002,55901,delivered,credit_card,mobile,referral
2341,2012-07-17,104280,56001,delivered,credit_card,tablet,email_campaign
2345,2012-07-16,117450,60002,delivered,cod,mobile,direct
2346,2012-07-15,117600,60046,delivered,bank_transfer,desktop,organic_search
2347,2012-07-15,118791,60563,delivered,credit_card,mobile,organic_search
2348,2012-07-15,121490,61727,delivered,cod,desktop,direct
2349,2012-07-16,121534,61739,delivered,credit_card,desktop,organic_search
2350,2012-07-17,96388,64870,delivered,credit_card,desktop,paid_search
2351,2012-07-13,82388,68847,delivered,cod,desktop,social_media
2353,2012-07-13,94274,73114,delivered,cod,mobile,paid_search
2354,2012-07-15,93100,74014,delivered,credit_card,mobile,referral
2355,2012-07-13,94017,74804,delivered,cod,mobile,referral
2357,2012-07-15,124352,75028,delivered,credit_card,desktop,paid_search
2358,2012-07-13,124131,75501,delivered,cod,desktop,social_media
2359,2012-07-17,124133,75503,delivered,paypal,mobile,organic_search
2360,2012-07-15,125766,76273,delivered,apple_pay,mobile,paid_search
2361,2012-07-15,128431,77384,delivered,credit_card,mobile,organic_search
2362,2012-07-13,128435,77385,delivered,cod,mobile,direct
2364,2012-07-13,131565,78233,delivered,credit_card,tablet,paid_search
2365,2012-07-16,131323,78749,delivered,cod,tablet,paid_search
2366,2012-07-17,130953,78852,cancelled,apple_pay,desktop,direct
2367,2012-07-17,126675,79423,returned,paypal,mobile,organic_search
2368,2012-07-15,126678,79424,delivered,cod,mobile,email_campaign
2369,2012-07-17,127133,79782,delivered,credit_card,mobile,organic_search
2370,2012-07-14,107936,80634,cancelled,cod,desktop,paid_search
2371,2012-07-17,108266,80904,cancelled,cod,mobile,social_media
2372,2012-07-16,145098,87048,delivered,credit_card,tablet,direct
2373,2012-07-14,145176,87106,delivered,credit_card,mobile,referral
2374,2012-07-17,145209,87112,delivered,credit_card,tablet,organic_search
2375,2012-07-14,152033,89110,shipped,cod,desktop,social_media
2377,2012-07-14,151441,89509,delivered,apple_pay,desktop,email_campaign
2380,2012-07-13,140128,90680,delivered,credit_card,desktop,paid_search
2381,2012-07-13,140237,90746,delivered,credit_card,desktop,organic_search
2383,2012-07-16,139186,92881,delivered,apple_pay,mobile,organic_search
2384,2012-07-14,142236,93460,delivered,cod,desktop,social_media
2386,2012-07-13,133328,94118,delivered,paypal,desktop,organic_search
2390,2012-07-15,136144,95635,delivered,paypal,tablet,paid_search
2391,2012-07-14,136452,95728,delivered,cod,tablet,referral
2393,2012-07-16,136733,95966,paid,paypal,mobile,paid_search
2394,2012-07-14,137068,96069,delivered,credit_card,mobile,direct
2395,2012-07-15,137297,96143,delivered,credit_card,mobile,organic_search
2397,2012-07-14,147357,97280,delivered,credit_card,mobile,social_media
2398,2012-07-14,147415,97303,delivered,credit_card,desktop,social_media
2399,2012-07-13,150881,97520,delivered,apple_pay,desktop,paid_search
2400,2012-07-13,148970,98198,delivered,cod,mobile,organic_search
2401,2012-07-17,149030,98223,cancelled,credit_card,desktop,social_media
2404,2012-07-14,148143,99706,delivered,credit_card,mobile,paid_search
2405,2012-07-15,48401,19971,cancelled,bank_transfer,desktop,social_media
2408,2012-07-18,48950,1247,delivered,cod,desktop,organic_search
2409,2012-07-17,58766,1450,delivered,credit_card,desktop,direct
2410,2012-07-16,59718,2648,delivered,cod,mobile,referral
2411,2012-07-17,59860,2720,delivered,credit_card,mobile,organic_search
2412,2012-07-18,60012,2790,delivered,cod,desktop,email_campaign
2414,2012-07-17,57704,2840,delivered,credit_card,mobile,direct
2415,2012-07-16,56788,6360,delivered,credit_card,mobile,paid_search
2418,2012-07-17,56876,6388,delivered,credit_card,mobile,paid_search
2419,2012-07-19,57517,6840,delivered,credit_card,mobile,social_media
2420,2012-07-17,57514,6840,delivered,credit_card,tablet,email_campaign
2421,2012-07-18,40226,7006,delivered,credit_card,tablet,organic_search
2422,2012-07-19,40535,7417,returned,cod,desktop,organic_search
2423,2012-07-19,41261,7960,delivered,credit_card,mobile,paid_search
2424,2012-07-16,42465,8210,delivered,bank_transfer,desktop,referral
2425,2012-07-17,42680,8330,delivered,credit_card,mobile,referral
2426,2012-07-17,42865,8534,cancelled,credit_card,desktop,social_media
2428,2012-07-16,12897,10940,delivered,apple_pay,desktop,paid_search
2430,2012-07-17,11220,11102,delivered,credit_card,desktop,organic_search
2431,2012-07-16,11631,11423,delivered,paypal,tablet,email_campaign
2432,2012-07-18,12502,11972,delivered,credit_card,mobile,organic_search
2433,2012-07-18,13748,12402,delivered,credit_card,desktop,social_media
2436,2012-07-19,9319,14174,delivered,credit_card,mobile,organic_search
2437,2012-07-17,1399,15001,delivered,paypal,tablet,email_campaign
2438,2012-07-19,1911,15317,delivered,credit_card,mobile,paid_search
2439,2012-07-19,2740,15639,delivered,apple_pay,mobile,referral
2440,2012-07-19,2775,15650,delivered,credit_card,desktop,organic_search
2441,2012-07-18,2820,15668,delivered,credit_card,mobile,organic_search
2442,2012-07-15,3383,15930,delivered,credit_card,mobile,referral
2443,2012-07-17,8595,16125,delivered,credit_card,mobile,paid_search
2444,2012-07-17,604,16201,cancelled,credit_card,desktop,organic_search
2446,2012-07-17,975,16602,delivered,bank_transfer,tablet,email_campaign
2448,2012-07-15,5379,17051,delivered,credit_card,desktop,paid_search
2449,2012-07-16,5528,17760,delivered,cod,desktop,organic_search
2450,2012-07-15,5527,17760,delivered,credit_card,desktop,organic_search
2451,2012-07-19,5677,17842,delivered,credit_card,mobile,organic_search
2452,2012-07-16,7372,18052,delivered,credit_card,desktop,organic_search
2453,2012-07-19,3461,18055,delivered,credit_card,mobile,paid_search
2455,2012-07-16,7655,18322,cancelled,cod,tablet,paid_search
2456,2012-07-17,8061,18407,delivered,paypal,desktop,direct
2457,2012-07-18,8332,18618,delivered,apple_pay,desktop,social_media
2458,2012-07-19,4372,19438,delivered,credit_card,desktop,email_campaign
2459,2012-07-16,65098,20009,cancelled,apple_pay,mobile,direct
2460,2012-07-17,64508,20816,delivered,credit_card,desktop,email_campaign
2461,2012-07-16,43597,20853,delivered,cod,desktop,paid_search
2462,2012-07-16,43652,20874,delivered,credit_card,desktop,paid_search
2463,2012-07-18,43655,20876,delivered,cod,mobile,paid_search
2464,2012-07-16,43765,21009,shipped,cod,desktop,email_campaign
2465,2012-07-16,43952,21075,delivered,paypal,tablet,paid_search
2466,2012-07-18,43949,21075,delivered,credit_card,tablet,social_media
2467,2012-07-17,44223,21216,delivered,credit_card,mobile,social_media
2468,2012-07-17,44231,21217,returned,apple_pay,tablet,email_campaign
2470,2012-07-18,45083,21531,returned,credit_card,desktop,email_campaign
2472,2012-07-15,45176,21649,delivered,apple_pay,tablet,organic_search
2474,2012-07-16,44797,21784,delivered,credit_card,desktop,email_campaign
2476,2012-07-16,45006,21901,delivered,paypal,desktop,organic_search
2477,2012-07-15,66655,22960,delivered,credit_card,mobile,organic_search
2479,2012-07-19,68329,24153,delivered,credit_card,mobile,social_media
2481,2012-07-15,68627,24523,shipped,cod,desktop,paid_search
2482,2012-07-15,37274,24822,delivered,credit_card,mobile,social_media
2484,2012-07-18,37729,25064,delivered,apple_pay,mobile,organic_search
2485,2012-07-15,37843,25123,delivered,bank_transfer,mobile,organic_search
2487,2012-07-18,38212,25313,delivered,bank_transfer,desktop,direct
2488,2012-07-16,38431,25557,delivered,paypal,mobile,social_media
2489,2012-07-18,38468,25571,delivered,paypal,mobile,paid_search
2490,2012-07-18,38634,25669,delivered,apple_pay,tablet,social_media
2493,2012-07-15,49838,27103,paid,bank_transfer,tablet,paid_search
2494,2012-07-15,60791,28704,delivered,credit_card,desktop,referral
2495,2012-07-19,62092,29040,delivered,paypal,mobile,paid_search
2496,2012-07-19,63463,29642,delivered,credit_card,desktop,referral
2497,2012-07-18,63806,29745,delivered,cod,desktop,referral
2498,2012-07-15,63861,29816,delivered,apple_pay,desktop,organic_search
2499,2012-07-19,53962,30052,delivered,credit_card,mobile,email_campaign
2500,2012-07-19,53959,30052,delivered,credit_card,desktop,email_campaign
2501,2012-07-16,55197,30666,shipped,bank_transfer,mobile,organic_search
2502,2012-07-18,55429,31027,delivered,paypal,mobile,social_media
2503,2012-07-19,61812,31326,delivered,apple_pay,mobile,social_media
2504,2012-07-16,23291,32433,delivered,credit_card,desktop,social_media
2507,2012-07-16,17761,33064,cancelled,apple_pay,desktop,direct
2509,2012-07-18,19106,33773,delivered,credit_card,mobile,organic_search
2510,2012-07-17,19105,33773,delivered,apple_pay,desktop,direct
2511,2012-07-18,19191,33805,delivered,credit_card,mobile,email_campaign
2513,2012-07-15,20474,34994,cancelled,credit_card,mobile,email_campaign
2515,2012-07-17,70919,35146,paid,credit_card,mobile,social_media
2517,2012-07-19,71723,35749,delivered,credit_card,mobile,email_campaign
2518,2012-07-19,72846,37042,delivered,credit_card,mobile,organic_search
2519,2012-07-18,72850,37043,delivered,cod,mobile,email_campaign
2520,2012-07-18,73095,37121,delivered,apple_pay,mobile,referral
2521,2012-07-18,73432,37303,delivered,apple_pay,desktop,organic_search
2523,2012-07-17,73519,37323,delivered,credit_card,tablet,social_media
2524,2012-07-18,73720,37370,returned,credit_card,mobile,social_media
2526,2012-07-18,74367,37813,delivered,bank_transfer,mobile,paid_search
2527,2012-07-15,98626,39116,cancelled,paypal,mobile,email_campaign
2528,2012-07-15,99131,39402,delivered,credit_card,mobile,direct
2529,2012-07-16,99454,39564,delivered,credit_card,mobile,organic_search
2530,2012-07-19,46588,40212,delivered,credit_card,desktop,organic_search
2532,2012-07-18,46121,40517,returned,credit_card,mobile,social_media
2533,2012-07-16,69814,41763,delivered,credit_card,desktop,organic_search
2534,2012-07-15,25646,43081,delivered,credit_card,desktop,organic_search
2535,2012-07-18,25646,43081,delivered,credit_card,desktop,social_media
2536,2012-07-19,27868,44090,delivered,bank_transfer,desktop,email_campaign
2538,2012-07-15,28166,44212,returned,cod,desktop,organic_search
2539,2012-07-17,28496,44406,delivered,credit_card,mobile,paid_search
2540,2012-07-19,28755,44601,delivered,credit_card,tablet,organic_search
2541,2012-07-16,28756,44601,delivered,credit_card,tablet,email_campaign
2542,2012-07-16,28899,44646,delivered,cod,mobile,organic_search
2543,2012-07-16,29343,44865,returned,apple_pay,mobile,referral
2544,2012-07-16,24459,45331,cancelled,credit_card,mobile,paid_search
2545,2012-07-18,24711,45415,returned,credit_card,tablet,organic_search
2546,2012-07-16,26688,45680,delivered,credit_card,desktop,organic_search
2548,2012-07-15,26732,45692,returned,credit_card,desktop,organic_search
2549,2012-07-18,24824,45801,delivered,credit_card,tablet,paid_search
2551,2012-07-18,34733,46051,delivered,credit_card,mobile,direct
2552,2012-07-15,34883,46113,delivered,paypal,mobile,referral
2554,2012-07-19,35000,46151,delivered,cod,desktop,social_media
2555,2012-07-17,35018,46158,delivered,credit_card,mobile,referral
2556,2012-07-19,35203,46227,delivered,bank_transfer,mobile,social_media
2557,2012-07-18,35270,46250,delivered,paypal,tablet,social_media
2561,2012-07-16,34312,47126,cancelled,apple_pay,mobile,organic_search
2562,2012-07-18,34309,47126,delivered,credit_card,desktop,organic_search
2563,2012-07-19,78260,47591,delivered,credit_card,desktop,paid_search
2564,2012-07-19,36680,47803,delivered,paypal,mobile,organic_search
2565,2012-07-16,36917,47909,delivered,credit_card,desktop,email_campaign
2566,2012-07-18,36929,47920,delivered,credit_card,desktop,email_campaign
2567,2012-07-19,29993,48158,returned,credit_card,mobile,referral
2572,2012-07-15,31886,49001,delivered,credit_card,mobile,organic_search
2573,2012-07-16,32174,49097,delivered,paypal,desktop,social_media
2574,2012-07-19,33774,49129,delivered,cod,mobile,referral
2575,2012-07-16,32426,49301,shipped,bank_transfer,tablet,direct
2576,2012-07-17,105436,50401,delivered,credit_card,desktop,organic_search
2578,2012-07-18,110926,52501,delivered,credit_card,desktop,direct
2579,2012-07-16,115352,53032,delivered,credit_card,mobile,paid_search
2581,2012-07-15,115627,53129,delivered,credit_card,mobile,direct
2582,2012-07-17,115659,53151,delivered,cod,mobile,referral
2583,2012-07-15,115737,53206,delivered,credit_card,mobile,organic_search
2586,2012-07-19,115830,53225,delivered,apple_pay,tablet,social_media
2587,2012-07-16,106052,54004,delivered,paypal,desktop,social_media
2588,2012-07-15,116302,54217,delivered,cod,mobile,direct
2590,2012-07-19,116730,54494,delivered,credit_card,tablet,referral
2591,2012-07-18,115020,54601,delivered,credit_card,mobile,paid_search
2593,2012-07-15,102907,55068,cancelled,paypal,mobile,organic_search
2595,2012-07-19,103306,55331,delivered,credit_card,tablet,paid_search
2596,2012-07-17,103394,55350,delivered,credit_card,mobile,paid_search
2597,2012-07-15,105341,55434,delivered,paypal,tablet,organic_search
2599,2012-07-17,104302,56007,delivered,cod,mobile,organic_search
2601,2012-07-16,104978,56425,delivered,credit_card,tablet,organic_search
2602,2012-07-17,89734,57104,delivered,paypal,mobile,direct
2604,2012-07-17,91983,58704,delivered,credit_card,mobile,social_media
2605,2012-07-18,86868,59263,delivered,cod,mobile,paid_search
2606,2012-07-19,157114,59736,delivered,credit_card,desktop,email_campaign
2607,2012-07-18,157561,59937,delivered,credit_card,mobile,paid_search
2608,2012-07-16,157563,59937,delivered,credit_card,tablet,organic_search
2609,2012-07-15,117531,60025,delivered,credit_card,desktop,social_media
2610,2012-07-15,117924,60138,delivered,credit_card,mobile,social_media
2612,2012-07-19,118102,60187,delivered,credit_card,desktop,organic_search
2614,2012-07-19,119468,61025,delivered,credit_card,desktop,paid_search
2616,2012-07-19,119892,61265,cancelled,credit_card,mobile,social_media
2617,2012-07-15,119888,61265,paid,credit_card,desktop,paid_search
2618,2012-07-17,121343,61568,delivered,paypal,mobile,referral
2619,2012-07-15,121632,61770,delivered,paypal,mobile,social_media
2620,2012-07-19,47307,61872,delivered,credit_card,mobile,email_campaign
2621,2012-07-17,122087,62215,delivered,credit_card,desktop,referral
2622,2012-07-15,122349,62294,delivered,credit_card,tablet,email_campaign
2623,2012-07-19,46788,62428,delivered,credit_card,desktop,organic_search
2624,2012-07-19,47026,62858,delivered,credit_card,desktop,email_campaign
2625,2012-07-16,47027,62858,delivered,bank_transfer,mobile,organic_search
2626,2012-07-17,109853,63304,delivered,paypal,desktop,email_campaign
2628,2012-07-18,85813,66085,returned,credit_card,mobile,paid_search
2629,2012-07-16,85937,66206,delivered,credit_card,desktop,organic_search
2630,2012-07-16,100283,70345,delivered,credit_card,desktop,organic_search
2631,2012-07-15,100321,70357,delivered,credit_card,tablet,organic_search
2632,2012-07-18,100350,70364,delivered,apple_pay,mobile,organic_search
2633,2012-07-17,100348,70364,delivered,cod,mobile,organic_search
2634,2012-07-18,100511,70445,delivered,paypal,mobile,referral
2635,2012-07-15,100634,70506,delivered,cod,tablet,organic_search
2636,2012-07-18,100634,70506,returned,credit_card,desktop,paid_search
2638,2012-07-18,102139,71277,delivered,paypal,tablet,referral
2639,2012-07-15,92608,73099,delivered,cod,tablet,paid_search
2640,2012-07-19,94280,73115,delivered,paypal,tablet,paid_search
2644,2012-07-17,124547,75077,cancelled,cod,mobile,paid_search
2645,2012-07-19,124610,75093,cancelled,bank_transfer,desktop,paid_search
2647,2012-07-17,125038,76011,delivered,paypal,desktop,paid_search
2648,2012-07-17,125086,76020,delivered,paypal,desktop,organic_search
2649,2012-07-17,125291,76087,delivered,credit_card,tablet,social_media
