Date,Revenue,COGS,gross_revenue,gross_cogs,rev_diff_pct,cogs_diff_pct
2012-07-04,5123547.94,3982991.19,5123547.94,3982991.1894381884,0.0,1.4105265835959045e-08
2012-07-05,2751773.45,2150580.23,2751773.45,2150580.2337576686,0.0,1.7472813181636083e-07
2012-07-06,3054029.42,2517632.84,3054029.42,2517632.843361103,0.0,1.3350251361181614e-07
2012-07-07,2667930.94,2108246.62,2667930.94,2108246.620642824,0.0,3.049092931590318e-08
2012-07-08,2360851.9,1808622.79,2360851.9,1808622.794866024,0.0,2.690458198643341e-07
2012-07-09,3548386.46,2787841.68,3548386.46,2787841.68054154,0.0,1.942505798076599e-08
2012-07-10,5234938.62,4044438.84,5234938.62,4044438.8366003237,0.0,8.405804394981753e-08
2012-07-11,5582884.78,4338313.07,5582884.78,4338313.068668959,0.0,3.068108607080237e-08
2012-07-12,5734632.02,4458811.27,5734632.02,4458811.27226482,0.0,5.079425663316556e-08
2012-07-13,5309511.71,4143402.78,5309511.71,4143402.7789606377,0.0,2.5084745607754048e-08
2012-07-14,3820831.41,3075464.87,3820831.41,3075464.8680720604,0.0,6.26877493572528e-08
2012-07-15,3948841.28,3154482.05,3948841.28,3154482.049609721,0.0,1.2372194070164403e-08
2012-07-16,3503801.49,2708219.59,3503801.49,2708219.591022515,0.0,3.775599868603674e-08
2012-07-17,4476729.49,3463061.65,4476729.49,3463061.649118149,0.0,2.5464482258117012e-08
2012-07-18,5184141.46,4072012.16,5184141.46,4072012.15845807,0.0,3.7866543375535936e-08
2012-07-19,6421487.11,5007270.91,6421487.11,5007270.912521167,0.0,5.035011333020163e-08
2012-07-20,5171470.46,4213989.64,5171470.46,4213989.639633853,0.0,8.688836649402667e-09
2012-07-21,3442157.02,2746075.45,3442157.02,2746075.4536195495,0.0,1.3180808015759123e-07
2012-07-22,3117550.57,2531656.38,3117550.57,2531656.3821244063,0.0,8.391369437516959e-08
2012-07-23,4730517.69,3685006.66,4730517.69,3685006.664936399,0.0,1.339590235177004e-07
2012-07-24,4096496.12,3248450.65,4096496.12,3248450.653393645,0.0,1.044696471734142e-07
2012-07-25,5246688.08,4140019.37,5246688.08,4140019.3709758664,0.0,2.3571540351886682e-08
2012-07-26,5851965.06,4579171.74,5851965.06,4579171.740512137,0.0,1.118405482098768e-08
2012-07-27,5156699.45,3989402.2,5156699.45,3989402.2008385034,0.0,2.1018267888331778e-08
2012-07-28,4326956.84,3403662.59,4326956.84,3403662.5946260374,0.0,1.3591351758967292e-07
2012-07-29,4804199.65,3819645.91,4804199.65,3819645.910989276,0.0,2.5899677817676976e-08
2012-07-30,6586130.95,5195109.56,6586130.95,5195109.555522098,0.0,8.619455148188306e-08
2012-07-31,9151622.14,7142891.18,9151622.14,7142891.183717897,0.0,5.205031640793688e-08
2012-08-01,9148357.3,7308514.33,9148357.3,7308514.329521848,0.0,6.5423992358578575e-09
2012-08-02,9692427.0,7537501.15,9692427.0,7537501.148537517,0.0,1.9402766904996414e-08
2012-08-03,9297269.95,7118808.46,9297269.95,7118808.464325115,0.0,6.075616651583621e-08
2012-08-04,6384195.03,5087528.11,6384195.03,5087528.1056634085,0.0,8.523966288194172e-08
2012-08-05,2359224.19,1863413.11,2359224.19,1863413.1137686607,0.0,2.0224504021965879e-07
2012-08-06,3630003.7,2922718.71,3630003.7,2922718.7101814244,0.0,6.2073859821706575e-09
2012-08-07,2240253.44,1781265.84,2240253.44,1781265.8378658865,0.0,1.1980881935836703e-07
2012-08-08,2617553.36,1997006.42,2617553.36,1997006.4242339963,0.0,2.120171643637383e-07
2012-08-09,4478691.52,3621672.71,4478691.5200000005,3621672.7136540324,2.0794523812514744e-14,1.0089350343233106e-07
2012-08-10,3412496.65,2699279.56,3412496.65,2699279.563340089,0.0,1.237400086985777e-07
2012-08-11,2732604.35,2168668.05,2732604.35,2168668.047857173,0.0,9.880843804315749e-08
2012-08-12,3388181.83,2654275.25,3388181.83,2654275.2487820983,0.0,4.5884529371833484e-08
2012-08-13,3928170.01,3189564.96,3928170.01,3189564.9565589,0.0,1.0788618673518801e-07
2012-08-14,4033912.16,3258198.58,4033912.16,3258198.5833851974,0.0,1.0389782231273424e-07
2012-08-15,3780293.26,2886923.59,3780293.2600000002,2886923.5917964345,1.2318126009825472e-14,6.22266082710495e-08
2012-08-16,5249978.18,4222455.97,5249978.18,4222455.9695393555,0.0,1.0909391498007396e-08
2012-08-17,4089284.05,3238908.92,4089284.05,3238908.9209638075,0.0,2.9757168092252304e-08
2012-08-18,3450015.71,2808916.94,3450015.71,2808916.935011936,0.0,1.7757962106651038e-07
2012-08-19,3904300.93,3006801.4,3904300.93,3006801.40112138,0.0,3.729477779023569e-08
2012-08-20,3541027.32,2827038.81,3541027.32,2827038.8091826653,0.0,2.8911337976264957e-08
2012-08-21,4147483.23,3364364.64,4147483.23,3364364.6362951347,0.0,1.101208061406216e-07
2012-08-22,4597682.81,3562468.33,4597682.81,3562468.3303695684,0.0,1.037394079462564e-08
2012-08-23,5478869.55,4195738.04,5478869.55,4195738.041394829,0.0,3.3243943453761414e-08
2012-08-24,4637850.57,3632210.67,4637850.57,3632210.66515299,0.0,1.334451817995828e-07
2012-08-25,3589566.28,2784342.75,3589566.28,2784342.7514336184,0.0,5.1488573621846384e-08
2012-08-26,4280204.53,3476942.48,4280204.53,3476942.4790296652,0.0,2.790770199751899e-08
2012-08-27,3038895.84,2365260.68,3038895.84,2365260.677238471,0.0,1.1675369722508941e-07
2012-08-28,9508676.62,7439851.59,9508676.62,7439851.590178641,0.0,2.401132686133238e-09
2012-08-29,9260558.32,7336294.54,9260558.32,7336294.5391727565,0.0,1.127604061016749e-08
2012-08-30,10086534.1,7950911.72,10086534.1,7950911.718327374,0.0,2.1036902440755712e-08
2012-08-31,9104678.52,7277460.12,9104678.52,7277460.121388999,0.0,1.9086311422733907e-08
2012-09-01,8560208.92,6738335.17,8560208.92,6738335.167662269,0.0,3.469299805802373e-08
2012-09-02,2587099.44,1946097.28,2587099.44,1946097.2844896885,0.0,2.3070215871065835e-07
2012-09-03,3865505.01,3063431.08,3865505.0100000002,3063431.083906126,1.2046583463301196e-14,1.2750820998060697e-07
2012-09-04,3645749.44,2876968.79,3645749.44,2876968.7934032604,0.0,1.1829326701104386e-07
2012-09-05,2398185.51,1966376.48,2398185.51,1966376.4785398233,0.0,7.42572276773753e-08
2012-09-06,2858227.37,2147909.96,2858227.37,2147909.9623033353,0.0,1.072361222258506e-07
2012-09-07,3282753.8,2580035.06,3282753.8,2580035.0621853285,0.0,8.470150006023042e-08
2012-09-08,3666204.89,2804001.32,3666204.89,2804001.3152413024,0.0,1.6971095679753216e-07
2012-09-09,4458501.42,3589475.8,4458501.42,3589475.798677543,0.0,3.684261182467823e-08
2012-09-10,4548962.79,3517300.88,4548962.79,3517300.882872304,0.0,8.166216532391357e-08
2012-09-11,4021565.55,3264364.41,4021565.55,3264364.406904006,0.0,9.484217596314173e-08
2012-09-12,3335978.29,2673690.65,3335978.29,2673690.648629919,0.0,5.124305411736023e-08
2012-09-13,2609609.29,2103806.97,2609609.29,2103806.968500585,0.0,7.127152807618566e-08
2012-09-14,3729228.43,2835412.27,3729228.43,2835412.2727730554,0.0,9.780078087532337e-08
2012-09-15,3605125.64,2849539.9,3605125.64,2849539.8978650756,0.0,7.492171942702405e-08
2012-09-16,4452012.44,3561492.95,4452012.44,3561492.953030471,0.0,8.508990697491907e-08
2012-09-17,4811788.67,3932069.23,4811788.67,3932069.2349185203,0.0,1.2508732809959534e-07
2012-09-18,5078878.07,4123200.89,5078878.07,4123200.891342271,0.0,3.255410116510222e-08
2012-09-19,3680241.62,3014323.76,3680241.62,3014323.7619800745,0.0,6.568885225990616e-08
2012-09-20,3763143.75,3080273.62,3763143.75,3080273.615609853,0.0,1.4252458029946048e-07
2012-09-21,3943768.14,2978697.93,3943768.14,2978697.932699993,0.0,9.064338455611243e-08
2012-09-22,3872374.03,3011266.74,3872374.03,3011266.7405302906,0.0,1.7610210690706874e-08
2012-09-23,4118299.54,3294951.2,4118299.54,3294951.1995498724,0.0,1.3661135803338383e-08
2012-09-24,5733263.53,4585762.62,5733263.53,4585762.616773161,0.0,7.036646406148064e-08
2012-09-25,5639897.53,4502395.62,5639897.53,4502395.616958019,0.0,6.756360490843954e-08
2012-09-26,4592282.59,3670417.04,4592282.59,3670417.0361659233,0.0,1.0445888436205838e-07
2012-09-27,7556892.66,6017108.13,7556892.66,6017108.130481164,0.0,7.996600235349077e-09
2012-09-28,4892631.14,3884590.92,4892631.14,3884590.916897309,0.0,7.987175423823382e-08
2012-09-29,5304374.46,4170120.63,5304374.46,4170120.632817558,0.0,6.756538658358777e-08
2012-09-30,4694379.86,3812737.52,4694379.86,3812737.520296814,0.0,7.78479766721038e-09
2012-10-01,4752532.1,3764447.04,4752532.1,3764447.0361134233,0.0,1.0324429326900088e-07
2012-10-02,3233135.78,2566510.62,3233135.7800000003,2566510.6177076274,1.4402775478478025e-14,8.931865444535039e-08
2012-10-03,3515132.03,2762823.63,3515132.03,2762823.63001266,0.0,4.5822445126674653e-10
2012-10-04,2398137.74,1902425.74,2398137.74,1902425.743612044,0.0,1.8986517889133232e-07
2012-10-05,2665953.06,2064899.19,2665953.06,2064899.1930245974,0.0,1.464767594502202e-07
2012-10-06,2205266.94,1755004.4,2205266.94,1755004.4009880943,0.0,5.630153228957902e-08
2012-10-07,3389598.07,2725469.75,3389598.0700000003,2725469.7486711927,1.3737949977878624e-14,4.875516685411996e-08
2012-10-08,4037039.45,3285493.04,4037039.45,3285493.036051566,0.0,1.2017783047920283e-07
2012-10-09,4298675.76,3472700.63,4298675.76,3472700.6251249947,0.0,1.403808085483314e-07
2012-10-10,3548716.67,2839202.59,3548716.67,2839202.593214902,0.0,1.1323257649283375e-07
2012-10-11,3421490.39,2765374.16,3421490.39,2765374.1643604217,0.0,1.576792617713875e-07
2012-10-12,2380119.87,1830898.15,2380119.87,1830898.1453662848,0.0,2.5308426596133994e-07
2012-10-13,2798011.44,2256579.15,2798011.44,2256579.147580793,0.0,1.0720682141595512e-07
2012-10-14,3055629.78,2516987.32,3055629.78,2516987.3245189684,0.0,1.7953878761786474e-07
2012-10-15,3234517.3,2632811.8,3234517.3,2632811.8028184487,0.0,1.0705090788122665e-07
2012-10-16,3549298.21,2763325.25,3549298.21,2763325.250532065,0.0,1.925452143351964e-08
2012-10-17,3818048.0,3108682.75,3818048.0,3108682.7533634296,0.0,1.0819468692030227e-07
2012-10-18,2909728.89,2301277.14,2909728.89,2301277.1365921665,0.0,1.480844515789935e-07
2012-10-19,2877379.81,2352068.71,2877379.81,2352068.7063831575,0.0,1.5377282244704557e-07
2012-10-20,3242557.3,2647331.71,3242557.3,2647331.7089749957,0.0,3.8718393638553495e-08
2012-10-21,2395609.91,1920246.47,2395609.91,1920246.472055591,0.0,1.0704828804108383e-07
2012-10-22,3596158.34,2873316.18,3596158.34,2873316.1756379753,0.0,1.5181151531040028e-07
2012-10-23,3999141.88,3151858.27,3999141.88,3151858.268814701,0.0,3.760635142156923e-08
2012-10-24,3829179.99,3037851.31,3829179.9899999998,3037851.310761241,1.21608618169902e-14,2.5058524696157738e-08
2012-10-25,3104460.52,2528526.7,3104460.52,2528526.703029313,0.0,1.1980545581946066e-07
2012-10-26,2138927.17,1671777.12,2138927.17,1671777.1177189236,0.0,1.3644620926758855e-07
2012-10-27,2816872.34,2296869.06,2816872.34,2296869.0605839337,0.0,2.5423028091486303e-08
2012-10-28,6259883.83,5044146.85,6259883.83,5044146.848885036,0.0,2.210410574874287e-08
2012-10-29,5424539.1,4294440.71,5424539.1,4294440.706452773,0.0,8.260044205222902e-08
2012-10-30,6347274.89,5049887.71,6347274.89,5049887.714459253,0.0,8.830399480309094e-08
2012-10-31,4942677.89,3871571.88,4942677.89,3871571.880945082,0.0,2.4410806866715015e-08
2012-11-01,5536748.35,4440955.34,5536748.35,4440955.341567881,0.0,3.530505115066431e-08
2012-11-02,1936831.08,1547786.14,1936831.08,1547786.1411564788,0.0,7.471826097524513e-08
2012-11-03,2911848.61,2151815.97,2911848.61,2151815.970563368,0.0,2.618103701472719e-08
2012-11-04,2658832.75,2131401.7,2658832.75,2131401.6986779375,0.0,6.202785172244636e-08
2012-11-05,3332448.46,2732792.99,3332448.46,2732792.988130101,0.0,6.842447370170679e-08
2012-11-06,3439495.01,2809375.18,3439495.0100000002,2809375.1817080607,1.353865279507236e-14,6.079859020488611e-08
2012-11-07,1969815.91,1538155.1,1969815.91,1538155.0998803354,0.0,7.779755519438073e-09
2012-11-08,2197716.17,1723412.77,2197716.17,1723412.7663041214,0.0,2.1445115936411857e-07
2012-11-09,2920310.06,2308918.6,2920310.06,2308918.6029431894,0.0,1.2747046816745674e-07
2012-11-10,3124993.27,2475389.25,3124993.27,2475389.2516002604,0.0,6.464681789563105e-08
2012-11-11,3484874.3,2713727.18,3484874.3,2713727.1771439714,0.0,1.0524376779512427e-07
2012-11-12,3806978.06,3077336.49,3806978.06,3077336.491716446,0.0,5.577698998417075e-08
2012-11-13,3848498.06,3048755.92,3848498.06,3048755.917154908,0.0,9.331976123747478e-08
2012-11-14,3213518.64,2550177.92,3213518.64,2550177.9155699178,0.0,1.7371659154587572e-07
2012-11-15,2996358.37,2282178.26,2996358.37,2282178.2623678665,0.0,1.0375467739325172e-07
2012-11-16,2851503.98,2255928.16,2851503.98,2255928.1620457084,0.0,9.068144451921784e-08
2012-11-17,3258479.4,2499839.57,3258479.4,2499839.5654454576,0.0,1.8219338160192308e-07
2012-11-18,3292697.97,2632996.71,3292697.97,2632996.706753754,0.0,1.23290921459486e-07
2012-11-19,4654711.93,3714724.53,4654711.93,3714724.5340443444,0.0,1.0887333949144364e-07
2012-11-20,3532139.01,2841184.71,3532139.0100000002,2841184.7066058703,1.318354928810515e-14,1.194617750162948e-07
2012-11-21,3144567.59,2465022.82,3144567.59,2465022.8180500353,0.0,7.910533488866616e-08
2012-11-22,2661394.83,2082526.75,2661394.83,2082526.7506205477,0.0,2.979782526428005e-08
2012-11-23,3625609.77,2879673.14,3625609.77,2879673.1366802696,0.0,1.152815043627876e-07
2012-11-24,2283866.51,1759438.38,2283866.5100000002,1759438.3835441489,2.0389163958086994e-14,2.0143638045577809e-07
2012-11-25,2891169.43,2288045.69,2891169.43,2288045.6864424464,0.0,1.554843738648514e-07
2012-11-26,3626699.25,2942841.67,3626699.25,2942841.666748621,0.0,1.1048432959449508e-07
2012-11-27,4703189.22,3751057.26,4703189.22,3751057.2580620293,0.0,5.1664647717637266e-08
2012-11-28,3980270.66,3143037.5,3980270.66,3143037.5020123622,0.0,6.402603335212211e-08
2012-11-29,3116036.61,2564940.27,3116036.61,2564940.272678845,0.0,1.0444083665749717e-07
2012-11-30,3184691.98,2466641.44,3184691.98,2466641.443082117,0.0,1.2495196974341418e-07
2012-12-01,3064822.76,2435991.34,3064822.76,2435991.3394424077,0.0,2.2889742237262355e-08
2012-12-02,1765509.34,1464812.23,1765509.34,1464812.225700879,0.0,2.934929740121669e-07
2012-12-03,2315389.05,1807129.65,2315389.0500000003,1807129.6520879718,2.011157854045044e-14,1.155407911142682e-07
2012-12-04,2382954.42,1864688.02,2382954.42,1864688.0152109659,0.0,2.5682763476446386e-07
2012-12-05,2286277.45,1849992.69,2286277.45,1849992.6934204567,0.0,1.8489028614800015e-07
2012-12-06,2733678.5,2184618.1,2733678.5,2184618.103481129,0.0,1.5934724328723566e-07
2012-12-07,2065198.04,1633326.72,2065198.04,1633326.7158736151,0.0,2.5263683032851575e-07
2012-12-08,2087384.34,1719369.91,2087384.34,1719369.9135124716,0.0,2.04288307072952e-07
2012-12-09,2430122.78,1883727.02,2430122.78,1883727.0169584572,0.0,1.6146409757773574e-07
2012-12-10,2542389.69,2015472.58,2542389.69,2015472.5835440466,0.0,1.758419627588568e-07
2012-12-11,3699430.17,3001083.16,3699430.17,3001083.156068486,0.0,1.3100316711922084e-07
2012-12-12,4386420.92,3545221.89,4386420.92,3545221.8909902847,0.0,2.793293727559559e-08
2012-12-13,2326824.81,1839144.84,2326824.81,1839144.8353209316,0.0,2.5441544110986023e-07
2012-12-14,2659317.57,2101555.8,2659317.57,2101555.797219413,0.0,1.3231087876684728e-07
2012-12-15,3385542.75,2693057.28,3385542.75,2693057.27821505,0.0,6.627967316921165e-08
2012-12-16,3484853.43,2706611.68,3484853.43,2706611.6845859173,0.0,1.6943387711091625e-07
2012-12-17,4281691.85,3433745.61,4281691.85,3433745.6147102737,0.0,1.3717596910685493e-07
2012-12-18,4394537.67,3473710.24,4394537.67,3473710.2368254303,0.0,9.138844935525425e-08
2012-12-19,3785472.73,3004383.53,3785472.73,3004383.5252783126,0.0,1.5715993408250044e-07
2012-12-20,3905985.95,3132486.67,3905985.95,3132486.6746040806,0.0,1.4697846078730903e-07
2012-12-21,3966203.09,3174444.37,3966203.09,3174444.3723937273,0.0,7.54061785871699e-08
2012-12-22,3225123.87,2559516.54,3225123.87,2559516.538713138,0.0,5.0277540007389324e-08
2012-12-23,2151580.15,1770780.57,2151580.15,1770780.5727602488,0.0,1.5587751363068066e-07
2012-12-24,3297376.6,2599138.83,3297376.6,2599138.8257904784,0.0,1.6195832418256004e-07
2012-12-25,4917024.98,3856446.89,4917024.9799999995,3856446.888237754,1.8940773707752823e-14,4.569611089292019e-08
2012-12-26,3285221.25,2658633.45,3285221.25,2658633.4457070464,0.0,1.614721938984044e-07
2012-12-27,4994041.71,3924374.73,4994041.71,3924374.72856053,0.0,3.6680234826978446e-08
2012-12-28,8573663.31,6682336.48,8573663.31,6682336.483115843,0.0,4.662803389480457e-08
2012-12-29,7842913.37,6260959.87,7842913.37,6260959.873633748,0.0,5.8038190374717014e-08
2012-12-30,6511908.92,5180121.12,6511908.92,5180121.120097665,0.0,1.8853807115653194e-09
2012-12-31,5573749.22,4432224.44,5573749.22,4432224.43735584,0.0,5.965764591174984e-08
2013-01-01,5304546.99,4156070.2,5304546.99,4156070.197070572,0.0,7.048553045766573e-08
2013-01-02,1606940.44,1237497.84,1606940.44,1237497.8395401868,0.0,3.7156693544700244e-08
2013-01-03,2281680.01,1832133.02,2281680.01,1832133.0196917208,0.0,1.6826244466641534e-08
2013-01-04,2376895.46,1940747.07,2376895.46,1940747.074533434,0.0,2.3359220225705728e-07
2013-01-05,2509462.77,1977027.71,2509462.77,1977027.7145447754,0.0,2.2987919918259417e-07
2013-01-06,2603356.52,2060481.76,2603356.52,2060481.7609435967,0.0,4.579495562518251e-08
2013-01-07,3048100.39,2452517.39,3048100.39,2452517.39246589,0.0,1.0054525196104996e-07
2013-01-08,2449700.42,1973182.14,2449700.42,1973182.1369054166,0.0,1.56832115058057e-07
2013-01-09,2049715.7,1654806.5,2049715.7,1654806.4968469301,0.0,1.9054009493764957e-07
2013-01-10,2794331.46,2122153.07,2794331.46,2122153.072434894,0.0,1.1473696272517238e-07
2013-01-11,2343077.25,1805692.13,2343077.25,1805692.1294030969,0.0,3.305674437933719e-08
2013-01-12,2814596.53,2241879.07,2814596.5300000003,2241879.070141155,1.6544512946860603e-14,6.2962796070450125e-09
2013-01-13,2919719.62,2279740.92,2919719.62,2279740.923355424,0.0,1.4718444058356193e-07
2013-01-14,3077677.28,2477490.97,3077677.28,2477490.9661998134,0.0,1.5338852251199945e-07
2013-01-15,2536405.93,2094291.34,2536405.93,2094291.3407973684,0.0,3.8073420732033456e-08
2013-01-16,1849789.43,1445623.48,1849789.43,1445623.475795541,0.0,2.908405321924205e-07
2013-01-17,2173214.95,1763012.0,2173214.95,1763012.0038701154,0.0,2.1951724563399742e-07
2013-01-18,2099249.56,1615535.57,2099249.56,1615535.5722261153,0.0,1.377942550898996e-07
2013-01-19,2477132.79,2033637.15,2477132.79,2033637.1516129088,0.0,7.93115382147707e-08
2013-01-20,2522776.58,2018671.04,2522776.58,2018671.0355339681,0.0,2.212362401974914e-07
2013-01-21,4100379.42,3250868.59,4100379.42,3250868.5895844824,0.0,1.278173729275781e-08
2013-01-22,3538734.12,2801650.02,3538734.12,2801650.0234025894,0.0,1.2144947907034038e-07
2013-01-23,2836455.88,2322088.98,2836455.88,2322088.9810679625,0.0,4.599145453387247e-08
2013-01-24,2522924.71,2102458.71,2522924.71,2102458.7113773976,0.0,6.551366150338177e-08
2013-01-25,2823082.71,2273250.41,2823082.71,2273250.408301645,0.0,7.471043150305266e-08
2013-01-26,2312290.79,1869897.73,2312290.79,1869897.7321910458,0.0,1.1717463217549499e-07
2013-01-27,3818881.29,3023842.24,3818881.29,3023842.2383172247,0.0,5.5650243207345976e-08
2013-01-28,5008712.77,4035190.91,5008712.7700000005,4035190.9078739835,1.8594050355486418e-14,5.268689143815979e-08
2013-01-29,4833870.43,4015854.7,4833870.43,4015854.697174718,0.0,7.03531940145648e-08
2013-01-30,4296295.37,3414688.28,4296295.37,3414688.2774605784,0.0,7.436759151907878e-08
2013-01-31,3378679.46,2731823.14,3378679.46,2731823.143573655,0.0,1.3081574106475494e-07
2013-02-01,4073777.92,3289266.58,4073777.92,3289266.578764332,0.0,3.756667487225097e-08
2013-02-02,2351969.75,1915236.16,2351969.75,1915236.1550327926,0.0,2.593522107423634e-07
2013-02-03,2743224.75,2293960.05,2743224.75,2293960.053610189,0.0,1.5737802725848527e-07
2013-02-04,3599084.22,2986552.92,3599084.22,2986552.918792206,0.0,4.044107354351702e-08
2013-02-05,3829186.14,3181079.49,3829186.14,3181079.4893044885,0.0,2.1864015058700698e-08
2013-02-06,2313071.08,1919077.04,2313071.08,1919077.0431364079,0.0,1.6343313746188082e-07
2013-02-07,2839296.13,2338660.54,2839296.13,2338660.543321629,0.0,1.420312593802723e-07
2013-02-08,2648161.4,2136088.4,2648161.4,2136088.4046254246,0.0,2.165371406304472e-07
2013-02-09,2957587.36,2354253.06,2957587.36,2354253.0614391556,0.0,6.113002758869383e-08
2013-02-10,3380985.73,2832001.18,3380985.73,2832001.178328914,0.0,5.900725173677972e-08
2013-02-11,4189315.44,3426089.62,4189315.44,3426089.6176266633,0.0,6.927246737766098e-08
2013-02-12,3967295.55,3276616.25,3967295.55,3276616.24640729,0.0,1.0964695700045368e-07
2013-02-13,3156812.35,2628245.52,3156812.35,2628245.516839962,0.0,1.2023374557631393e-07
2013-02-14,3286622.13,2725794.93,3286622.13,2725794.932520157,0.0,9.245585559381518e-08
2013-02-15,2860640.37,2293142.09,2860640.37,2293142.0908240667,0.0,3.5936142548841666e-08
2013-02-16,3339909.75,2755975.45,3339909.75,2755975.445567552,0.0,1.608304669760509e-07
2013-02-17,3433567.61,2907659.44,3433567.61,2907659.442608394,0.0,8.970769459416831e-08
2013-02-18,4473211.04,3823113.82,4473211.04,3823113.8235911126,0.0,9.393162122732494e-08
2013-02-19,4318301.23,3421155.04,4318301.2299999995,3421155.0366575317,2.1566873754554598e-14,9.769999466382185e-08
2013-02-20,3392471.04,2787089.48,3392471.04,2787089.4763023844,0.0,1.3266942482578376e-07
2013-02-21,3412803.18,2676550.95,3412803.18,2676550.9485230874,0.0,5.517969905427886e-08
2013-02-22,3535377.38,2908690.59,3535377.38,2908690.5881587123,0.0,6.33029721558864e-08
2013-02-23,4286140.45,3439856.85,4286140.45,3439856.847830446,0.0,6.307105837245281e-08
2013-02-24,5419232.89,4431878.1,5419232.89,4431878.098702017,0.0,2.92874122507215e-08
2013-02-25,9128225.25,7430696.94,9128225.25,7430696.937494205,0.0,3.3722208281060516e-08
2013-02-26,6762535.71,5653323.87,6762535.71,5653323.871341409,0.0,2.372779413977194e-08
2013-02-27,5716765.68,4880975.48,5716765.68,4880975.481365207,0.0,2.7969945965693784e-08
2013-02-28,4367566.41,3573846.75,4367566.41,3573846.746956436,0.0,8.516213059467458e-08
2013-03-01,2693901.21,2256905.73,2693901.21,2256905.7263610037,0.0,1.61238293147693e-07
2013-03-02,279813.94,236576.31,279813.94,236576.31017282695,0.0,7.305336542745414e-08
2013-03-03,1959484.08,1505793.8,1959484.08,1505793.8006563322,0.0,4.3587118114179005e-08
2013-03-04,1412869.43,1130489.5,1412869.43,1130489.496051826,0.0,3.4924463706718227e-07
2013-03-05,2440470.72,1954056.55,2440470.7199999997,1954056.5505418319,1.9080797958016034e-14,2.772856457911122e-08
2013-03-06,3247761.18,2622451.1,3247761.18,2622451.104961691,0.0,1.8920051037203545e-07
2013-03-07,4017685.67,3191424.08,4017685.67,3191424.081196506,0.0,3.7491287197645884e-08
2013-03-08,3622255.55,2838056.23,3622255.55,2838056.225712866,0.0,1.5105880846705658e-07
2013-03-09,3263371.09,2560913.71,3263371.09,2560913.71143072,0.0,5.5867563412204505e-08
2013-03-10,3510986.19,2877727.07,3510986.19,2877727.0681572435,0.0,6.403513068349308e-08
2013-03-11,3242639.13,2568418.97,3242639.13,2568418.9712660294,0.0,4.929216037221036e-08
2013-03-12,3660190.99,2853606.73,3660190.99,2853606.729305804,0.0,2.4326975342751418e-08
2013-03-13,4335373.37,3463021.54,4335373.37,3463021.5391725707,0.0,2.3893277616330858e-08
2013-03-14,6692797.3,5359353.2,6692797.3,5359353.198441376,0.0,2.9082319261463868e-08
2013-03-15,5330057.69,4206775.58,5330057.69,4206775.578542924,0.0,3.46364214591097e-08
2013-03-16,3591734.21,2762570.88,3591734.21,2762570.8790708706,0.0,3.36327772322084e-08
2013-03-17,4401297.64,3565497.63,4401297.64,3565497.6290408857,0.0,2.689986843616494e-08
2013-03-18,4567013.37,3743618.37,4567013.37,3743618.3676799918,0.0,6.197235196275821e-08
2013-03-19,4645433.62,3929520.42,4645433.62,3929520.415661385,0.0,1.1041080448899598e-07
2013-03-20,4992105.19,4308112.41,4992105.19,4308112.410824405,0.0,1.913610421331769e-08
2013-03-21,7355693.45,6496769.78,7355693.45,6496769.782881268,0.0,4.4349240267303136e-08
2013-03-22,6603332.26,6021167.98,6603332.26,6021167.9837412005,0.0,6.21341257116708e-08
2013-03-23,6009508.61,5393148.03,6009508.61,5393148.025183557,0.0,8.93067209090713e-08
2013-03-24,5088153.2,4610104.28,5088153.2,4610104.277988387,0.0,4.363486955675602e-08
2013-03-25,4694308.82,4169990.65,4694308.82,4169990.653469533,0.0,8.320242365504429e-08
2013-03-26,5731432.22,5192620.7,5731432.22,5192620.703736079,0.0,7.194977170518654e-08
2013-03-27,6872130.59,6081507.57,6872130.59,6081507.5666059265,0.0,5.580974400896932e-08
2013-03-28,8099154.93,7239463.63,8099154.93,7239463.633114622,0.0,4.3022829390007515e-08
2013-03-29,8381683.44,7644413.84,8381683.44,7644413.84249271,0.0,3.2608255764811434e-08
2013-03-30,11636994.38,10600188.31,11636994.38,10600188.309962846,0.0,3.505049316591801e-10
2013-03-31,9455023.8,8513517.85,9455023.8,8513517.847364359,0.0,3.095830736428955e-08
2013-04-01,10313848.23,9188774.52,10313848.23,9188774.521137936,0.0,1.2383985321623961e-08
2013-04-02,8250013.05,7374699.1,8250013.05,7374699.104846523,0.0,6.571825440145901e-08
2013-04-03,8740749.51,7769943.74,8740749.51,7769943.744429059,0.0,5.700246039530904e-08
2013-04-04,4270660.8,3779960.51,4270660.8,3779960.513186505,0.0,8.42999623793865e-08
2013-04-05,3073716.42,2637291.44,3073716.42,2637291.442560613,0.0,9.709253867082451e-08
2013-04-06,3663196.56,3221790.63,3663196.56,3221790.6253668773,0.0,1.4380582481981935e-07
2013-04-07,2924734.26,2598895.09,2924734.2600000002,2598895.0888248663,1.5921490498344944e-14,4.52166582616486e-08
2013-04-08,4670874.28,4351446.44,4670874.28,4351446.443053682,0.0,7.017624982968089e-08
2013-04-09,4293257.18,3845242.09,4293257.18,3845242.0947467918,0.0,1.2344585322727588e-07
2013-04-10,6011834.78,5327749.04,6011834.78,5327749.043386013,0.0,6.355429252387972e-08
2013-04-11,4244755.76,3794688.65,4244755.76,3794688.647941739,0.0,5.4240578449717254e-08
2013-04-12,4282161.81,3850989.97,4282161.81,3850989.972341034,0.0,6.079044373214484e-08
2013-04-13,5214391.75,4691901.42,5214391.75,4691901.421551807,0.0,3.307415880718344e-08
2013-04-14,4506492.03,3873550.82,4506492.03,3873550.823940543,0.0,1.0172948137137107e-07
2013-04-15,5167610.5,4514315.72,5167610.5,4514315.719514542,0.0,1.0753733457387998e-08
2013-04-16,5887221.88,4755791.57,5887221.88,4755791.574739393,0.0,9.965517788239644e-08
2013-04-17,8104639.53,6617328.78,8104639.53,6617328.783990504,0.0,6.030384906094598e-08
2013-04-18,6536742.64,5253454.75,6536742.64,5253454.751920131,0.0,3.6549872922177494e-08
2013-04-19,5871312.85,4657092.08,5871312.85,4657092.083730288,0.0,8.00990770918427e-08
2013-04-20,6012115.71,4722140.67,6012115.71,4722140.671297231,0.0,2.747124499107157e-08
2013-04-21,6323547.99,5021941.78,6323547.99,5021941.775122844,0.0,9.711694781942215e-08
2013-04-22,7292352.56,5866886.82,7292352.56,5866886.822934808,0.0,5.002325767578445e-08
2013-04-23,8757473.08,6907927.03,8757473.08,6907927.032328341,0.0,3.3705348729978653e-08
2013-04-24,9358565.61,7286897.36,9358565.61,7286897.364429984,0.0,6.079382880792886e-08
2013-04-25,9127283.0,7206948.14,9127283.0,7206948.139514374,0.0,6.7383036467884346e-09
2013-04-26,6156392.84,4860244.05,6156392.84,4860244.047433083,0.0,5.2814567369114516e-08
2013-04-27,6420235.09,5103697.51,6420235.09,5103697.508065413,0.0,3.790559727259931e-08
2013-04-28,9099343.31,7234100.22,9099343.31,7234100.223617342,0.0,5.000404267945549e-08
2013-04-29,13160942.22,10423989.71,13160942.22,10423989.713000402,0.0,2.878361398963242e-08
2013-04-30,11190466.86,8842281.65,11190466.86,8842281.64517879,0.0,5.4524514039027854e-08
2013-05-01,13051232.31,10395426.51,13051232.31,10395426.50719429,0.0,2.698984823920599e-08
2013-05-02,11179665.29,8989067.99,11179665.29,8989067.99047802,0.0,5.317791993615644e-09
2013-05-03,8173550.12,6507576.59,8173550.12,6507576.593981517,0.0,6.118278657881612e-08
2013-05-04,3225175.57,2586608.79,3225175.57,2586608.7921291203,0.0,8.231319304200224e-08
2013-05-05,3906711.0,3268319.42,3906711.0,3268319.4166766824,0.0,1.0168276347417885e-07
2013-05-06,4311626.38,3384442.35,4311626.38,3384442.3549343077,0.0,1.4579381603166994e-07
2013-05-07,3763332.37,3079887.85,3763332.37,3079887.848970026,0.0,3.344194222252232e-08
2013-05-08,5458168.5,4267785.48,5458168.5,4267785.477708691,0.0,5.368849156078239e-08
2013-05-09,5815611.07,4647084.74,5815611.07,4647084.735493381,0.0,9.697735030210083e-08
2013-05-10,4248246.45,3392369.6,4248246.45,3392369.599516071,0.0,1.4265225687932761e-08
2013-05-11,4388803.6,3347274.34,4388803.6,3347274.340555767,0.0,1.6603575196142246e-08
2013-05-12,4298069.68,3423974.02,4298069.68,3423974.023742509,0.0,1.093030798137508e-07
2013-05-13,4663488.62,3677688.54,4663488.62,3677688.540888869,0.0,2.4169234471775214e-08
2013-05-14,5622176.45,4515976.68,5622176.45,4515976.675201939,0.0,1.0624634764643741e-07
2013-05-15,6416011.44,5136196.06,6416011.44,5136196.062761822,0.0,5.377174394431134e-08
2013-05-16,7727680.05,6101584.58,7727680.05,6101584.582459079,0.0,4.030230172070979e-08
2013-05-17,6520355.77,5213542.1,6520355.77,5213542.099755184,0.0,4.695767851699063e-09
2013-05-18,5126131.05,4165368.61,5126131.05,4165368.6146055628,0.0,1.1056795503654436e-07
2013-05-19,5417543.03,4323889.4,5417543.03,4323889.398135041,0.0,4.3131526116946385e-08
2013-05-20,5837064.06,4872375.63,5837064.06,4872375.6327826185,0.0,5.7110100662583184e-08
2013-05-21,5156527.79,4086850.49,5156527.79,4086850.4929385222,0.0,7.19018724353384e-08
2013-05-22,6977473.78,5617374.39,6977473.78,5617374.394604194,0.0,8.196345825701206e-08
2013-05-23,9166919.02,7150676.62,9166919.02,7150676.624832508,0.0,6.758112972048677e-08
2013-05-24,6670030.19,5242528.96,6670030.19,5242528.962805609,0.0,5.3516333003320764e-08
2013-05-25,5054594.94,3916382.21,5054594.94,3916382.209495219,0.0,1.2888962295464393e-08
2013-05-26,3649585.05,2889501.26,3649585.05,2889501.264892538,0.0,1.6932120326006398e-07
2013-05-27,4403026.04,3471897.02,4403026.04,3471897.019230159,0.0,2.2173498079853415e-08
2013-05-28,6274027.61,4977411.59,6274027.61,4977411.589757211,0.0,4.877821967385923e-09
2013-05-29,7359639.59,5841803.19,7359639.59,5841803.185921022,0.0,6.982396599060425e-08
2013-05-30,12828293.48,10036927.65,12828293.48,10036927.65175384,0.0,1.7473860468035063e-08
2013-05-31,13809349.18,11231361.14,13809349.18,11231361.13732176,0.0,2.384608316565597e-08
2013-06-01,13162597.88,10314262.16,13162597.88,10314262.163040776,0.0,2.948127175293879e-08
2013-06-02,12079925.72,9610953.04,12079925.72,9610953.035842564,0.0,4.325726212220044e-08
2013-06-03,9411997.25,7525850.2,9411997.25,7525850.196699318,0.0,4.385793702837454e-08
2013-06-04,5397308.75,4297393.33,5397308.75,4297393.331514357,0.0,3.5238956899410865e-08
2013-06-05,6860958.96,5505167.85,6860958.96,5505167.845718938,0.0,7.77644173279217e-08
2013-06-06,5692902.11,4632206.37,5692902.11,4632206.372637329,0.0,5.693460889614592e-08
2013-06-07,3843507.28,2986865.05,3843507.2800000003,2986865.0528757656,1.2115530253600542e-14,9.62804056237798e-08
2013-06-08,3646959.35,2897196.14,3646959.35,2897196.1412878656,0.0,4.4452132000576084e-08
2013-06-09,3880132.51,3070545.08,3880132.51,3070545.0835981136,0.0,1.1718158993077858e-07
2013-06-10,4476887.83,3582347.82,4476887.83,3582347.823005527,0.0,8.389824525459083e-08
2013-06-11,5003847.86,3903592.44,5003847.86,3903592.436581513,0.0,8.757284689824775e-08
2013-06-12,7209020.15,5796177.46,7209020.15,5796177.460246051,0.0,4.245052352150314e-09
2013-06-13,6845836.24,5559998.61,6845836.24,5559998.606815746,0.0,5.727077477134153e-08
2013-06-14,4871516.57,3975403.65,4871516.57,3975403.654644205,0.0,1.168234793570155e-07
2013-06-15,5166292.57,4029821.84,5166292.57,4029821.837873182,0.0,5.2776974804167735e-08
2013-06-16,5794009.15,4551326.63,5794009.15,4551326.6280371,0.0,4.312808816674984e-08
2013-06-17,5795298.96,4637293.92,5795298.96,4637293.920961886,0.0,2.0742394252780828e-08
2013-06-18,6632615.61,5459331.17,6632615.61,5459331.165146793,0.0,8.889745896612366e-08
2013-06-19,7437341.02,6031157.35,7437341.02,6031157.346743171,0.0,5.400005894676759e-08
2013-06-20,7078652.68,5515676.8,7078652.68,5515676.804208479,0.0,7.630032050869835e-08
2013-06-21,5526354.45,4396745.86,5526354.45,4396745.864378819,0.0,9.959226769690214e-08
2013-06-22,5117274.96,4111300.17,5117274.96,4111300.1713903574,0.0,3.3817951604463576e-08
2013-06-23,5844565.63,4855247.11,5844565.63,4855247.11074807,0.0,1.540745383191607e-08
2013-06-24,5243774.5,4800223.91,5243774.5,4800223.9064832395,0.0,7.326242943420291e-08
2013-06-25,6728887.1,6142934.34,6728887.1,6142934.344584423,0.0,7.46292083328897e-08
2013-06-26,8817278.13,8290194.65,8817278.13,8290194.645659622,0.0,5.2355568847546994e-08
2013-06-27,7748199.74,7462815.86,7748199.74,7462815.864497677,0.0,6.026782882170448e-08
2013-06-28,6285354.21,6043485.1,6285354.21,6043485.100123647,0.0,2.045955927298042e-09
2013-06-29,9546012.78,9167617.84,9546012.78,9167617.836448679,0.0,3.873766518357502e-08
2013-06-30,7372318.59,7149429.97,7372318.59,7149429.974244638,0.0,5.937030818844342e-08
2013-07-01,6359864.53,6248239.94,6359864.53,6248239.944970477,0.0,7.955003345511696e-08
2013-07-02,7209130.33,6927420.38,7209130.33,6927420.3771918835,0.0,4.05362490272316e-08
2013-07-03,8038680.63,7869401.17,8038680.63,7869401.169853023,0.0,1.867698303058322e-09
2013-07-04,2521315.44,2408274.98,2521315.44,2408274.9794025864,0.0,2.480670331481174e-08
2013-07-05,2494107.65,2432073.97,2494107.65,2432073.9673306956,0.0,1.097542526347875e-07
2013-07-06,2452372.43,2331799.51,2452372.43,2331799.5073621473,0.0,1.1312518240344256e-07
2013-07-07,2958215.01,2950992.63,2958215.0100000002,2950992.6323119523,1.574129283144092e-14,7.834490634185178e-08
2013-07-08,2571901.18,2450996.77,2571901.18,2450996.772501703,0.0,1.0206879495187299e-07
2013-07-09,4624825.33,4592718.95,4624825.33,4592718.954684603,0.0,1.0200064259832153e-07
2013-07-10,3855254.64,3797797.81,3855254.64,3797797.8079540115,0.0,5.3873025191374554e-08
2013-07-11,5785320.61,5626075.87,5785320.61,5626075.868373612,0.0,2.8908038345118815e-08
2013-07-12,6053300.71,5886949.95,6053300.71,5886949.950517229,0.0,8.786020310300045e-09
2013-07-13,4161301.31,3995435.41,4161301.31,3995435.4077347354,0.0,5.669631750602338e-08
2013-07-14,4482102.22,4419156.67,4482102.22,4419156.669975763,0.0,5.484471470841339e-10
2013-07-15,4387240.36,4219310.04,4387240.36,4219310.038365453,0.0,3.873968661713428e-08
2013-07-16,4411030.39,4135243.61,4411030.39,4135243.6073490013,0.0,6.410743314762208e-08
2013-07-17,4475453.64,4375610.63,4475453.64,4375610.626190602,0.0,8.705980404329163e-08
2013-07-18,6265533.39,6163756.55,6265533.39,6163756.549372565,0.0,1.0179422360316482e-08
2013-07-19,6310739.5,5960928.51,6310739.5,5960928.512232975,0.0,3.7460193034230525e-08
2013-07-20,4157746.85,3978173.28,4157746.85,3978173.277852774,0.0,5.397516678976615e-08
2013-07-21,4847680.2,4301699.27,4847680.2,4301699.266029001,0.0,9.231231869342164e-08
2013-07-22,5926190.4,5032346.99,5926190.4,5032346.986113704,0.0,7.722632047355827e-08
2013-07-23,4436778.28,3552350.42,4436778.28,3552350.4212104916,0.0,3.4075794770005506e-08
2013-07-24,7329505.1,5924978.27,7329505.1,5924978.265859326,0.0,6.988503613965933e-08
2013-07-25,6342757.31,4978292.65,6342757.31,4978292.649606511,0.0,7.904102940000672e-09
2013-07-26,6941436.71,5543496.22,6941436.71,5543496.219021149,0.0,1.765764277125872e-08
2013-07-27,4353958.13,3499528.32,4353958.13,3499528.3163978937,0.0,1.0293118942848487e-07
2013-07-28,6017516.42,4917333.26,6017516.42,4917333.256443881,0.0,7.231802602597523e-08
2013-07-29,8158241.16,6599164.67,8158241.16,6599164.665779941,0.0,6.394838365984713e-08
2013-07-30,7711378.77,7073525.07,7711378.77,7073525.070301581,0.0,4.263516042249416e-09
2013-07-31,10104475.36,10851542.12,10104475.36,10851542.123203382,0.0,2.952006894650332e-08
2013-08-01,10998208.4,12167214.07,10998208.4,12167214.066204641,0.0,3.11933303864825e-08
2013-08-02,7422715.15,9601836.11,7422715.15,9601836.110756498,0.0,7.878685050779932e-09
2013-08-03,5599602.67,7786528.35,5599602.67,7786528.35414923,0.0,5.3287293265580024e-08
2013-08-04,5021938.29,7089757.76,5021938.29,7089757.763159504,0.0,4.456434889254121e-08
2013-08-05,2231563.34,3064145.21,2231563.34,3064145.2145472043,0.0,1.4840041985610003e-07
2013-08-06,2493225.51,3592496.3,2493225.51,3592496.3006389723,0.0,1.7786309263611368e-08
2013-08-07,2638845.23,3381813.66,2638845.23,3381813.661181595,0.0,3.493968462611115e-08
2013-08-08,3065089.0,4223344.7,3065089.0,4223344.701646852,0.0,3.899402577196938e-08
2013-08-09,2598855.08,3418548.13,2598855.08,3418548.1276169973,0.0,6.970802969752473e-08
2013-08-10,1776113.02,2320738.01,1776113.02,2320738.0089596496,0.0,4.482841990937513e-08
2013-08-11,2074476.53,2834815.33,2074476.53,2834815.325124931,0.0,1.7197130856680388e-07
2013-08-12,1933036.01,2566277.36,1933036.01,2566277.3648454016,0.0,1.8881052427781942e-07
2013-08-13,2531884.21,3266499.42,2531884.21,3266499.4177123476,0.0,7.00337593665203e-08
2013-08-14,2791478.67,3740726.27,2791478.67,3740726.27353045,0.0,9.437873585098647e-08
2013-08-15,3665019.45,4896607.22,3665019.45,4896607.215567772,0.0,9.051629553677243e-08
2013-08-16,3619170.1,4661015.06,3619170.1,4661015.055144322,0.0,1.0417639554818352e-07
2013-08-17,3066137.96,4129676.85,3066137.96,4129676.8502431363,0.0,5.887535573232011e-09
2013-08-18,2385617.18,2947242.18,2385617.18,2947242.175970826,0.0,1.3670998476619666e-07
2013-08-19,2870843.18,3669528.41,2870843.18,3669528.407613141,0.0,6.50453923714426e-08
2013-08-20,2730112.88,3528369.0,2730112.88,3528369.0013037566,0.0,3.6950687684849836e-08
2013-08-21,2707776.73,3591906.04,2707776.73,3591906.042801856,0.0,7.800471378848843e-08
2013-08-22,3821233.2,5275320.79,3821233.2,5275320.7901866445,0.0,3.538069095008321e-09
2013-08-23,3454696.96,4693020.59,3454696.96,4693020.5893043745,0.0,1.4822549927848122e-08
2013-08-24,2837188.07,4087795.83,2837188.07,4087795.83050449,0.0,1.2341369507405359e-08
2013-08-25,3018860.44,3945685.24,3018860.44,3945685.24348867,0.0,8.841733248825105e-08
2013-08-26,3465971.03,4845153.03,3465971.03,4845153.032138279,0.0,4.413232015277708e-08
2013-08-27,3008572.56,3950990.04,3008572.56,3950990.036800036,0.0,8.09914426008382e-08
2013-08-28,3749158.5,4845899.79,3749158.5,4845899.794932455,0.0,1.017861491352616e-07
2013-08-29,6385124.62,8251851.88,6385124.62,8251851.884972079,0.0,6.02540970167574e-08
2013-08-30,5499141.72,7247803.25,5499141.72,7247803.246730943,0.0,4.5104105020745526e-08
2013-08-31,6810100.27,8325085.12,6810100.27,8325085.12251516,0.0,3.0211817790145894e-08
2013-09-01,6018993.92,6937336.62,6018993.92,6937336.615178081,0.0,6.95067742695372e-08
2013-09-02,5386759.65,5986639.99,5386759.65,5986639.991775371,0.0,2.9655548249590675e-08
2013-09-03,4126941.12,3701795.41,4126941.12,3701795.4103739173,0.0,1.0100967901509602e-08
2013-09-04,5401049.96,4808183.3,5401049.96,4808183.295058016,0.0,1.0278277202489754e-07
2013-09-05,3168900.6,2729766.04,3168900.6,2729766.035565955,0.0,1.624331489791154e-07
2013-09-06,2705040.33,2367475.06,2705040.33,2367475.0559552847,0.0,1.708451076609665e-07
2013-09-07,2468479.29,2187848.67,2468479.29,2187848.6723685153,0.0,1.082577323492463e-07
2013-09-08,3056823.21,2611808.27,3056823.21,2611808.2697733706,0.0,8.677108304385317e-09
2013-09-09,3771227.87,3399993.99,3771227.87,3399993.9944972913,0.0,1.3227350012394095e-07
2013-09-10,5357130.97,4737093.81,5357130.97,4737093.814039321,0.0,8.527002539456483e-08
2013-09-11,4636476.74,4075727.91,4636476.74,4075727.910514391,0.0,1.262083460275308e-08
2013-09-12,3865949.23,3502787.78,3865949.23,3502787.7817488615,0.0,4.9927710579140066e-08
2013-09-13,3034568.95,2783517.1,3034568.95,2783517.098832789,0.0,4.1932963729344364e-08
2013-09-14,3664631.38,3289032.18,3664631.38,3289032.1826976994,0.0,8.202106546780183e-08
2013-09-15,3078369.62,2753095.6,3078369.62,2753095.604395355,0.0,1.5965137588455872e-07
2013-09-16,3927167.34,3489729.16,3927167.34,3489729.159788277,0.0,6.067036698710006e-09
2013-09-17,5410121.46,4728526.43,5410121.46,4728526.429214557,0.0,1.661073512272689e-08
2013-09-18,4460453.69,3992756.75,4460453.69,3992756.7453149995,0.0,1.1733748910384404e-07
2013-09-19,2995364.48,2599191.98,2995364.48,2599191.979628948,0.0,1.4275665479810046e-08
2013-09-20,3316913.08,3045593.87,3316913.08,3045593.868808407,0.0,3.912515232855165e-08
2013-09-21,3799564.88,3399323.86,3799564.88,3399323.861966137,0.0,5.783906018743504e-08
2013-09-22,3243304.2,2980813.06,3243304.2,2980813.0576366684,0.0,7.92847980854202e-08
2013-09-23,4426354.9,3977701.82,4426354.9,3977701.8171864417,0.0,7.07332580852798e-08
2013-09-24,4673257.46,4051335.39,4673257.46,4051335.388921071,0.0,2.6631448216143554e-08
2013-09-25,4851490.55,4336304.71,4851490.55,4336304.708933787,0.0,2.4588044744555337e-08
2013-09-26,4120039.5,3761711.17,4120039.5,3761711.170252212,0.0,6.704712847289258e-09
2013-09-27,4676571.41,4202205.54,4676571.41,4202205.541523829,0.0,3.626260188270732e-08
2013-09-28,7035889.97,6246182.51,7035889.97,6246182.508625455,0.0,2.200615453694824e-08
2013-09-29,5087376.98,4359895.07,5087376.98,4359895.067008656,0.0,6.861045507701332e-08
2013-09-30,5768935.23,5117966.77,5768935.23,5117966.771858298,0.0,3.63093148175174e-08
2013-10-01,5389130.81,4591599.54,5389130.81,4591599.544784056,0.0,1.041914902167263e-07
2013-10-02,5393969.29,4651419.05,5393969.29,4651419.054861413,0.0,1.0451463196383178e-07
2013-10-03,2026611.74,1672946.51,2026611.74,1672946.507316595,0.0,1.603999320880276e-07
2013-10-04,2912944.43,2284930.64,2912944.43,2284930.641944284,0.0,8.509159625078051e-08
2013-10-05,2463961.82,1952842.64,2463961.82,1952842.6444919524,0.0,2.3002122079576754e-07
2013-10-06,2875234.12,2170808.86,2875234.12,2170808.864070915,0.0,1.8752988145499895e-07
2013-10-07,2084519.3,1674894.34,2084519.3,1674894.3446584428,0.0,2.7813352626804315e-07
2013-10-08,2982770.86,2404722.52,2982770.86,2404722.5189680476,0.0,4.291357675911682e-08
2013-10-09,3524600.98,2822967.5,3524600.98,2822967.5008646892,0.0,3.063050631540976e-08
2013-10-10,4018321.34,3267316.51,4018321.34,3267316.5115742576,0.0,4.818198205022577e-08
2013-10-11,1938342.36,1556262.82,1938342.36,1556262.8230332404,0.0,1.9490540330128304e-07
2013-10-12,3170838.37,2562812.71,3170838.37,2562812.712748723,0.0,1.0725415599523232e-07
2013-10-13,3719451.39,2946745.46,3719451.39,2946745.46458559,0.0,1.5561541625441977e-07
2013-10-14,3097590.81,2398025.79,3097590.81,2398025.7904062816,0.0,1.6942334758381322e-08
2013-10-15,4062456.23,3281418.54,4062456.23,3281418.5409074896,0.0,2.7655404307850993e-08
2013-10-16,4801027.51,3944302.72,4801027.51,3944302.723489441,0.0,8.846787430865418e-08
2013-10-17,3348412.32,2713865.33,3348412.32,2713865.3309229626,0.0,3.400915098187436e-08
2013-10-18,3238854.55,2560313.88,3238854.55,2560313.88164152,0.0,6.411402569974855e-08
2013-10-19,3376648.2,2769325.22,3376648.2,2769325.215153772,0.0,1.7499671947608792e-07
2013-10-20,2888479.98,2302148.44,2888479.98,2302148.442998543,0.0,1.3024976668789638e-07
2013-10-21,3409990.75,2751364.44,3409990.75,2751364.440946647,0.0,3.4406456962113276e-08
2013-10-22,3932052.89,3189287.97,3932052.89,3189287.9676771313,0.0,7.283346413170723e-08
2013-10-23,4895108.72,3861527.06,4895108.72,3861527.055036108,0.0,1.285473847323541e-07
2013-10-24,4333852.18,3403031.49,4333852.18,3403031.488631137,0.0,4.0224812684410116e-08
2013-10-25,3503713.92,2743366.59,3503713.92,2743366.5861946126,0.0,1.3871231476606476e-07
2013-10-26,2923604.47,2331573.03,2923604.47,2331573.0339837666,0.0,1.7086176244940397e-07
2013-10-27,2949737.88,2365410.99,2949737.88,2365410.986370517,0.0,1.5343985877761014e-07
2013-10-28,3235799.73,2588267.2,3235799.73,2588267.202982959,0.0,1.1524925578034284e-07
2013-10-29,5981959.98,4833162.34,5981959.98,4833162.3449939815,0.0,1.0332741444319302e-07
2013-10-30,6960811.52,5563340.73,6960811.52,5563340.726586076,0.0,6.136464009204134e-08
2013-10-31,5649038.29,4525813.51,5649038.29,4525813.507500186,0.0,5.523458135744108e-08
2013-11-01,4823330.61,3780905.84,4823330.61,3780905.835491912,0.0,1.1923301102849343e-07
2013-11-02,4871579.51,3874376.58,4871579.51,3874376.578570809,0.0,3.6888279435102566e-08
2013-11-03,2310551.56,1894570.42,2310551.56,1894570.4212030875,0.0,6.35018688913361e-08
2013-11-04,2638652.15,2128739.96,2638652.15,2128739.9587325356,0.0,5.954059160002596e-08
2013-11-05,3529966.51,2818098.89,3529966.51,2818098.8938708594,0.0,1.373571129898612e-07
2013-11-06,2440647.75,1890461.99,2440647.75,1890461.9928157202,0.0,1.4894349500041744e-07
2013-11-07,2145217.46,1755584.37,2145217.46,1755584.368148521,0.0,1.0546226594752634e-07
2013-11-08,2200221.02,1790704.8,2200221.02,1790704.7984991416,0.0,8.381384020535757e-08
2013-11-09,2018930.67,1594615.53,2018930.67,1594615.5301018017,0.0,6.384090996404612e-09
2013-11-10,2722218.97,2099682.78,2722218.97,2099682.7808814324,0.0,4.197932011500814e-08
2013-11-11,3495969.18,2676318.51,3495969.18,2676318.5128250145,0.0,1.0555599971750391e-07
2013-11-12,5162437.56,3979066.87,5162437.56,3979066.8733362216,0.0,8.3844317131364e-08
2013-11-13,4681263.25,3622930.35,4681263.25,3622930.3503401633,0.0,9.389174210093964e-09
2013-11-14,3118904.74,2460188.52,3118904.7399999998,2460188.5249400157,1.4930282458955102e-14,2.0079825953812451e-07
2013-11-15,3370811.62,2719077.99,3370811.62,2719077.991146023,0.0,4.2147474263804447e-08
2013-11-16,3365890.12,2733920.22,3365890.12,2733920.2193003288,0.0,2.5592240983621654e-08
2013-11-17,2416530.15,1906202.04,2416530.15,1906202.0397616692,0.0,1.2502914011617835e-08
2013-11-18,2109164.6,1778409.36,2109164.6,1778409.364413703,0.0,2.481826226364298e-07
2013-11-19,3237660.32,2746026.34,3237660.32,2746026.3363928357,0.0,1.31359415039894e-07
2013-11-20,3321114.32,2983892.23,3321114.32,2983892.2333305576,0.0,1.1161789201462932e-07
2013-11-21,2595234.4,2362389.95,2595234.4,2362389.9483116865,0.0,7.146634155196983e-08
2013-11-22,2550262.64,2542345.82,2550262.64,2542345.8152612895,0.0,1.863912579372703e-07
2013-11-23,2054330.57,2011741.48,2054330.5699999998,2011741.4758870234,1.1333650341087493e-14,2.0444856578738797e-07
2013-11-24,2519706.85,2537974.67,2519706.85,2537974.6732620085,0.0,1.2852801798578696e-07
2013-11-25,2406331.38,2358037.25,2406331.38,2358037.2541000987,0.0,1.7387760690843526e-07
2013-11-26,3107204.99,3083734.78,3107204.99,3083734.7820637287,0.0,6.692303379479783e-08
2013-11-27,3123410.59,3027393.58,3123410.59,3027393.5838078978,0.0,1.257813884743632e-07
2013-11-28,3580033.44,3514991.8,3580033.44,3514991.8026601234,0.0,7.56793694755745e-08
2013-11-29,1768057.43,1773822.57,1768057.43,1773822.5707198859,0.0,4.058386783771662e-08
2013-11-30,2685677.46,2672025.29,2685677.46,2672025.293031572,0.0,1.1345595689913911e-07
2013-12-01,2391698.09,2420438.06,2391698.09,2420438.063732782,0.0,1.5421926794739463e-07
2013-12-02,2263746.75,2226485.61,2263746.75,2226485.6104833647,0.0,2.1709765199362997e-08
2013-12-03,1933337.47,1904782.57,1933337.47,1904782.57405792,0.0,2.1303848026061436e-07
2013-12-04,2924599.17,2877557.67,2924599.17,2877557.6711854995,0.0,4.1198117754520006e-08
2013-12-05,2231578.75,2246889.53,2231578.75,2246889.533718146,0.0,1.6547970308945447e-07
2013-12-06,1718341.54,1744505.5,1718341.54,1744505.501432043,0.0,8.208876581835541e-08
2013-12-07,1444180.43,1408359.66,1444180.43,1408359.6640197064,0.0,2.854176120045487e-07
2013-12-08,1714762.98,1677034.75,1714762.98,1677034.7525637299,0.0,1.5287279421254065e-07
2013-12-09,1959405.6,1928205.78,1959405.6,1928205.776369462,0.0,1.8828581695164415e-07
2013-12-10,2256213.74,2198430.55,2256213.7399999998,2198430.5457009906,2.063905910384799e-14,1.9554901194454331e-07
2013-12-11,3016597.65,3024225.14,3016597.65,3024225.1400180664,0.0,5.973847887422283e-10
2013-12-12,2988571.87,2946591.17,2988571.87,2946591.165908771,0.0,1.3884616453625085e-07
2013-12-13,2131538.29,2083673.81,2131538.29,2083673.8074090339,0.0,1.2434605482248115e-07
2013-12-14,2245758.87,2305729.18,2245758.87,2305729.1816050704,0.0,6.961226019146484e-08
2013-12-15,2154695.59,2095032.07,2154695.59,2095032.0725746,0.0,1.228907224556502e-07
2013-12-16,2694197.04,2720062.14,2694197.04,2720062.1402278226,0.0,8.375634260652402e-09
2013-12-17,3167410.81,3021649.06,3167410.81,3021649.06345419,0.0,1.1431472282131749e-07
2013-12-18,3189533.36,3219583.56,3189533.36,3219583.5649226066,0.0,1.5289575266154787e-07
2013-12-19,3062553.19,2981811.67,3062553.19,2981811.66731376,0.0,9.008750639826673e-08
2013-12-20,2500743.7,2516358.41,2500743.7,2516358.4108479614,0.0,3.3697953541741656e-08
2013-12-21,3213344.27,3159953.94,3213344.27,3159953.9407486087,0.0,2.3690494900318206e-08
2013-12-22,3476225.97,3458589.82,3476225.97,3458589.820860991,0.0,2.4894277761612874e-08
2013-12-23,2932660.62,2856672.71,2932660.62,2856672.712098184,0.0,7.344852882820477e-08
2013-12-24,2629786.52,2542278.8,2629786.52,2542278.7982894625,0.0,6.728362583179985e-08
2013-12-25,3807864.44,3711704.9,3807864.44,3711704.8982180613,0.0,4.800862799087096e-08
2013-12-26,3278628.42,3269160.78,3278628.42,3269160.779005525,0.0,3.041987513008093e-08
2013-12-27,1853472.36,1854636.14,1853472.36,1854636.1407830466,0.0,4.222104220998024e-08
2013-12-28,3547336.16,3487806.62,3547336.16,3487806.624645752,0.0,1.3319980994852938e-07
2013-12-29,6516622.75,6506519.56,6516622.75,6506519.559438861,0.0,8.624251565489321e-09
2013-12-30,5792994.45,5695206.04,5792994.45,5695206.043207521,0.0,5.631965831005938e-08
2013-12-31,6247467.59,6080338.22,6247467.59,6080338.22322467,0.0,5.30343845851199e-08
2014-01-01,5743739.48,5563113.31,5743739.48,5563113.310986033,0.0,1.7724483833338726e-08
2014-01-02,3787850.5,3666330.68,3787850.5,3666330.680883414,0.0,2.409531549383855e-08
2014-01-03,2354832.6,1871645.41,2354832.6,1871645.4128778642,0.0,1.53761191772226e-07
2014-01-04,2243604.06,1747621.88,2243604.06,1747621.8759281067,0.0,2.3299623431562666e-07
2014-01-05,2361866.5,1851453.14,2361866.5,1851453.139231766,0.0,4.149355835876275e-08
2014-01-06,2639202.87,2146455.69,2639202.87,2146455.6863399725,0.0,1.7051492935241758e-07
2014-01-07,3437125.39,2809411.95,3437125.39,2809411.9519310864,0.0,6.873631268615837e-08
2014-01-08,2250519.73,1808614.16,2250519.73,1808614.1647487173,0.0,2.6256111010862885e-07
2014-01-09,2214274.18,1884156.18,2214274.18,1884156.1768999263,0.0,1.645337948321159e-07
2014-01-10,1886360.71,1560748.05,1886360.71,1560748.0545575859,0.0,2.9201291069239623e-07
2014-01-11,2550841.93,2031865.95,2550841.93,2031865.951461102,0.0,7.190937775971305e-08
2014-01-12,2172729.29,1773388.32,2172729.29,1773388.3168362158,0.0,1.7840335593808687e-07
2014-01-13,2467719.52,1991302.84,2467719.52,1991302.837329066,0.0,1.3412998451675182e-07
2014-01-14,3356963.59,2731972.75,3356963.59,2731972.7543516853,0.0,1.5928728752120706e-07
2014-01-15,3637788.72,2842296.43,3637788.72,2842296.4284786065,0.0,5.352691720232192e-08
2014-01-16,2005770.41,1635446.76,2005770.41,1635446.7637338666,0.0,2.283086619842583e-07
2014-01-17,2464459.86,2002144.2,2464459.86,2002144.2000883394,0.0,4.412241568910618e-09
2014-01-18,1718246.3,1332157.65,1718246.3,1332157.650751443,0.0,5.640797898536608e-08
2014-01-19,2453121.94,1918965.99,2453121.94,1918965.9930500109,0.0,1.5894033036930816e-07
2014-01-20,3133739.97,2422846.03,3133739.97,2422846.032986226,0.0,1.2325282720750344e-07
2014-01-21,3590697.9,2848601.86,3590697.9,2848601.862584581,0.0,9.073157255339858e-08
2014-01-22,3244854.06,2563525.38,3244854.06,2563525.378324972,0.0,6.534079597324807e-08
2014-01-23,3187811.81,2528375.63,3187811.81,2528375.6275492967,0.0,9.692797021624114e-08
2014-01-24,1812010.8,1397879.36,1812010.8,1397879.360018894,0.0,1.3516169164889784e-09
2014-01-25,2221742.74,1777122.99,2221742.74,1777122.987108528,0.0,1.6270523151211473e-07
2014-01-26,2002533.83,1553846.68,2002533.83,1553846.6806954911,0.0,4.475932011684691e-08
2014-01-27,2983790.31,2360438.19,2983790.31,2360438.192935081,0.0,1.243447622193778e-07
2014-01-28,5411096.61,4320849.3,5411096.61,4320849.298869082,0.0,2.6173512713614432e-08
2014-01-29,4892083.36,3928929.64,4892083.36,3928929.638424224,0.0,4.010700253132775e-08
2014-01-30,3844256.32,3007196.76,3844256.32,3007196.7629568,0.0,9.832413369560181e-08
2014-01-31,3732079.59,2938223.15,3732079.59,2938223.1478638076,0.0,7.270354140816162e-08
2014-02-01,3825094.63,3049434.19,3825094.63,3049434.1906366907,0.0,2.087898023777282e-08
2014-02-02,2382294.19,1885054.33,2382294.19,1885054.3316426815,0.0,8.714239156371324e-08
2014-02-03,2051412.93,1563684.31,2051412.93,1563684.3118012613,0.0,1.1519340580176081e-07
2014-02-04,2787111.54,2197609.21,2787111.54,2197609.212724301,0.0,1.23966584121428e-07
2014-02-05,2599325.56,2019260.92,2599325.56,2019260.9238008829,0.0,1.8823139299282477e-07
2014-02-06,2415914.42,1966150.9,2415914.42,1966150.8991067994,0.0,4.542888924945178e-08
2014-02-07,3381887.13,2654650.93,3381887.13,2654650.9339621062,0.0,1.492514901540205e-07
2014-02-08,2907660.51,2328115.15,2907660.51,2328115.148454875,0.0,6.636805259630002e-08
2014-02-09,2947940.87,2410207.36,2947940.87,2410207.356103829,0.0,1.6165292771474337e-07
2014-02-10,3705563.44,2772562.54,3705563.44,2772562.5417646957,0.0,6.364854174767183e-08
2014-02-11,4637151.61,3649526.8,4637151.61,3649526.7953738626,0.0,1.2675991869598685e-07
2014-02-12,3457342.17,2728834.4,3457342.17,2728834.39999186,0.0,2.982870379433535e-10
2014-02-13,3190217.92,2601375.48,3190217.92,2601375.4779493627,0.0,7.882896118979197e-08
2014-02-14,2632487.0,2058838.35,2632487.0,2058838.354664216,0.0,2.2654600142579962e-07
2014-02-15,2873057.42,2155414.19,2873057.42,2155414.1906388686,0.0,2.9640180652922487e-08
2014-02-16,3990264.22,3220526.51,3990264.22,3220526.5079196095,0.0,6.459782968286156e-08
2014-02-17,3757742.25,3005221.34,3757742.25,3005221.3428810933,0.0,9.586959130148467e-08
2014-02-18,4902775.35,3900047.01,4902775.35,3900047.0106283543,0.0,1.61114594751668e-08
2014-02-19,4469573.84,3530912.16,4469573.84,3530912.1565864813,0.0,9.667527075322334e-08
2014-02-20,3050037.65,2452045.97,3050037.65,2452045.970497436,0.0,2.028655626090007e-08
2014-02-21,3394380.68,2732646.22,3394380.68,2732646.222801402,0.0,1.0251608809786959e-07
2014-02-22,4262143.74,3402076.06,4262143.74,3402076.0580503405,0.0,5.7307935340512514e-08
2014-02-23,3997442.72,3186343.91,3997442.72,3186343.906305654,0.0,1.1594310843231421e-07
2014-02-24,4743111.4,3834496.32,4743111.4,3834496.3150322856,0.0,1.2955323932110028e-07
2014-02-25,6869199.08,5572490.58,6869199.08,5572490.584930694,0.0,8.848276341466927e-08
2014-02-26,7766238.39,6157127.45,7766238.39,6157127.447771399,0.0,3.619546488915886e-08
2014-02-27,5932389.78,4717814.02,5932389.78,4717814.024826292,0.0,1.0229933556371381e-07
2014-02-28,5511196.67,4511480.57,5511196.67,4511480.574824185,0.0,1.0693129977517293e-07
2014-03-01,4400079.49,3611872.46,4400079.49,3611872.4601936415,0.0,5.361250242945315e-09
2014-03-02,4943352.33,3968450.0,4943352.33,3968450.0014304966,0.0,3.604673294228682e-08
2014-03-03,3637156.46,2881941.03,3637156.46,2881941.0340645695,0.0,1.4103583914798115e-07
2014-03-04,4742209.79,3846248.96,4742209.79,3846248.9611392072,0.0,2.96186567560875e-08
2014-03-05,5310211.41,4366670.54,5310211.41,4366670.540319033,0.0,7.306091149200913e-09
2014-03-06,5506734.13,4454685.13,5506734.13,4454685.127216563,0.0,6.248336702296304e-08
2014-03-07,3167820.98,2582186.62,3167820.98,2582186.620419557,0.0,1.6248132157619755e-08
2014-03-08,3577664.95,2914921.51,3577664.95,2914921.5059136935,0.0,1.401858096220474e-07
2014-03-09,3828277.38,3070464.44,3828277.38,3070464.439709047,0.0,9.475865760287382e-09
2014-03-10,4725035.68,3759283.28,4725035.68,3759283.2810267727,0.0,2.7312996055068358e-08
2014-03-11,5775004.59,4559934.88,5775004.59,4559934.883673638,0.0,8.056339210596721e-08
2014-03-12,6930320.53,5534691.64,6930320.53,5534691.638227621,0.0,3.2023077103740886e-08
2014-03-13,5304893.97,4244468.26,5304893.97,4244468.258693109,0.0,3.079044134547587e-08
2014-03-14,4544809.4,3647946.39,4544809.4,3647946.3894701907,0.0,1.4523497130213897e-08
2014-03-15,4691387.16,3744464.98,4691387.16,3744464.9776462726,0.0,6.285884270372087e-08
2014-03-16,5553669.8,4426899.92,5553669.8,4426899.922436945,0.0,5.504857256559782e-08
2014-03-17,6623777.28,5406586.76,6623777.28,5406586.76064636,0.0,1.1955051259085556e-08
2014-03-18,5707570.51,4657479.17,5707570.51,4657479.168132944,0.0,4.008726233217563e-08
2014-03-19,7282983.0,6147005.74,7282983.0,6147005.739050653,0.0,1.5444062229305586e-08
2014-03-20,6459634.76,5394910.61,6459634.76,5394910.614687056,0.0,8.687921421178882e-08
2014-03-21,4506741.28,3883392.78,4506741.28,3883392.784329436,0.0,1.1148591549335796e-07
2014-03-22,4682426.76,4390336.24,4682426.76,4390336.236703215,0.0,7.509185803479676e-08
2014-03-23,5239607.0,4727286.58,5239607.0,4727286.584738001,0.0,1.0022665376197774e-07
2014-03-24,5516390.06,5135733.73,5516390.06,5135733.7265796345,0.0,6.659936348193543e-08
2014-03-25,6858764.17,6248964.6,6858764.17,6248964.603372848,0.0,5.3974510175734225e-08
2014-03-26,7966063.19,7366934.0,7966063.19,7366933.997689418,0.0,3.136423424753349e-08
2014-03-27,8330175.47,7600114.49,8330175.47,7600114.485715611,0.0,5.6372694420234644e-08
2014-03-28,5747360.19,5214181.96,5747360.19,5214181.956165883,0.0,7.35324780255824e-08
2014-03-29,6857129.34,6302802.0,6857129.34,6302801.99862185,0.0,2.1865667452297705e-08
2014-03-30,12784107.1,11757805.12,12784107.1,11757805.119922992,0.0,6.549465450287669e-10
2014-03-31,12312523.89,11321960.71,12312523.89,11321960.710116314,0.0,1.027320967833734e-09
2014-04-01,12163891.23,11150883.99,12163891.23,11150883.990606213,0.0,5.436454773648926e-09
2014-04-02,13046471.25,11843249.22,13046471.25,11843249.217034064,0.0,2.504326627054787e-08
2014-04-03,9642469.77,8683847.27,9642469.77,8683847.27052446,0.0,6.03950361023176e-09
2014-04-04,3027057.03,2762337.1,3027057.0300000003,2762337.102651859,1.5383300766809118e-14,9.600055962869299e-08
2014-04-05,4578612.03,4277766.79,4578612.03,4277766.791138395,0.0,2.6611892475340695e-08
2014-04-06,4749333.13,4416528.48,4749333.13,4416528.481857704,0.0,4.2062528523535003e-08
2014-04-07,4614814.59,4275798.75,4614814.59,4275798.747268747,0.0,6.387703333779224e-08
2014-04-08,6392830.04,5806623.81,6392830.04,5806623.805785894,0.0,7.257410388873063e-08
2014-04-09,6139037.72,5584747.6,6139037.72,5584747.602414973,0.0,4.3242302529254205e-08
2014-04-10,5203589.72,4738923.88,5203589.72,4738923.878151784,0.0,3.900075661444133e-08
2014-04-11,5105964.56,4552400.07,5105964.56,4552400.067908031,0.0,4.595310893647797e-08
2014-04-12,5687376.75,5248378.46,5687376.75,5248378.4639622625,0.0,7.549498504734544e-08
2014-04-13,4945405.38,4494711.75,4945405.38,4494711.746161674,0.0,8.539648511755108e-08
2014-04-14,6921493.59,6054527.76,6921493.59,6054527.7628253335,0.0,4.6664807708089695e-08
2014-04-15,7871571.71,6776042.49,7871571.71,6776042.494383669,0.0,6.46936503317626e-08
2014-04-16,7912857.96,6785359.76,7912857.96,6785359.762091805,0.0,3.0828217288485634e-08
2014-04-17,5557754.18,4737292.06,5557754.18,4737292.060087098,0.0,1.8385655221902062e-09
2014-04-18,5700339.67,4462371.41,5700339.67,4462371.413891003,0.0,8.719584340489478e-08
2014-04-19,6624958.05,5350753.37,6624958.05,5350753.366874568,0.0,5.841106347628403e-08
2014-04-20,6418388.34,5065177.85,6418388.34,5065177.85405919,0.0,8.013913925170869e-08
2014-04-21,8414591.83,6893636.69,8414591.83,6893636.686953286,0.0,4.41960439426415e-08
2014-04-22,10131097.46,8109722.27,10131097.46,8109722.273105757,0.0,3.829672157220934e-08
2014-04-23,8191044.84,6573636.73,8191044.84,6573636.729025898,0.0,1.4818325336338451e-08
2014-04-24,6761050.63,5427294.9,6761050.63,5427294.903418431,0.0,6.298590271917986e-08
2014-04-25,7297129.72,5878423.04,7297129.72,5878423.04444285,0.0,7.557894519643487e-08
2014-04-26,7473782.26,5884034.36,7473782.26,5884034.364820826,0.0,8.193061490005885e-08
2014-04-27,9019804.81,7060147.55,9019804.81,7060147.548938858,0.0,1.503001861393505e-08
2014-04-28,11814441.72,9367036.91,11814441.72,9367036.906742595,0.0,3.477519138809492e-08
2014-04-29,17347427.27,13752034.86,17347427.27,13752034.858535614,0.0,1.0648500779711441e-08
2014-04-30,13811054.06,10868835.13,13811054.06,10868835.132885752,0.0,2.655069647946661e-08
2014-05-01,13289875.45,10604429.39,13289875.45,10604429.388932528,0.0,1.0066290061822131e-08
2014-05-02,9037359.63,7277515.81,9037359.63,7277515.808387603,0.0,2.215586956981999e-08
2014-05-03,8214103.42,6577016.62,8214103.42,6577016.617027852,0.0,4.518991710898046e-08
2014-05-04,2887053.22,2293661.95,2887053.22,2293661.9518228886,0.0,7.947502401147143e-08
2014-05-05,4251113.98,3397014.1,4251113.98,3397014.097503116,0.0,7.350232088960918e-08
2014-05-06,5130961.6,4130431.51,5130961.6,4130431.510335253,0.0,8.116665502062621e-09
2014-05-07,6175024.0,5012292.24,6175024.0,5012292.239643778,0.0,7.1069779220863816e-09
2014-05-08,6845994.59,5424944.1,6845994.59,5424944.0975027,0.0,4.603364621426326e-08
2014-05-09,3896896.85,3172234.57,3896896.85,3172234.5738892364,0.0,1.2260242782761569e-07
2014-05-10,5476367.67,4341371.17,5476367.67,4341371.169084354,0.0,2.109116189014947e-08
2014-05-11,5960839.36,4817268.38,5960839.36,4817268.380512257,0.0,1.0633769554705627e-08
2014-05-12,6171798.51,4876269.62,6171798.51,4876269.623263596,0.0,6.692811858913294e-08
2014-05-13,6357034.06,5124302.35,6357034.06,5124302.346545993,0.0,6.740441997972165e-08
2014-05-14,8953168.22,7238881.78,8953168.22,7238881.776452332,0.0,4.900851491777297e-08
2014-05-15,7521179.22,5970183.39,7521179.22,5970183.386424492,0.0,5.988940904931994e-08
2014-05-16,7254155.54,5828882.18,7254155.54,5828882.1808309145,0.0,1.4255131593705238e-08
2014-05-17,6473741.19,5173264.38,6473741.19,5173264.381586128,0.0,3.066009988546196e-08
2014-05-18,7502869.16,6017924.93,7502869.16,6017924.934662383,0.0,7.747493366870082e-08
2014-05-19,6717427.22,5373895.24,6717427.22,5373895.24051763,0.0,9.63230571450175e-09
2014-05-20,6998009.98,5565704.32,6998009.98,5565704.322275403,0.0,4.088256448534557e-08
2014-05-21,9232803.8,7257287.25,9232803.8,7257287.249062433,0.0,1.2918974544906919e-08
2014-05-22,8682669.79,6984588.89,8682669.790000001,6984588.894013244,2.1452447165227933e-14,5.7458558060703916e-08
2014-05-23,6481511.11,5117307.95,6481511.11,5117307.947481087,0.0,4.922339640131779e-08
2014-05-24,5624884.34,4535522.53,5624884.34,4535522.529608315,0.0,8.635948808382551e-09
2014-05-25,7834743.41,6254562.47,7834743.41,6254562.470699118,0.0,1.1177739680555547e-08
2014-05-26,7196331.6,5750840.38,7196331.6,5750840.381250456,0.0,2.174388445278394e-08
2014-05-27,11197544.52,8926851.08,11197544.52,8926851.08415348,0.0,4.652794939761193e-08
2014-05-28,14237002.33,11276884.86,14237002.33,11276884.863677204,0.0,3.260833374589734e-08
2014-05-29,12708438.64,10157319.36,12708438.64,10157319.356332565,0.0,3.610632439031288e-08
2014-05-30,13573669.01,10729950.95,13573669.01,10729950.951083777,0.0,1.0100495542664929e-08
2014-05-31,12424970.9,9985304.33,12424970.9,9985304.330112347,0.0,1.1251264969809328e-09
2014-06-01,11536710.05,9170211.02,11536710.05,9170211.021085147,0.0,1.1833394665105187e-08
2014-06-02,10120772.07,8076952.84,10120772.07,8076952.838465493,0.0,1.8998584106889966e-08
2014-06-03,7433951.35,5784897.37,7433951.35,5784897.37267862,0.0,4.630366843811457e-08
2014-06-04,6422990.57,5214120.6,6422990.57,5214120.60062727,0.0,1.2030215956080204e-08
2014-06-05,4701261.04,3843536.1,4701261.04,3843536.0982621596,0.0,4.521462602242466e-08
2014-06-06,4455750.46,3475184.85,4455750.46,3475184.8452134626,0.0,1.377347594764754e-07
2014-06-07,5291724.53,4145797.41,5291724.53,4145797.4104097635,0.0,9.883823685907466e-09
2014-06-08,5672479.42,4555972.93,5672479.42,4555972.927949462,0.0,4.500767777859647e-08
2014-06-09,5745736.68,4655455.78,5745736.68,4655455.7844642615,0.0,9.589310788828093e-08
2014-06-10,8176131.42,6751336.8,8176131.42,6751336.800308121,0.0,4.56385992405991e-09
2014-06-11,6815089.25,5416132.65,6815089.25,5416132.650921436,0.0,1.7012797021567788e-08
2014-06-12,6198469.27,4930278.7,6198469.27,4930278.696537465,0.0,7.023001213223655e-08
2014-06-13,5808360.57,4689299.84,5808360.57,4689299.837267192,0.0,5.827752252181505e-08
2014-06-14,6159350.48,4887308.6,6159350.48,4887308.600241548,0.0,4.94236754918331e-09
2014-06-15,6251988.62,5001362.67,6251988.62,5001362.66541689,0.0,9.163722777018718e-08
2014-06-16,7506669.47,5993922.63,7506669.47,5993922.62667311,0.0,5.550438776376864e-08
2014-06-17,7985873.38,6364228.97,7985873.38,6364228.968192991,0.0,2.8393209585386788e-08
2014-06-18,6928139.58,5573372.83,6928139.58,5573372.826903762,0.0,5.5554111901457615e-08
2014-06-19,5160401.64,4101123.87,5160401.64,4101123.8699950506,0.0,1.206867673273658e-10
2014-06-20,5726955.46,4649863.18,5726955.46,4649863.184030374,0.0,8.667725743227196e-08
2014-06-21,5534870.9,4397465.45,5534870.9,4397465.449674219,0.0,7.408387784226195e-09
2014-06-22,6871043.81,5449439.25,6871043.81,5449439.245890975,0.0,7.540271233459258e-08
2014-06-23,7520898.79,6115811.37,7520898.79,6115811.365622153,0.0,7.158244871437783e-08
2014-06-24,8318751.36,7165579.48,8318751.36,7165579.48265102,0.0,3.699658849072288e-08
2014-06-25,7464560.81,6650267.82,7464560.81,6650267.820748126,0.0,1.1249559514028206e-08
2014-06-26,5465498.81,5160550.9,5465498.81,5160550.897823202,0.0,4.218150331154907e-08
2014-06-27,6215342.27,5942103.5,6215342.2700000005,5942103.495797538,1.4984252421797496e-14,7.072347025711225e-08
2014-06-28,6715989.51,6489880.35,6715989.51,6489880.353357288,0.0,5.173112979888649e-08
2014-06-29,10967240.25,10676762.03,10967240.25,10676762.03008293,0.0,7.767387691716672e-10
2014-06-30,8960784.4,8779889.34,8960784.4,8779889.343344964,0.0,3.809802272543269e-08
2014-07-01,9836345.7,9652958.13,9836345.7,9652958.13309782,0.0,3.2091915479957975e-08
2014-07-02,8037264.4,7829854.35,8037264.4,7829854.351553763,0.0,1.984409372131631e-08
2014-07-03,6599126.14,6280312.35,6599126.14,6280312.350762692,0.0,1.2144183444040437e-08
2014-07-04,1539342.27,1546984.48,1539342.27,1546984.4774138322,0.0,1.6717477161562853e-07
2014-07-05,2247607.0,2088267.2,2247607.0,2088267.199828051,0.0,8.234047960818306e-09
2014-07-06,2992177.47,2950653.66,2992177.47,2950653.661308337,0.0,4.434057685987511e-08
2014-07-07,3321041.63,3237780.91,3321041.63,3237780.905333931,0.0,1.4411318080316776e-07
2014-07-08,4389991.98,4344681.53,4389991.98,4344681.526989449,0.0,6.929279912459171e-08
2014-07-09,5089459.45,5002533.36,5089459.45,5002533.355802359,0.0,8.391031051161478e-08
2014-07-10,5277348.24,5193788.09,5277348.24,5193788.090471522,0.0,9.078577949255425e-09
2014-07-11,3680744.54,3649066.92,3680744.54,3649066.918977864,0.0,2.8010882268671407e-08
2014-07-12,3635150.5,3488161.59,3635150.5,3488161.5882781744,0.0,4.936197496110834e-08
2014-07-13,4538183.38,4461396.49,4538183.38,4461396.486753966,0.0,7.275826084519361e-08
2014-07-14,4180514.48,4093927.18,4180514.48,4093927.1823128858,0.0,5.6495523629421596e-08
2014-07-15,4729914.86,4685468.3,4729914.86,4685468.298509496,0.0,3.181119696350962e-08
2014-07-16,5725200.44,5688906.29,5725200.44,5688906.29239675,0.0,4.213024686454736e-08
2014-07-17,5475110.93,5378778.65,5475110.93,5378778.64949006,0.0,9.480592546697522e-09
2014-07-18,4518235.32,4447047.74,4518235.32,4447047.738896735,0.0,2.4808935624022268e-08
2014-07-19,4203668.56,3770693.84,4203668.56,3770693.836415621,0.0,9.505886759069666e-08
2014-07-20,4322625.55,3600969.69,4322625.55,3600969.6940863673,0.0,1.1347963665501852e-07
2014-07-21,4796649.21,3768111.9,4796649.21,3768111.9012782397,0.0,3.392255330842104e-08
2014-07-22,6208113.76,5011530.91,6208113.76,5011530.907039752,0.0,5.906873512555931e-08
2014-07-23,7566031.17,5950276.5,7566031.17,5950276.498050562,0.0,3.276213960690898e-08
2014-07-24,5905615.09,4674430.56,5905615.09,4674430.556513849,0.0,7.45791563472835e-08
2014-07-25,4437108.92,3571085.86,4437108.92,3571085.8598731286,0.0,3.5527367681980852e-09
2014-07-26,4875867.56,3838617.04,4875867.56,3838617.041200206,0.0,3.126662804884999e-08
2014-07-27,4695097.96,3728682.43,4695097.96,3728682.430361839,0.0,9.70420116130586e-09
2014-07-28,5659848.32,4577648.87,5659848.32,4577648.871024731,0.0,2.238552000514431e-08
2014-07-29,8325936.32,6673852.31,8325936.32,6673852.311769004,0.0,2.6506495910810308e-08
2014-07-30,9849002.97,7950504.57,9849002.97,7950504.565884733,0.0,5.1761087871980517e-08
2014-07-31,12499623.55,10113088.37,12499623.55,10113088.372951299,0.0,2.9182972240422806e-08
2014-08-01,10268362.3,8266400.63,10268362.3,8266400.627748155,0.0,2.7240935371441892e-08
2014-08-02,9437585.35,7486465.1,9437585.35,7486465.104512072,0.0,6.02697331858215e-08
2014-08-03,8311634.97,6613684.99,8311634.97,6613684.989596812,0.0,6.096271134959709e-09
2014-08-04,7920532.02,6253439.86,7920532.02,6253439.861068313,0.0,1.7083600365204735e-08
2014-08-05,4783590.74,3865614.98,4783590.74,3865614.9829713693,0.0,7.6866664757394e-08
2014-08-06,5768372.14,4433911.0,5768372.14,4433910.995329323,0.0,1.0533988560610848e-07
2014-08-07,4368310.48,3451434.03,4368310.48,3451434.0259987484,0.0,1.1593011447096387e-07
2014-08-08,2772020.29,2220747.24,2772020.29,2220747.2411919814,0.0,5.367477736002313e-08
2014-08-09,3001539.63,2354553.12,3001539.63,2354553.1175211035,0.0,1.0528098173640466e-07
2014-08-10,3823485.27,3003127.77,3823485.27,3003127.7671288103,0.0,9.560664587056647e-08
2014-08-11,4332284.65,3523421.42,4332284.65,3523421.4208240793,0.0,2.338861251415802e-08
2014-08-12,4968367.41,3950793.43,4968367.41,3950793.4298249846,0.0,4.429883219827128e-09
2014-08-13,5893608.69,4708354.21,5893608.6899999995,4708354.208327572,1.5802246528441956e-14,3.552043934479588e-08
2014-08-14,5049141.59,3986642.15,5049141.59,3986642.15267101,0.0,6.699898712837386e-08
2014-08-15,4964547.64,3886890.99,4964547.64,3886890.987491787,0.0,6.453006488628536e-08
2014-08-16,4183136.08,3312917.75,4183136.08,3312917.748646328,0.0,4.086040995941268e-08
2014-08-17,4553293.21,3569236.73,4553293.21,3569236.7278322508,0.0,6.073425167970609e-08
2014-08-18,3852897.93,3032853.62,3852897.93,3032853.6204611487,0.0,1.5205104550098265e-08
2014-08-19,5491853.95,4329773.16,5491853.95,4329773.1635148255,0.0,8.11780487464945e-08
2014-08-20,6252896.94,5003338.92,6252896.94,5003338.91829589,0.0,3.405945229559749e-08
2014-08-21,5420386.94,4272987.79,5420386.94,4272987.790177704,0.0,4.158771486150917e-09
2014-08-22,3980335.94,3221586.25,3980335.94,3221586.245834754,0.0,1.29291778278098e-07
2014-08-23,3604919.44,2824202.4,3604919.44,2824202.4023246453,0.0,8.23115725522322e-08
2014-08-24,3975022.95,3208598.81,3975022.95,3208598.810959414,0.0,2.9901340561601876e-08
2014-08-25,4982068.72,3931111.8,4982068.72,3931111.7966290982,0.0,8.574931829016114e-08
2014-08-26,5315751.01,4151656.84,5315751.01,4151656.844212367,0.0,1.0146232000169205e-07
2014-08-27,7880420.55,6267001.76,7880420.55,6267001.758357257,0.0,2.621258439790034e-08
2014-08-28,13900846.53,11188888.43,13900846.53,11188888.434855668,0.0,4.339723469957111e-08
2014-08-29,12683009.27,10136587.4,12683009.27,10136587.403716844,0.0,3.666759882828171e-08
2014-08-30,11574198.37,9088009.4,11574198.37,9088009.396119095,0.0,4.2703575850773375e-08
2014-08-31,11951398.65,9415326.58,11951398.65,9415326.580648033,0.0,6.88274451621775e-09
2014-09-01,10306541.25,8432677.93,10306541.25,8432677.93454297,0.0,5.387340851374911e-08
2014-09-02,1980913.22,1699049.31,1980913.22,1699049.3096964953,0.0,1.786321055746735e-08
2014-09-03,2013419.84,1783705.47,2013419.84,1783705.4700673076,0.0,3.7734712889586664e-09
2014-09-04,2079554.62,1858190.69,2079554.6199999999,1858190.6873506356,1.1196178326581756e-14,1.4257763257248144e-07
2014-09-05,3009749.32,2650108.54,3009749.32,2650108.540145486,0.0,5.489816290025225e-09
2014-09-06,2651615.67,2379303.77,2651615.67,2379303.7701530005,0.0,6.4304721597425385e-09
2014-09-07,3257294.39,2733813.81,3257294.39,2733813.806769998,0.0,1.1815004486614231e-07
2014-09-08,3789247.34,3234658.91,3789247.34,3234658.9086634615,0.0,4.1319308641548134e-08
2014-09-09,3050893.58,2636295.62,3050893.58,2636295.6156549053,0.0,1.6481819231995923e-07
2014-09-10,2734213.18,2344334.17,2734213.18,2344334.1686986065,0.0,5.5512281277117266e-08
2014-09-11,3603376.76,3063452.95,3603376.7600000002,3063452.95170363,1.2922914208608573e-14,5.561142161028614e-08
2014-09-12,3387921.49,2941397.85,3387921.49,2941397.853773301,0.0,1.2828257518804934e-07
2014-09-13,4488375.88,3882301.0,4488375.88,3882300.9972453644,0.0,7.095368553891075e-08
2014-09-14,4664595.04,4241668.09,4664595.04,4241668.08520883,0.0,1.1295484054093592e-07
2014-09-15,3434401.74,2989155.15,3434401.7399999998,2989155.1476946976,1.3558730823020699e-14,7.712220301727753e-08
2014-09-16,3499018.93,3094674.95,3499018.93,3094674.950093589,0.0,3.024182088109429e-09
2014-09-17,2159581.94,1891350.86,2159581.94,1891350.8570891486,0.0,1.5390330596452112e-07
2014-09-18,3245614.46,2827312.43,3245614.46,2827312.4255085574,0.0,1.5885909059117803e-07
2014-09-19,3152106.06,2800614.8,3152106.06,2800614.7991866563,0.0,2.904160765649615e-08
2014-09-20,3934660.56,3508771.25,3934660.56,3508771.2502677906,0.0,7.63203444681056e-09
2014-09-21,4973677.98,4472971.42,4973677.9799999995,4472971.419167205,1.8725027602520387e-14,1.861838780716339e-08
2014-09-22,4691002.44,4096769.99,4691002.44,4096769.9895431446,0.0,1.1151605618082305e-08
2014-09-23,3267077.04,2950868.62,3267077.04,2950868.622163458,0.0,7.33159609192931e-08
2014-09-24,3651189.03,3193891.83,3651189.0300000003,3193891.826352822,1.2753688825246589e-14,1.1419228139052153e-07
2014-09-25,3991936.34,3513164.66,3991936.34,3513164.6593876295,0.0,1.74307420547082e-08
2014-09-26,4802241.84,4364819.46,4802241.84,4364819.459783891,0.0,4.951149728118393e-09
2014-09-27,5922266.1,5104748.73,5922266.1,5104748.725677267,0.0,8.468063677010295e-08
2014-09-28,6894981.49,6104020.61,6894981.49,6104020.612840658,0.0,4.653748569960404e-08
2014-09-29,6358369.55,5385912.36,6358369.55,5385912.360274217,0.0,5.0913705588895294e-09
2014-09-30,5625701.93,4992117.65,5625701.93,4992117.648538271,0.0,2.928074836758877e-08
2014-10-01,4131059.59,3367707.8,4131059.59,3367707.799950925,0.0,1.45721211577503e-09
2014-10-02,2166020.29,1638411.83,2166020.29,1638411.8325249495,0.0,1.5410956703130391e-07
2014-10-03,2713373.58,2209685.83,2713373.58,2209685.8259926233,0.0,1.8135504495867845e-07
2014-10-04,3061013.56,2383424.37,3061013.56,2383424.3673448865,0.0,1.113991119243277e-07
2014-10-05,3514973.01,2703049.67,3514973.0100000002,2703049.6701016626,1.324793351137963e-14,3.7610373095266995e-09
2014-10-06,4584954.57,3714150.0,4584954.57,3714150.004692308,0.0,1.263359890972623e-07
2014-10-07,3826571.36,3029706.85,3826571.36,3029706.853545267,0.0,1.1701683421195037e-07
2014-10-08,3298742.48,2595357.42,3298742.48,2595357.416129145,0.0,1.4914535684845053e-07
2014-10-09,2480246.09,1949299.28,2480246.09,1949299.2764238121,0.0,1.8346017562641342e-07
2014-10-10,3324677.65,2616526.38,3324677.65,2616526.383346526,0.0,1.2789957286724057e-07
2014-10-11,3249272.4,2455378.82,3249272.4,2455378.8244731002,0.0,1.821755722549682e-07
2014-10-12,3964814.61,3263898.52,3964814.61,3263898.5244930997,0.0,1.3766051884877776e-07
2014-10-13,5257692.13,4155288.51,5257692.13,4155288.5087077273,0.0,3.109946440016209e-08
2014-10-14,5353820.23,4242284.88,5353820.23,4242284.875642643,0.0,1.0271249341726548e-07
2014-10-15,3174858.73,2517101.9,3174858.73,2517101.897232963,0.0,1.0992948416659522e-07
2014-10-16,3035433.21,2343522.12,3035433.21,2343522.120721416,0.0,3.078340777404233e-08
2014-10-17,3041887.24,2405340.07,3041887.2399999998,2405340.0722837034,1.5308302069334408e-14,9.494306290732571e-08
2014-10-18,3295901.64,2641429.14,3295901.64,2641429.136855539,0.0,1.1904393528103266e-07
2014-10-19,3906454.96,3097527.04,3906454.96,3097527.039258816,0.0,2.3928256763281386e-08
2014-10-20,4406719.83,3563304.85,4406719.83,3563304.8479430834,0.0,5.772497152437881e-08
2014-10-21,4158469.93,3334418.16,4158469.93,3334418.162199242,0.0,6.595579156464689e-08
2014-10-22,3185076.38,2622321.88,3185076.38,2622321.8774274243,0.0,9.810296759046198e-08
2014-10-23,3397945.31,2701811.9,3397945.31,2701811.9043239774,0.0,1.60039916597308e-07
2014-10-24,2910624.78,2393219.16,2910624.78,2393219.1632916373,0.0,1.375401478508908e-07
2014-10-25,3710088.5,3052761.25,3710088.5,3052761.2549875844,0.0,1.6337944629633556e-07
2014-10-26,3332635.64,2620840.72,3332635.64,2620840.7204976375,0.0,1.8987697832495027e-08
2014-10-27,5247620.14,4151809.58,5247620.14,4151809.5802912093,0.0,7.014030789431797e-09
2014-10-28,6122484.1,4933576.08,6122484.1,4933576.07867258,0.0,2.6905831226887438e-08
2014-10-29,6191276.35,4949513.22,6191276.35,4949513.22324085,0.0,6.547815267295373e-08
2014-10-30,6250389.79,4894988.48,6250389.79,4894988.477492656,0.0,5.122269091847486e-08
2014-10-31,4687679.79,3734196.88,4687679.79,3734196.8818279603,0.0,4.895190122503236e-08
2014-11-01,4474322.51,3463929.06,4474322.51,3463929.0641264734,0.0,1.1912695838988398e-07
2014-11-02,3503909.61,2759213.27,3503909.61,2759213.267155453,0.0,1.0309268052886784e-07
2014-11-03,2511155.37,1925980.79,2511155.37,1925980.7914996431,0.0,7.786386507322301e-08
2014-11-04,1758772.81,1413005.18,1758772.81,1413005.1786264183,0.0,9.720994711910966e-08
2014-11-05,2080412.08,1649512.63,2080412.08,1649512.6273696185,0.0,1.5946415513511492e-07
2014-11-06,2338580.92,1815525.82,2338580.92,1815525.8216969636,0.0,9.346953609829655e-08
2014-11-07,2391118.65,1914802.56,2391118.65,1914802.5588612622,0.0,5.947025111922657e-08
2014-11-08,2603594.99,2058134.47,2603594.99,2058134.4690565753,0.0,4.5838824409336065e-08
2014-11-09,3896973.5,2948324.76,3896973.5,2948324.7572742146,0.0,9.24519974691509e-08
2014-11-10,3578790.21,2955883.0,3578790.21,2955882.9979384285,0.0,6.974469084930756e-08
2014-11-11,3265211.84,2544268.23,3265211.84,2544268.2286446984,0.0,5.326881705289884e-08
2014-11-12,2687977.35,2131053.41,2687977.35,2131053.410321534,0.0,1.5088030881958682e-08
2014-11-13,3661668.42,2973473.14,3661668.42,2973473.136725989,0.0,1.1010729896866242e-07
2014-11-14,4104922.66,3206387.48,4104922.66,3206387.476826054,0.0,9.89882213894401e-08
2014-11-15,3332537.35,2666922.09,3332537.35,2666922.0895934505,0.0,1.524413906573177e-08
2014-11-16,3926705.12,3165100.53,3926705.12,3165100.5267692367,0.0,1.0207458192853215e-07
2014-11-17,3901928.25,3135379.39,3901928.25,3135379.389521402,0.0,1.5264445850418213e-08
2014-11-18,2299920.21,1777742.22,2299920.21,1777742.2171686445,0.0,1.5926692879993198e-07
2014-11-19,2365334.24,2037392.28,2365334.2399999998,2037392.2845164083,1.9686912717575982e-14,2.2167593140510809e-07
2014-11-20,2712056.74,2364468.06,2712056.7399999998,2364468.0639249277,1.717004222071472e-14,1.6599622302506015e-07
2014-11-21,2642726.69,2469983.77,2642726.69,2469983.772852466,0.0,1.1548521055274719e-07
2014-11-22,2355839.63,2373102.5,2355839.63,2373102.5022518947,0.0,9.489243211873517e-08
2014-11-23,2702782.41,2732923.6,2702782.41,2732923.6023425614,0.0,8.571630981070092e-08
2014-11-24,2994851.12,2989623.83,2994851.12,2989623.8345749364,0.0,1.5302715689635448e-07
2014-11-25,1951300.95,1961306.08,1951300.95,1961306.0780022512,0.0,1.0185808711210507e-07
2014-11-26,3005133.94,3070985.43,3005133.94,3070985.431968896,0.0,6.411284134547452e-08
2014-11-27,4582936.62,4552287.3,4582936.62,4552287.300698952,0.0,1.535386407429665e-08
2014-11-28,3803816.23,3776489.22,3803816.23,3776489.22267006,0.0,7.070217221238935e-08
2014-11-29,3693923.36,3714680.69,3693923.36,3714680.6897516525,0.0,6.6855654575666395e-09
2014-11-30,4164373.0,4139199.1,4164373.0,4139199.1037936513,0.0,9.165181829701885e-08
2014-12-01,3293606.72,3371041.49,3293606.7199999997,3371041.48722432,1.4138339118634639e-14,8.233895316937454e-08
2014-12-02,1913468.28,1934027.84,1913468.28,1934027.8410580037,0.0,5.470467438316483e-08
2014-12-03,1725054.96,1639460.56,1725054.96,1639460.5558579704,0.0,2.526458871683006e-07
2014-12-04,1490172.71,1377244.92,1490172.71,1377244.9244131686,0.0,3.204345560071161e-07
2014-12-05,1855814.16,1814623.65,1855814.16,1814623.6504659497,0.0,2.5677487696979283e-08
2014-12-06,2498471.96,2457252.11,2498471.96,2457252.1074138638,0.0,1.0524504571090518e-07
2014-12-07,2209128.82,2214964.0,2209128.82,2214964.003599701,0.0,1.6251735845881602e-07
2014-12-08,3029845.63,2938276.72,3029845.63,2938276.7172823655,0.0,9.249076659416209e-08
2014-12-09,3265900.4,3069037.78,3265900.4,3069037.7771873735,0.0,9.164521610964233e-08
2014-12-10,2659858.85,2559688.79,2659858.85,2559688.7930101943,0.0,1.1760001038949634e-07
2014-12-11,2499031.03,2479880.93,2499031.03,2479880.927335255,0.0,1.0745456716886305e-07
2014-12-12,2451281.84,2348048.7,2451281.84,2348048.696991815,0.0,1.281142488451811e-07
2014-12-13,2618181.33,2655502.75,2618181.33,2655502.7512427308,0.0,4.679832346378874e-08
2014-12-14,2868448.18,2822169.24,2868448.18,2822169.2447576053,0.0,1.6857972087483342e-07
2014-12-15,3675108.42,3622573.69,3675108.42,3622573.689221673,0.0,2.1485463963130505e-08
2014-12-16,3587166.39,3452397.12,3587166.39,3452397.1211522836,0.0,3.3376331632899574e-08
2014-12-17,2950563.8,2911687.56,2950563.8,2911687.562566635,0.0,8.814940099588874e-08
2014-12-18,2684991.91,2614938.98,2684991.91,2614938.9765766338,0.0,1.3091572140552144e-07
2014-12-19,3424258.6,3465424.79,3424258.6,3465424.7857900155,0.0,1.2148538244760992e-07
2014-12-20,3898670.99,3764085.99,3898670.9899999998,3764085.986085146,1.1944103221383636e-14,1.0400543542326419e-07
2014-12-21,4372128.59,4286124.01,4372128.59,4286124.0141185345,0.0,9.608995742368355e-08
2014-12-22,3430574.36,3435107.36,3430574.36,3435107.361677798,0.0,4.8842668698029465e-08
2014-12-23,2791569.02,2665014.26,2791569.02,2665014.2621966423,0.0,8.242517134589675e-08
2014-12-24,2610156.84,2591612.44,2610156.84,2591612.441759013,0.0,6.787331060438938e-08
2014-12-25,2573745.23,2584515.85,2573745.23,2584515.8523434955,0.0,9.067444397402709e-08
2014-12-26,2922497.3,2877653.62,2922497.3,2877653.6197875612,0.0,7.382364185352385e-09
2014-12-27,3575283.76,3538078.72,3575283.7600000002,3538078.7178696403,1.3024456758300475e-14,6.021233684989663e-08
2014-12-28,8484445.21,8405135.96,8484445.21,8405135.958785273,0.0,1.445220833002762e-08
2014-12-29,7063840.79,6908131.26,7063840.79,6908131.257384868,0.0,3.7855844646739865e-08
2014-12-30,5708142.92,5488862.89,5708142.92,5488862.891130058,0.0,2.0588206569963168e-08
2014-12-31,5625288.94,5528179.38,5625288.94,5528179.381152313,0.0,2.0844354626898188e-08
2015-01-01,4576460.18,4315048.16,4576460.18,4315048.162071045,0.0,4.7995858469976816e-08
2015-01-02,1625420.31,1281805.11,1625420.31,1281805.1093393832,0.0,5.153801458141687e-08
2015-01-03,1176312.94,876576.96,1176312.94,876576.9646106397,0.0,5.259823123797374e-07
2015-01-04,2651400.23,2169221.09,2651400.23,2169221.0897449944,0.0,1.1755622113901916e-08
2015-01-05,2457539.39,1930809.0,2457539.39,1930808.9963152737,0.0,1.9083846775594546e-07
2015-01-06,1621284.62,1301383.65,1621284.62,1301383.6487243916,0.0,9.801939005948637e-08
2015-01-07,1981408.07,1560596.56,1981408.07,1560596.5616499796,0.0,1.057274855176319e-07
2015-01-08,1318438.15,1057739.56,1318438.15,1057739.558407519,0.0,1.5055511804718394e-07
2015-01-09,2144901.8,1679915.91,2144901.8,1679915.9056036395,0.0,2.6170121619578837e-07
2015-01-10,1830727.22,1385986.39,1830727.22,1385986.3885890124,0.0,1.0180384678855178e-07
2015-01-11,3254430.17,2604455.39,3254430.17,2604455.3872402254,0.0,1.0596359959848325e-07
2015-01-12,2427966.79,1902989.93,2427966.79,1902989.9346001295,0.0,2.4173168146564105e-07
2015-01-13,2138729.21,1742327.89,2138729.21,1742327.8869314133,0.0,1.7611992531398083e-07
2015-01-14,2835456.9,2191456.13,2835456.9,2191456.125140376,0.0,2.217531940680892e-07
2015-01-15,2047933.05,1631831.77,2047933.05,1631831.7688188574,0.0,7.238139734870631e-08
2015-01-16,2569213.44,2030636.7,2569213.44,2030636.703309378,0.0,1.62972428046026e-07
2015-01-17,2588700.22,2035239.72,2588700.22,2035239.7198935484,0.0,5.2304191106495855e-09
2015-01-18,3021302.7,2433685.6,3021302.7,2433685.598795804,0.0,4.948033953219873e-08
2015-01-19,2851705.68,2258471.9,2851705.68,2258471.8976738635,0.0,1.0299603262452998e-07
2015-01-20,2455411.13,1957537.38,2455411.13,1957537.3763847272,0.0,1.8468473368622472e-07
2015-01-21,2603856.87,2019373.54,2603856.87,2019373.53795335,0.0,1.0135074082219538e-07
2015-01-22,2683523.21,2190572.01,2683523.21,2190572.012959428,0.0,1.3509842824558736e-07
2015-01-23,2703262.73,2149537.87,2703262.73,2149537.865647696,0.0,2.0247627240660615e-07
2015-01-24,4004609.82,3181968.24,4004609.82,3181968.2361434475,0.0,1.2120022809446297e-07
2015-01-25,4665645.74,3747345.78,4665645.74,3747345.7828321513,0.0,7.557753273956968e-08
2015-01-26,4084367.08,3209020.3,4084367.08,3209020.3028072515,0.0,8.748002134450391e-08
2015-01-27,3116141.82,2455632.77,3116141.82,2455632.774118083,0.0,1.6769946610895689e-07
2015-01-28,4612174.41,3603868.33,4612174.41,3603868.3315896355,0.0,4.410914166398045e-08
2015-01-29,5300109.93,4295752.25,5300109.93,4295752.247522044,0.0,5.7683866764913744e-08
2015-01-30,4336302.07,3457573.62,4336302.07,3457573.6157866353,0.0,1.2185900454811861e-07
2015-01-31,4195901.17,3269383.7,4195901.17,3269383.7022027154,0.0,6.737402095218626e-08
2015-02-01,4977201.37,4063980.38,4977201.37,4063980.3800518387,0.0,1.2755674644019678e-09
2015-02-02,2901454.29,2325361.53,2901454.29,2325361.5329982196,0.0,1.2893564137425355e-07
2015-02-03,1779457.49,1427675.21,1779457.49,1427675.213832104,0.0,2.684156818976951e-07
2015-02-04,2496729.14,2129083.48,2496729.14,2129083.4768673335,0.0,1.4713685445390426e-07
2015-02-05,2500351.24,2064567.04,2500351.2399999998,2064567.0436400627,1.862383491799893e-14,1.7631118635665205e-07
2015-02-06,3457294.9,2699578.13,3457294.9,2699578.127888579,0.0,7.821299717985264e-08
2015-02-07,3570886.94,2952636.69,3570886.94,2952636.691388072,0.0,4.7011271007633594e-08
2015-02-08,4197082.23,3455113.24,4197082.23,3455113.237172501,0.0,8.18352067043363e-08
2015-02-09,4490187.64,3675813.84,4490187.64,3675813.8362737424,0.0,1.0137231206887378e-07
2015-02-10,2813867.9,2247526.75,2813867.9,2247526.754658071,0.0,2.0725318880266735e-07
2015-02-11,3311241.3,2623112.64,3311241.3,2623112.6407450717,0.0,2.8404101009925168e-08
2015-02-12,3468141.29,2797170.91,3468141.29,2797170.9141382123,0.0,1.4794277212589203e-07
2015-02-13,4164849.99,3458801.88,4164849.99,3458801.8759555463,0.0,1.1693221392200885e-07
2015-02-14,4312422.12,3541992.72,4312422.12,3541992.7245402653,0.0,1.2818391880085843e-07
2015-02-15,4757224.49,3925128.98,4757224.49,3925128.9779049903,0.0,5.3374288503921504e-08
2015-02-16,4817928.66,3988291.36,4817928.66,3988291.3559119566,0.0,1.0250111805378149e-07
2015-02-17,4293160.67,3537248.79,4293160.67,3537248.7858085767,0.0,1.1849387898592499e-07
2015-02-18,3209407.04,2685036.44,3209407.04,2685036.444957422,0.0,1.8463146624692766e-07
2015-02-19,3793775.02,3109300.19,3793775.02,3109300.191830541,0.0,5.887308883804171e-08
2015-02-20,4760336.65,3942085.3,4760336.65,3942085.3018567623,0.0,4.7101021639191784e-08
2015-02-21,4368539.08,3544819.23,4368539.08,3544819.226051639,0.0,1.1138399142556843e-07
2015-02-22,5784606.22,4804964.15,5784606.22,4804964.147669779,0.0,4.849612115736817e-08
2015-02-23,7360399.98,5966271.62,7360399.98,5966271.617394004,0.0,4.3678804127996936e-08
2015-02-24,5473140.47,4450268.77,5473140.47,4450268.773125995,0.0,7.024284507579863e-08
2015-02-25,8502202.85,7083827.01,8502202.85,7083827.010301159,0.0,4.251359986071758e-09
2015-02-26,6528340.52,5386905.64,6528340.52,5386905.635819809,0.0,7.759911466989323e-08
2015-02-27,4695415.58,3896449.69,4695415.58,3896449.687689483,0.0,5.9298001057462096e-08
2015-02-28,3896812.17,3287398.94,3896812.17,3287398.944536704,0.0,1.3800284793767913e-07
2015-03-01,4612623.19,3760240.57,4612623.19,3760240.5670824614,0.0,7.758914204295555e-08
2015-03-02,1204115.66,996728.16,1204115.66,996728.1646661204,0.0,4.681437309843515e-07
2015-03-03,2971078.12,2450231.82,2971078.12,2450231.8241875432,0.0,1.7090396821341778e-07
2015-03-04,3275231.73,2540097.74,3275231.73,2540097.7379529765,0.0,8.05883846005255e-08
2015-03-05,3623778.02,2818823.69,3623778.02,2818823.691604882,0.0,5.6934460804537106e-08
2015-03-06,4126698.63,3333077.32,4126698.63,3333077.3168628626,0.0,9.412134715162147e-08
2015-03-07,3652751.16,2946148.77,3652751.16,2946148.7661506953,0.0,1.3065547761990388e-07
2015-03-08,3679065.16,2903799.07,3679065.16,2903799.072645732,0.0,9.111279070951356e-08
2015-03-09,4520902.2,3610296.4,4520902.2,3610296.3972552894,0.0,7.602452082705205e-08
2015-03-10,5042080.93,3980962.03,5042080.93,3980962.02754212,0.0,6.174085386494094e-08
2015-03-11,6098020.8,4928286.75,6098020.8,4928286.754672122,0.0,9.480215792866485e-08
2015-03-12,4869770.72,3760439.95,4869770.72,3760439.9463897655,0.0,9.600564709440228e-08
2015-03-13,3474969.89,2712283.16,3474969.89,2712283.1603306765,0.0,1.2191806871136064e-08
2015-03-14,4711284.42,3671123.8,4711284.42,3671123.802720183,0.0,7.409674463201806e-08
2015-03-15,5040735.75,4008157.53,5040735.75,4008157.530154437,0.0,3.8530679106541764e-09
2015-03-16,5602879.7,4422966.9,5602879.7,4422966.895527441,0.0,1.0112124777480099e-07
2015-03-17,5692241.74,4623906.32,5692241.74,4623906.323228584,0.0,6.982371937693945e-08
2015-03-18,6793794.72,5583548.33,6793794.72,5583548.329659369,0.0,6.100622964709096e-09
2015-03-19,6012381.06,5053767.27,6012381.06,5053767.265181072,0.0,9.535317396346344e-08
2015-03-20,4887915.96,4122124.89,4887915.96,4122124.894032977,0.0,9.783732984793376e-08
2015-03-21,4566270.71,4002288.11,4566270.71,4002288.113083887,0.0,7.70530996165684e-08
2015-03-22,5271032.0,4721422.49,5271032.0,4721422.494203291,0.0,8.902593842138312e-08
2015-03-23,5172623.98,4663072.48,5172623.98,4663072.4777118275,0.0,4.907007048774827e-08
2015-03-24,6187718.83,5662250.07,6187718.83,5662250.069876569,0.0,2.1798926796871975e-09
2015-03-25,6763449.95,6062883.43,6763449.95,6062883.425408811,0.0,7.572615318340749e-08
2015-03-26,6983791.47,6190732.25,6983791.47,6190732.251947543,0.0,3.1459003133074516e-08
2015-03-27,5007891.27,4516109.24,5007891.27,4516109.243817007,0.0,8.451980992404086e-08
2015-03-28,5941997.22,5296480.62,5941997.22,5296480.624985286,0.0,9.412450040995225e-08
2015-03-29,6087900.7,5431213.47,6087900.7,5431213.472454283,0.0,4.518849536656508e-08
2015-03-30,14251354.04,12890205.46,14251354.04,12890205.46453143,0.0,3.515404181841395e-08
2015-03-31,14813965.34,13306811.36,14813965.34,13306811.361276446,0.0,9.592429559932042e-09
2015-04-01,13697879.88,12323133.99,13697879.88,12323133.985012027,0.0,4.047650316780562e-08
2015-04-02,11638587.41,10494545.99,11638587.41,10494545.990351802,0.0,3.3522318636820734e-09
2015-04-03,10239965.04,9205352.56,10239965.040000001,9205352.560097309,1.818995613710569e-14,1.0570839872984035e-09
2015-04-04,4214414.51,3835706.41,4214414.51,3835706.407909792,0.0,5.449343638380294e-08
2015-04-05,4549233.48,4060392.25,4549233.48,4060392.2515144246,0.0,3.729749434687755e-08
2015-04-06,5947351.85,5501604.96,5947351.85,5501604.960049414,0.0,8.981763235132037e-10
2015-04-07,6969771.13,6115686.29,6969771.13,6115686.285690455,0.0,7.046707543101617e-08
2015-04-08,6923568.08,6092200.11,6923568.08,6092200.106111244,0.0,6.383171869839355e-08
2015-04-09,5334934.77,4630574.68,5334934.77,4630574.678583191,0.0,3.059682703506377e-08
2015-04-10,5286341.9,4755107.84,5286341.9,4755107.8407409955,0.0,1.558315090961029e-08
2015-04-11,7223512.23,6692976.84,7223512.23,6692976.844488641,0.0,6.706494738393409e-08
2015-04-12,6941143.47,6173613.48,6941143.47,6173613.477521536,0.0,4.014609133849637e-08
2015-04-13,8008850.6,7198672.06,8008850.6,7198672.062125283,0.0,2.952327436913371e-08
2015-04-14,9764966.49,8525033.47,9764966.49,8525033.474227067,0.0,4.9584162073302596e-08
2015-04-15,8464241.45,7283839.1,8464241.45,7283839.102421955,0.0,3.3251085653843666e-08
2015-04-16,6025485.77,5033699.98,6025485.7700000005,5033699.976992915,1.5456389910542906e-14,5.973906022431276e-08
2015-04-17,6481493.13,5294636.04,6481493.13,5294636.041215849,0.0,2.2963789438133015e-08
2015-04-18,7432727.07,5745887.3,7432727.07,5745887.300285588,0.0,4.970306411347248e-09
2015-04-19,6854069.17,5371424.19,6854069.17,5371424.188805159,0.0,2.224440271632136e-08
2015-04-20,8942873.22,6952833.82,8942873.22,6952833.817409741,0.0,3.7254731008381724e-08
2015-04-21,11246554.8,8986101.87,11246554.8,8986101.871483779,0.0,1.6511936121497386e-08
2015-04-22,9099886.14,7216624.95,9099886.14,7216624.952099997,0.0,2.909942593957318e-08
2015-04-23,7548994.85,5939101.06,7548994.85,5939101.061822855,0.0,3.069244495316073e-08
2015-04-24,6578500.68,5143109.11,6578500.68,5143109.114247804,0.0,8.259212764425448e-08
2015-04-25,9981817.81,7741342.2,9981817.81,7741342.202851589,0.0,3.68358429050959e-08
2015-04-26,8486257.42,6790371.72,8486257.42,6790371.724713183,0.0,6.940979762599339e-08
2015-04-27,11233528.64,8990933.6,11233528.64,8990933.603709199,0.0,4.1254880438864634e-08
2015-04-28,14371525.01,11368208.46,14371525.01,11368208.455786794,0.0,3.7061305524412105e-08
2015-04-29,15294818.22,12456433.34,15294818.22,12456433.337629857,0.0,1.902746351657972e-08
2015-04-30,14911130.64,11744026.43,14911130.64,11744026.425803896,0.0,3.572968510640883e-08
2015-05-01,11462217.29,9026019.09,11462217.29,9026019.092908975,0.0,3.222876948225634e-08
2015-05-02,8951414.69,7003240.14,8951414.69,7003240.138929728,0.0,1.528251530348401e-08
2015-05-03,7902349.85,6325430.88,7902349.85,6325430.875179033,0.0,7.621563154461479e-08
2015-05-04,4063632.19,3220456.05,4063632.19,3220456.0474064937,0.0,8.053226273949311e-08
2015-05-05,4993358.48,3895803.59,4993358.48,3895803.593361616,0.0,8.628813557962676e-08
2015-05-06,5912157.02,4721080.32,5912157.02,4721080.316812811,0.0,6.750973638710374e-08
2015-05-07,6417545.13,5062352.65,6417545.13,5062352.652081217,0.0,4.111164229036649e-08
2015-05-08,4654167.53,3561342.38,4654167.53,3561342.3751101587,0.0,1.373033162700471e-07
2015-05-09,4178643.57,3269969.19,4178643.57,3269969.185011496,0.0,1.5255507982451434e-07
2015-05-10,5135747.06,3949880.44,5135747.06,3949880.4376404816,0.0,5.97364490263678e-08
2015-05-11,6740124.2,5364204.35,6740124.2,5364204.349256609,0.0,1.3858364517448354e-08
2015-05-12,6877097.83,5464941.46,6877097.83,5464941.458420507,0.0,2.8902291008721326e-08
2015-05-13,8472230.27,6752088.25,8472230.27,6752088.248612084,0.0,2.0555352990449834e-08
2015-05-14,8373161.73,6566657.69,8373161.73,6566657.687605676,0.0,3.646183921249729e-08
2015-05-15,6454103.0,5103049.75,6454103.0,5103049.748889761,0.0,2.1756381160596327e-08
2015-05-16,6409003.84,5140481.43,6409003.84,5140481.425147864,0.0,9.43906856155055e-08
2015-05-17,6593507.34,5168476.45,6593507.34,5168476.45433659,0.0,8.39046088203202e-08
2015-05-18,7049312.68,5707463.8,7049312.68,5707463.801227827,0.0,2.1512651755640286e-08
2015-05-19,8167385.27,6584434.28,8167385.27,6584434.284446786,0.0,6.753482088086883e-08
2015-05-20,10886447.11,8610088.68,10886447.11,8610088.682048697,0.0,2.3794148919347024e-08
2015-05-21,9585349.34,7629673.54,9585349.34,7629673.5357902525,0.0,5.517598513095152e-08
2015-05-22,6849849.55,5526949.11,6849849.55,5526949.113193898,0.0,5.7787724527880865e-08
2015-05-23,5769728.11,4699867.99,5769728.11,4699867.988170194,0.0,3.8933131479878874e-08
2015-05-24,7759286.87,6115304.75,7759286.87,6115304.75077643,0.0,1.2696499886098157e-08
2015-05-25,6648911.62,5479719.27,6648911.62,5479719.269377043,0.0,1.1368411096494375e-08
2015-05-26,7250067.07,5753775.74,7250067.07,5753775.741452268,0.0,2.524026251455826e-08
2015-05-27,11264269.11,8911794.91,11264269.11,8911794.910272233,0.0,3.054749821893077e-09
2015-05-28,10886440.76,8702126.28,10886440.76,8702126.276018599,0.0,4.575203982435052e-08
2015-05-29,7443400.33,6010039.49,7443400.33,6010039.488073138,0.0,3.206073167945887e-08
2015-05-30,14386454.27,11671007.33,14386454.27,11671007.327411635,0.0,2.217773628100381e-08
2015-05-31,12847323.1,10142347.13,12847323.1,10142347.130292468,0.0,2.8836220023638368e-09
2015-06-01,12707400.56,9938849.85,12707400.56,9938849.849344226,0.0,6.598087676202757e-09
2015-06-02,10370270.22,8221123.6,10370270.22,8221123.595396328,0.0,5.5998085727884886e-08
2015-06-03,12915899.82,10182209.97,12915899.82,10182209.970029125,0.0,2.860314179258203e-10
2015-06-04,4389371.3,3612066.24,4389371.3,3612066.2374300654,0.0,7.11486071444158e-08
2015-06-05,4689415.18,3666593.72,4689415.18,3666593.7167324973,0.0,8.911548776288367e-08
2015-06-06,4504545.31,3683127.75,4504545.31,3683127.75400881,0.0,1.0884254655257017e-07
2015-06-07,4737477.49,3636812.14,4737477.49,3636812.135462488,0.0,1.2476619379648666e-07
2015-06-08,5997977.12,4767036.54,5997977.12,4767036.541648323,0.0,3.4577512995157804e-08
2015-06-09,7149148.38,5741574.05,7149148.38,5741574.049856954,0.0,2.4913997151267224e-09
2015-06-10,7033422.25,5437275.2,7033422.25,5437275.1954715615,0.0,8.328507397277523e-08
2015-06-11,5174085.58,4188520.67,5174085.58,4188520.671384562,0.0,3.3056107167855916e-08
2015-06-12,6351066.12,4900508.38,6351066.12,4900508.3813888645,0.0,2.8341234909136507e-08
2015-06-13,5087923.97,3913528.15,5087923.97,3913528.1542420415,0.0,1.0839430435441283e-07
2015-06-14,7257781.25,5645520.63,7257781.25,5645520.625731884,0.0,7.560181952057483e-08
2015-06-15,7185781.7,5677039.63,7185781.7,5677039.629064773,0.0,1.6473844464747317e-08
2015-06-16,7904688.49,6283325.81,7904688.49,6283325.805880231,0.0,6.556668973284776e-08
2015-06-17,8476249.0,6775868.17,8476249.0,6775868.17276949,0.0,4.0872840249160525e-08
2015-06-18,6561476.72,5174441.56,6561476.72,5174441.558433045,0.0,3.028258934290517e-08
2015-06-19,5300940.37,4147889.8,5300940.37,4147889.795897849,0.0,9.889729735834937e-08
2015-06-20,5709630.01,4391167.7,5709630.01,4391167.695971289,0.0,9.174578934849922e-08
2015-06-21,5755437.59,4546815.45,5755437.59,4546815.445622123,0.0,9.628447399862524e-08
2015-06-22,8091120.75,6486078.97,8091120.75,6486078.969502256,0.0,7.674027554402306e-09
2015-06-23,8014615.36,6549729.21,8014615.36,6549729.210319722,0.0,4.881455374594322e-09
2015-06-24,8106694.48,6848465.28,8106694.4799999995,6848465.277659082,1.1488314712157235e-14,3.418164962711381e-08
2015-06-25,6395417.81,5471074.95,6395417.81,5471074.948429807,0.0,2.869990104952508e-08
2015-06-26,5791488.27,5164656.66,5791488.27,5164656.658953038,0.0,2.027166903167884e-08
2015-06-27,5907901.77,5761761.16,5907901.77,5761761.156212005,0.0,6.574370597631991e-08
2015-06-28,7048110.81,6755443.51,7048110.81,6755443.5114330035,0.0,2.121257755612623e-08
2015-06-29,10266326.47,10003747.48,10266326.47,10003747.478286646,0.0,1.712712305009218e-08
2015-06-30,10954727.42,10628217.87,10954727.42,10628217.871844511,0.0,1.735485968827993e-08
2015-07-01,9503954.04,9190648.76,9503954.04,9190648.755874231,0.0,4.489093671742403e-08
2015-07-02,8552727.69,8154787.16,8552727.69,8154787.162124946,0.0,2.6057646771413516e-08
2015-07-03,6047919.06,5867150.51,6047919.06,5867150.505287874,0.0,8.03137095213618e-08
2015-07-04,1184319.43,1068025.58,1184319.43,1068025.5819167965,0.0,1.7947102303211563e-07
2015-07-05,2966146.59,2810871.75,2966146.59,2810871.747687777,0.0,8.225999501173877e-08
2015-07-06,2490899.57,2437063.72,2490899.57,2437063.717959199,0.0,8.3740161876365e-08
2015-07-07,4185006.32,3947428.34,4185006.32,3947428.337830566,0.0,5.4958159954341086e-08
2015-07-08,4333446.86,4256271.94,4333446.86,4256271.942913566,0.0,6.845345917701939e-08
2015-07-09,6011409.46,5756814.71,6011409.46,5756814.708433263,0.0,2.721534455850075e-08
2015-07-10,3936544.23,3750891.91,3936544.23,3750891.91005511,0.0,1.4692527364857156e-09
2015-07-11,3965266.87,3859812.43,3965266.87,3859812.4299201947,0.0,2.0676003958069966e-09
2015-07-12,4444033.83,4308843.11,4444033.83,4308843.107647078,0.0,5.460682051866023e-08
2015-07-13,4008119.02,3879117.89,4008119.02,3879117.894898252,0.0,1.2627231511239207e-07
2015-07-14,4541662.42,4427340.58,4541662.42,4427340.582583528,0.0,5.8353946140991735e-08
2015-07-15,6195528.74,5945270.24,6195528.74,5945270.244130091,0.0,6.946850891745345e-08
2015-07-16,5351713.45,5204783.4,5351713.45,5204783.397445882,0.0,4.907252496367598e-08
2015-07-17,3953465.4,3879500.64,3953465.4,3879500.6424864423,0.0,6.409181094350021e-08
2015-07-18,4352743.94,4230281.82,4352743.94,4230281.815767426,0.0,1.0005419105326575e-07
2015-07-19,4734057.3,4244345.55,4734057.3,4244345.552094209,0.0,4.934115682883901e-08
2015-07-20,4593431.52,3967198.09,4593431.52,3967198.0882529374,0.0,4.4037690837508155e-08
2015-07-21,6205610.6,5212906.4,6205610.6,5212906.399547729,0.0,8.675998146686317e-09
2015-07-22,7003315.42,5699625.87,7003315.42,5699625.870463778,0.0,8.136992912165772e-09
2015-07-23,6241579.84,5041557.0,6241579.84,5041557.0046974765,0.0,9.317511462597359e-08
2015-07-24,4815209.73,3864863.25,4815209.73,3864863.250322411,0.0,8.342102060553734e-09
2015-07-25,4869837.46,3980424.09,4869837.46,3980424.0941609424,0.0,1.0453515544295667e-07
2015-07-26,5323996.74,4436550.96,5323996.74,4436550.964496482,0.0,1.0135085207993602e-07
2015-07-27,5603376.79,4431670.86,5603376.79,4431670.863776532,0.0,8.521688062631206e-08
2015-07-28,6826651.55,5538901.92,6826651.55,5538901.921453794,0.0,2.6246981079866496e-08
2015-07-29,9470985.24,7602775.68,9470985.24,7602775.681484889,0.0,1.9530887133789848e-08
2015-07-30,10296776.67,9762134.91,10296776.67,9762134.91264794,0.0,2.7124600242151613e-08
2015-07-31,8227312.7,8001039.19,8227312.7,8001039.189890552,0.0,1.3679235290214397e-09
2015-08-01,7969399.16,8307674.69,7969399.16,8307674.692951695,0.0,3.552973319948526e-08
2015-08-02,5808782.79,6999844.19,5808782.79,6999844.185667689,0.0,6.189154120922067e-08
2015-08-03,4720575.96,6451104.36,4720575.96,6451104.36499869,0.0,7.748579527519543e-08
2015-08-04,2658117.34,3894709.67,2658117.34,3894709.6717855814,0.0,4.58463304611493e-08
2015-08-05,2978173.12,4001425.35,2978173.12,4001425.3499093894,0.0,2.2644606275305486e-09
2015-08-06,2558707.18,3656184.22,2558707.18,3656184.2228136878,0.0,7.695694141039051e-08
2015-08-07,1981109.04,2648627.83,1981109.04,2648627.8319920464,0.0,7.521050503260184e-08
2015-08-08,1709563.14,2428463.02,1709563.14,2428463.022412091,0.0,9.932582828948447e-08
2015-08-09,2122689.02,2864218.57,2122689.02,2864218.573843653,0.0,1.341955204135266e-07
2015-08-10,2341717.61,3233525.06,2341717.61,3233525.058468009,0.0,4.7378361010976715e-08
2015-08-11,2434219.28,3451194.49,2434219.28,3451194.4894177513,0.0,1.6870938612647644e-08
2015-08-12,3555473.95,4878289.67,3555473.95,4878289.674288362,0.0,8.790708689381671e-08
2015-08-13,2921138.79,3979730.24,2921138.79,3979730.235791894,0.0,1.0573847542824366e-07
2015-08-14,2842163.51,3979723.24,2842163.51,3979723.2380001256,0.0,5.025159988959366e-08
2015-08-15,2655077.08,3723026.61,2655077.08,3723026.6122011123,0.0,5.912158798388093e-08
2015-08-16,2851597.29,3843042.72,2851597.29,3843042.716094894,0.0,1.016149603426311e-07
2015-08-17,2804909.03,3580539.39,2804909.03,3580539.385590436,0.0,1.231536289100329e-07
2015-08-18,3797369.86,5081331.41,3797369.86,5081331.412659643,0.0,5.234146042266597e-08
2015-08-19,3996506.07,5388360.8,3996506.07,5388360.795758823,0.0,7.870996465003034e-08
2015-08-20,3542649.14,4967122.51,3542649.14,4967122.507397917,0.0,5.238611836021607e-08
2015-08-21,2826694.43,4029608.29,2826694.43,4029608.293083155,0.0,7.651252436739265e-08
2015-08-22,2330134.4,3196044.6,2330134.4,3196044.60247521,0.0,7.7446040641283e-08
2015-08-23,2980880.01,4035327.45,2980880.01,4035327.450595602,0.0,1.4759687995692327e-08
2015-08-24,2905862.72,4140352.34,2905862.72,4140352.3350539785,0.0,1.1945894834494091e-07
2015-08-25,3470416.25,4713031.14,3470416.25,4713031.140351266,0.0,7.45308048495401e-09
2015-08-26,4027164.09,5549423.27,4027164.09,5549423.267420085,0.0,4.648977525086068e-08
2015-08-27,3564052.29,4867784.09,3564052.29,4867784.086289946,0.0,7.621648356924566e-08
2015-08-28,8506950.72,11044258.41,8506950.72,11044258.41443326,0.0,4.0140851502792846e-08
2015-08-29,7794439.44,10361751.16,7794439.44,10361751.155893305,0.0,3.963321227301304e-08
2015-08-30,7344062.69,9260104.74,7344062.6899999995,9260104.74111281,1.2681299356058171e-14,1.2017244253446715e-08
2015-08-31,7854391.23,10070785.58,7854391.23,10070785.575176775,0.0,4.7893231175625454e-08
2015-09-01,6760812.85,8154672.78,6760812.85,8154672.780341197,0.0,4.184061748071795e-09
2015-09-02,2200298.26,2129220.78,2200298.26,2129220.7823895807,0.0,1.1222795518134913e-07
2015-09-03,2827263.54,2604249.38,2827263.54,2604249.382856269,0.0,1.0967724654451585e-07
2015-09-04,3174821.93,2868467.84,3174821.93,2868467.84312882,0.0,1.0907635272412738e-07
2015-09-05,4060108.04,3677521.7,4060108.04,3677521.69776484,0.0,6.077898083479777e-08
2015-09-06,5806076.99,5165364.57,5806076.99,5165364.572187509,0.0,4.234955848834361e-08
2015-09-07,5427754.58,4736445.82,5427754.58,4736445.819600633,0.0,8.431785512937328e-09
2015-09-08,4280040.71,3769505.38,4280040.71,3769505.3812145707,0.0,3.222096028703491e-08
2015-09-09,3647303.9,3266493.41,3647303.9,3266493.405976514,0.0,1.2317448032679355e-07
2015-09-10,3721441.58,3354394.08,3721441.58,3354394.0762284524,0.0,1.1243603475949382e-07
2015-09-11,5440903.55,4839456.19,5440903.55,4839456.185535155,0.0,9.225923322308025e-08
2015-09-12,4950740.04,4404176.85,4950740.04,4404176.848674274,0.0,3.0101551843261334e-08
2015-09-13,6063850.75,5333297.85,6063850.75,5333297.845170044,0.0,9.056226415852058e-08
2015-09-14,5951627.11,5241870.86,5951627.11,5241870.86017699,0.0,3.3764561953077214e-09
2015-09-15,4289955.17,3759560.12,4289955.17,3759560.115042161,0.0,1.3187284567984108e-07
2015-09-16,4578098.38,4047593.29,4578098.38,4047593.28792987,0.0,5.114470997200083e-08
2015-09-17,4322042.75,3890293.3,4322042.75,3890293.301821576,0.0,4.682362000820995e-08
2015-09-18,4626830.39,4125549.97,4626830.39,4125549.971856907,0.0,4.500992155447008e-08
2015-09-19,4866373.41,4338177.32,4866373.41,4338177.32014439,0.0,3.3283438492703184e-09
2015-09-20,5970375.19,5199616.34,5970375.19,5199616.3437758535,0.0,7.261792826204822e-08
2015-09-21,5429549.96,4922952.43,5429549.96,4922952.43238833,0.0,4.8514183519597084e-08
2015-09-22,3989413.65,3510644.34,3989413.65,3510644.338718126,0.0,3.6513917803607714e-08
2015-09-23,4492195.74,4136948.97,4492195.74,4136948.9723228933,0.0,5.61499100162636e-08
2015-09-24,4990183.49,4532817.65,4990183.49,4532817.650759974,0.0,1.676602169789137e-08
2015-09-25,5455949.84,4738294.51,5455949.84,4738294.513859931,0.0,8.146246703170998e-08
2015-09-26,6622087.86,5772363.74,6622087.86,5772363.738896262,0.0,1.9121080593130502e-08
2015-09-27,9527329.68,8445286.43,9527329.68,8445286.434424767,0.0,5.2393339235830586e-08
2015-09-28,8161672.8,7449690.47,8161672.8,7449690.470295601,0.0,3.96796155559438e-09
2015-09-29,7149980.42,6330231.0,7149980.42,6330231.003742343,0.0,5.911858216237486e-08
2015-09-30,6245594.21,5509034.08,6245594.21,5509034.075259575,0.0,8.604821311134025e-08
2015-10-01,5328206.77,4579676.64,5328206.7700000005,4579676.644530442,1.7479099719988508e-14,9.892493080649819e-08
2015-10-02,2171539.56,1796561.55,2171539.56,1796561.5480713784,0.0,1.0735071504960256e-07
2015-10-03,4071748.88,3247591.03,4071748.88,3247591.034172745,0.0,1.2848739641821512e-07
2015-10-04,3492367.73,2871726.8,3492367.73,2871726.7992756483,0.0,2.522355187929679e-08
2015-10-05,4507541.9,3678096.41,4507541.9,3678096.4069074686,0.0,8.407967697828652e-08
2015-10-06,4188998.54,3415837.46,4188998.54,3415837.4596167067,0.0,1.1221062496445516e-08
2015-10-07,3426493.43,2803278.62,3426493.43,2803278.617947211,0.0,7.322815055531702e-08
2015-10-08,3233949.18,2641121.98,3233949.1799999997,2641121.9782854533,1.4399152905295167e-14,6.491736133583997e-08
2015-10-09,3267999.74,2663149.73,3267999.74,2663149.7300284477,0.0,1.0681980582037007e-09
2015-10-10,3378102.79,2705337.11,3378102.79,2705337.1102121286,0.0,7.841120391980632e-09
2015-10-11,3286486.34,2566855.85,3286486.34,2566855.853719599,0.0,1.4490876011632827e-07
2015-10-12,4956524.37,4081540.58,4956524.37,4081540.584151052,0.0,1.017030648762526e-07
2015-10-13,5498991.17,4432958.2,5498991.17,4432958.201314689,0.0,2.9657136716062323e-08
2015-10-14,3411355.27,2666618.8,3411355.27,2666618.803913651,0.0,1.4676455519253332e-07
2015-10-15,3768908.71,2948986.13,3768908.71,2948986.134446296,0.0,1.5077371765537187e-07
2015-10-16,3821540.36,2987369.39,3821540.36,2987369.3928371402,0.0,9.49711851039389e-08
2015-10-17,3662021.88,2894880.7,3662021.88,2894880.6964888335,0.0,1.2128882083821478e-07
2015-10-18,4235369.07,3332133.13,4235369.07,3332133.134580141,0.0,1.3745372307957997e-07
2015-10-19,6150586.07,4953145.42,6150586.07,4953145.422020516,0.0,4.0792592615254785e-08
2015-10-20,5151254.9,4073078.24,5151254.9,4073078.2415993046,0.0,3.926525059908214e-08
2015-10-21,3861128.76,3112793.66,3861128.76,3112793.66371247,0.0,1.1926488284802524e-07
2015-10-22,3503062.58,2822517.81,3503062.58,2822517.8080314933,0.0,6.974293365547795e-08
2015-10-23,4220053.16,3535441.18,4220053.16,3535441.182599612,0.0,7.353005596871733e-08
2015-10-24,3836294.44,2963519.26,3836294.44,2963519.264381934,0.0,1.47862517379278e-07
2015-10-25,4371735.18,3592252.8,4371735.18,3592252.80388759,0.0,1.0822150436892983e-07
2015-10-26,5670407.54,4548016.77,5670407.54,4548016.77475154,0.0,1.0447500439763769e-07
2015-10-27,5227347.01,4220293.85,5227347.01,4220293.854489158,0.0,1.0637075141565809e-07
2015-10-28,7029977.95,5631491.38,7029977.95,5631491.378590722,0.0,2.502495619962605e-08
2015-10-29,7420192.54,6015934.85,7420192.54,6015934.847995871,0.0,3.3313673282196816e-08
2015-10-30,7246849.63,5898873.81,7246849.63,5898873.808693764,0.0,2.2143816469481074e-08
2015-10-31,5833943.99,4766615.28,5833943.99,4766615.279424265,0.0,1.2078491757868851e-08
2015-11-01,5794071.48,4691433.96,5794071.4799999995,4691433.96170569,1.6073715656256945e-14,3.635754657523912e-08
2015-11-02,2770297.66,2300656.83,2770297.66,2300656.8344504307,0.0,1.9344174106627986e-07
2015-11-03,2095237.3,1642341.12,2095237.3,1642341.1233464298,0.0,2.0375972027615062e-07
2015-11-04,2658412.16,2230527.42,2658412.16,2230527.4233079916,0.0,1.4830535735496057e-07
2015-11-05,2550367.78,2095931.27,2550367.7800000003,2095931.268354324,1.8258593562836624e-14,7.851765545613561e-08
2015-11-06,3113759.4,2524846.93,3113759.4,2524846.9258571323,0.0,1.640839219866506e-07
2015-11-07,2523233.52,2111797.74,2523233.52,2111797.7402223805,0.0,1.053037745196703e-08
2015-11-08,4183206.42,3467217.26,4183206.42,3467217.2601933284,0.0,5.5759008494193444e-09
2015-11-09,3409517.01,2730600.71,3409517.01,2730600.7079680664,0.0,7.441342517866561e-08
2015-11-10,3237404.66,2600539.96,3237404.66,2600539.959903638,0.0,3.705464466322384e-09
2015-11-11,2928494.89,2445001.94,2928494.89,2445001.937574759,0.0,9.919177480943479e-08
2015-11-12,3900732.76,3072175.13,3900732.7600000002,3072175.1310590506,1.193779005018891e-14,3.447234050606573e-08
2015-11-13,3144926.75,2547598.28,3144926.75,2547598.283167142,0.0,1.2431874307266511e-07
2015-11-14,4369752.69,3445998.98,4369752.6899999995,3445998.983363702,2.1312935552320204e-14,9.761181010451193e-08
2015-11-15,4297274.47,3488973.66,4297274.47,3488973.6615449935,0.0,4.428217353671303e-08
2015-11-16,4316238.63,3541079.15,4316238.63,3541079.14620468,0.0,1.071797478030465e-07
2015-11-17,3035948.85,2418023.08,3035948.85,2418023.075883985,0.0,1.7022232240685044e-07
2015-11-18,3208924.12,2787131.03,3208924.12,2787131.025241473,0.0,1.7073207251023967e-07
2015-11-19,2934934.24,2722267.8,2934934.24,2722267.802224089,0.0,8.169986480142724e-08
2015-11-20,3389498.76,3170548.9,3389498.76,3170548.9024098655,0.0,7.600783618340613e-08
2015-11-21,2291920.41,2320486.62,2291920.41,2320486.621509696,0.0,6.505944772619263e-08
2015-11-22,3070301.17,3152837.2,3070301.17,3152837.203419159,0.0,1.0844705144465939e-07
2015-11-23,2329823.55,2370762.85,2329823.55,2370762.852123308,0.0,8.956222265613462e-08
2015-11-24,1994420.05,2017128.44,1994420.05,2017128.439714413,0.0,1.4158098961088913e-08
2015-11-25,1994246.64,2069297.94,1994246.64,2069297.9435748835,0.0,1.72758281743936e-07
2015-11-26,3361942.92,3392781.25,3361942.92,3392781.245757546,0.0,1.2504355209482418e-07
2015-11-27,5242225.8,5137790.23,5242225.8,5137790.2286601905,0.0,2.6077552976848052e-08
2015-11-28,5114979.4,5281806.7,5114979.4,5281806.70040327,0.0,7.635079212366842e-09
2015-11-29,5018236.03,4955536.7,5018236.03,4955536.696090459,0.0,7.889238907218044e-08
2015-11-30,4031497.64,4065929.95,4031497.64,4065929.951810058,0.0,4.451768826109003e-08
2015-12-01,3221463.05,3262618.05,3221463.05,3262618.048954562,0.0,3.204291704768814e-08
2015-12-02,953639.35,978207.15,953639.35,978207.1493081133,0.0,7.073008599781674e-08
2015-12-03,1852279.15,1907081.99,1852279.15,1907081.9948815526,0.0,2.5596973171495315e-07
2015-12-04,2076429.7,2095572.96,2076429.7,2095572.960044138,0.0,2.1062467778791974e-09
2015-12-05,2287846.3,2292826.58,2287846.3,2292826.5829323907,0.0,1.2789413248047838e-07
2015-12-06,2028034.94,2013778.51,2028034.94,2013778.5063128863,0.0,1.8309430446320137e-07
2015-12-07,2286683.02,2364273.69,2286683.02,2364273.6927970992,0.0,1.18306916319979e-07
2015-12-08,2785090.6,2715044.46,2785090.6,2715044.4638127205,0.0,1.4042939589506313e-07
2015-12-09,1648123.41,1664248.89,1648123.41,1664248.887814648,0.0,1.3131160410717627e-07
2015-12-10,2450848.03,2579079.6,2450848.0300000003,2579079.5957838814,1.900000659395186e-14,1.634737724149145e-07
2015-12-11,2027594.98,1955884.16,2027594.98,1955884.1592219027,0.0,3.9782376155045615e-08
2015-12-12,2888573.7,2824587.14,2888573.7,2824587.14337057,0.0,1.1932965250587098e-07
2015-12-13,3442735.4,3382073.59,3442735.4,3382073.5900243595,0.0,7.202585222766385e-10
2015-12-14,3272227.86,3176504.37,3272227.86,3176504.3721290557,0.0,6.702511036165086e-08
2015-12-15,3089177.63,3106617.67,3089177.63,3106617.6655275174,0.0,1.4396629900820813e-07
2015-12-16,2310884.14,2367574.49,2310884.14,2367574.493259849,0.0,1.3768727518608226e-07
2015-12-17,2671287.02,2646046.82,2671287.02,2646046.8208366074,0.0,3.161726119564172e-08
2015-12-18,2923802.97,2954646.8,2923802.97,2954646.803722633,0.0,1.2599249545348487e-07
2015-12-19,2965218.72,3081409.43,2965218.72,3081409.4262769944,0.0,1.2082152173417545e-07
2015-12-20,3613917.61,3711607.1,3613917.61,3711607.0950682536,0.0,1.3287361467696118e-07
2015-12-21,5050481.76,5131271.18,5050481.76,5131271.179020983,0.0,1.9079415229504823e-08
2015-12-22,3719442.83,3727031.54,3719442.83,3727031.5394323356,0.0,1.5231005860833136e-08
2015-12-23,3656481.63,3646146.76,3656481.63,3646146.761383761,0.0,3.795133604743092e-08
2015-12-24,2398336.72,2262884.17,2398336.72,2262884.172525823,0.0,1.1161964117713972e-07
2015-12-25,3229207.58,3048061.85,3229207.58,3048061.8500138037,0.0,4.5286474549928556e-10
2015-12-26,3645783.09,3633106.61,3645783.09,3633106.6134216744,0.0,9.418040398556857e-08
2015-12-27,5096354.17,5095420.51,5096354.17,5095420.507886405,0.0,4.1480279584892805e-08
2015-12-28,8179976.67,8163764.62,8179976.67,8163764.620705345,0.0,8.639942909887933e-09
2015-12-29,7760149.23,7689336.24,7760149.23,7689336.24270018,0.0,3.5115902478630046e-08
2015-12-30,5941753.52,5888436.34,5941753.52,5888436.339420992,0.0,9.832965286864527e-09
2015-12-31,6375571.66,6217888.06,6375571.66,6217888.056578773,0.0,5.502232403273605e-08
2016-01-01,5846204.33,5354701.23,5846204.33,5354701.233022343,0.0,5.644279279991396e-08
2016-01-02,2558616.91,2072521.54,2558616.91,2072521.5394372616,0.0,2.715235443896591e-08
2016-01-03,2744446.82,2169775.39,2744446.82,2169775.3909212616,0.0,4.245884164267839e-08
2016-01-04,2387838.0,1861702.6,2387838.0,1861702.6049456294,0.0,2.656508765865847e-07
2016-01-05,1557710.07,1249444.02,1557710.07,1249444.017617577,0.0,1.9067865323110047e-07
2016-01-06,2337143.16,1917221.35,2337143.16,1917221.3523042754,0.0,1.2018827598155264e-07
2016-01-07,2503287.51,2024858.69,2503287.51,2024858.6881345622,0.0,9.212681009216211e-08
2016-01-08,2738103.45,2202044.96,2738103.45,2202044.9631387405,0.0,1.4253753234000098e-07
2016-01-09,3026961.32,2446095.09,3026961.32,2446095.0875981385,0.0,9.819165951390925e-08
2016-01-10,4122392.05,3201417.67,4122392.05,3201417.6738152155,0.0,1.191726897239801e-07
2016-01-11,3434076.67,2780091.13,3434076.67,2780091.1263089404,0.0,1.3276757360223376e-07
2016-01-12,2627637.47,2110300.27,2627637.47,2110300.2713262094,0.0,6.284458276874391e-08
2016-01-13,2268324.18,1914275.35,2268324.18,1914275.3505032416,0.0,2.62888800285359e-08
2016-01-14,3247398.41,2705497.94,3247398.41,2705497.936390821,0.0,1.3340165594269834e-07
2016-01-15,3532606.36,3003599.85,3532606.36,3003599.8453287873,0.0,1.5552047492006474e-07
2016-01-16,3856871.3,3138016.53,3856871.3000000003,3138016.5265874933,1.2073550063953112e-14,1.0874724560803637e-07
2016-01-17,4229318.34,3477169.21,4229318.34,3477169.21095395,0.0,2.743467258207823e-08
2016-01-18,4105149.52,3409714.29,4105149.52,3409714.286945091,0.0,8.959427924476369e-08
2016-01-19,2818234.03,2313238.83,2818234.03,2313238.829703932,0.0,1.2798847585121504e-08
2016-01-20,2842888.66,2294689.37,2842888.66,2294689.369022262,0.0,4.260874293196608e-08
2016-01-21,3981191.66,3293021.93,3981191.66,3293021.9269502247,0.0,9.261327611018766e-08
2016-01-22,3322730.4,2667153.86,3322730.4,2667153.855283949,0.0,1.768196009176586e-07
2016-01-23,3998813.29,3324513.23,3998813.29,3324513.2263749223,0.0,1.0904085531724149e-07
2016-01-24,4734624.57,3904936.72,4734624.57,3904936.719973359,0.0,6.822495594615008e-10
2016-01-25,5007306.32,4047871.63,5007306.32,4047871.632584176,0.0,6.384036783408084e-08
2016-01-26,3544741.3,2876880.62,3544741.3,2876880.624800068,0.0,1.6684973702087178e-07
2016-01-27,4728554.45,3994526.08,4728554.45,3994526.0782712717,0.0,4.3277434643306876e-08
2016-01-28,6717660.92,5529962.06,6717660.92,5529962.062144935,0.0,3.8787527248513e-08
2016-01-29,5013253.01,4078543.96,5013253.01,4078543.9614403956,0.0,3.5316417212131e-08
2016-01-30,6920879.78,5546795.93,6920879.78,5546795.926125525,0.0,6.985068831258173e-08
2016-01-31,6449751.32,5251383.47,6449751.32,5251383.467667715,0.0,4.441277350818667e-08
2016-02-01,5200767.32,4131331.82,5200767.32,4131331.8211940094,0.0,2.8901323093587074e-08
2016-02-02,2966994.87,2413250.92,2966994.87,2413250.9213769976,0.0,5.705986344229674e-08
2016-02-03,2273911.2,1841992.31,2273911.2,1841992.309993198,0.0,3.692820658055734e-10
2016-02-04,2819439.59,2305544.16,2819439.59,2305544.158025977,0.0,8.5620695604104e-08
2016-02-05,3680939.41,2987435.62,3680939.41,2987435.615310879,0.0,1.569614127184315e-07
2016-02-06,4735761.79,3973322.09,4735761.79,3973322.093524332,0.0,8.869988959991688e-08
2016-02-07,4032333.88,3144310.26,4032333.88,3144310.261724818,0.0,5.485521825547601e-08
2016-02-08,3848593.44,3120549.68,3848593.44,3120549.6834762394,0.0,1.113982993915115e-07
2016-02-09,3979641.11,3286349.1,3979641.11,3286349.0961339003,0.0,1.1764117672360956e-07
2016-02-10,3448601.24,2764263.83,3448601.2399999998,2764263.8290735236,1.3502903203379329e-14,3.351620881999773e-08
2016-02-11,3717348.88,3000678.76,3717348.88,3000678.7605174244,0.0,1.7243587303099212e-08
2016-02-12,4035900.93,3269439.67,4035900.93,3269439.6694504316,0.0,1.680925126250865e-08
2016-02-13,4701818.64,3727060.93,4701818.64,3727060.931374621,0.0,3.6882169894162446e-08
2016-02-14,4925684.12,4030980.54,4925684.12,4030980.5403430266,0.0,8.509755627039626e-09
2016-02-15,4588032.77,3702428.02,4588032.77,3702428.017019236,0.0,8.050835851117064e-08
2016-02-16,3941056.12,3209642.29,3941056.12,3209642.2900127578,0.0,3.974811251745481e-10
2016-02-17,2962078.99,2374063.71,2962078.99,2374063.710108037,0.0,4.55072639755291e-09
2016-02-18,4009498.5,3301336.9,4009498.5,3301336.8958449587,0.0,1.25859350624783e-07
2016-02-19,4571419.08,3665043.13,4571419.08,3665043.1283329795,0.0,4.548433177024273e-08
2016-02-20,5176883.79,4193086.14,5176883.79,4193086.1423206143,0.0,5.534382314725496e-08
2016-02-21,4758472.96,3843027.26,4758472.96,3843027.2642490626,0.0,1.1056551430230157e-07
2016-02-22,4721935.01,3825599.58,4721935.01,3825599.5774551746,0.0,6.652095646035865e-08
2016-02-23,4550216.22,3722357.32,4550216.22,3722357.31646836,0.0,9.487643517954453e-08
2016-02-24,5790273.07,4665515.38,5790273.07,4665515.378250778,0.0,3.749258172708589e-08
2016-02-25,7677182.49,6237906.21,7677182.49,6237906.212694871,0.0,4.320153567389161e-08
2016-02-26,7096236.89,5762106.77,7096236.89,5762106.770520288,0.0,9.029475393108868e-09
2016-02-27,6837275.28,5301081.64,6837275.28,5301081.643654546,0.0,6.893963067453433e-08
2016-02-28,5117740.12,4142676.19,5117740.12,4142676.1871417183,0.0,6.899601779448683e-08
2016-02-29,3529083.59,2843903.05,3529083.59,2843903.0493063414,0.0,2.4391069407213252e-08
2016-03-01,709982.79,623398.17,709982.79,623398.1721210942,0.0,3.4024709257745527e-07
2016-03-02,1479744.0,1243049.71,1479744.0,1243049.7058526566,0.0,3.3364259724865373e-07
2016-03-03,2251060.05,1853979.92,2251060.05,1853979.921321844,0.0,7.129764696218016e-08
2016-03-04,2778579.79,2305820.78,2778579.79,2305820.7849941137,0.0,2.1658725486764507e-07
2016-03-05,3472294.22,2819038.04,3472294.2199999997,2819038.0394582595,1.3410766997381322e-14,1.921721364096209e-08
2016-03-06,3501407.51,2754054.05,3501407.51,2754054.0489551993,0.0,3.793681917905991e-08
2016-03-07,4275566.76,3544887.63,4275566.76,3544887.6251335572,0.0,1.3728058971240179e-07
2016-03-08,4693887.34,3819333.06,4693887.34,3819333.055200642,0.0,1.2565958521230847e-07
2016-03-09,5050829.68,4101613.27,5050829.68,4101613.268272911,0.0,4.210754906664415e-08
2016-03-10,7374516.48,5983967.59,7374516.4799999995,5983967.590213321,1.2628930685032226e-14,3.564880577182815e-09
2016-03-11,6281759.31,5065973.55,6281759.31,5065973.5492739985,0.0,1.4330934222319439e-08
2016-03-12,4673863.75,3853834.05,4673863.75,3853834.052818073,0.0,7.312388414973935e-08
2016-03-13,4655322.31,3707033.48,4655322.31,3707033.476063203,0.0,1.0619804045541288e-07
2016-03-14,5214530.57,4150309.08,5214530.57,4150309.0828562328,0.0,6.881975863725829e-08
2016-03-15,5319085.92,4384259.36,5319085.92,4384259.357034306,0.0,6.764413438761031e-08
2016-03-16,6412758.35,5219744.05,6412758.35,5219744.053934215,0.0,7.537179572910245e-08
2016-03-17,8569336.81,6809198.69,8569336.81,6809198.691082751,0.0,1.5901297904923996e-08
2016-03-18,6917674.02,5792586.92,6917674.02,5792586.923733807,0.0,6.445837231229277e-08
2016-03-19,5852909.53,4990341.15,5852909.53,4990341.147550961,0.0,4.9075590149213506e-08
2016-03-20,4759469.17,3951071.76,4759469.17,3951071.7567417724,0.0,8.246439367832131e-08
2016-03-21,5534732.74,4759221.87,5534732.74,4759221.8722626185,0.0,4.7541771628014413e-08
2016-03-22,5449314.63,4970365.56,5449314.63,4970365.563808142,0.0,7.661695244292769e-08
2016-03-23,6046593.49,5532819.27,6046593.49,5532819.266796841,0.0,5.789378091944011e-08
2016-03-24,7933448.72,7157854.93,7933448.72,7157854.933007057,0.0,4.201059049524745e-08
2016-03-25,7008643.3,6273523.88,7008643.3,6273523.87999028,0.0,1.5494025203681458e-10
2016-03-26,5197781.65,4790136.82,5197781.65,4790136.816964762,0.0,6.336432813356406e-08
2016-03-27,6141114.6,5639995.87,6141114.6,5639995.867749471,0.0,3.9903023800704196e-08
2016-03-28,5291170.65,4853169.6,5291170.65,4853169.603076631,0.0,6.33942728031353e-08
2016-03-29,7521778.94,6878616.36,7521778.9399999995,6878616.355400616,1.2381679680358678e-14,6.686495933885526e-08
2016-03-30,14545392.64,13412468.3,14545392.64,13412468.297435874,0.0,1.911748507660653e-08
2016-03-31,14231299.73,12932629.87,14231299.73,12932629.87010884,0.0,8.415917342341177e-10
2016-04-01,12298083.49,11254792.81,12298083.49,11254792.813500427,0.0,3.110164929025739e-08
2016-04-02,13123488.4,12292938.79,13123488.4,12292938.786322668,0.0,2.99141724690839e-08
2016-04-03,10576481.39,9627706.26,10576481.39,9627706.25996325,0.0,3.817107398364559e-10
2016-04-04,4230255.21,3886345.44,4230255.21,3886345.4371541506,0.0,7.32268765118272e-08
2016-04-05,4598444.87,4315060.71,4598444.87,4315060.7105361065,0.0,1.2424078428589573e-08
2016-04-06,5873076.02,5465466.98,5873076.02,5465466.975610879,0.0,8.030642602407706e-08
2016-04-07,5504606.21,5121344.12,5504606.21,5121344.115574325,0.0,8.641627223626484e-08
2016-04-08,4323869.8,3902265.35,4323869.8,3902265.353516948,0.0,9.012579963546005e-08
2016-04-09,4537873.44,4208365.26,4537873.44,4208365.259974259,0.0,6.11658519389004e-10
2016-04-10,4898415.28,4517178.31,4898415.28,4517178.30718209,0.0,6.238206773980715e-08
2016-04-11,6193751.24,5553289.41,6193751.24,5553289.406740531,0.0,5.8694380627847394e-08
2016-04-12,5962850.28,5477134.6,5962850.28,5477134.595043051,0.0,9.050258817643657e-08
2016-04-13,8636899.06,7772805.93,8636899.06,7772805.928997636,0.0,1.289577881699598e-08
2016-04-14,7184576.35,6220003.38,7184576.35,6220003.37828968,0.0,2.7497089423961027e-08
2016-04-15,5910167.4,5244820.29,5910167.4,5244820.292239727,0.0,4.270360644033513e-08
2016-04-16,7075518.69,5997253.75,7075518.69,5997253.750537038,0.0,8.954729478076019e-09
2016-04-17,9065525.85,7747445.67,9065525.85,7747445.67351168,0.0,4.532694309430322e-08
2016-04-18,7930420.94,6496267.7,7930420.9399999995,6496267.696027978,1.174367138468035e-14,6.114313704874716e-08
2016-04-19,9299472.01,7665794.67,9299472.01,7665794.667974269,0.0,2.6425582671092114e-08
2016-04-20,11470503.55,9220652.39,11470503.55,9220652.391714346,0.0,1.859244872519792e-08
2016-04-21,9681621.65,7780628.47,9681621.65,7780628.468405767,0.0,2.048976379528026e-08
2016-04-22,6442191.99,5276646.93,6442191.99,5276646.925863443,0.0,7.8393662004531e-08
2016-04-23,8225755.2,6488166.41,8225755.2,6488166.406076587,0.0,6.047029462253865e-08
2016-04-24,8005992.5,6468446.01,8005992.5,6468446.011518174,0.0,2.3470460636807667e-08
2016-04-25,11068078.01,8923524.58,11068078.01,8923524.576486172,0.0,3.9377130510016726e-08
2016-04-26,11387120.36,9133066.32,11387120.36,9133066.3179997,0.0,2.1901737528328518e-08
2016-04-27,16379722.53,13128158.81,16379722.53,13128158.811691618,0.0,1.2885409874384135e-08
2016-04-28,17388183.19,13978683.94,17388183.19,13978683.939638082,0.0,2.589067339847321e-09
2016-04-29,16966030.5,13610990.42,16966030.5,13610990.419788599,0.0,1.5531633238190722e-09
2016-04-30,12874790.56,10476104.29,12874790.56,10476104.292287573,0.0,2.183611435215403e-08
2016-05-01,11553720.73,9387796.08,11553720.73,9387796.081225516,0.0,1.3054354713525187e-08
2016-05-02,8891959.72,7094979.67,8891959.72,7094979.666215421,0.0,5.334165002455194e-08
2016-05-03,6609488.85,5263847.33,6609488.85,5263847.326596419,0.0,6.465956427244566e-08
2016-05-04,6041365.35,4874007.55,6041365.35,4874007.547838491,0.0,4.434766265534844e-08
2016-05-05,6026491.95,4682705.07,6026491.95,4682705.066113739,0.0,8.299179567123641e-08
2016-05-06,5884185.84,4692160.58,5884185.84,4692160.575266856,0.0,1.0087345104558248e-07
2016-05-07,5016235.82,3962154.52,5016235.82,3962154.5162061886,0.0,9.575122339162768e-08
2016-05-08,4730903.12,3759762.75,4730903.12,3759762.751076258,0.0,2.8625683565934128e-08
2016-05-09,7307039.01,5990848.79,7307039.01,5990848.79146212,0.0,2.4405884420081477e-08
2016-05-10,6636687.87,5216849.07,6636687.87,5216849.068449069,0.0,2.9729276478898713e-08
2016-05-11,8452886.26,6878143.05,8452886.26,6878143.049011851,0.0,1.4366509637376488e-08
2016-05-12,10736290.28,8789857.02,10736290.28,8789857.021166839,0.0,1.327483655217112e-08
2016-05-13,9817523.43,7817935.3,9817523.43,7817935.301438292,0.0,1.839733495105431e-08
2016-05-14,7446413.22,6064015.7,7446413.22,6064015.695777066,0.0,6.96392348440741e-08
2016-05-15,6413929.56,4998345.42,6413929.56,4998345.422264006,0.0,4.5295110143510144e-08
2016-05-16,7701732.93,5993216.92,7701732.93,5993216.919147454,0.0,1.422517714107791e-08
2016-05-17,8631034.09,6848845.3,8631034.09,6848845.304513742,0.0,6.590515925649439e-08
2016-05-18,8416389.92,6811181.17,8416389.92,6811181.172394139,0.0,3.515012705748569e-08
2016-05-19,11212790.37,9063577.59,11212790.37,9063577.588348283,0.0,1.8223679705784858e-08
2016-05-20,10058131.11,8217262.68,10058131.11,8217262.678124861,0.0,2.2819507110723442e-08
2016-05-21,7447083.47,5895652.1,7447083.47,5895652.09853841,0.0,2.4790976199635212e-08
2016-05-22,7687940.04,6156525.22,7687940.04,6156525.218205532,0.0,2.9147410528373195e-08
2016-05-23,8645211.05,7045764.67,8645211.05,7045764.672493804,0.0,3.539437431555625e-08
2016-05-24,8183351.87,6580079.91,8183351.87,6580079.9085273845,0.0,2.237990506235609e-08
2016-05-25,9916196.12,7860116.29,9916196.12,7860116.287509604,0.0,3.168395464120956e-08
2016-05-26,12748857.56,10440320.85,12748857.56,10440320.847151734,0.0,2.728140000210499e-08
2016-05-27,10645860.16,8560911.95,10645860.16,8560911.947164249,0.0,3.3124398386482467e-08
2016-05-28,7818417.53,6306590.85,7818417.53,6306590.851386164,0.0,2.197961974295367e-08
2016-05-29,6277386.71,4980964.03,6277386.71,4980964.0271946285,0.0,5.632186363675873e-08
2016-05-30,15902645.06,12868500.26,15902645.06,12868500.258959169,0.0,8.088209093520778e-09
2016-05-31,15273734.62,12146387.51,15273734.62,12146387.513960466,0.0,3.260612267719973e-08
2016-06-01,15027967.48,12020718.26,15027967.48,12020718.26180238,0.0,1.4993955345167025e-08
2016-06-02,15450407.81,12454831.83,15450407.81,12454831.834587526,0.0,3.6833299433214964e-08
2016-06-03,14905219.23,12099283.96,14905219.23,12099283.962061454,0.0,1.7037807554596594e-08
2016-06-04,3543917.94,2852864.04,3543917.94,2852864.042334502,0.0,8.183011974052313e-08
2016-06-05,5281645.29,4151357.66,5281645.29,4151357.6600288157,0.0,6.941243920643111e-10
2016-06-06,5164395.26,4100125.08,5164395.26,4100125.0756068313,0.0,1.0714718793586994e-07
2016-06-07,6484605.21,5302528.24,6484605.21,5302528.2401180295,0.0,2.225906181100196e-09
2016-06-08,8622987.0,7158408.04,8622987.0,7158408.040379641,0.0,5.303422309884911e-09
2016-06-09,6719422.7,5484927.09,6719422.7,5484927.089118503,0.0,1.6071258603978095e-08
2016-06-10,5856690.47,4774033.93,5856690.47,4774033.929083224,0.0,1.920336825088264e-08
2016-06-11,5949391.29,4761365.56,5949391.29,4761365.5635488015,0.0,7.45332789907557e-08
2016-06-12,6087764.33,4901187.37,6087764.33,4901187.373748775,0.0,7.64870682449224e-08
2016-06-13,6889883.95,5491827.46,6889883.95,5491827.460719628,0.0,1.3103621736734373e-08
2016-06-14,9141001.7,7338757.88,9141001.7,7338757.877482184,0.0,3.430847182155235e-08
2016-06-15,9864183.86,7853426.55,9864183.86,7853426.550315386,0.0,4.015901449228038e-09
2016-06-16,10058421.18,8220535.81,10058421.18,8220535.812833216,0.0,3.446510685668378e-08
2016-06-17,5423957.08,4250810.07,5423957.08,4250810.069079363,0.0,2.1657930972129157e-08
2016-06-18,7882351.1,6322388.46,7882351.1,6322388.458904474,0.0,1.7327722384066902e-08
2016-06-19,7908073.31,6297385.32,7908073.31,6297385.316738451,0.0,5.1792120579704846e-08
2016-06-20,7266335.58,5841977.09,7266335.58,5841977.089309525,0.0,1.1819202567932679e-08
2016-06-21,8500049.69,6752198.15,8500049.69,6752198.149428835,0.0,8.458952494610648e-09
2016-06-22,10283795.21,8167871.69,10283795.21,8167871.691526548,0.0,1.868966180905535e-08
2016-06-23,9872888.2,7950198.34,9872888.2,7950198.342688889,0.0,3.382166427460846e-08
2016-06-24,7881916.83,6508523.99,7881916.83,6508523.993984672,0.0,6.122236045404046e-08
2016-06-25,6886227.09,6096912.54,6886227.09,6096912.535117951,0.0,8.007411593095962e-08
2016-06-26,6698524.32,6144242.3,6698524.32,6144242.295798471,0.0,6.838155806859312e-08
2016-06-27,6871506.56,6833479.69,6871506.56,6833479.688766605,0.0,1.8049299112599833e-08
2016-06-28,8247984.99,8163713.72,8247984.99,8163713.721960589,0.0,2.401590278248443e-08
2016-06-29,13343751.12,13303063.47,13343751.12,13303063.474682994,0.0,3.5202369190274565e-08
2016-06-30,11824115.33,11686500.64,11824115.33,11686500.638081584,0.0,1.6415662219047552e-08
2016-07-01,10173764.85,10138330.52,10173764.85,10138330.52354963,0.0,3.501197574266291e-08
2016-07-02,8800553.93,8597989.65,8800553.93,8597989.6506996,0.0,8.136788171469842e-09
2016-07-03,6426683.62,6344095.57,6426683.62,6344095.574923219,0.0,7.760316355420646e-08
2016-07-04,1386571.93,1325944.63,1386571.93,1325944.629308107,0.0,5.218112403596576e-08
2016-07-05,2748779.52,2677876.06,2748779.52,2677876.055892923,0.0,1.5337069559377108e-07
2016-07-06,2703265.31,2729115.94,2703265.31,2729115.9378661443,0.0,7.818852856008494e-08
2016-07-07,4517288.27,4518370.11,4517288.27,4518370.109348923,0.0,1.4409562552753348e-08
2016-07-08,3773827.56,3763622.72,3773827.56,3763622.7233243426,0.0,8.832825905335746e-08
2016-07-09,4051086.89,3956559.68,4051086.89,3956559.682258649,0.0,5.708617619617502e-08
2016-07-10,4008532.54,3789183.06,4008532.54,3789183.063723677,0.0,9.827122952727948e-08
2016-07-11,4094198.38,3954521.72,4094198.38,3954521.719060132,0.0,2.3766929533014425e-08
2016-07-12,4373623.08,4271906.38,4373623.08,4271906.377176004,0.0,6.610621055551288e-08
2016-07-13,3978100.94,3903887.84,3978100.94,3903887.835948518,0.0,1.0378069261511877e-07
2016-07-14,5834657.65,5776926.66,5834657.65,5776926.66321711,0.0,5.5688944457018697e-08
2016-07-15,5538171.41,5410397.02,5538171.41,5410397.017993203,0.0,3.7091477413472987e-08
2016-07-16,4146739.21,3932641.54,4146739.21,3932641.5357664586,0.0,1.0765134298937671e-07
2016-07-17,4362617.65,4257377.15,4362617.65,4257377.145839445,0.0,9.772578122610897e-08
2016-07-18,4037086.77,4032049.3,4037086.77,4032049.2972901687,0.0,6.720729111950835e-08
2016-07-19,4972014.76,4468539.05,4972014.76,4468539.045738468,0.0,9.536745274916838e-08
2016-07-20,5743038.13,4989427.8,5743038.13,4989427.797555349,0.0,4.899661997012885e-08
2016-07-21,6234589.1,5454135.01,6234589.1,5454135.011433299,0.0,2.627912437897644e-08
2016-07-22,6429688.49,5405412.2,6429688.49,5405412.201105241,0.0,2.044692440230362e-08
2016-07-23,5794840.19,4693760.16,5794840.19,4693760.164790242,0.0,1.0205553046517284e-07
2016-07-24,4992598.4,3988427.93,4992598.4,3988427.933894402,0.0,9.764252438693912e-08
2016-07-25,6602810.86,5210533.01,6602810.86,5210533.006978407,0.0,5.799009813068586e-08
2016-07-26,7851989.46,6298482.2,7851989.46,6298482.203999234,0.0,6.349520487923556e-08
2016-07-27,7880563.86,6294203.51,7880563.86,6294203.513081271,0.0,4.8954111826764946e-08
2016-07-28,10561338.25,8364736.75,10561338.25,8364736.753206626,0.0,3.8335044803264835e-08
2016-07-29,9786083.49,8009568.05,9786083.49,8009568.05080841,0.0,1.0093057970935476e-08
2016-07-30,6346290.87,5035247.55,6346290.87,5035247.549098985,0.0,1.7894145920785308e-08
2016-07-31,11015269.56,8901256.98,11015269.56,8901256.982459093,0.0,2.7626346157820373e-08
2016-08-01,10793582.2,8684114.27,10793582.2,8684114.270301752,0.0,3.474761271948504e-09
2016-08-02,9744357.22,7715286.95,9744357.22,7715286.945854648,0.0,5.37290731600246e-08
2016-08-03,9904285.99,7903743.51,9904285.99,7903743.506856422,0.0,3.977327746626124e-08
2016-08-04,9495153.07,7445312.45,9495153.07,7445312.445202234,0.0,6.44400892152117e-08
2016-08-05,5608281.75,4405172.77,5608281.75,4405172.774343563,0.0,9.860143784511758e-08
2016-08-06,3417126.9,2778007.61,3417126.9,2778007.609166684,0.0,2.9996885962396386e-08
2016-08-07,4427581.45,3417549.23,4427581.45,3417549.230166601,0.0,4.874868642168815e-09
2016-08-08,4350104.4,3457274.61,4350104.4,3457274.611268616,0.0,3.6694104150831916e-08
2016-08-09,5367433.58,4307308.14,5367433.58,4307308.1400173465,0.0,4.027298189719927e-10
2016-08-10,6219835.93,4989664.4,6219835.93,4989664.400561331,0.0,1.1249864168470722e-08
2016-08-11,6515630.05,5260377.53,6515630.05,5260377.533507857,0.0,6.66844966850048e-08
2016-08-12,6119372.31,4890673.79,6119372.31,4890673.787964647,0.0,4.161703315644673e-08
2016-08-13,4911652.24,4032826.41,4911652.24,4032826.4091306156,0.0,2.155769707750423e-08
2016-08-14,4133214.74,3276890.85,4133214.74,3276890.8515365254,0.0,4.688973147401955e-08
2016-08-15,5605211.59,4497185.08,5605211.59,4497185.084019286,0.0,8.937336313060203e-08
2016-08-16,5622571.31,4439845.57,5622571.31,4439845.573944273,0.0,8.883806980596908e-08
2016-08-17,5481191.48,4224740.02,5481191.4799999995,4224740.015755093,1.6991243199835783e-14,1.0047735026799181e-07
2016-08-18,9528740.46,7920089.68,9528740.459999999,7920089.682842194,1.9547653302658605e-14,3.5885886594250646e-08
2016-08-19,6546299.57,5278113.04,6546299.57,5278113.044479044,0.0,8.486070842153622e-08
2016-08-20,5781551.94,4564247.81,5781551.94,4564247.809162687,0.0,1.834503835339832e-08
2016-08-21,6521389.47,5328696.02,6521389.47,5328696.017561864,0.0,4.575482324319094e-08
2016-08-22,5219998.72,4287522.68,5219998.72,4287522.684543079,0.0,1.0596046720611908e-07
2016-08-23,4815121.42,3868404.84,4815121.42,3868404.844675642,0.0,1.208674457553213e-07
2016-08-24,6292751.73,5100249.41,6292751.7299999995,5100249.411679654,1.4799925606082643e-14,3.293278618618838e-08
2016-08-25,8794928.73,6977759.11,8794928.73,6977759.110575316,0.0,8.244985219086556e-09
2016-08-26,5680360.34,4488665.83,5680360.34,4488665.832622677,0.0,5.8428876477044575e-08
2016-08-27,4561647.77,3662367.33,4561647.77,3662367.3282760493,0.0,4.707203219765699e-08
2016-08-28,15158669.18,12249721.23,15158669.18,12249721.234382162,0.0,3.577356040423099e-08
2016-08-29,14043471.1,11328872.12,14043471.1,11328872.117021613,0.0,2.6290228417077795e-08
2016-08-30,13812380.3,11037531.68,13812380.3,11037531.676860599,0.0,2.84429612138315e-08
2016-08-31,12534594.92,10091516.93,12534594.92,10091516.934270242,0.0,4.231516982776608e-08
2016-09-01,12403544.62,10116739.78,12403544.62,10116739.784605563,0.0,4.552418523779031e-08
2016-09-02,2363186.38,2197302.32,2363186.38,2197302.316731095,0.0,1.4876901345088214e-07
2016-09-03,2854708.14,2576390.08,2854708.14,2576390.0813431046,0.0,5.2131256563263736e-08
2016-09-04,2911393.7,2610346.46,2911393.7,2610346.4562272164,0.0,1.4453190856572033e-07
2016-09-05,4157930.98,3683805.93,4157930.98,3683805.9282284514,0.0,4.8090176208536546e-08
2016-09-06,4457820.99,4021959.96,4457820.99,4021959.9623922245,0.0,5.9479073029320224e-08
2016-09-07,2727504.52,2482230.36,2727504.52,2482230.36125213,0.0,5.044375251373173e-08
2016-09-08,2950156.73,2710099.28,2950156.73,2710099.280653435,0.0,2.4111109703073294e-08
2016-09-09,4080455.52,3550531.35,4080455.52,3550531.345795397,0.0,1.1842179374274126e-07
2016-09-10,3383667.97,3081087.79,3383667.97,3081087.786396333,0.0,1.1696086792767854e-07
2016-09-11,4791697.67,4209772.35,4791697.67,4209772.35020488,0.0,4.866788624973617e-09
2016-09-12,5675073.45,5130706.55,5675073.45,5130706.551985547,0.0,3.86992924549561e-08
2016-09-13,5639925.61,5076124.78,5639925.61,5076124.777319717,0.0,5.280175637857888e-08
2016-09-14,4385149.48,3911967.05,4385149.48,3911967.052525555,0.0,6.45597198960765e-08
2016-09-15,3714513.35,3311188.02,3714513.35,3311188.018927083,0.0,3.2402784954800525e-08
2016-09-16,4018602.31,3556568.41,4018602.31,3556568.411520924,0.0,4.276380007805778e-08
2016-09-17,4431680.09,3843688.85,4431680.09,3843688.848300266,0.0,4.422142581930459e-08
2016-09-18,4942620.63,4382989.7,4942620.63,4382989.698220015,0.0,4.061122055844576e-08
2016-09-19,5350877.2,4783146.79,5350877.2,4783146.786830062,0.0,6.62730651970192e-08
2016-09-20,4950112.24,4381290.5,4950112.24,4381290.498340124,0.0,3.788554389718111e-08
2016-09-21,4415854.52,4042078.78,4415854.52,4042078.7784035467,0.0,3.9495844115400915e-08
2016-09-22,3570383.96,3326231.28,3570383.96,3326231.2765889815,0.0,1.0254904131698398e-07
2016-09-23,4188287.62,3857859.5,4188287.62,3857859.496178461,0.0,9.905853821061687e-08
2016-09-24,3669054.98,3149906.57,3669054.98,3149906.567623146,0.0,7.545791918669399e-08
2016-09-25,5830714.93,5221915.5,5830714.93,5221915.504675203,0.0,8.953042237066632e-08
2016-09-26,6888617.97,6121949.95,6888617.97,6121949.946538813,0.0,5.65373255636471e-08
2016-09-27,8489123.16,7795904.94,8489123.16,7795904.937189777,0.0,3.6047425535485995e-08
2016-09-28,7567886.85,6824968.63,7567886.85,6824968.628645808,0.0,1.984172419946765e-08
2016-09-29,5432931.71,4892504.82,5432931.71,4892504.821829267,0.0,3.7389161900850985e-08
2016-09-30,4909635.76,4205412.15,4909635.76,4205412.150265263,0.0,6.307658120792727e-09
2016-10-01,4366699.03,3701260.21,4366699.03,3701260.20581921,0.0,1.1295584984439729e-07
2016-10-02,2596796.4,1974164.43,2596796.4,1974164.4269441874,0.0,1.5479017409706e-07
2016-10-03,2548741.44,2097911.33,2548741.44,2097911.3265495095,0.0,1.644726583513695e-07
2016-10-04,3461082.31,2850191.25,3461082.31,2850191.253804466,0.0,1.3348108557562802e-07
2016-10-05,3424882.78,2746226.47,3424882.78,2746226.465487538,0.0,1.6431501001871565e-07
2016-10-06,2895028.23,2454432.63,2895028.23,2454432.6278895563,0.0,8.59849856071527e-08
2016-10-07,3222934.99,2477341.55,3222934.99,2477341.554948336,0.0,1.9974380058326472e-07
2016-10-08,3101070.27,2574361.13,3101070.27,2574361.1250042277,0.0,1.9405871581870195e-07
2016-10-09,3313712.48,2583489.11,3313712.48,2583489.1086092987,0.0,5.383034727925994e-08
2016-10-10,4264616.83,3371581.16,4264616.83,3371581.16437445,0.0,1.2974476558785081e-07
2016-10-11,4422185.53,3581266.99,4422185.53,3581266.9924704935,0.0,6.898377930349144e-08
2016-10-12,4541598.24,3524730.02,4541598.24,3524730.0197716374,0.0,6.478868517769537e-09
2016-10-13,3317032.06,2649214.4,3317032.06,2649214.396039355,0.0,1.4950261580538713e-07
2016-10-14,3511630.87,2718591.77,3511630.87,2718591.7700568372,0.0,2.0906860813795787e-09
2016-10-15,3943248.97,3043533.56,3943248.9699999997,3043533.5588700916,1.1809076496322251e-14,3.712489003080804e-08
2016-10-16,4376304.87,3413503.15,4376304.87,3413503.1506882845,0.0,2.0163585773864694e-08
2016-10-17,3037287.93,2453991.87,3037287.93,2453991.87184816,0.0,7.531238575646443e-08
2016-10-18,4508859.09,3657069.31,4508859.09,3657069.3089403515,0.0,2.8975348592700603e-08
2016-10-19,4228189.57,3396000.86,4228189.57,3396000.8573354706,0.0,7.846079440619945e-08
2016-10-20,2846518.01,2260628.69,2846518.0100000002,2260628.6938238298,1.6358979134220874e-14,1.6914895540813824e-07
2016-10-21,3272036.28,2634207.2,3272036.28,2634207.197249736,0.0,1.0440575878194934e-07
2016-10-22,3948044.16,3231763.1,3948044.16,3231763.1048883004,0.0,1.5125800273760542e-07
2016-10-23,3383059.2,2666084.61,3383059.2,2666084.6145795966,0.0,1.7177236873619995e-07
2016-10-24,4380387.44,3526727.23,4380387.44,3526727.226944418,0.0,8.664071882279852e-08
2016-10-25,4299274.8,3249930.02,4299274.8,3249930.019568625,0.0,1.327336618726817e-08
2016-10-26,4706906.11,3751859.51,4706906.11,3751859.5113451015,0.0,3.585160212826143e-08
2016-10-27,4202633.76,3430770.86,4202633.76,3430770.862741064,0.0,7.989644475980548e-08
2016-10-28,7095459.64,5821255.79,7095459.64,5821255.78795675,0.0,3.509981506701863e-08
2016-10-29,7748034.04,6291672.94,7748034.04,6291672.9392362675,0.0,1.2138789591287501e-08
2016-10-30,6231866.09,5021019.4,6231866.09,5021019.401141827,0.0,2.2740932293312614e-08
2016-10-31,6154479.92,4923620.6,6154479.92,4923620.602104488,0.0,4.274269632878254e-08
2016-11-01,7719179.86,6108632.49,7719179.86,6108632.48733365,0.0,4.364889291436201e-08
2016-11-02,2019573.39,1671538.84,2019573.39,1671538.842011013,0.0,1.2030907905434795e-07
2016-11-03,2167731.38,1630172.24,2167731.38,1630172.239847909,0.0,9.329752175846316e-09
2016-11-04,2921457.72,2325634.63,2921457.7199999997,2325634.625699532,1.593934713207964e-14,1.8491587691759806e-07
2016-11-05,3331729.51,2510325.05,3331729.51,2510325.0458905185,0.0,1.637031566723776e-07
2016-11-06,3177194.93,2614531.12,3177194.93,2614531.1163517586,0.0,1.3953712343659878e-07
2016-11-07,4013690.76,3164694.75,4013690.76,3164694.7503516907,0.0,1.1112941848156764e-08
2016-11-08,2902668.64,2275142.13,2902668.64,2275142.1342753554,0.0,1.8791597376212735e-07
2016-11-09,3088936.2,2415653.4,3088936.2,2415653.398957981,0.0,4.3136118375797914e-08
2016-11-10,3524443.54,2787453.25,3524443.54,2787453.2528892434,0.0,1.0365172654334062e-07
2016-11-11,3242466.89,2622416.39,3242466.89,2622416.3867801577,0.0,1.2278151011347644e-07
2016-11-12,4067309.35,3215859.82,4067309.35,3215859.818871231,0.0,3.510006894612387e-08
2016-11-13,4108240.53,3298120.47,4108240.53,3298120.466609839,0.0,1.0279070614322135e-07
2016-11-14,5384564.17,4287246.16,5384564.17,4287246.160488582,0.0,1.1396174816134205e-08
2016-11-15,4067351.79,3266049.08,4067351.79,3266049.0814771173,0.0,4.52264233748003e-08
2016-11-16,2666254.64,2184170.77,2666254.64,2184170.7655425007,0.0,2.040819988747315e-07
2016-11-17,3253737.52,2657687.82,3253737.52,2657687.821269624,0.0,4.7771754579538586e-08
2016-11-18,2750384.49,2341586.51,2750384.4899999998,2341586.513136534,1.6930770552292463e-14,1.3394910802685221e-07
2016-11-19,3049656.36,2797715.85,3049656.36,2797715.8482688563,0.0,6.187704154012329e-08
2016-11-20,2422645.76,2208447.77,2422645.7600000002,2208447.7742277235,1.9221187636930432e-14,1.9143416104626657e-07
2016-11-21,2849528.18,2622825.33,2849528.18,2622825.3263702244,0.0,1.3839182031441262e-07
2016-11-22,2953802.19,3010640.25,2953802.19,3010640.2462317273,0.0,1.251651603982099e-07
2016-11-23,1781135.32,1682846.05,1781135.32,1682846.047323717,0.0,1.5903314562554904e-07
2016-11-24,1693041.1,1727778.84,1693041.1,1727778.8429028254,0.0,1.6800908170517736e-07
2016-11-25,3314537.94,3343367.28,3314537.94,3343367.2773517994,0.0,7.920758182740341e-08
2016-11-26,3392192.14,3360164.37,3392192.14,3360164.3665112443,0.0,1.0382693823185795e-07
2016-11-27,5299633.2,5281944.59,5299633.2,5281944.594448386,0.0,8.421871591802735e-08
2016-11-28,5196318.58,5131257.93,5196318.58,5131257.9288962865,0.0,2.1509602366539533e-08
2016-11-29,4921786.18,4962698.8,4921786.18,4962698.79839341,0.0,3.237331499009977e-08
2016-11-30,3832887.02,3897608.89,3832887.02,3897608.8900671364,0.0,1.7224983914767805e-09
2016-12-01,2358573.02,2341309.79,2358573.02,2341309.7917904207,0.0,7.647089785193438e-08
2016-12-02,907573.74,925477.21,907573.74,925477.2074237203,0.0,2.7837310945386574e-07
2016-12-03,1333890.05,1218185.92,1333890.05,1218185.917769037,0.0,1.8313813471308066e-07
2016-12-04,2237557.76,2224630.3,2237557.7600000002,2224630.302433537,2.081114041533119e-14,1.0939062728336419e-07
2016-12-05,1925286.27,1939563.58,1925286.27,1939563.5795514672,0.0,2.3125453210288607e-08
2016-12-06,2605334.49,2510982.32,2605334.4899999998,2510982.323532038,1.7873378220534716e-14,1.4066359775330792e-07
2016-12-07,2299467.49,2274139.79,2299467.49,2274139.792336111,0.0,1.0272503607678286e-07
2016-12-08,2075549.34,2136761.21,2075549.34,2136761.214434648,0.0,2.075406437157085e-07
2016-12-09,2553283.93,2600587.96,2553283.93,2600587.9638231113,0.0,1.470094977839305e-07
2016-12-10,2913080.54,2889190.43,2913080.54,2889190.426519006,0.0,1.204833750813702e-07
2016-12-11,2853330.5,2812545.24,2853330.5,2812545.241011613,0.0,3.596787744810297e-08
2016-12-12,3248145.42,3217430.0,3248145.42,3217429.997115085,0.0,8.966520168419936e-08
2016-12-13,3823629.31,3830277.56,3823629.31,3830277.556894134,0.0,8.108723737246073e-08
2016-12-14,2792734.55,2831410.87,2792734.55,2831410.866862402,0.0,1.1081395191025723e-07
2016-12-15,2707101.38,2742933.88,2707101.38,2742933.8831201033,0.0,1.137505868460615e-07
2016-12-16,2646651.72,2651717.38,2646651.72,2651717.383928938,0.0,1.4816578791063353e-07
2016-12-17,3238132.58,3280502.46,3238132.58,3280502.4567159223,0.0,1.0010898226004358e-07
2016-12-18,3271429.4,3285398.32,3271429.4,3285398.321570553,0.0,4.7804037751210715e-08
2016-12-19,4135316.35,4095588.8,4135316.35,4095588.799792668,0.0,5.062323709925969e-09
2016-12-20,4293749.29,4224108.67,4293749.29,4224108.665969642,0.0,9.541321876771838e-08
2016-12-21,4279775.59,4100591.43,4279775.59,4100591.4322582236,0.0,5.507067748703525e-08
2016-12-22,3117384.48,3057416.11,3117384.48,3057416.1056812136,0.0,1.4125608566068673e-07
2016-12-23,2500798.47,2509747.01,2500798.4699999997,2509747.0103464094,1.8620504326673682e-14,1.380257138267546e-08
2016-12-24,2034069.49,2007308.18,2034069.49,2007308.1841245263,0.0,2.054754940578714e-07
2016-12-25,3488378.94,3406046.44,3488378.94,3406046.4372409047,0.0,8.100580335488713e-08
2016-12-26,3839559.68,3806837.33,3839559.68,3806837.3331214697,0.0,8.199640186664884e-08
2016-12-27,5844260.6,5750792.35,5844260.6,5750792.35449619,0.0,7.818384708247599e-08
2016-12-28,7554359.22,7421332.69,7554359.22,7421332.687651375,0.0,3.164694535677907e-08
2016-12-29,7928143.58,7951767.41,7928143.58,7951767.412198715,0.0,2.765064229822715e-08
2016-12-30,5840732.73,5741938.39,5840732.7299999995,5741938.392364582,1.594530374300278e-14,4.118090828457224e-08
2016-12-31,4969730.15,4920694.41,4969730.15,4920694.412633583,0.0,5.352055180006097e-08
2017-01-01,3998895.08,3583814.01,3998895.08,3583814.0087151593,0.0,3.58512052567718e-08
2017-01-02,1748553.87,1374452.07,1748553.87,1374452.0656372728,0.0,3.174157453572617e-07
2017-01-03,1891837.91,1573537.28,1891837.91,1573537.2758919797,0.0,2.610691458990099e-07
2017-01-04,847466.28,682698.81,847466.28,682698.8062237737,0.0,5.531321065475572e-07
2017-01-05,1464435.52,1145400.53,1464435.52,1145400.5335982654,0.0,3.141490906997362e-07
2017-01-06,2311449.24,1842665.52,2311449.24,1842665.5245521602,0.0,2.470421304074084e-07
2017-01-07,2148635.45,1767280.58,2148635.45,1767280.5788422306,0.0,6.551135573965545e-08
2017-01-08,2907768.3,2272946.44,2907768.3,2272946.435341507,0.0,2.049539164545494e-07
2017-01-09,3437216.12,2814472.11,3437216.12,2814472.111938697,0.0,6.888314664003037e-08
2017-01-10,3014515.71,2440786.22,3014515.71,2440786.2169271633,0.0,1.2589537243423798e-07
2017-01-11,2227157.79,1674420.56,2227157.79,1674420.5556545209,0.0,2.59521370693569e-07
2017-01-12,2704158.21,2101198.8,2704158.21,2101198.795724897,0.0,2.034601692130653e-07
2017-01-13,3136819.59,2599219.64,3136819.59,2599219.6446650196,0.0,1.7947769340097625e-07
2017-01-14,2056300.58,1704845.73,2056300.58,1704845.7345264815,0.0,2.6550680911362044e-07
2017-01-15,2415343.55,1994964.86,2415343.55,1994964.8596004792,0.0,2.0026460693364837e-08
2017-01-16,3848368.92,3102404.56,3848368.92,3102404.5613790196,0.0,4.445002429926353e-08
2017-01-17,2829843.68,2229864.7,2829843.68,2229864.697108144,0.0,1.296875207583915e-07
2017-01-18,2138817.82,1652537.47,2138817.82,1652537.4695748216,0.0,2.572881598888708e-08
2017-01-19,2663777.41,2187863.56,2663777.41,2187863.5637198864,0.0,1.7002368736479654e-07
2017-01-20,2871845.05,2318588.01,2871845.05,2318588.0117087727,0.0,7.369886143660177e-08
2017-01-21,2790303.1,2232164.85,2790303.1,2232164.8465326387,0.0,1.5533626213784038e-07
2017-01-22,2438538.62,2064760.98,2438538.62,2064760.9838756148,0.0,1.8770283243147858e-07
2017-01-23,3466339.69,2719480.1,3466339.69,2719480.10300964,0.0,1.106696710296056e-07
2017-01-24,2856042.21,2288079.89,2856042.21,2288079.8890186576,0.0,4.288934653912866e-08
2017-01-25,2345949.16,1953862.54,2345949.16,1953862.5437427252,0.0,1.915551911200469e-07
2017-01-26,3398297.86,2689465.29,3398297.86,2689465.2947115107,0.0,1.7518391596571513e-07
2017-01-27,3893498.97,3118864.85,3893498.9699999997,3118864.8464048784,1.1959969448964288e-14,1.1527019744104479e-07
2017-01-28,5454445.79,4466542.85,5454445.79,4466542.853588623,0.0,8.03445413548415e-08
2017-01-29,6530902.38,5313138.23,6530902.38,5313138.225178741,0.0,9.07422189992319e-08
2017-01-30,5647441.37,4545794.61,5647441.37,4545794.612419911,0.0,5.323404599785251e-08
2017-01-31,5786663.6,4731579.01,5786663.6,4731579.005824051,0.0,8.825698359024492e-08
2017-02-01,3754242.39,3007642.45,3754242.39,3007642.4478146364,0.0,7.26603585528493e-08
2017-02-02,2084558.98,1704689.79,2084558.98,1704689.7851033746,0.0,2.872443678310181e-07
2017-02-03,2527455.7,2118774.82,2527455.7,2118774.8200529683,0.0,2.499959187261251e-09
2017-02-04,2511052.37,2067059.03,2511052.37,2067059.0282155147,0.0,8.632967289474142e-08
2017-02-05,2436308.96,2039899.33,2436308.96,2039899.3272150848,0.0,1.3652219143682806e-07
2017-02-06,2567404.94,2085607.67,2567404.94,2085607.6686134282,0.0,6.648286230837541e-08
2017-02-07,2738634.88,2219123.05,2738634.88,2219123.0514915753,0.0,6.721463696477706e-08
2017-02-08,1933130.03,1586818.66,1933130.03,1586818.6602076716,0.0,1.3087296489982254e-08
2017-02-09,2516914.69,2076822.36,2516914.69,2076822.3572372517,0.0,1.3302766993328513e-07
2017-02-10,2588464.94,2130151.17,2588464.94,2130151.173250108,0.0,1.5257640613712317e-07
2017-02-11,3014037.02,2552520.25,3014037.02,2552520.2501851395,0.0,7.253203074606762e-09
2017-02-12,3603536.48,2886850.52,3603536.48,2886850.5192631274,0.0,2.552514099635777e-08
2017-02-13,4440040.43,3602625.97,4440040.43,3602625.9722706755,0.0,6.302833775161277e-08
2017-02-14,3875527.43,3254271.21,3875527.43,3254271.208608964,0.0,4.274493060154123e-08
2017-02-15,2042667.61,1725509.05,2042667.61,1725509.0464517453,0.0,2.0563524280512875e-07
2017-02-16,3533527.8,2858753.36,3533527.8,2858753.355156508,0.0,1.6942672035546764e-07
2017-02-17,3023518.61,2507056.83,3023518.61,2507056.825720845,0.0,1.7068441500651328e-07
2017-02-18,3277433.63,2800726.99,3277433.63,2800726.98733716,0.0,9.50767536006178e-08
2017-02-19,4520643.56,3744775.49,4520643.56,3744775.4946041275,0.0,1.2294801838874358e-07
2017-02-20,5623470.83,4661358.55,5623470.83,4661358.551809214,0.0,3.881302462353368e-08
2017-02-21,5243661.46,4397106.06,5243661.46,4397106.063432373,0.0,7.805983002060174e-08
2017-02-22,4461426.24,3673004.77,4461426.24,3673004.7722690124,0.0,6.17753727513384e-08
2017-02-23,5005082.74,4050645.07,5005082.74,4050645.0655048457,0.0,1.1097378460091001e-07
2017-02-24,5197080.94,4291124.12,5197080.94,4291124.1235476015,0.0,8.267300834462644e-08
2017-02-25,7193655.77,5984598.22,7193655.77,5984598.217134049,0.0,4.788877167030672e-08
2017-02-26,6951383.99,5568547.06,6951383.99,5568547.059534756,0.0,8.354855400904371e-09
2017-02-27,7418488.93,6084966.92,7418488.93,6084966.91547894,0.0,7.429883946952804e-08
2017-02-28,5900508.14,4852701.48,5900508.14,4852701.479998672,0.0,2.736756004619662e-11
2017-03-01,4138759.12,3461752.84,4138759.12,3461752.8442175053,0.0,1.2183150126388255e-07
2017-03-02,1084768.59,894235.96,1084768.59,894235.9635933407,0.0,4.0183362218189445e-07
2017-03-03,1291387.67,1088338.93,1291387.67,1088338.9266122915,0.0,3.1127329514310743e-07
2017-03-04,1414852.54,1091358.11,1414852.54,1091358.1132504106,0.0,2.978317124046466e-07
2017-03-05,2359240.19,1784452.73,2359240.19,1784452.729632045,0.0,2.0620051496214815e-08
2017-03-06,3890607.23,3160109.06,3890607.23,3160109.0644612005,0.0,1.4117235694913441e-07
2017-03-07,3220221.21,2644266.94,3220221.21,2644266.937071368,0.0,1.1075401660702507e-07
2017-03-08,4553707.12,3607122.81,4553707.12,3607122.8142136754,0.0,1.168154125289952e-07
2017-03-09,4967983.41,4034647.4,4967983.41,4034647.403149127,0.0,7.80521024467903e-08
2017-03-10,6057343.95,4929376.63,6057343.95,4929376.625111121,0.0,9.917844592148855e-08
2017-03-11,4368486.87,3465509.34,4368486.87,3465509.339194734,0.0,2.323657670000211e-08
2017-03-12,3116003.75,2481856.51,3116003.75,2481856.5140983253,0.0,1.651314443689337e-07
2017-03-13,4924647.72,4152542.23,4924647.72,4152542.2326403693,0.0,6.358440690025151e-08
2017-03-14,5669415.23,4519981.15,5669415.23,4519981.152950866,0.0,6.52849133086928e-08
2017-03-15,7298281.44,5862653.36,7298281.44,5862653.362050256,0.0,3.497145915641125e-08
2017-03-16,7437742.79,6020449.52,7437742.79,6020449.517567532,0.0,4.0403418512989056e-08
2017-03-17,7834618.24,6274517.1,7834618.24,6274517.097944164,0.0,3.2764846718506325e-08
2017-03-18,5974783.9,4875618.15,5974783.9,4875618.14867385,0.0,2.7199633360657832e-08
2017-03-19,5122059.27,4468071.53,5122059.2700000005,4468071.530888249,1.8182580980080666e-14,1.987991686291362e-08
2017-03-20,5574811.65,4750949.98,5574811.65,4750949.975528159,0.0,9.412520205572455e-08
2017-03-21,6395400.59,5699224.23,6395400.59,5699224.22781318,0.0,3.837050016061023e-08
2017-03-22,6704488.72,5884865.16,6704488.72,5884865.164358473,0.0,7.406241460728069e-08
2017-03-23,8227253.04,7586583.97,8227253.04,7586583.968679484,0.0,1.7405933480879466e-08
2017-03-24,8043513.7,7275137.93,8043513.7,7275137.927972403,0.0,2.7870211761524328e-08
2017-03-25,5949599.34,5438511.57,5949599.34,5438511.566339458,0.0,6.730779022884238e-08
2017-03-26,5631526.96,5140078.21,5631526.96,5140078.207483801,0.0,4.895254119727139e-08
2017-03-27,6690279.11,5981854.17,6690279.11,5981854.174671976,0.0,7.810247186731818e-08
2017-03-28,7528150.84,6808020.58,7528150.84,6808020.577060103,0.0,4.318284035009387e-08
2017-03-29,8839810.76,8216778.38,8839810.76,8216778.380308168,0.0,3.750473804092542e-09
2017-03-30,17516038.82,16224964.49,17516038.82,16224964.48809123,0.0,1.1764400669337693e-08
2017-03-31,16556662.03,15209810.1,16556662.03,15209810.103993393,0.0,2.6255382723724937e-08
2017-04-01,15808755.61,14645912.76,15808755.61,14645912.756452976,0.0,2.4218524580434658e-08
2017-04-02,14750037.65,13407725.54,14750037.65,13407725.544785542,0.0,3.5692431899691247e-08
2017-04-03,11986923.68,10898039.76,11986923.68,10898039.761804875,0.0,1.6561466554307736e-08
2017-04-04,3822590.98,3438348.87,3822590.98,3438348.874207711,0.0,1.2237591049042845e-07
2017-04-05,4629254.97,4199168.99,4629254.97,4199168.992069999,0.0,4.9295432916922103e-08
2017-04-06,3991728.43,3603945.57,3991728.43,3603945.570773594,0.0,2.1465203455885946e-08
2017-04-07,3428956.51,3033332.62,3428956.51,3033332.615828956,0.0,1.3750698069095897e-07
2017-04-08,3512061.04,3104040.68,3512061.04,3104040.676448566,0.0,1.1441326406397829e-07
2017-04-09,5195329.1,4683867.18,5195329.1,4683867.175050303,0.0,1.0567542101009333e-07
2017-04-10,4956146.85,4458418.44,4956146.850000001,4458418.438446746,1.8791262704725518e-14,3.483868153946194e-08
2017-04-11,6400896.15,5775011.4,6400896.15,5775011.398845852,0.0,1.9985207645655106e-08
2017-04-12,6346191.53,5932271.71,6346191.53,5932271.712268126,0.0,3.823368762069385e-08
2017-04-13,6080699.31,5675033.32,6080699.31,5675033.322289885,0.0,4.0350154696940784e-08
2017-04-14,5046450.29,4501125.15,5046450.29,4501125.149267709,0.0,1.6269076407252388e-08
2017-04-15,5118767.2,4382670.97,5118767.2,4382670.972620742,0.0,5.979784186925927e-08
2017-04-16,5550880.17,4613246.21,5550880.17,4613246.210045289,0.0,9.81722704996838e-10
2017-04-17,6659045.31,5533903.49,6659045.31,5533903.487964798,0.0,3.677697780921839e-08
2017-04-18,8056843.67,6512827.94,8056843.67,6512827.942741962,0.0,4.210093933415555e-08
2017-04-19,8628781.58,6869166.87,8628781.58,6869166.874856412,0.0,7.069870904122286e-08
2017-04-20,7240460.1,5704449.86,7240460.1,5704449.858948586,0.0,1.843148390766985e-08
2017-04-21,5516371.41,4399591.55,5516371.41,4399591.553060577,0.0,6.95650358106904e-08
2017-04-22,5307716.56,4273571.86,5307716.56,4273571.856641088,0.0,7.859731307340314e-08
2017-04-23,7933547.43,6292750.65,7933547.43,6292750.647223239,0.0,4.412635576590683e-08
2017-04-24,7075130.23,5783275.04,7075130.23,5783275.043898262,0.0,6.740578684768074e-08
2017-04-25,8289377.68,6751931.23,8289377.68,6751931.227677486,0.0,3.4397781350731595e-08
2017-04-26,11677117.94,9490915.85,11677117.94,9490915.84842986,0.0,1.654359921741405e-08
2017-04-27,10910842.34,8767860.5,10910842.34,8767860.496073335,0.0,4.4784752116386556e-08
2017-04-28,8873238.46,7052027.5,8873238.46,7052027.499131037,0.0,1.2322173696350097e-08
2017-04-29,13969061.08,11193381.32,13969061.08,11193381.320797231,0.0,7.122340671963652e-09
2017-04-30,12763691.95,10213945.04,12763691.95,10213945.040210245,0.0,2.0584217987866155e-09
2017-05-01,10437173.89,8248934.13,10437173.89,8248934.130377342,0.0,4.574434696229102e-09
2017-05-02,10668293.77,8545428.77,10668293.77,8545428.76801382,0.0,2.3242596179503965e-08
2017-05-03,11066087.91,8850240.81,11066087.91,8850240.814163206,0.0,4.7040591470942235e-08
2017-05-04,5096072.55,4205229.55,5096072.55,4205229.551935383,0.0,4.6023249906858836e-08
2017-05-05,5663567.39,4486107.35,5663567.39,4486107.352392115,0.0,5.3322733603686534e-08
2017-05-06,3743378.15,2996412.53,3743378.15,2996412.53277883,0.0,9.273856583154241e-08
2017-05-07,4893557.72,3947883.38,4893557.72,3947883.3792354027,0.0,1.9367269336811455e-08
2017-05-08,5867384.27,4768855.8,5867384.27,4768855.803614316,0.0,7.578999899967374e-08
2017-05-09,6383091.75,5203605.53,6383091.75,5203605.528327575,0.0,3.213974037216209e-08
2017-05-10,7501996.22,6032076.17,7501996.22,6032076.168156558,0.0,3.056065867061093e-08
2017-05-11,10239562.28,8268973.88,10239562.28,8268973.883879949,0.0,4.6921776592827484e-08
2017-05-12,8320439.9,6726540.41,8320439.9,6726540.405349707,0.0,6.913350154222967e-08
2017-05-13,7357524.23,5896933.82,7357524.23,5896933.8218809925,0.0,3.189780081253959e-08
2017-05-14,6662133.39,5287890.68,6662133.39,5287890.679055573,0.0,1.786017034755186e-08
2017-05-15,7541584.53,6196974.67,7541584.53,6196974.669122008,0.0,1.4168078728410752e-08
2017-05-16,6978902.38,5556954.23,6978902.38,5556954.22940888,0.0,1.0637494177395177e-08
2017-05-17,7526190.32,5942140.35,7526190.32,5942140.350223158,0.0,3.7555142465444e-09
2017-05-18,10554187.11,8417567.55,10554187.11,8417567.550855951,0.0,1.0168622153223441e-08
2017-05-19,8723026.23,6978931.62,8723026.23,6978931.616287898,0.0,5.3190116218430354e-08
2017-05-20,6210104.92,4916762.05,6210104.92,4916762.050695432,0.0,1.41441161730411e-08
2017-05-21,7924193.43,6410830.66,7924193.43,6410830.663237562,0.0,5.0501447094396273e-08
2017-05-22,7701304.95,6167091.35,7701304.95,6167091.346479898,0.0,5.7078793049216507e-08
2017-05-23,8875094.41,7259320.81,8875094.41,7259320.81451758,0.0,6.223144700125082e-08
2017-05-24,9809118.2,7989958.15,9809118.2,7989958.150844281,0.0,1.0566766679113848e-08
2017-05-25,12997641.6,10345551.33,12997641.6,10345551.327556614,0.0,2.361774799481501e-08
2017-05-26,10924584.92,8936147.49,10924584.92,8936147.485184394,0.0,5.388906579439858e-08
2017-05-27,6842735.97,5377732.71,6842735.97,5377732.712985491,0.0,5.551580151607023e-08
2017-05-28,6133951.19,4817050.8,6133951.19,4817050.804516998,0.0,9.377103322050883e-08
2017-05-29,7513494.18,5975112.76,7513494.18,5975112.760286137,0.0,4.788824858590792e-09
2017-05-30,15437626.24,12468271.46,15437626.24,12468271.456382608,0.0,2.9012785489211767e-08
2017-05-31,17314841.86,13846685.08,17314841.86,13846685.08363782,0.0,2.6272139947115978e-08
2017-06-01,17639270.88,14102311.81,17639270.88,14102311.80714395,0.0,2.0252350998543855e-08
2017-06-02,17528852.88,14154253.77,17528852.88,14154253.765638836,0.0,3.081168315662237e-08
2017-06-03,15308256.14,12312510.57,15308256.14,12312510.571194595,0.0,9.702281440910305e-09
2017-06-04,4982217.86,4015671.63,4982217.86,4015671.627309701,0.0,6.699499352333686e-08
2017-06-05,6879970.92,5535512.4,6879970.92,5535512.398160515,0.0,3.323061871282989e-08
2017-06-06,5342823.74,4216558.08,5342823.74,4216558.079329472,0.0,1.5902260246731962e-08
2017-06-07,7640608.49,6119021.16,7640608.49,6119021.158923867,0.0,1.758668522760697e-08
2017-06-08,7229728.05,5870597.71,7229728.05,5870597.706364612,0.0,6.192534469695647e-08
2017-06-09,6070420.59,4805414.43,6070420.59,4805414.425563906,0.0,9.231448082485917e-08
2017-06-10,6331260.25,5062026.02,6331260.25,5062026.015311155,0.0,9.262783315488094e-08
2017-06-11,6522568.24,5237226.84,6522568.24,5237226.841004404,0.0,1.91781723238883e-08
2017-06-12,6628740.01,5335810.64,6628740.01,5335810.642385254,0.0,4.4702748634436345e-08
2017-06-13,9097973.24,7325847.9,9097973.24,7325847.901452991,0.0,1.9833756138901938e-08
2017-06-14,10026676.46,8103723.85,10026676.46,8103723.851501014,0.0,1.8522527222505442e-08
2017-06-15,7940593.56,6369139.96,7940593.56,6369139.9561448395,0.0,6.052874425331859e-08
2017-06-16,7143718.68,5840484.65,7143718.68,5840484.653128523,0.0,5.3566154086806055e-08
2017-06-17,7455304.37,6136710.77,7455304.37,6136710.765347906,0.0,7.580760017834089e-08
2017-06-18,7827068.5,6257008.19,7827068.5,6257008.192065511,0.0,3.30111520766057e-08
2017-06-19,7342525.83,5820728.91,7342525.83,5820728.910311915,0.0,5.358690229741649e-09
2017-06-20,8225238.75,6368214.24,8225238.75,6368214.236002502,0.0,6.277267128960631e-08
2017-06-21,10655514.59,8609715.32,10655514.59,8609715.316589776,0.0,3.960902009788516e-08
2017-06-22,9198620.13,7431185.52,9198620.13,7431185.524411947,0.0,5.937070162319551e-08
2017-06-23,6526283.84,5230359.86,6526283.84,5230359.863773042,0.0,7.213733092602491e-08
2017-06-24,7602436.11,6685562.91,7602436.11,6685562.906655731,0.0,5.002225712928605e-08
2017-06-25,7066545.51,6587328.34,7066545.51,6587328.34370799,0.0,5.628974083165037e-08
2017-06-26,7983541.46,7671373.55,7983541.46,7671373.552149307,0.0,2.80172403939341e-08
2017-06-27,9250037.34,9101777.72,9250037.34,9101777.720842943,0.0,9.261288847752907e-09
2017-06-28,11067229.74,10779722.88,11067229.74,10779722.882248556,0.0,2.0859120840676227e-08
2017-06-29,14575854.67,14163551.21,14575854.67,14163551.214594288,0.0,3.243739395311563e-08
2017-06-30,10343460.86,10016805.64,10343460.86,10016805.642695159,0.0,2.6906363374042983e-08
2017-07-01,9399552.7,9077728.29,9399552.7,9077728.293326002,0.0,3.663915026037721e-08
2017-07-02,8465410.55,8425628.54,8465410.55,8425628.535199298,0.0,5.697736959439292e-08
2017-07-03,7335280.55,7353625.52,7335280.55,7353625.516307954,0.0,5.020715017098723e-08
2017-07-04,1548331.57,1505172.52,1548331.57,1505172.5152584128,0.0,3.1501951752657536e-07
2017-07-05,2498941.43,2468637.84,2498941.43,2468637.8448173045,0.0,1.951401938765311e-07
2017-07-06,3806545.74,3785638.98,3806545.74,3785638.984738013,0.0,1.2515754458987586e-07
2017-07-07,3910669.38,3735165.73,3910669.38,3735165.730126861,0.0,3.396396438447244e-09
2017-07-08,2775904.89,2709365.34,2775904.89,2709365.3356655375,0.0,1.5998072599988173e-07
2017-07-09,4305575.04,4091213.73,4305575.04,4091213.7314526676,0.0,3.550700927715837e-08
2017-07-10,4406742.02,4296558.78,4406742.02,4296558.784000207,0.0,9.310256609453584e-08
2017-07-11,4944810.32,4863855.67,4944810.32,4863855.672129633,0.0,4.378487200528761e-08
2017-07-12,4751983.65,4543652.2,4751983.65,4543652.199099419,0.0,1.9820651745143934e-08
2017-07-13,6163660.52,5965250.9,6163660.5200000005,5965250.901144443,1.510989405716781e-14,1.9185156273983146e-08
2017-07-14,4470547.96,4429144.59,4470547.96,4429144.588137002,0.0,4.2062255648482596e-08
2017-07-15,4914470.82,4964833.31,4914470.82,4964833.306669168,0.0,6.708848430505016e-08
2017-07-16,5679726.46,5555676.19,5679726.46,5555676.190279619,0.0,5.0330224007782214e-09
2017-07-17,5903451.12,5721733.07,5903451.12,5721733.067392304,0.0,4.557529436907684e-08
2017-07-18,5722567.0,5454385.63,5722567.0,5454385.632691205,0.0,4.934019781877412e-08
2017-07-19,5823778.88,5343161.22,5823778.88,5343161.219689988,0.0,5.8020360347647934e-09
2017-07-20,7767875.77,6983084.24,7767875.7700000005,6983084.240447061,1.1989411290694194e-14,6.402055273609572e-09
2017-07-21,7742137.96,6801188.17,7742137.96,6801188.167077852,0.0,4.296525017974783e-08
2017-07-22,5031209.52,4280297.37,5031209.5200000005,4280297.371179862,1.8510908180494113e-14,2.7564950145867725e-08
2017-07-23,5822844.6,4618045.67,5822844.6,4618045.669573899,0.0,9.226859096506573e-09
2017-07-24,5657508.49,4478937.41,5657508.49,4478937.40875386,0.0,2.7822231578817096e-08
2017-07-25,7277905.64,5735726.58,7277905.64,5735726.575949262,0.0,7.062293018495956e-08
2017-07-26,8323356.74,6749350.5,8323356.74,6749350.502677663,0.0,3.967290229490793e-08
2017-07-27,10162217.48,8082143.68,10162217.48,8082143.682651287,0.0,3.280425772844211e-08
2017-07-28,8483149.48,6878556.14,8483149.48,6878556.135093775,0.0,7.132637894270728e-08
2017-07-29,7623158.15,6127361.47,7623158.15,6127361.466057309,0.0,6.434565365538252e-08
2017-07-30,8808543.18,8256517.97,8808543.18,8256517.972089436,0.0,2.530650540070762e-08
2017-07-31,9466549.72,11128407.08,9466549.72,11128407.078380529,0.0,1.4552588033681167e-08
2017-08-01,7103485.92,8893176.14,7103485.92,8893176.144676475,0.0,5.2584972845299364e-08
2017-08-02,6242432.38,8556480.36,6242432.38,8556480.360988919,0.0,1.1557547569944965e-08
2017-08-03,6560878.74,8998020.07,6560878.74,8998020.068757184,0.0,1.3812110203613605e-08
2017-08-04,5472043.99,7638550.59,5472043.99,7638550.591802991,0.0,2.3603838491552256e-08
2017-08-05,1626028.13,2192300.16,1626028.1300000001,2192300.162588971,1.4318980056874517e-14,1.1809382216707092e-07
2017-08-06,2056024.63,2936220.92,2056024.6300000001,2936220.9164481633,1.1324311988123878e-14,1.2096625860202447e-07
2017-08-07,2070918.21,2673620.96,2070918.21,2673620.955730388,0.0,1.596939912434054e-07
2017-08-08,2631383.27,3603508.2,2631383.27,3603508.1972580897,0.0,7.609003129827007e-08
2017-08-09,2635632.31,3591835.02,2635632.31,3591835.0207764446,0.0,2.1616932778262712e-08
2017-08-10,3124252.01,4079777.28,3124252.01,4079777.282032443,0.0,4.9817509042394676e-08
2017-08-11,3164344.57,4365179.69,3164344.57,4365179.6891361205,0.0,1.9790248750381313e-08
2017-08-12,2404905.33,3325606.06,2404905.33,3325606.0622925316,0.0,6.893575189359595e-08
2017-08-13,2375693.54,3146463.17,2375693.54,3146463.16788351,0.0,6.726568979539177e-08
2017-08-14,3038574.28,4128458.45,3038574.28,4128458.4476234727,0.0,5.756452570049631e-08
2017-08-15,2570726.93,3709393.15,2570726.93,3709393.1517415736,0.0,4.695036653616056e-08
2017-08-16,3226436.89,4462853.41,3226436.89,4462853.408007874,0.0,4.463794376470842e-08
2017-08-17,4035498.92,5750566.25,4035498.92,5750566.248345847,0.0,2.8765041328225958e-08
2017-08-18,3226338.29,4356894.77,3226338.29,4356894.76723815,0.0,6.339031232135248e-08
2017-08-19,2594209.32,3620782.22,2594209.32,3620782.2232206264,0.0,8.894835307305097e-08
2017-08-20,2793076.6,3941814.02,2793076.6,3941814.0222471226,0.0,5.7007321264948414e-08
2017-08-21,2634922.72,3676913.21,2634922.72,3676913.214336393,0.0,1.179356902095152e-07
2017-08-22,3146373.54,4106696.92,3146373.54,4106696.919815502,0.0,4.492608039822187e-09
2017-08-23,3476965.73,4769850.97,3476965.73,4769850.9739804445,0.0,8.345008616127303e-08
2017-08-24,4910360.99,6796852.79,4910360.99,6796852.788206337,0.0,2.6389611087218548e-08
2017-08-25,3349335.96,4548124.98,3349335.96,4548124.97974566,0.0,5.592204940621238e-09
2017-08-26,2646726.51,3741666.75,2646726.51,3741666.75464542,0.0,1.2415375508025605e-07
2017-08-27,2383553.18,3067888.41,2383553.18,3067888.4105426176,0.0,1.768699934463362e-08
2017-08-28,3635080.01,5161278.75,3635080.01,5161278.753958104,0.0,7.668844040460788e-08
2017-08-29,7306573.99,9554867.54,7306573.99,9554867.536664844,0.0,3.4905303843335034e-08
2017-08-30,6946636.36,9396255.8,6946636.36,9396255.80123847,0.0,1.3180452520602566e-08
2017-08-31,7907948.51,10017576.0,7907948.51,10017576.004098346,0.0,4.091155841378531e-08
2017-09-01,5962206.68,7605277.51,5962206.68,7605277.513930309,0.0,5.167870404337214e-08
2017-09-02,6245530.26,7453975.27,6245530.26,7453975.268381808,0.0,2.1709108780634396e-08
2017-09-03,2366258.16,2028274.79,2366258.16,2028274.7929537853,0.0,1.45630427067899e-07
2017-09-04,3110959.61,2696832.33,3110959.61,2696832.330410681,0.0,1.522827801373183e-08
2017-09-05,4156708.13,3697301.2,4156708.13,3697301.200035919,0.0,9.714865371661487e-10
2017-09-06,3962558.61,3470517.33,3962558.61,3470517.3288042713,0.0,3.44539060071229e-08
2017-09-07,3177169.11,2911789.0,3177169.11,2911788.9987192424,0.0,4.398524750862545e-08
2017-09-08,2758623.23,2466116.27,2758623.23,2466116.273301543,0.0,1.3387621758907356e-07
2017-09-09,3407389.12,3057748.67,3407389.12,3057748.666348241,0.0,1.1942639882063987e-07
2017-09-10,2833078.04,2447241.71,2833078.04,2447241.7091100365,0.0,3.6365981617703786e-08
2017-09-11,4351501.62,3874079.03,4351501.62,3874079.032694924,0.0,6.956296815668737e-08
2017-09-12,5272757.92,4657582.93,5272757.92,4657582.934985693,0.0,1.0704464065978636e-07
2017-09-13,4375381.18,3897483.92,4375381.18,3897483.917211947,0.0,7.153468625920727e-08
2017-09-14,2944995.39,2598454.0,2944995.39,2598453.996010215,0.0,1.5354456835988382e-07
2017-09-15,4050240.35,3493814.51,4050240.35,3493814.5128177316,0.0,8.064915318934923e-08
2017-09-16,3998480.39,3572766.48,3998480.39,3572766.4772659596,0.0,7.652446335644474e-08
2017-09-17,3646297.83,3324722.05,3646297.83,3324722.054897737,0.0,1.473126876852608e-07
2017-09-18,4708998.08,4108242.1,4708998.08,4108242.1023787265,0.0,5.7901319352217074e-08
2017-09-19,5863767.93,5193156.23,5863767.93,5193156.229488218,0.0,9.854936404404051e-09
2017-09-20,4348094.84,3813888.37,4348094.84,3813888.366787067,0.0,8.424297334439922e-08
2017-09-21,3941062.22,3437534.89,3941062.22,3437534.8883635816,0.0,4.7604419047909234e-08
2017-09-22,4296469.47,3871217.73,4296469.47,3871217.7325344835,0.0,6.54699305541165e-08
2017-09-23,4068464.64,3622953.87,4068464.64,3622953.8740773923,0.0,1.1254330888341609e-07
2017-09-24,3893369.27,3496467.09,3893369.27,3496467.0865834877,0.0,9.771326523463149e-08
2017-09-25,5274815.56,4684517.64,5274815.56,4684517.636136335,0.0,8.247731444027892e-08
2017-09-26,5803004.55,5062124.41,5803004.55,5062124.414628469,0.0,9.143333630939123e-08
2017-09-27,7446035.82,6568633.22,7446035.82,6568633.220742734,0.0,1.130729004029726e-08
2017-09-28,7777371.32,7033425.19,7777371.32,7033425.194618543,0.0,6.566562015103001e-08
2017-09-29,5297992.65,4816175.26,5297992.65,4816175.255142762,0.0,1.0085258921367584e-07
2017-09-30,5604370.48,4849617.32,5604370.48,4849617.316970262,0.0,6.247376551493276e-08
2017-10-01,4057941.88,3476480.87,4057941.88,3476480.870382801,0.0,1.1011165212679936e-08
2017-10-02,2879522.46,2342981.57,2879522.46,2342981.571461917,0.0,6.2395585502163e-08
2017-10-03,2733645.95,2251158.64,2733645.95,2251158.6407205854,0.0,3.2009526913568584e-08
2017-10-04,3991921.57,3166198.46,3991921.57,3166198.460725742,0.0,2.292155633963547e-08
2017-10-05,3219806.7,2540926.63,3219806.7,2540926.628298887,0.0,6.694852250020891e-08
2017-10-06,2919860.88,2393697.54,2919860.88,2393697.540959873,0.0,4.0100000846456285e-08
2017-10-07,3614512.4,2790501.3,3614512.4,2790501.297692704,0.0,8.268391773389861e-08
2017-10-08,3915909.65,3064193.34,3915909.65,3064193.3354029055,0.0,1.5002625048588333e-07
2017-10-09,3295589.64,2601027.16,3295589.64,2601027.157844119,0.0,8.28857694463439e-08
2017-10-10,3865996.54,3056078.01,3865996.54,3056078.013887826,0.0,1.272161933840056e-07
2017-10-11,5115944.9,4157714.79,5115944.9,4157714.785543915,0.0,1.0717630664906817e-07
2017-10-12,4480692.67,3480805.66,4480692.67,3480805.6617014804,0.0,4.888179374412519e-08
2017-10-13,3073492.71,2485145.78,3073492.71,2485145.7826870224,0.0,1.0812333736089633e-07
2017-10-14,3790006.69,2996354.65,3790006.69,2996354.645368348,0.0,1.5457622918881903e-07
2017-10-15,3744243.63,2920145.88,3744243.63,2920145.8761596265,0.0,1.3151306548239508e-07
2017-10-16,4113305.99,3202804.6,4113305.9899999998,3202804.5989937233,1.1320852094150652e-14,3.1418613936185624e-08
2017-10-17,4345077.6,3330124.96,4345077.6,3330124.964064702,0.0,1.2205854170757802e-07
2017-10-18,6078621.94,4769081.72,6078621.94,4769081.721941547,0.0,4.071112452550678e-08
2017-10-19,3916465.28,3063562.45,3916465.28,3063562.450882471,0.0,2.8805385713178398e-08
2017-10-20,3454637.53,2776840.51,3454637.5300000003,2776840.5092333253,1.347930957340521e-14,2.7609598734588302e-08
2017-10-21,3395571.6,2700303.7,3395571.6,2700303.695728909,0.0,1.5817076286614503e-07
2017-10-22,3560322.33,2849008.19,3560322.33,2849008.1907915673,0.0,2.7783962872570935e-08
2017-10-23,3915143.5,3019168.91,3915143.5,3019168.908449692,0.0,5.134883172347754e-08
2017-10-24,3172297.01,2492929.42,3172297.01,2492929.418643173,0.0,5.442701603445105e-08
2017-10-25,6656072.71,5320570.98,6656072.71,5320570.977468242,0.0,4.758433858120093e-08
2017-10-26,5244501.34,4208554.22,5244501.34,4208554.215404834,0.0,1.0918633411949753e-07
2017-10-27,3452345.34,2711681.12,3452345.34,2711681.124589834,0.0,1.692615606973895e-07
2017-10-28,3658997.27,2958790.37,3658997.27,2958790.3730986933,0.0,1.0472837961249714e-07
2017-10-29,7644126.36,6130363.53,7644126.36,6130363.525753221,0.0,6.927451686547825e-08
2017-10-30,7135440.35,5691818.99,7135440.35,5691818.994991897,0.0,8.770300776060979e-08
2017-10-31,7280919.6,5711548.55,7280919.6,5711548.5462485915,0.0,6.568110689953657e-08
2017-11-01,7083914.55,5591633.48,7083914.55,5591633.47599987,0.0,7.153777377928147e-08
2017-11-02,5199936.08,4288675.49,5199936.08,4288675.4879190065,0.0,4.852299344405645e-08
2017-11-03,1577128.76,1289906.6,1577128.76,1289906.5956134323,0.0,3.400686331471679e-07
2017-11-04,1931786.56,1566251.33,1931786.56,1566251.328593369,0.0,8.980876439622064e-08
2017-11-05,2523519.9,2073018.57,2523519.9,2073018.573492807,0.0,1.6848894113516678e-07
2017-11-06,3018330.58,2360833.81,3018330.58,2360833.811234085,0.0,5.22732615987638e-08
2017-11-07,4095990.43,3338509.96,4095990.43,3338509.9590958674,0.0,2.7081920463989857e-08
2017-11-08,4277782.67,3348300.89,4277782.67,3348300.8881736235,0.0,5.454637185273114e-08
2017-11-09,2792998.33,2205753.88,2792998.33,2205753.879865191,0.0,6.111694686244438e-09
2017-11-10,3541249.75,2843011.6,3541249.75,2843011.603243856,0.0,1.1409929287768249e-07
2017-11-11,2921904.65,2403613.27,2921904.65,2403613.2683007284,0.0,7.069654811272262e-08
2017-11-12,3084484.33,2422146.93,3084484.33,2422146.9306502715,0.0,2.684689766846764e-08
2017-11-13,3746234.93,2946152.31,3746234.93,2946152.308607751,0.0,4.7256518722002966e-08
2017-11-14,4154076.39,3314644.14,4154076.39,3314644.1415849514,0.0,4.781663530776483e-08
2017-11-15,3854132.18,3119546.66,3854132.18,3119546.6643642457,0.0,1.3989999339186288e-07
2017-11-16,3066706.38,2516030.25,3066706.38,2516030.2502962607,0.0,1.1774925834238017e-08
2017-11-17,2781968.82,2191402.04,2781968.82,2191402.044074313,0.0,1.8592265007313814e-07
2017-11-18,2774765.8,2218818.06,2774765.8,2218818.063221864,0.0,1.4520631226309368e-07
2017-11-19,3132539.58,2911417.5,3132539.58,2911417.4989446094,0.0,3.6250059431120016e-08
2017-11-20,2995966.89,2760945.71,2995966.89,2760945.708364573,0.0,5.92343092857486e-08
2017-11-21,2297213.47,2128140.16,2297213.47,2128140.162921796,0.0,1.3729339791999395e-07
2017-11-22,2248567.69,2263677.12,2248567.69,2263677.1190392333,0.0,4.244274923241854e-08
2017-11-23,1749357.29,1656734.06,1749357.29,1656734.0600137517,0.0,8.300472983653455e-10
2017-11-24,1620958.87,1618303.7,1620958.8699999999,1618303.703330408,1.4363760115262492e-14,2.0579623774209312e-07
2017-11-25,2674533.14,2727514.77,2674533.14,2727514.7696831347,0.0,1.1617362444027615e-08
2017-11-26,2940959.43,2955583.74,2940959.43,2955583.736725659,0.0,1.1078492108179535e-07
2017-11-27,3888410.38,3813390.96,3888410.38,3813390.961944542,0.0,5.099246186791044e-08
2017-11-28,5847881.51,5752351.51,5847881.51,5752351.508166693,0.0,3.187055975801138e-08
2017-11-29,4871438.96,4803864.88,4871438.96,4803864.876869485,0.0,6.516659365369906e-08
2017-11-30,4264134.96,4156136.15,4264134.96,4156136.145984983,0.0,9.660455505488927e-08
2017-12-01,2565213.32,2510402.2,2565213.32,2510402.198755135,0.0,4.958828341832332e-08
2017-12-02,2798541.49,2818052.3,2798541.49,2818052.3011254803,0.0,3.9938240820432176e-08
2017-12-03,1410398.63,1318304.86,1410398.63,1318304.857416167,0.0,1.9599663605164144e-07
2017-12-04,1209471.35,1144863.17,1209471.35,1144863.1682646757,0.0,1.5157481857730812e-07
2017-12-05,1723297.16,1680632.44,1723297.16,1680632.43647194,0.0,2.099245404238424e-07
2017-12-06,1875094.15,1865514.43,1875094.15,1865514.4320152493,0.0,1.0802646742330549e-07
2017-12-07,2133387.42,2193351.43,2133387.42,2193351.4292078055,0.0,3.6117997903332284e-08
2017-12-08,1553493.17,1488945.36,1553493.17,1488945.3587095612,0.0,8.666798421486073e-08
2017-12-09,1605808.62,1631952.74,1605808.62,1631952.742904564,0.0,1.7798088377219363e-07
2017-12-10,1836022.63,1769756.1,1836022.6300000001,1769756.1034349194,1.2681251301018531e-14,1.9408998146802763e-07
2017-12-11,2040261.84,2142116.71,2040261.84,2142116.7067922344,0.0,1.4974746728991195e-07
2017-12-12,2636835.06,2612267.82,2636835.06,2612267.821611339,0.0,6.168354491321465e-08
2017-12-13,2887343.12,2845278.71,2887343.12,2845278.709930506,0.0,2.4424283389076173e-09
2017-12-14,2544808.4,2511218.15,2544808.4,2511218.1538066957,0.0,1.5158761924865792e-07
2017-12-15,2615767.25,2602096.36,2615767.25,2602096.3563947314,0.0,1.385524566032897e-07
2017-12-16,1895310.17,1824600.76,1895310.17,1824600.7586670485,0.0,7.305441858949251e-08
2017-12-17,2997880.85,2962168.44,2997880.85,2962168.4407777274,0.0,2.6255342138005896e-08
2017-12-18,2575839.99,2572642.87,2575839.99,2572642.8660141006,0.0,1.5493403872838516e-07
2017-12-19,2830509.48,2835294.19,2830509.48,2835294.1888253577,0.0,4.1429289521661774e-08
2017-12-20,3950305.28,3962113.72,3950305.28,3962113.7192294723,0.0,1.9447394091024902e-08
2017-12-21,2446276.92,2392977.63,2446276.92,2392977.6329996646,0.0,1.2535281200895182e-07
2017-12-22,2423079.28,2383321.92,2423079.28,2383321.9211747423,0.0,4.929012510163655e-08
2017-12-23,2343205.29,2302420.5,2343205.29,2302420.4987843568,0.0,5.2798489652611855e-08
2017-12-24,1582944.12,1537881.36,1582944.1199999999,1537881.3578457327,1.4708708962756662e-14,1.4008020703577407e-07
2017-12-25,1888197.46,1829750.85,1888197.46,1829750.8451815688,0.0,2.633381115560105e-07
2017-12-26,2701416.56,2654070.12,2701416.56,2654070.1162060294,0.0,1.4294915018021198e-07
2017-12-27,4103218.35,4112542.69,4103218.35,4112542.6853244305,0.0,1.1369047888041263e-07
2017-12-28,3545279.44,3453711.8,3545279.44,3453711.7950257845,0.0,1.4402519895957985e-07
2017-12-29,6520226.98,6483039.79,6520226.9799999995,6483039.792870755,1.428359131472258e-14,4.4281006489449326e-08
2017-12-30,5342810.18,5371586.26,5342810.18,5371586.257865082,0.0,3.9744651428949906e-08
2017-12-31,5157535.61,5013423.96,5157535.61,5013423.9615784045,0.0,3.148356454050494e-08
2018-01-01,4076479.77,3905605.37,4076479.77,3905605.3705333723,0.0,1.3656581073693653e-08
2018-01-02,3624718.09,3245091.67,3624718.09,3245091.6691367174,0.0,2.66027146043769e-08
2018-01-03,1228388.32,997328.86,1228388.32,997328.8569317752,0.0,3.076442368039385e-07
2018-01-04,1209588.0,943742.57,1209588.0,943742.565000731,0.0,5.297280291632432e-07
2018-01-05,1515574.79,1226621.86,1515574.79,1226621.861008922,0.0,8.225208063281585e-08
2018-01-06,1836672.15,1424469.16,1836672.15,1424469.1578766094,0.0,1.4906539340201792e-07
2018-01-07,1476050.73,1224918.4,1476050.73,1224918.4046268698,0.0,3.7772882850839936e-07
2018-01-08,2536686.97,2085102.3,2536686.97,2085102.3026199131,0.0,1.2564913868768896e-07
2018-01-09,2729162.63,2140605.04,2729162.63,2140605.043210443,0.0,1.4997830108916345e-07
2018-01-10,2434343.96,1884221.76,2434343.96,1884221.7647393164,0.0,2.515264664589714e-07
2018-01-11,2183840.91,1845305.97,2183840.91,1845305.9731345957,0.0,1.6986861511552124e-07
2018-01-12,2862550.24,2341061.28,2862550.24,2341061.283957574,0.0,1.6905043407340814e-07
2018-01-13,2753366.32,2271479.73,2753366.32,2271479.7260737866,0.0,1.728482677258216e-07
2018-01-14,2226116.52,1762940.79,2226116.52,1762940.791428714,0.0,8.10415205175647e-08
2018-01-15,3128561.64,2520530.26,3128561.64,2520530.262313237,0.0,9.177581433281942e-08
2018-01-16,3770286.85,3022848.85,3770286.85,3022848.854536985,0.0,1.500897060741003e-07
2018-01-17,3240996.79,2645347.64,3240996.79,2645347.643914629,0.0,1.4798163327760308e-07
2018-01-18,2110305.53,1667911.37,2110305.53,1667911.366151076,0.0,2.3076310516032094e-07
2018-01-19,2086549.59,1700643.75,2086549.59,1700643.7495887387,0.0,2.418268604112926e-08
2018-01-20,2418121.84,2008335.01,2418121.84,2008335.0099907801,0.0,4.5907981547608353e-10
2018-01-21,2484308.01,1971853.24,2484308.01,1971853.243067831,0.0,1.5558110415732568e-07
2018-01-22,3315490.36,2730843.03,3315490.36,2730843.0301252482,0.0,4.586439037687029e-09
2018-01-23,4611238.46,3755442.15,4611238.46,3755442.147194921,0.0,7.469370465000735e-08
2018-01-24,3270861.1,2653232.42,3270861.1,2653232.4152973304,0.0,1.7724303128935278e-07
2018-01-25,2275701.54,1820602.61,2275701.54,1820602.6102760574,0.0,1.516296202951813e-08
2018-01-26,2897617.42,2400983.47,2897617.42,2400983.4678448513,0.0,8.976108818731065e-08
2018-01-27,3617772.88,2965865.28,3617772.88,2965865.2764041754,0.0,1.212403131607142e-07
2018-01-28,3128272.36,2453931.52,3128272.36,2453931.5181650314,0.0,7.477668205752626e-08
2018-01-29,5197360.04,4086899.16,5197360.04,4086899.156228725,0.0,9.22771796969448e-08
2018-01-30,5706924.49,4618954.53,5706924.49,4618954.533458617,0.0,7.487876967191302e-08
2018-01-31,5009601.43,4199624.93,5009601.43,4199624.931902265,0.0,4.529608014781094e-08
2018-02-01,3670728.79,3012405.31,3670728.79,3012405.3087901315,0.0,4.0162875155342584e-08
2018-02-02,4258063.02,3505527.95,4258063.0200000005,3505527.948925745,2.187197724038097e-14,3.06445988670024e-08
2018-02-03,1981564.16,1568068.11,1981564.16,1568068.1091279946,0.0,5.561017854543323e-08
2018-02-04,2874335.62,2202119.84,2874335.62,2202119.838468669,0.0,6.953894337566111e-08
2018-02-05,3130745.66,2498095.83,3130745.66,2498095.8286718144,0.0,5.316792295964524e-08
2018-02-06,3339473.15,2568216.59,3339473.15,2568216.590777925,0.0,3.029048903827608e-08
2018-02-07,2805812.6,2202832.26,2805812.6,2202832.259103507,0.0,4.069728727188737e-08
2018-02-08,2150875.76,1718669.78,2150875.76,1718669.7816132414,0.0,9.386569812911711e-08
2018-02-09,2144621.01,1686060.42,2144621.01,1686060.41841016,0.0,9.429316965806923e-08
2018-02-10,2584198.15,2095864.1,2584198.15,2095864.0986135514,0.0,6.615165272210004e-08
2018-02-11,2962791.58,2320546.01,2962791.58,2320546.0067270696,0.0,1.410413819015307e-07
2018-02-12,3622566.63,2796978.04,3622566.63,2796978.036421047,0.0,1.2795785051270714e-07
2018-02-13,4418784.14,3538184.9,4418784.14,3538184.9048373513,0.0,1.3671844525434517e-07
2018-02-14,4218153.95,3395697.77,4218153.95,3395697.765930103,0.0,1.1985450874025433e-07
2018-02-15,3128927.36,2501462.4,3128927.36,2501462.3975839093,0.0,9.658712336093937e-08
2018-02-16,3463265.1,2649618.11,3463265.1,2649618.1074878434,0.0,9.481202171006831e-08
2018-02-17,4206774.3,3318989.93,4206774.3,3318989.9253477333,0.0,1.401711651557481e-07
2018-02-18,3926304.19,3167573.08,3926304.19,3167573.080540871,0.0,1.707524005987889e-08
2018-02-19,4186201.52,3338454.11,4186201.52,3338454.112331471,0.0,6.98368464512828e-08
2018-02-20,5091061.73,4033905.61,5091061.73,4033905.611063803,0.0,2.6371544446091546e-08
2018-02-21,3907743.08,3150049.7,3907743.08,3150049.6997000496,0.0,9.522090903680658e-09
2018-02-22,3063440.84,2341066.15,3063440.84,2341066.1531633153,0.0,1.3512285228581605e-07
2018-02-23,3544367.16,2804587.84,3544367.16,2804587.8365402324,0.0,1.2336099405149377e-07
2018-02-24,3364498.21,2679591.94,3364498.21,2679591.9358337764,0.0,1.5547977706000082e-07
2018-02-25,4015454.83,3238625.9,4015454.83,3238625.9020842523,0.0,6.435607226318222e-08
2018-02-26,7426597.23,5998758.22,7426597.23,5998758.217565133,0.0,4.058950892141558e-08
2018-02-27,8416365.51,6844455.72,8416365.51,6844455.715807658,0.0,6.125164982985023e-08
2018-02-28,8409092.75,6627677.09,8409092.75,6627677.0872979425,0.0,4.076929706910002e-08
2018-03-01,6963830.59,5570058.79,6963830.59,5570058.789252759,0.0,1.341531764707427e-08
2018-03-02,5613671.87,4371797.12,5613671.87,4371797.118154838,0.0,4.2206038185511114e-08
2018-03-03,1177076.3,967531.27,1177076.3,967531.2745637412,0.0,4.71689266756835e-07
2018-03-04,2218712.31,1781519.01,2218712.31,1781519.0102613189,0.0,1.4668317790714034e-08
2018-03-05,2742871.53,2230053.99,2742871.53,2230053.991335036,0.0,5.986561535619176e-08
2018-03-06,3203122.41,2519131.06,3203122.41,2519131.0616207323,0.0,6.433695624512038e-08
2018-03-07,4507553.37,3470623.71,4507553.37,3470623.708370289,0.0,4.69572983114123e-08
2018-03-08,3419972.83,2864363.46,3419972.83,2864363.4593076925,0.0,2.4169680037912326e-08
2018-03-09,3250890.44,2689334.35,3250890.44,2689334.345315227,0.0,1.7419824625993567e-07
2018-03-10,3479853.91,2832299.24,3479853.91,2832299.2404952464,0.0,1.748565754917414e-08
2018-03-11,4342360.28,3337146.36,4342360.28,3337146.3645027485,0.0,1.3492811279826162e-07
2018-03-12,3648185.26,2790754.99,3648185.26,2790754.987859475,0.0,7.670057996753199e-08
2018-03-13,5344808.38,4343953.93,5344808.38,4343953.926024549,0.0,9.151687740353703e-08
2018-03-14,6867137.98,5489756.33,6867137.98,5489756.331493886,0.0,2.7212248110232774e-08
2018-03-15,6357153.0,4930724.06,6357153.0,4930724.058686231,0.0,2.664453153835941e-08
2018-03-16,4667689.08,3716263.52,4667689.08,3716263.5240531643,0.0,1.0906557760738245e-07
2018-03-17,6875294.96,5458868.53,6875294.96,5458868.533056962,0.0,5.59999206107818e-08
2018-03-18,5615859.9,4613908.21,5615859.9,4613908.21097746,0.0,2.118508324121882e-08
2018-03-19,5314373.17,4472182.88,5314373.17,4472182.884938522,0.0,1.1042755822562313e-07
2018-03-20,6054738.37,5116787.38,6054738.37,5116787.379201189,0.0,1.561157705817091e-08
2018-03-21,6826815.9,5913005.8,6826815.9,5913005.797133031,0.0,4.848580585757408e-08
2018-03-22,5512035.33,4925778.06,5512035.33,4925778.0568395965,0.0,6.416048534039956e-08
2018-03-23,4008326.65,3711085.6,4008326.65,3711085.5994154047,0.0,1.5752678166133425e-08
2018-03-24,5227586.74,4619965.13,5227586.74,4619965.128843448,0.0,2.5033776898124263e-08
2018-03-25,4970364.06,4473153.96,4970364.06,4473153.960133313,0.0,2.9802962252781045e-09
2018-03-26,6133670.91,5616024.38,6133670.91,5616024.381038488,0.0,1.8491515178061468e-08
2018-03-27,6350306.2,5743746.71,6350306.2,5743746.708770525,0.0,2.1405457350508813e-08
2018-03-28,8582287.61,7811323.78,8582287.61,7811323.77921122,0.0,1.0097903396347001e-08
2018-03-29,7363015.35,6638405.71,7363015.35,6638405.711595527,0.0,2.4034790932807327e-08
2018-03-30,12176690.89,10927925.46,12176690.89,10927925.456262637,0.0,3.420012314321943e-08
2018-03-31,11278748.95,10156610.77,11278748.95,10156610.770915722,0.0,9.016028498359688e-09
2018-04-01,9326921.27,8552479.35,9326921.27,8552479.3498527,0.0,1.7223057199937386e-09
2018-04-02,9532990.22,8745489.29,9532990.22,8745489.290030112,0.0,3.443304671592238e-10
2018-04-03,9176055.6,8274855.19,9176055.6,8274855.191201375,0.0,1.4518374384826308e-08
2018-04-04,3771895.32,3451444.47,3771895.32,3451444.465276215,0.0,1.368640005798158e-07
2018-04-05,2915055.94,2584733.26,2915055.94,2584733.263730668,0.0,1.4433474735683292e-07
2018-04-06,3716970.57,3290630.48,3716970.57,3290630.478178177,0.0,5.536394814160733e-08
2018-04-07,4650087.25,4137264.98,4650087.25,4137264.982510535,0.0,6.068103148386439e-08
2018-04-08,4317415.31,3833384.91,4317415.31,3833384.9144229135,0.0,1.1537879470239284e-07
2018-04-09,4916546.48,4479387.83,4916546.48,4479387.829741528,0.0,5.770248672086582e-09
2018-04-10,7060893.97,6323343.96,7060893.97,6323343.962976566,0.0,4.7072650809798274e-08
2018-04-11,5719121.32,5144349.61,5719121.32,5144349.608024494,0.0,3.8401483061590736e-08
2018-04-12,4925768.26,4274900.55,4925768.26,4274900.549966384,0.0,7.863595407089809e-10
2018-04-13,4955951.73,4445276.84,4955951.73,4445276.839814035,0.0,4.183420645047374e-09
2018-04-14,5934960.89,5111153.97,5934960.89,5111153.97474279,0.0,9.279293954730367e-08
2018-04-15,5904150.09,4782715.57,5904150.09,4782715.574553454,0.0,9.520645604224242e-08
2018-04-16,7603253.45,6190718.89,7603253.45,6190718.893533026,0.0,5.70697243129569e-08
2018-04-17,9179593.09,7283796.97,9179593.09,7283796.968052923,0.0,2.6731620873288115e-08
2018-04-18,9507550.23,7504171.54,9507550.23,7504171.543984772,0.0,5.310075399623634e-08
2018-04-19,6670677.39,5141784.57,6670677.39,5141784.574177211,0.0,8.12404875318177e-08
2018-04-20,7753365.66,6032943.55,7753365.66,6032943.551748147,0.0,2.8976691164053e-08
2018-04-21,6793803.83,5216087.55,6793803.83,5216087.554992843,0.0,9.57200882408108e-08
2018-04-22,7058897.65,5480418.64,7058897.65,5480418.640729116,0.0,1.3304031299015684e-08
2018-04-23,8991635.45,7095225.16,8991635.45,7095225.161540246,0.0,2.170819746453287e-08
2018-04-24,10052878.22,8047009.91,10052878.22,8047009.914596938,0.0,5.712603189507357e-08
2018-04-25,9547875.66,7562805.33,9547875.66,7562805.333068248,0.0,4.0570233876509704e-08
2018-04-26,7281885.08,5826147.75,7281885.08,5826147.752167747,0.0,3.720721562541153e-08
2018-04-27,7916179.31,6291028.22,7916179.31,6291028.217261778,0.0,4.3525818876356543e-08
2018-04-28,10502784.65,8150501.12,10502784.65,8150501.117427866,0.0,3.1557987653569275e-08
2018-04-29,12074392.53,9758209.64,12074392.53,9758209.641040828,0.0,1.0666172600681762e-08
2018-04-30,12464011.32,10080235.11,12464011.32,10080235.108765041,0.0,1.2251281193847714e-08
2018-05-01,13778926.53,10888681.41,13778926.53,10888681.41177745,0.0,1.6323827980841643e-08
2018-05-02,12779953.62,10186293.15,12779953.62,10186293.14930067,0.0,6.86540344932801e-09
2018-05-03,9480205.54,7740627.05,9480205.54,7740627.050922767,0.0,1.192109424061531e-08
2018-05-04,3081716.09,2431808.71,3081716.09,2431808.708452789,0.0,6.362387154298692e-08
2018-05-05,4882374.55,3844333.13,4882374.55,3844333.1300245444,0.0,6.384602989050439e-10
2018-05-06,4852630.6,3859217.33,4852630.6,3859217.3296785764,0.0,8.32872594108976e-09
2018-05-07,5630735.57,4477313.26,5630735.57,4477313.263110377,0.0,6.94697229648713e-08
2018-05-08,5961711.29,4782188.47,5961711.29,4782188.470323238,0.0,6.759203517173229e-09
2018-05-09,8207932.76,6468074.72,8207932.76,6468074.719702919,0.0,4.593031748888675e-09
2018-05-10,7249267.2,5767724.99,7249267.2,5767724.991556345,0.0,2.698367784541027e-08
2018-05-11,5934039.42,4706572.43,5934039.42,4706572.433962139,0.0,8.418312175056126e-08
2018-05-12,5782619.05,4599452.28,5782619.05,4599452.27512179,0.0,1.0606066998560643e-07
2018-05-13,5902938.45,4640987.62,5902938.45,4640987.623431573,0.0,7.39405673925803e-08
2018-05-14,7023913.46,5532477.08,7023913.46,5532477.078719089,0.0,2.3152581534124336e-08
2018-05-15,8789772.31,6971865.67,8789772.31,6971865.671782862,0.0,2.557224355634992e-08
2018-05-16,9398231.32,7399830.54,9398231.32,7399830.539725541,0.0,3.7089889911726587e-09
2018-05-17,9816742.13,7698242.57,9816742.13,7698242.571763333,0.0,2.2905651765715417e-08
2018-05-18,7337944.43,5819237.35,7337944.43,5819237.34997117,0.0,4.954261166164112e-10
2018-05-19,6925640.35,5627670.43,6925640.35,5627670.425576336,0.0,7.860559722678265e-08
2018-05-20,8653992.04,6799995.97,8653992.04,6799995.969061175,0.0,1.380624903449768e-08
2018-05-21,6241809.14,4958178.74,6241809.14,4958178.738299798,0.0,3.429085743531255e-08
2018-05-22,7847121.97,6132458.54,7847121.97,6132458.5378576415,0.0,3.4934742033999464e-08
2018-05-23,11779004.94,9369180.79,11779004.94,9369180.794394327,0.0,4.690194714108761e-08
2018-05-24,9030397.74,7160269.86,9030397.74,7160269.857276282,0.0,3.8039321356572304e-08
2018-05-25,6498399.18,5141245.68,6498399.18,5141245.676386384,0.0,7.02867677107345e-08
2018-05-26,5600677.63,4596266.34,5600677.63,4596266.33979872,0.0,4.379211601423887e-09
2018-05-27,6413198.63,5135755.4,6413198.63,5135755.4009775,0.0,1.9033215844159227e-08
2018-05-28,7438573.25,5854231.41,7438573.25,5854231.4119616095,0.0,3.35075471274332e-08
2018-05-29,10262818.32,7905889.83,10262818.32,7905889.825742244,0.0,5.3855497318122835e-08
2018-05-30,20905271.35,16535857.67,20905271.35,16535857.667637879,0.0,1.4284840518815589e-08
2018-05-31,19289944.12,15561846.1,19289944.12,15561846.10364897,0.0,2.3448183799461457e-08
2018-06-01,19245165.78,15287542.6,19245165.78,15287542.59578409,0.0,2.7577415667343417e-08
2018-06-02,17529108.34,13707707.44,17529108.34,13707707.43721407,0.0,2.0323810962384785e-08
2018-06-03,13779702.07,10827445.24,13779702.07,10827445.23645089,0.0,3.27788325473605e-08
2018-06-04,4373078.45,3458754.81,4373078.45,3458754.8068561484,0.0,9.089547591524279e-08
2018-06-05,5537841.59,4323885.63,5537841.59,4323885.631304908,0.0,3.017905272996973e-08
2018-06-06,6238754.07,4903699.53,6238754.07,4903699.530147763,0.0,3.013290424136513e-09
2018-06-07,4523493.87,3579003.08,4523493.87,3579003.078493221,0.0,4.2100519154303115e-08
2018-06-08,5863271.23,4570207.33,5863271.23,4570207.329563657,0.0,9.547559249545993e-09
2018-06-09,7018402.9,5469599.5,7018402.9,5469599.504973393,0.0,9.092791773158349e-08
2018-06-10,6333777.67,5115963.75,6333777.67,5115963.750868053,0.0,1.696753960598286e-08
2018-06-11,7812992.68,6338472.32,7812992.68,6338472.321652216,0.0,2.6066464031893307e-08
2018-06-12,8959000.0,7232971.98,8959000.0,7232971.978251709,0.0,2.4171139891298472e-08
2018-06-13,9047626.88,7216006.11,9047626.88,7216006.1114216605,0.0,1.970148255404165e-08
2018-06-14,6994969.99,5361729.98,6994969.99,5361729.9788362505,0.0,2.170474753364099e-08
2018-06-15,7278400.85,5850026.61,7278400.85,5850026.606563026,0.0,5.875142933375782e-08
2018-06-16,9653316.6,7581593.64,9653316.6,7581593.638980605,0.0,1.3445655424617831e-08
2018-06-17,8270248.42,6473926.23,8270248.42,6473926.225998216,0.0,6.181386682840655e-08
2018-06-18,9578590.6,7481623.41,9578590.6,7481623.408771449,0.0,1.642091980590994e-08
2018-06-19,10591854.27,8526409.74,10591854.27,8526409.741581151,0.0,1.8544159694679174e-08
2018-06-20,10442554.6,8340504.64,10442554.6,8340504.643144729,0.0,3.770430072149854e-08
2018-06-21,7960357.2,6345143.3,7960357.2,6345143.298495031,0.0,2.371843756160296e-08
2018-06-22,7890035.7,6262366.78,7890035.7,6262366.777105485,0.0,4.622078637890117e-08
2018-06-23,7919846.87,6623002.69,7919846.87,6623002.6925652055,0.0,3.87317538172174e-08
2018-06-24,7114017.67,6244799.31,7114017.67,6244799.314504837,0.0,7.213741982906826e-08
2018-06-25,8744485.32,8162955.36,8744485.32,8162955.362509889,0.0,3.074729862980196e-08
2018-06-26,10888893.34,10123784.8,10888893.34,10123784.795262342,0.0,4.6797304760622533e-08
2018-06-27,11081146.52,10874461.91,11081146.52,10874461.908704612,0.0,1.1912200857610659e-08
2018-06-28,8513932.2,8332592.17,8513932.2,8332592.171834576,0.0,2.201687038950115e-08
2018-06-29,12484085.14,11945221.58,12484085.14,11945221.579209609,0.0,6.6167974536171464e-09
2018-06-30,10005221.27,9784802.48,10005221.27,9784802.478485307,0.0,1.5480064367419587e-08
2018-07-01,8830377.17,8529895.83,8830377.17,8529895.83466262,0.0,5.4662096661075666e-08
2018-07-02,8070014.23,7743177.14,8070014.23,7743177.144836446,0.0,6.24607511642536e-08
2018-07-03,9033060.75,8644208.55,9033060.75,8644208.550051093,0.0,5.910588129367281e-10
2018-07-04,2096565.2,2027736.06,2096565.2,2027736.0633506945,0.0,1.6524312493569836e-07
2018-07-05,2944993.36,2822619.07,2944993.36,2822619.073519714,0.0,1.2469675351172625e-07
2018-07-06,2036989.14,2040145.8,2036989.14,2040145.8006537105,0.0,3.204233977367901e-08
2018-07-07,3253556.07,3156576.31,3253556.07,3156576.3143747267,0.0,1.3859087333297518e-07
2018-07-08,2752144.2,2725199.41,2752144.2,2725199.410564565,0.0,2.0716463855545132e-08
2018-07-09,4430764.61,4215804.43,4430764.61,4215804.425210164,0.0,1.1361617581981652e-07
2018-07-10,5201122.72,4881351.11,5201122.72,4881351.10515439,0.0,9.926780064043395e-08
2018-07-11,6502831.07,6236313.66,6502831.07,6236313.661417238,0.0,2.2725577040266367e-08
2018-07-12,6228668.47,6094439.16,6228668.47,6094439.159152034,0.0,1.3913772669767194e-08
2018-07-13,4250921.4,4213700.8,4250921.4,4213700.8014192665,0.0,3.3682189438876815e-08
2018-07-14,4868504.46,4786402.77,4868504.46,4786402.77188367,0.0,3.935462137624235e-08
2018-07-15,5393026.83,5249791.03,5393026.83,5249791.028760325,0.0,2.361379891282057e-08
2018-07-16,4994805.9,4716050.05,4994805.9,4716050.048706433,0.0,2.7429034797249265e-08
2018-07-17,5712604.18,5386803.9,5712604.18,5386803.899651672,0.0,6.466331784322206e-09
2018-07-18,7639039.23,7484190.04,7639039.23,7484190.044578669,0.0,6.117787762859471e-08
2018-07-19,6252432.84,5912775.72,6252432.84,5912775.721424729,0.0,2.409577092404221e-08
2018-07-20,5761282.54,5222554.73,5761282.54,5222554.730108142,0.0,2.0706619205511114e-09
2018-07-21,4939690.9,4320031.79,4939690.9,4320031.792685543,0.0,6.216489322893852e-08
2018-07-22,5641320.53,4834937.23,5641320.53,4834937.230036685,0.0,7.587440016073113e-10
2018-07-23,6121614.15,4864263.18,6121614.15,4864263.182157683,0.0,4.435786889837379e-08
2018-07-24,6821739.77,5344675.82,6821739.77,5344675.817594198,0.0,4.501307095731439e-08
2018-07-25,7944998.65,6241710.94,7944998.65,6241710.942803717,0.0,4.491904279946534e-08
2018-07-26,6463508.32,5212368.25,6463508.32,5212368.248048229,0.0,3.7444991669122944e-08
2018-07-27,5162979.4,4110689.88,5162979.4,4110689.8789840625,0.0,2.4714523623243514e-08
2018-07-28,6313222.5,5068784.77,6313222.5,5068784.771542482,0.0,3.043101246357014e-08
2018-07-29,6597216.94,5284529.74,6597216.9399999995,5284529.73954895,1.4116900855097215e-14,8.535286763938186e-09
2018-07-30,7314460.76,5725898.93,7314460.76,5725898.92707679,0.0,5.105242316062937e-08
2018-07-31,12496367.04,9909115.53,12496367.04,9909115.525833005,0.0,4.205213100245532e-08
2018-08-01,13786351.91,10884999.4,13786351.91,10884999.401139753,0.0,1.0470855577763491e-08
2018-08-02,10106943.25,7999614.76,10106943.25,7999614.7649210235,0.0,6.15157589652967e-08
2018-08-03,9026931.62,7058116.81,9026931.62,7058116.807368466,0.0,3.728379625616597e-08
2018-08-04,6859151.1,5490125.8,6859151.1,5490125.796021473,0.0,7.246695788005776e-08
2018-08-05,3117800.12,2491453.39,3117800.12,2491453.3931769086,0.0,1.2751225799233355e-07
2018-08-06,3924563.55,3048117.59,3924563.55,3048117.585935076,0.0,1.3335850614772747e-07
2018-08-07,4212970.63,3334965.62,4212970.63,3334965.617461011,0.0,7.613239797193577e-08
2018-08-08,4647118.76,3610702.93,4647118.76,3610702.928906755,0.0,3.027790246387978e-08
2018-08-09,4946125.63,3977801.47,4946125.63,3977801.472129899,0.0,5.354462479562804e-08
2018-08-10,3705554.89,2859379.41,3705554.89,2859379.4078191034,0.0,7.627167950504891e-08
2018-08-11,4591065.72,3598807.89,4591065.72,3598807.8922146796,0.0,6.153925305804973e-08
2018-08-12,4030885.81,3179458.32,4030885.81,3179458.319159031,0.0,2.6450068955623108e-08
2018-08-13,4244815.28,3284829.91,4244815.28,3284829.9090719754,0.0,2.825183607082916e-08
2018-08-14,6041631.13,4766947.5,6041631.13,4766947.498282218,0.0,3.6035254175545626e-08
2018-08-15,6058071.07,4807626.36,6058071.07,4807626.362672059,0.0,5.557957981892428e-08
2018-08-16,5333680.81,4015767.27,5333680.81,4015767.266489564,0.0,8.741632189116558e-08
2018-08-17,4314679.61,3455461.38,4314679.61,3455461.3768248456,0.0,9.188799929074168e-08
2018-08-18,4960825.43,3902500.12,4960825.43,3902500.116858548,0.0,8.049844961125472e-08
2018-08-19,4978431.53,3847035.88,4978431.53,3847035.8779293955,0.0,5.382337005571243e-08
2018-08-20,4896843.63,3837284.3,4896843.63,3837284.295147562,0.0,1.264550004775566e-07
2018-08-21,5971341.33,4692653.97,5971341.33,4692653.969679985,0.0,6.8194788253553756e-09
2018-08-22,7086185.79,5662221.43,7086185.79,5662221.433890036,0.0,6.870159801042114e-08
2018-08-23,5392520.44,4260217.92,5392520.44,4260217.922064613,0.0,4.8462607614322324e-08
2018-08-24,3329330.38,2630754.1,3329330.38,2630754.0986366956,0.0,5.182181199137533e-08
2018-08-25,4716376.41,3836954.01,4716376.41,3836954.0118526053,0.0,4.828323422819974e-08
2018-08-26,4717920.92,3744613.34,4717920.92,3744613.339211762,0.0,2.1049914316169552e-08
2018-08-27,6151109.31,4800826.49,6151109.31,4800826.491326731,0.0,2.7635459802457342e-08
2018-08-28,12207075.48,9954369.46,12207075.48,9954369.461676257,0.0,1.683939745072374e-08
2018-08-29,10330752.34,8329694.93,10330752.34,8329694.928504578,0.0,1.7952900756382806e-08
2018-08-30,10819458.93,8497693.47,10819458.93,8497693.470592974,0.0,6.978047459008605e-09
2018-08-31,9769233.6,7975907.3,9769233.6,7975907.300835146,0.0,1.0470856696861467e-08
2018-09-01,8834290.53,7236711.56,8834290.53,7236711.55849463,0.0,2.0801842218398683e-08
2018-09-02,2926208.13,2475973.31,2926208.13,2475973.313459029,0.0,1.3970380398283238e-07
2018-09-03,3730127.97,3250956.11,3730127.97,3250956.1116911937,0.0,5.202142779831032e-08
2018-09-04,2895558.56,2566039.59,2895558.56,2566039.5866134134,0.0,1.3197717026900858e-07
2018-09-05,2683914.3,2352008.69,2683914.3,2352008.6879486507,0.0,8.721690835412083e-08
2018-09-06,2220736.04,1976596.92,2220736.04,1976596.9233881133,0.0,1.714114449913011e-07
2018-09-07,2737800.42,2305499.6,2737800.42,2305499.6005658135,0.0,2.4541899234137853e-08
2018-09-08,3138040.11,2844198.87,3138040.11,2844198.8734173058,0.0,1.201500248232246e-07
2018-09-09,4428844.18,3809539.78,4428844.18,3809539.776226674,0.0,9.904938145977686e-08
2018-09-10,3518686.76,3115017.21,3518686.76,3115017.2133544907,0.0,1.0768771112621826e-07
2018-09-11,2737148.82,2457613.39,2737148.82,2457613.3865938764,0.0,1.385947740069382e-07
2018-09-12,3907657.89,3473624.08,3907657.89,3473624.0820043962,0.0,5.770331285755399e-08
2018-09-13,3198359.98,2826009.39,3198359.98,2826009.3870925703,0.0,1.0288110974002336e-07
2018-09-14,3759913.17,3409768.94,3759913.17,3409768.9427589113,0.0,8.091197361760375e-08
2018-09-15,3182906.62,2708850.83,3182906.62,2708850.829418318,0.0,2.1473393351243503e-08
2018-09-16,4513878.02,4134396.21,4513878.02,4134396.212589744,0.0,6.263899052035321e-08
2018-09-17,3684035.33,3185261.69,3684035.33,3185261.68669788,0.0,1.0366872361936827e-07
2018-09-18,3511249.8,3093197.05,3511249.8,3093197.0488597243,0.0,3.686397878984364e-08
2018-09-19,3203671.41,2850137.86,3203671.41,2850137.864294425,0.0,1.5067429928107871e-07
2018-09-20,2967505.47,2634513.81,2967505.47,2634513.811968962,0.0,7.473721082454057e-08
2018-09-21,3391440.87,3055926.25,3391440.87,3055926.24844167,0.0,5.099370150179186e-08
2018-09-22,3067943.56,2653342.07,3067943.56,2653342.0676281424,0.0,8.939131653063311e-08
2018-09-23,4892505.92,4455722.87,4892505.92,4455722.86933,0.0,1.5036841360746422e-08
2018-09-24,4916532.68,4394814.48,4916532.68,4394814.482013214,0.0,4.580884908056894e-08
2018-09-25,3834324.5,3363603.04,3834324.5,3363603.0373217827,0.0,7.962346729053308e-08
2018-09-26,4727732.71,4050861.46,4727732.71,4050861.4611080014,0.0,2.7352242550880636e-08
2018-09-27,5609192.49,4998150.71,5609192.49,4998150.706061676,0.0,7.879561955320035e-08
2018-09-28,5221949.72,4643296.21,5221949.72,4643296.209518642,0.0,1.036672605429815e-08
2018-09-29,5089871.44,4351327.13,5089871.44,4351327.127207374,0.0,6.417871156509473e-08
2018-09-30,5437181.81,4591821.05,5437181.81,4591821.0501411,0.0,3.07285552138662e-09
2018-10-01,4742181.64,4115311.14,4742181.64,4115311.1419289913,0.0,4.687351956728846e-08
2018-10-02,1807247.84,1354070.12,1807247.84,1354070.1163105369,0.0,2.724720969648921e-07
2018-10-03,1798411.4,1414782.3,1798411.4,1414782.2982899114,0.0,1.208729209252088e-07
2018-10-04,2726313.6,2140614.37,2726313.6,2140614.36997581,0.0,1.1300574681773456e-09
2018-10-05,2484898.47,1911895.45,2484898.47,1911895.447555823,0.0,1.2784051212944102e-07
2018-10-06,2157385.6,1668290.7,2157385.6,1668290.699969562,0.0,1.8244991742068918e-09
2018-10-07,2767415.65,2075893.96,2767415.65,2075893.958277082,0.0,8.299643070587392e-08
2018-10-08,3075660.75,2408923.48,3075660.75,2408923.483706828,0.0,1.5387903585065408e-07
2018-10-09,2768213.46,2199027.83,2768213.46,2199027.8328239545,0.0,1.2841831329182882e-07
2018-10-10,1759060.3,1352309.05,1759060.3,1352309.0468974086,0.0,2.2942917479538464e-07
2018-10-11,2288675.28,1804152.97,2288675.28,1804152.9676104744,0.0,1.3244583850321644e-07
2018-10-12,3801607.19,3093283.75,3801607.19,3093283.7481452725,0.0,5.995982458327218e-08
2018-10-13,3486645.25,2756384.22,3486645.25,2756384.2189032845,0.0,3.978820068053335e-08
2018-10-14,3516624.21,2744217.98,3516624.21,2744217.979736987,0.0,9.58425852351598e-09
2018-10-15,3593428.63,2809961.8,3593428.63,2809961.8003147617,0.0,1.1201642830536598e-08
2018-10-16,4126610.48,3221862.51,4126610.48,3221862.5100528887,0.0,1.641562218303301e-09
2018-10-17,2193280.79,1721100.93,2193280.79,1721100.9324664776,0.0,1.4330813745706898e-07
2018-10-18,2364712.74,1825738.91,2364712.74,1825738.910857821,0.0,4.698487803181908e-08
2018-10-19,2753648.17,2191447.61,2753648.17,2191447.6120712385,0.0,9.451462946639854e-08
2018-10-20,3067392.26,2428564.0,3067392.26,2428563.996514909,0.0,1.4350418727271287e-07
2018-10-21,2965006.46,2322786.28,2965006.46,2322786.275399952,0.0,1.9804007106173625e-07
2018-10-22,3760345.32,3093167.35,3760345.32,3093167.3519574795,0.0,6.328397972704629e-08
2018-10-23,3210408.93,2590626.71,3210408.93,2590626.713031071,0.0,1.1700144980792519e-07
2018-10-24,2388950.39,1810211.59,2388950.39,1810211.5888956552,0.0,6.100639575955651e-08
2018-10-25,2281239.32,1789602.98,2281239.32,1789602.9812434334,0.0,6.948096663413874e-08
2018-10-26,2925667.62,2326884.75,2925667.62,2326884.7542880094,0.0,1.842811238452272e-07
2018-10-27,3517566.83,2788248.35,3517566.83,2788248.34998645,0.0,4.859781518159207e-10
2018-10-28,5148086.02,4236118.44,5148086.02,4236118.4370836355,0.0,6.884521695692071e-08
2018-10-29,6121160.36,4854267.79,6121160.36,4854267.78959194,0.0,8.406209443800515e-09
2018-10-30,5647021.76,4534254.48,5647021.76,4534254.483157442,0.0,6.963529546536701e-08
2018-10-31,5340696.76,4313400.22,5340696.76,4313400.218200491,0.0,4.171903457761276e-08
2018-11-01,4100504.23,3207191.36,4100504.23,3207191.363218155,0.0,1.0034185656640701e-07
2018-11-02,1332091.2,973346.43,1332091.2,973346.4310345214,0.0,1.0628501317570181e-07
2018-11-03,1775113.55,1429465.35,1775113.55,1429465.3510808207,0.0,7.561012722473811e-08
2018-11-04,2595301.17,2110463.11,2595301.17,2110463.1092428057,0.0,3.5878102800015166e-08
2018-11-05,2667990.75,2059523.3,2667990.75,2059523.3000251432,0.0,1.2208236914599473e-09
2018-11-06,2019349.93,1662050.67,2019349.93,1662050.6738325353,0.0,2.3059076487468926e-07
2018-11-07,2141247.67,1769789.01,2141247.67,1769789.0126283178,0.0,1.4851023406919052e-07
2018-11-08,1913450.02,1511722.76,1913450.02,1511722.755272935,0.0,3.1269391601543505e-07
2018-11-09,2619129.29,2039164.75,2619129.29,2039164.7536356172,0.0,1.782895278997507e-07
2018-11-10,2402388.27,1910373.68,2402388.27,1910373.6843193993,0.0,2.26102327918901e-07
2018-11-11,3568388.14,2844379.91,3568388.14,2844379.90832725,0.0,5.880896335370369e-08
2018-11-12,2517159.72,2054634.4,2517159.72,2054634.4026065555,0.0,1.2686225766884707e-07
2018-11-13,1925203.6,1550255.36,1925203.5999999999,1550255.3590031713,1.2093819253915255e-14,6.43009405699177e-08
2018-11-14,1687382.45,1226935.5,1687382.45,1226935.4980867268,0.0,1.5593918680899822e-07
2018-11-15,2055680.2,1571568.0,2055680.2,1571568.0015956934,0.0,1.015351170029077e-07
2018-11-16,2040967.69,1635316.04,2040967.69,1635316.0418641532,0.0,1.1399345127868391e-07
2018-11-17,2025956.74,1601361.16,2025956.74,1601361.159933439,0.0,4.156521812720704e-09
2018-11-18,3630560.3,3005034.69,3630560.3,3005034.688006115,0.0,6.635147357115314e-08
2018-11-19,2171786.9,1822847.47,2171786.9,1822847.4682769408,0.0,9.452569392652035e-08
2018-11-20,2495899.61,2196442.6,2495899.61,2196442.596305563,0.0,1.6820093448145491e-07
2018-11-21,1870994.01,1826252.29,1870994.01,1826252.2885267953,0.0,8.066819171044601e-08
2018-11-22,1690197.81,1647708.27,1690197.81,1647708.2701533237,0.0,9.305265880527882e-09
2018-11-23,1647035.11,1656826.5,1647035.11,1656826.5026359747,0.0,1.590978095672064e-07
2018-11-24,1991985.26,1889498.02,1991985.26,1889498.024936775,0.0,2.61274418259921e-07
2018-11-25,2085511.05,2029509.86,2085511.05,2029509.856167471,0.0,1.8884013040126443e-07
2018-11-26,2543960.96,2433523.18,2543960.96,2433523.176546661,0.0,1.419069689897112e-07
2018-11-27,2369522.33,2218838.51,2369522.33,2218838.5147675513,0.0,2.1486699149206228e-07
2018-11-28,1733474.59,1753556.92,1733474.59,1753556.91980473,0.0,1.1135648710983394e-08
2018-11-29,2226459.09,2127649.92,2226459.09,2127649.919243836,0.0,3.553987309127774e-08
2018-11-30,2058963.14,2054767.53,2058963.14,2054767.533475598,0.0,1.6914799406016656e-07
2018-12-01,1216044.13,1211686.23,1216044.13,1211686.2329842027,0.0,2.462851046624307e-07
2018-12-02,977052.29,950959.05,977052.29,950959.0466753938,0.0,3.4960561372562553e-07
2018-12-03,1855981.25,1750191.91,1855981.25,1750191.914579153,0.0,2.6163720210157515e-07
2018-12-04,1606060.57,1508604.3,1606060.57,1508604.2962973823,0.0,2.454333264225872e-07
2018-12-05,1085024.44,1036671.25,1085024.44,1036671.250611235,0.0,5.8961318583624716e-08
2018-12-06,942014.91,946159.68,942014.91,946159.6758490134,0.0,4.3871946344698957e-07
2018-12-07,1200649.15,1205634.51,1200649.15,1205634.5093547732,0.0,5.351761197940708e-08
2018-12-08,1453175.2,1434521.0,1453175.2,1434521.002467396,0.0,1.7200138377882675e-07
2018-12-09,1834112.01,1791856.09,1834112.01,1791856.0850076522,0.0,2.78613217713126e-07
2018-12-10,1719022.37,1695031.78,1719022.37,1695031.7843710936,0.0,2.5787679249808675e-07
2018-12-11,1670763.83,1670771.64,1670763.83,1670771.6426356335,0.0,1.577494799310849e-07
2018-12-12,1416824.27,1409602.12,1416824.27,1409602.1152885589,0.0,3.342390851419028e-07
2018-12-13,1605917.55,1631146.11,1605917.55,1631146.114379445,0.0,2.68488822772869e-07
2018-12-14,1986080.6,1901692.62,1986080.6,1901692.6155199371,0.0,2.3558291896458592e-07
2018-12-15,1761139.67,1649696.47,1761139.67,1649696.4655714969,0.0,2.684435097054095e-07
2018-12-16,1956185.08,1973002.66,1956185.08,1973002.6583866163,0.0,8.177300921907698e-08
2018-12-17,1975625.37,2012021.47,1975625.3699999999,2012021.4680597498,1.178516166017192e-14,9.643287573357119e-08
2018-12-18,1917848.83,1813056.96,1917848.83,1813056.9646684085,0.0,2.5748824455830583e-07
2018-12-19,1548668.19,1537872.76,1548668.19,1537872.7553672143,0.0,3.012463582161236e-07
2018-12-20,2111859.13,1955020.76,2111859.13,1955020.7639214182,0.0,2.0058192210409664e-07
2018-12-21,1795780.71,1747996.02,1795780.71,1747996.022094977,0.0,1.1985021966160542e-07
2018-12-22,1497206.71,1451328.96,1497206.71,1451328.9558461858,0.0,2.8620762633884784e-07
2018-12-23,1221387.72,1203158.82,1221387.72,1203158.824263563,0.0,3.543640937437902e-07
2018-12-24,2110373.43,2051630.86,2110373.43,2051630.864372766,0.0,2.131361003509468e-07
2018-12-25,1398293.31,1329598.03,1398293.31,1329598.026833965,0.0,2.381197158156335e-07
2018-12-26,1989426.16,1906954.63,1989426.16,1906954.6341741919,0.0,2.1889309292996453e-07
2018-12-27,2379859.2,2336594.02,2379859.2,2336594.0221635047,0.0,9.259223885238317e-08
2018-12-28,4637468.16,4553417.55,4637468.16,4553417.553301563,0.0,7.250735749895836e-08
2018-12-29,4597405.16,4592577.25,4597405.16,4592577.25414609,0.0,9.027806287527174e-08
2018-12-30,3975279.59,3817470.28,3975279.59,3817470.2794190985,0.0,1.5216916896220325e-08
2018-12-31,3827364.78,3811034.54,3827364.78,3811034.5379091045,0.0,5.486425080951556e-08
2019-01-01,2430742.1,2422276.45,2430742.1,2422276.449125654,0.0,3.609605014925743e-08
2019-01-02,857486.8,611460.51,857486.8,611460.5112120102,0.0,1.982156067754137e-07
2019-01-03,1095516.84,931676.57,1095516.84,931676.5693435469,0.0,7.045933093298275e-08
2019-01-04,1356732.44,1032253.29,1356732.44,1032253.2913389739,0.0,1.2971369403203475e-07
2019-01-05,1752585.71,1344358.95,1752585.71,1344358.9502367508,0.0,1.7610684497698315e-08
2019-01-06,1660128.37,1324455.7,1660128.37,1324455.7044469325,0.0,3.357554790486407e-07
2019-01-07,1936096.71,1554210.1,1936096.71,1554210.1020385646,0.0,1.3116402557126761e-07
2019-01-08,1715399.79,1347590.83,1715399.79,1347590.8313709174,0.0,1.0173097624988653e-07
2019-01-09,1858318.85,1516237.67,1858318.85,1516237.6727135163,0.0,1.789637870269278e-07
2019-01-10,1259650.79,1032558.86,1259650.79,1032558.8646982856,0.0,4.5501382847758366e-07
2019-01-11,2153841.45,1671962.72,2153841.45,1671962.7180115173,0.0,1.1893104061227374e-07
2019-01-12,2073990.81,1674370.35,2073990.81,1674370.350976235,0.0,5.830459833957159e-08
2019-01-13,3354624.45,2671314.89,3354624.45,2671314.893422958,0.0,1.281375646819464e-07
2019-01-14,2361690.18,1807957.6,2361690.18,1807957.597008524,0.0,1.6546162897917872e-07
2019-01-15,1504083.3,1181548.42,1504083.3,1181548.4176039512,0.0,2.0278887471581007e-07
2019-01-16,1724908.79,1349961.65,1724908.79,1349961.6492468305,0.0,5.579191184105092e-08
2019-01-17,2280332.07,1816414.62,2280332.07,1816414.6181265076,0.0,1.031423374079728e-07
2019-01-18,1474326.17,1227149.16,1474326.17,1227149.1635394222,0.0,2.884264121669579e-07
2019-01-19,1754206.62,1335367.18,1754206.62,1335367.1823662496,0.0,1.771984303509503e-07
2019-01-20,3160071.59,2517012.51,3160071.59,2517012.50990458,0.0,3.790985754965655e-09
2019-01-21,2299476.91,1856585.16,2299476.91,1856585.1637867186,0.0,2.039614873184188e-07
2019-01-22,2108562.98,1708188.75,2108562.98,1708188.7518687127,0.0,1.0939732016175479e-07
2019-01-23,1826741.5,1369479.14,1826741.5,1369479.1372722543,0.0,1.9918124247713003e-07
2019-01-24,2523490.79,2014906.08,2523490.79,2014906.0775679813,0.0,1.2070134560706271e-07
2019-01-25,2014411.34,1674040.36,2014411.34,1674040.362738301,0.0,1.6357436828746246e-07
2019-01-26,2940618.52,2385985.7,2940618.52,2385985.702400496,0.0,1.0060814879422227e-07
2019-01-27,4391507.1,3459322.38,4391507.1,3459322.375976754,0.0,1.1630156312440032e-07
2019-01-28,4748349.69,3779471.66,4748349.69,3779471.659894109,0.0,2.801750780525231e-09
2019-01-29,4822586.51,3839462.75,4822586.51,3839462.7515691193,0.0,4.086819912673517e-08
2019-01-30,3962494.16,3161585.88,3962494.16,3161585.881553994,0.0,4.9152362035276406e-08
2019-01-31,3557233.24,2914824.87,3557233.24,2914824.871608589,0.0,5.518646246417631e-08
2019-02-01,2922884.32,2311260.65,2922884.32,2311260.6504853163,0.0,2.0997907985138398e-08
2019-02-02,1988116.58,1648391.91,1988116.58,1648391.9051384544,0.0,2.9492655761565903e-07
2019-02-03,2075616.33,1663159.13,2075616.33,1663159.1321685177,0.0,1.3038546663886654e-07
2019-02-04,1690969.52,1412906.86,1690969.52,1412906.8611565859,0.0,8.18585987111217e-08
2019-02-05,1648913.11,1341931.74,1648913.1099999999,1341931.7384644216,1.4120249408040039e-14,1.1443044025726498e-07
2019-02-06,2019237.55,1620812.0,2019237.55,1620812.0047932141,0.0,2.957291867315784e-07
2019-02-07,1807804.86,1498934.77,1807804.86,1498934.7714180485,0.0,9.460375089676989e-08
2019-02-08,1887002.96,1514639.32,1887002.96,1514639.324427665,0.0,2.923247042891435e-07
2019-02-09,2204244.85,1794590.32,2204244.85,1794590.3217711304,0.0,9.869274042728997e-08
2019-02-10,2992194.41,2405467.55,2992194.41,2405467.5532536427,0.0,1.352603129194503e-07
2019-02-11,3050258.51,2505704.13,3050258.5100000002,2505704.1346422574,1.5266289259782748e-14,1.8526758252628453e-07
2019-02-12,2270445.76,1865294.51,2270445.76,1865294.5090474172,0.0,5.106876159458598e-08
2019-02-13,2305149.57,1875958.77,2305149.57,1875958.772035621,0.0,1.085109715923102e-07
2019-02-14,2959207.82,2441504.63,2959207.82,2441504.6294220015,0.0,2.3673858344492795e-08
2019-02-15,2813189.48,2241015.21,2813189.48,2241015.21349012,0.0,1.5573835273079697e-07
2019-02-16,2890421.0,2337140.26,2890421.0,2337140.2626286047,0.0,1.124709939944056e-07
2019-02-17,3658575.54,2895275.54,3658575.54,2895275.5401330763,0.0,4.596323050673043e-09
2019-02-18,4680433.34,3760557.76,4680433.34,3760557.7589642094,0.0,2.7543531861453413e-08
2019-02-19,1783513.49,1498699.8,1783513.49,1498699.801960932,0.0,1.3084221698784224e-07
2019-02-20,3142305.74,2556936.4,3142305.74,2556936.3950960883,0.0,1.9178856435099106e-07
2019-02-21,3225995.91,2685076.1,3225995.91,2685076.0975882397,0.0,8.982093244228124e-08
2019-02-22,2981029.98,2400898.37,2981029.98,2400898.365718256,0.0,1.7833923954317482e-07
2019-02-23,3243671.03,2744035.42,3243671.03,2744035.4227492674,0.0,1.0019067100430881e-07
2019-02-24,4659488.7,3774721.6,4659488.7,3774721.6035413714,0.0,9.38180797079972e-08
2019-02-25,6710330.49,5461991.46,6710330.49,5461991.45816011,0.0,3.368533543561009e-08
2019-02-26,5143906.53,4181682.12,5143906.53,4181682.1219820045,0.0,4.739729909733673e-08
2019-02-27,4911504.39,3881267.76,4911504.39,3881267.7592230034,0.0,2.0019138550877992e-08
2019-02-28,3391644.13,2722597.05,3391644.13,2722597.0468331124,0.0,1.163186246570229e-07
2019-03-01,2228532.66,1861831.11,2228532.66,1861831.1106393388,0.0,3.4339244917024893e-08
2019-03-02,662215.74,563992.66,662215.74,563992.6638401513,0.0,6.808867411345062e-07
2019-03-03,925441.51,757846.4,925441.51,757846.4038819951,0.0,5.122403564268434e-07
2019-03-04,1915592.53,1559541.64,1915592.53,1559541.6393509998,0.0,4.161479473947746e-08
2019-03-05,2386338.6,1912200.04,2386338.6,1912200.0375743913,0.0,1.268491078385337e-07
2019-03-06,3341337.75,2745260.51,3341337.75,2745260.513124014,0.0,1.1379663231997808e-07
2019-03-07,2432557.33,1818192.91,2432557.33,1818192.9065311993,0.0,1.9078286742154092e-07
2019-03-08,2666858.91,2181539.6,2666858.91,2181539.602316232,0.0,1.0617418264416593e-07
2019-03-09,3019892.33,2454977.33,3019892.33,2454977.328142792,0.0,7.565072252786758e-08
2019-03-10,2681616.97,2134676.6,2681616.97,2134676.599291409,0.0,3.3194311164545443e-08
2019-03-11,2420084.85,1983304.37,2420084.85,1983304.37368819,0.0,1.8596187026749143e-07
2019-03-12,3925730.26,3314125.8,3925730.26,3314125.8011851464,0.0,3.576045984992613e-08
2019-03-13,5148543.25,4034220.49,5148543.25,4034220.4853162477,0.0,1.1610055910018598e-07
2019-03-14,4367141.68,3458729.41,4367141.68,3458729.407720888,0.0,6.589449029787957e-08
2019-03-15,3296671.21,2596766.78,3296671.21,2596766.7780767838,0.0,7.406194718716756e-08
2019-03-16,2593942.24,2020686.01,2593942.24,2020686.0050363212,0.0,2.4564324931870906e-07
2019-03-17,3647905.41,2976722.37,3647905.41,2976722.3651643833,0.0,1.6244769233244904e-07
2019-03-18,4462652.85,3659897.03,4462652.85,3659897.0328145213,0.0,7.690165937282973e-08
2019-03-19,4580736.76,3861332.4,4580736.76,3861332.4039119487,0.0,1.0131085225488674e-07
2019-03-20,5766530.12,4960357.22,5766530.12,4960357.217396394,0.0,5.248826393182691e-08
2019-03-21,4408617.11,3962414.33,4408617.11,3962414.326984848,0.0,7.609381371040868e-08
2019-03-22,3610928.89,3304221.4,3610928.89,3304221.3991495753,0.0,2.5737519772596563e-08
2019-03-23,3582976.25,3279702.06,3582976.25,3279702.0633455757,0.0,1.0200852358190358e-07
2019-03-24,4240123.5,3766823.0,4240123.5,3766823.001473168,0.0,3.910902931122363e-08
2019-03-25,4446564.37,4012232.01,4446564.37,4012232.0083912252,0.0,4.009674733721747e-08
2019-03-26,5345042.2,4766707.57,5345042.2,4766707.569021855,0.0,2.052036408805431e-08
2019-03-27,6535411.89,5978075.49,6535411.89,5978075.48539484,0.0,7.703415760642412e-08
2019-03-28,5315964.12,4667097.61,5315964.12,4667097.61313504,0.0,6.717321412718086e-08
2019-03-29,4309156.23,3848197.98,4309156.23,3848197.977157912,0.0,7.385502978443317e-08
2019-03-30,9442671.99,8583254.53,9442671.99,8583254.530029293,0.0,3.4129035972972904e-10
2019-03-31,7501232.88,6774268.33,7501232.88,6774268.328874448,0.0,1.6615104471314702e-08
2019-04-01,7842271.08,7122821.67,7842271.08,7122821.668935416,0.0,1.4946094518354803e-08
2019-04-02,6799630.38,6231069.37,6799630.38,6231069.36938637,0.0,9.847905415995176e-09
2019-04-03,6787287.3,6224164.42,6787287.3,6224164.415539109,0.0,7.16705163358952e-08
2019-04-04,2048272.63,1722283.77,2048272.6300000001,1722283.771396143,1.1367170573082825e-14,8.106346363807052e-08
2019-04-05,1919484.59,1795248.81,1919484.59,1795248.8107751377,0.0,4.3177172938868e-08
2019-04-06,2259659.48,2043470.72,2259659.48,2043470.7202418598,0.0,1.1835736800513917e-08
2019-04-07,2241076.34,2042622.76,2241076.34,2042622.7587855244,0.0,5.945667636515467e-08
2019-04-08,3104721.28,2774939.49,3104721.28,2774939.4944117744,0.0,1.589863216011142e-07
2019-04-09,3989319.25,3630481.23,3989319.25,3630481.2321161125,0.0,5.82873831344514e-08
2019-04-10,3426420.13,3160123.01,3426420.13,3160123.0144158504,0.0,1.3973666869115992e-07
2019-04-11,3579994.96,3276911.01,3579994.96,3276911.006063489,0.0,1.2012871227637318e-07
2019-04-12,3059845.93,2753429.2,3059845.93,2753429.1999553586,0.0,1.6213073730143865e-09
2019-04-13,3248777.0,3006192.84,3248777.0,3006192.843264103,0.0,1.0857929808663332e-07
2019-04-14,4002434.76,3635296.53,4002434.76,3635296.531167602,0.0,3.211849052171919e-08
2019-04-15,3468600.1,3009772.87,3468600.1,3009772.873009626,0.0,9.999511061268122e-08
2019-04-16,5005921.07,4277532.29,5005921.07,4277532.292720778,0.0,6.360624987064981e-08
2019-04-17,4866105.58,3844447.57,4866105.58,3844447.565413457,0.0,1.1930304349373785e-07
2019-04-18,3458407.78,2689432.07,3458407.78,2689432.0696219224,0.0,1.4057889332912696e-08
2019-04-19,3282803.64,2507866.68,3282803.64,2507866.6770765544,0.0,1.1657102027867475e-07
2019-04-20,3583833.11,2817340.98,3583833.11,2817340.983068607,0.0,1.089185461270881e-07
2019-04-21,4280648.65,3400564.11,4280648.65,3400564.1053352356,0.0,1.3717618968553175e-07
2019-04-22,5111723.35,4071500.83,5111723.35,4071500.825362972,0.0,1.1388989673018939e-07
2019-04-23,6076381.37,4899064.86,6076381.37,4899064.8613741025,0.0,2.8048254857917723e-08
2019-04-24,6020945.99,4856675.57,6020945.99,4856675.565489343,0.0,9.287540140356191e-08
2019-04-25,4244369.27,3305396.09,4244369.27,3305396.09193462,0.0,5.8529145476894357e-08
2019-04-26,3983588.88,3067018.69,3983588.88,3067018.688062019,0.0,6.31877715624282e-08
2019-04-27,4765470.57,3742260.25,4765470.57,3742260.2472830834,0.0,7.26009532148592e-08
2019-04-28,5579108.13,4391470.92,5579108.13,4391470.921899118,0.0,4.3245613367755674e-08
2019-04-29,9634257.78,7639657.66,9634257.78,7639657.657798919,0.0,2.8811255052863188e-08
2019-04-30,8059929.99,6487250.52,8059929.99,6487250.518546562,0.0,2.2404527741726313e-08
2019-05-01,8442603.96,6897673.92,8442603.96,6897673.920340585,0.0,4.937674199839248e-09
2019-05-02,7808399.68,6038961.99,7808399.68,6038961.9871748695,0.0,4.67817269456873e-08
2019-05-03,4022286.5,3234443.01,4022286.5,3234443.013468268,0.0,1.0722922229726102e-07
2019-05-04,2045383.76,1603260.81,2045383.76,1603260.8051611702,0.0,3.0181177197808567e-07
2019-05-05,2460393.45,1889099.54,2460393.45,1889099.5398401036,0.0,8.464161953546132e-09
2019-05-06,3089088.99,2546015.45,3089088.9899999998,2546015.4502323684,1.5074388883427384e-14,9.126741237786795e-09
2019-05-07,3216799.62,2460959.9,3216799.62,2460959.9009161675,0.0,3.7228059994803175e-08
2019-05-08,3179618.97,2549583.11,3179618.97,2549583.1051041908,0.0,1.9202390725473384e-07
2019-05-09,3478743.01,2820877.92,3478743.01,2820877.9194096415,0.0,2.0928179519709318e-08
2019-05-10,3379956.2,2669556.82,3379956.2,2669556.8187972405,0.0,4.505464442427128e-08
2019-05-11,3223254.17,2537597.46,3223254.17,2537597.45739126,0.0,1.028035301922507e-07
2019-05-12,3692378.28,2866716.95,3692378.28,2866716.949531915,0.0,1.6328261996991924e-08
2019-05-13,4792349.11,3788342.27,4792349.11,3788342.270121809,0.0,3.215366190178491e-09
2019-05-14,4862166.63,3833993.27,4862166.63,3833993.2741308925,0.0,1.077438629822595e-07
2019-05-15,5013097.75,3959824.14,5013097.75,3959824.143351232,0.0,8.463083001833015e-08
2019-05-16,4763396.54,3739102.59,4763396.54,3739102.592189384,0.0,5.85537372942826e-08
2019-05-17,4890006.38,3947766.75,4890006.38,3947766.7450288725,0.0,1.2592252294146682e-07
2019-05-18,4212074.41,3390993.32,4212074.41,3390993.32006529,0.0,1.925405417590682e-09
2019-05-19,3110577.15,2404869.12,3110577.15,2404869.1217075274,0.0,7.100292097525931e-08
2019-05-20,4833855.83,3883813.76,4833855.83,3883813.7629361493,0.0,7.559964671642674e-08
2019-05-21,4376980.41,3545197.6,4376980.41,3545197.59953271,0.0,1.3180934413662631e-08
2019-05-22,5873623.7,4676076.56,5873623.7,4676076.564722701,0.0,1.0099709286233878e-07
2019-05-23,5059289.39,4065945.82,5059289.39,4065945.8241086327,0.0,1.0104986875407912e-07
2019-05-24,4257574.66,3427856.53,4257574.66,3427856.529351946,0.0,1.8905512029316794e-08
2019-05-25,2703860.17,2041659.91,2703860.17,2041659.9110024972,0.0,4.9102069725508837e-08
2019-05-26,3290638.14,2614660.18,3290638.14,2614660.181917974,0.0,7.33546042073047e-08
2019-05-27,3692587.25,3103910.35,3692587.25,3103910.3540443685,0.0,1.302991369401016e-07
2019-05-28,4649913.83,3737938.55,4649913.83,3737938.55187651,0.0,5.0201740584005724e-08
2019-05-29,6694197.08,5100391.64,6694197.08,5100391.643534943,0.0,6.930730120744765e-08
2019-05-30,10560540.55,8440357.87,10560540.55,8440357.8723915,0.0,2.8334111365311754e-08
2019-05-31,8767512.49,6975728.64,8767512.49,6975728.636842386,0.0,4.526572006929364e-08
2019-06-01,8443797.15,6772402.64,8443797.15,6772402.640432484,0.0,6.385987458539708e-09
2019-06-02,7455195.67,6102711.18,7455195.67,6102711.1829455225,0.0,4.8265806636718254e-08
2019-06-03,6200836.36,4928192.22,6200836.36,4928192.221802566,0.0,3.6576626495000784e-08
2019-06-04,3657388.71,2889750.29,3657388.71,2889750.2859422597,0.0,1.4041837251518419e-07
2019-06-05,3116184.22,2354873.53,3116184.22,2354873.5319929034,0.0,8.462890360855074e-08
2019-06-06,3413543.4,2707745.48,3413543.4,2707745.478657693,0.0,4.957285885267613e-08
2019-06-07,2810118.57,2267280.87,2810118.57,2267280.865926132,0.0,1.7968078388080043e-07
2019-06-08,3253725.42,2576270.0,3253725.42,2576270.0015682853,0.0,6.08742594022076e-08
2019-06-09,4254903.93,3456557.9,4254903.93,3456557.8981620725,0.0,5.3172185613884115e-08
2019-06-10,4783133.64,3750235.77,4783133.64,3750235.770509549,0.0,1.35871172791336e-08
2019-06-11,4164146.71,3288307.35,4164146.71,3288307.3488818947,0.0,3.4002459367167964e-08
2019-06-12,4780123.09,3862755.17,4780123.09,3862755.169914265,0.0,2.219523590758073e-09
2019-06-13,3141446.63,2434324.12,3141446.63,2434324.1237056074,0.0,1.5222324878860845e-07
2019-06-14,3321275.31,2699480.09,3321275.31,2699480.091204196,0.0,4.460845509282921e-08
2019-06-15,4401658.94,3526274.43,4401658.94,3526274.434830458,0.0,1.3698473648877928e-07
2019-06-16,3952891.26,3206561.32,3952891.26,3206561.315788151,0.0,1.3135094518319942e-07
2019-06-17,4164327.54,3246799.45,4164327.54,3246799.4474769924,0.0,7.770753449724877e-08
2019-06-18,5036738.58,4114695.79,5036738.58,4114695.7910519545,0.0,2.556578938242686e-08
2019-06-19,5640058.49,4485935.07,5640058.49,4485935.073605418,0.0,8.037160259740466e-08
2019-06-20,4189605.48,3314789.57,4189605.48,3314789.573342657,0.0,1.0084071038040943e-07
2019-06-21,3812450.83,3058079.55,3812450.83,3058079.546925907,0.0,1.0052363714620926e-07
2019-06-22,4550924.39,3531072.86,4550924.39,3531072.8604948716,0.0,1.4014770406047822e-08
2019-06-23,3568419.01,3068943.59,3568419.0100000002,3068943.586415148,1.3049512571331674e-14,1.1681061809559232e-07
2019-06-24,3996277.5,3433419.57,3996277.5,3433419.573188356,0.0,9.286241388502117e-08
2019-06-25,5688790.13,5142260.13,5688790.13,5142260.131072436,0.0,2.0855354338544826e-08
2019-06-26,5662278.62,5280030.26,5662278.62,5280030.260370788,0.0,7.022467101433526e-09
2019-06-27,3630711.11,3603596.44,3630711.11,3603596.4403442848,0.0,9.553922473234206e-09
2019-06-28,4670111.28,4617792.03,4670111.28,4617792.032925188,0.0,6.334601754075655e-08
2019-06-29,7024746.69,6925205.4,7024746.69,6925205.39995237,0.0,6.877865374730894e-10
2019-06-30,4945041.75,4627222.46,4945041.75,4627222.459862338,0.0,2.975037074868402e-09
2019-07-01,4925285.45,4871863.28,4925285.45,4871863.2761017755,0.0,8.001506958082243e-08
2019-07-02,4873332.05,4786134.47,4873332.05,4786134.474836326,0.0,1.0104869588026103e-07
2019-07-03,4886424.07,4756249.61,4886424.07,4756249.61063825,0.0,1.3419172300812165e-08
2019-07-04,1489388.03,1415805.18,1489388.03,1415805.179330685,0.0,4.727451213893482e-08
2019-07-05,1841931.9,1789551.81,1841931.9,1789551.8075782454,0.0,1.3532743962208517e-07
2019-07-06,1673667.75,1672504.8,1673667.75,1672504.8007975817,0.0,4.768785274053194e-08
2019-07-07,2108446.49,2118852.35,2108446.4899999998,2118852.3521132655,2.2085516019319948e-14,9.973632429101745e-08
2019-07-08,2671803.54,2584413.1,2671803.54,2584413.1013911213,0.0,5.382735392867391e-08
2019-07-09,2568480.24,2386535.86,2568480.24,2386535.860573949,0.0,2.4049458742514134e-08
2019-07-10,2970737.48,2920183.57,2970737.48,2920183.568361626,0.0,5.610516552899759e-08
2019-07-11,3613434.66,3602172.41,3613434.66,3602172.4091987866,0.0,2.224250980015376e-08
2019-07-12,2385921.03,2226726.44,2385921.03,2226726.4396860264,0.0,1.410022867250389e-08
2019-07-13,2098969.4,1932133.96,2098969.4,1932133.9556938221,0.0,2.2287159848375358e-07
2019-07-14,2644124.5,2456787.05,2644124.5,2456787.054504151,0.0,1.8333502599100942e-07
2019-07-15,2978181.99,2929468.55,2978181.99,2929468.5495469454,0.0,1.5465414000654038e-08
2019-07-16,3187013.74,3153087.05,3187013.74,3153087.047321944,0.0,8.493440680209195e-08
2019-07-17,3959202.82,3896487.16,3959202.82,3896487.1603645976,0.0,9.357080009971819e-09
2019-07-18,3615222.41,3550288.82,3615222.41,3550288.8184174104,0.0,4.457635832920132e-08
2019-07-19,2386618.42,2254762.11,2386618.42,2254762.107712768,0.0,1.0144005175646412e-07
2019-07-20,3483966.92,3119293.47,3483966.92,3119293.4667019686,0.0,1.0573008482774006e-07
2019-07-21,2833440.98,2457034.76,2833440.98,2457034.757843077,0.0,8.778559541879687e-08
2019-07-22,3439033.06,2731287.61,3439033.06,2731287.614761951,0.0,1.7434820949529557e-07
2019-07-23,3417186.56,2643724.49,3417186.56,2643724.4922971455,0.0,8.689049570799401e-08
2019-07-24,4684554.37,3722991.01,4684554.37,3722991.0116409673,0.0,4.40765920374703e-08
2019-07-25,4181297.47,3389253.8,4181297.47,3389253.800247157,0.0,7.292377420043892e-09
2019-07-26,2974387.4,2282672.9,2974387.4,2282672.895920866,0.0,1.7869988020764202e-07
2019-07-27,2400455.83,1937294.99,2400455.83,1937294.9934288433,0.0,1.769912871163982e-07
2019-07-28,3130479.33,2444819.96,3130479.33,2444819.96057323,0.0,2.3446715315527843e-08
2019-07-29,3105749.62,2493332.47,3105749.62,2493332.466968496,0.0,1.2158444078137068e-07
2019-07-30,3330499.22,3199104.79,3330499.22,3199104.79371851,0.0,1.1623594875919729e-07
2019-07-31,5525632.29,6089074.09,5525632.29,6089074.094520977,0.0,7.424736255681763e-08
2019-08-01,4455488.15,5321254.35,4455488.15,5321254.348476592,0.0,2.8628723153159755e-08
2019-08-02,3938923.04,4562144.93,3938923.04,4562144.931037491,0.0,2.2741309217383718e-08
2019-08-03,2470651.33,3392027.67,2470651.33,3392027.672165112,0.0,6.382943741649041e-08
2019-08-04,2494912.22,3600849.09,2494912.22,3600849.085770747,0.0,1.1745153952875049e-07
2019-08-05,1043419.2,1459268.06,1043419.2,1459268.058913599,0.0,7.44483542410737e-08
2019-08-06,1858125.18,2640605.83,1858125.18,2640605.8281927975,0.0,6.843893793272141e-08
2019-08-07,2612652.22,3641188.5,2612652.22,3641188.4997344417,0.0,7.293175023716354e-09
2019-08-08,2075506.82,2794288.53,2075506.82,2794288.5323552866,0.0,8.428932181621583e-08
2019-08-09,1373112.09,1937571.87,1373112.09,1937571.86740917,0.0,1.337153085840572e-07
2019-08-10,1564845.37,2196994.14,1564845.3699999999,2196994.136282488,1.487882752618999e-14,1.6920902474414486e-07
2019-08-11,2346475.31,3292514.02,2346475.31,3292514.021714451,0.0,5.2071176081179016e-08
2019-08-12,1668045.94,2290560.15,1668045.94,2290560.15201274,0.0,8.787107770663484e-08
2019-08-13,1490813.69,2171947.13,1490813.69,2171947.129917305,0.0,3.8074096844075666e-09
2019-08-14,3101196.53,4169515.66,3101196.5300000003,4169515.663743331,1.5015536190727626e-14,8.977855591157056e-08
2019-08-15,2478038.89,3512738.3,2478038.89,3512738.302938438,0.0,8.365092859069767e-08
2019-08-16,1829640.99,2493094.05,1829640.99,2493094.050196121,0.0,7.866577171107469e-09
2019-08-17,2003878.36,2733913.19,2003878.36,2733913.1923862477,0.0,8.728323005734589e-08
2019-08-18,1947390.84,2839386.72,1947390.84,2839386.7169027436,0.0,1.0908188813252828e-07
2019-08-19,2333967.14,3290384.64,2333967.14,3290384.639570191,0.0,1.306257901432891e-08
2019-08-20,2278154.51,3059344.57,2278154.51,3059344.565714988,0.0,1.4006306933176887e-07
2019-08-21,2902500.19,3975109.52,2902500.19,3975109.5201289672,0.0,3.2443690212166766e-09
2019-08-22,3279690.88,4303594.26,3279690.88,4303594.262167613,0.0,5.0367509448876756e-08
2019-08-23,1923531.37,2481146.96,1923531.37,2481146.963401156,0.0,1.3707999179628416e-07
2019-08-24,1741999.11,2380723.06,1741999.11,2380723.0588806923,0.0,4.7015452019655584e-08
2019-08-25,2343821.96,2973037.78,2343821.96,2973037.778378078,0.0,5.455436938371193e-08
2019-08-26,1566162.85,2092259.75,1566162.85,2092259.752192645,0.0,1.047979392079157e-07
2019-08-27,2452198.24,3395896.49,2452198.2399999998,3395896.487974992,1.8989544960595814e-14,5.963103432516935e-08
2019-08-28,5201709.9,7205663.14,5201709.9,7205663.1429675585,0.0,4.118370153470932e-08
2019-08-29,4504012.62,6055206.11,4504012.62,6055206.107738833,0.0,3.734253386355277e-08
2019-08-30,5157053.02,6765323.43,5157053.02,6765323.42866152,0.0,1.9784420571760053e-08
2019-08-31,5057671.9,6368386.98,5057671.9,6368386.983376982,0.0,5.302726191257889e-08
2019-09-01,4505538.06,5575548.49,4505538.06,5575548.4938916955,0.0,6.979932643010534e-08
2019-09-02,1524133.27,1524323.94,1524133.27,1524323.940131339,0.0,8.616217599601361e-09
2019-09-03,1594821.11,1372800.55,1594821.11,1372800.54633072,0.0,2.6728428198570083e-07
2019-09-04,870213.71,795474.98,870213.71,795474.983573763,0.0,4.492615302412251e-07
2019-09-05,1849227.68,1737296.3,1849227.68,1737296.296823267,0.0,1.8285500020582954e-07
2019-09-06,2055566.63,1816545.14,2055566.6300000001,1816545.143102017,1.1326835153666103e-14,1.7076465828426437e-07
2019-09-07,2056135.02,1821442.12,2056135.02,1821442.1205062708,0.0,2.7795046095193655e-08
2019-09-08,2799308.76,2590587.34,2799308.76,2590587.344018009,0.0,1.5510031692717009e-07
2019-09-09,3586421.12,3025750.34,3586421.12,3025750.3432521326,0.0,1.0748186169752177e-07
2019-09-10,2327550.31,2102928.06,2327550.31,2102928.05936044,0.0,3.041284097689856e-08
2019-09-11,2579418.47,2224939.94,2579418.47,2224939.939730281,0.0,1.2122526500671601e-08
2019-09-12,2239528.24,2055638.17,2239528.2399999998,2055638.166573477,2.079282944463961e-14,1.666890116098517e-07
2019-09-13,2602979.12,2360984.02,2602979.12,2360984.0170974513,0.0,1.2293809426866449e-07
2019-09-14,2471379.44,2104170.27,2471379.44,2104170.2738375408,0.0,1.8237786173716676e-07
2019-09-15,2704686.82,2355376.75,2704686.82,2355376.74743122,0.0,1.0906025878455104e-07
2019-09-16,3377677.52,3056070.46,3377677.52,3056070.4584018798,0.0,5.2293303518239584e-08
2019-09-17,2208634.91,1901278.99,2208634.91,1901278.9877219526,0.0,1.1981657573404986e-07
2019-09-18,2218355.01,1872520.36,2218355.0100000002,1872520.36006967,2.0991287923195814e-14,3.7206491843190107e-09
2019-09-19,2750834.47,2383301.79,2750834.4699999997,2383301.789430612,1.69280010260937e-14,2.3890713593465035e-08
2019-09-20,1849923.37,1616131.82,1849923.37,1616131.8157271517,0.0,2.6438736709552814e-07
2019-09-21,3723308.64,3312576.87,3723308.64,3312576.871058362,0.0,3.194980826851995e-08
2019-09-22,3164897.45,2715456.74,3164897.45,2715456.743987687,0.0,1.4685141728936276e-07
2019-09-23,3099449.09,2787237.94,3099449.09,2787237.939214283,0.0,2.8189800305759715e-08
2019-09-24,2947408.34,2515101.0,2947408.34,2515100.9983011507,0.0,6.754596563246355e-08
2019-09-25,2898334.29,2483117.25,2898334.29,2483117.250409667,0.0,1.649808983014578e-08
2019-09-26,2908501.91,2610054.46,2908501.91,2610054.4588302094,0.0,4.481862473526685e-08
2019-09-27,3950186.78,3564014.93,3950186.78,3564014.9309224277,0.0,2.5881696087769364e-08
2019-09-28,3814692.18,3453282.93,3814692.18,3453282.930946534,0.0,2.7409681900193247e-08
2019-09-29,4292493.62,3763429.08,4292493.62,3763429.077743404,0.0,5.996116699181073e-08
2019-09-30,4319120.35,3566624.12,4319120.35,3566624.122847375,0.0,7.983389296848718e-08
2019-10-01,3461580.0,2846842.32,3461580.0,2846842.3201566725,0.0,5.503384235108023e-09
2019-10-02,1385364.76,1073130.28,1385364.76,1073130.279690211,0.0,2.8867798569932977e-08
2019-10-03,1326788.68,1033086.86,1326788.68,1033086.8586936679,0.0,1.2644939320241053e-07
2019-10-04,1866207.62,1478185.6,1866207.62,1478185.5996168435,0.0,2.592073583829881e-08
2019-10-05,1911023.55,1500730.35,1911023.55,1500730.3452542655,0.0,3.1622833660304147e-07
2019-10-06,2387439.44,1819262.68,2387439.44,1819262.6767183195,0.0,1.8038518777368823e-07
2019-10-07,1999285.69,1511800.84,1999285.69,1511800.840233758,0.0,1.5462222398787857e-08
2019-10-08,1470915.7,1203719.05,1470915.7,1203719.046406574,0.0,2.985269664824706e-07
2019-10-09,1397689.65,1162543.67,1397689.65,1162543.6727764024,0.0,2.3882135235641516e-07
2019-10-10,1458507.56,1177103.47,1458507.56,1177103.4722243347,0.0,1.8896679902420496e-07
2019-10-11,2040409.76,1602691.87,2040409.76,1602691.8676111246,0.0,1.490539454623989e-07
2019-10-12,1557560.26,1243446.67,1557560.26,1243446.668853668,0.0,9.218987213523148e-08
2019-10-13,2002257.12,1582043.04,2002257.12,1582043.04084163,0.0,5.319892714503073e-08
2019-10-14,1775994.7,1462978.37,1775994.7,1462978.3684584852,0.0,1.0536826193508378e-07
2019-10-15,2018887.59,1548517.17,2018887.59,1548517.1737748506,0.0,2.4377195825798154e-07
2019-10-16,1464108.41,1141541.16,1464108.41,1141541.157037803,0.0,2.59491032656366e-07
2019-10-17,1372058.65,1046890.17,1372058.65,1046890.1744113829,0.0,4.2137971679452634e-07
2019-10-18,1653633.26,1278811.6,1653633.26,1278811.5954081716,0.0,3.590699712899566e-07
2019-10-19,2811323.63,2269521.38,2811323.63,2269521.381651424,0.0,7.276529746883858e-08
2019-10-20,2844841.01,2392660.05,2844841.01,2392660.0525921644,0.0,1.0833818859587547e-07
2019-10-21,2711153.32,2148763.37,2711153.32,2148763.368454867,0.0,7.190801419690994e-08
2019-10-22,2214683.33,1838977.01,2214683.33,1838977.0121992005,0.0,1.195882512772013e-07
2019-10-23,1759141.45,1358481.77,1759141.45,1358481.7689073188,0.0,8.043399769633417e-08
2019-10-24,2022900.04,1666320.71,2022900.04,1666320.7085324835,0.0,8.806926566726179e-08
2019-10-25,3187144.16,2421364.94,3187144.16,2421364.9419124546,0.0,7.898250186226903e-08
2019-10-26,2566324.34,2091249.47,2566324.34,2091249.4743927387,0.0,2.1005330783775448e-07
2019-10-27,2753908.73,2215124.51,2753908.73,2215124.511199934,0.0,5.417005502434658e-08
2019-10-28,4549329.18,3685783.91,4549329.18,3685783.9114787173,0.0,4.011947615053644e-08
2019-10-29,4173624.95,3482498.58,4173624.95,3482498.5827583056,0.0,7.920478519819696e-08
2019-10-30,4011152.34,3303293.41,4011152.34,3303293.406197316,0.0,1.1511796452059749e-07
2019-10-31,3902622.14,3200919.46,3902622.14,3200919.463263689,0.0,1.0196098816926219e-07
2019-11-01,2457372.77,1859550.39,2457372.77,1859550.3854224307,0.0,2.461653753767512e-07
2019-11-02,1251673.78,1011108.33,1251673.78,1011108.33035556,0.0,3.516538131043325e-08
2019-11-03,1429798.26,1038587.83,1429798.26,1038587.8338042551,0.0,3.662911359651778e-07
2019-11-04,1262571.36,995581.04,1262571.3599999999,995581.0421417513,1.844098884469149e-14,2.1512575536362148e-07
2019-11-05,1612667.27,1321321.71,1612667.27,1321321.7089809468,0.0,7.712377337266762e-08
2019-11-06,1293265.9,977612.75,1293265.9,977612.7534211281,0.0,3.4994716930799657e-07
2019-11-07,1946539.7,1520179.67,1946539.7,1520179.6728898343,0.0,1.9009821019294742e-07
2019-11-08,1109713.24,903061.67,1109713.24,903061.6740336869,0.0,4.46667925348396e-07
2019-11-09,2311380.72,1875909.56,2311380.72,1875909.558765578,0.0,6.580391712409491e-08
2019-11-10,3011648.48,2352435.67,3011648.48,2352435.666001722,0.0,1.6996331758938404e-07
2019-11-11,2092297.23,1711092.76,2092297.23,1711092.7612787657,0.0,7.473386378085493e-08
2019-11-12,2105090.82,1720904.41,2105090.82,1720904.412790244,0.0,1.6213823656611347e-07
2019-11-13,2427345.64,1997625.77,2427345.64,1997625.7734796135,0.0,1.7418745338247643e-07
2019-11-14,2269908.4,1766713.41,2269908.4,1766713.4050976627,0.0,2.7748344379836494e-07
2019-11-15,2141001.63,1662947.41,2141001.63,1662947.4115713248,0.0,9.449035353163425e-08
2019-11-16,1941582.58,1536690.27,1941582.58,1536690.2674710243,0.0,1.6457289846205438e-07
2019-11-17,2590750.35,2104287.3,2590750.35,2104287.299448633,0.0,2.620206437105884e-08
2019-11-18,2099691.1,1835944.86,2099691.1,1835944.8563814268,0.0,1.9709596857204836e-07
2019-11-19,1303736.25,1077699.56,1303736.25,1077699.5600437075,0.0,4.0556232655408815e-09
2019-11-20,1211508.93,1056017.89,1211508.93,1056017.8935722276,0.0,3.3827340426538647e-07
2019-11-21,1758120.57,1675422.59,1758120.57,1675422.5927036616,0.0,1.613719178000076e-07
2019-11-22,1717259.82,1683212.87,1717259.82,1683212.872970321,0.0,1.7646733363557454e-07
2019-11-23,1275541.97,1314745.82,1275541.97,1314745.8170186148,0.0,2.2676514127399204e-07
2019-11-24,1513582.11,1601636.32,1513582.11,1601636.3201147318,0.0,7.163406699135899e-09
2019-11-25,1823713.36,1796200.75,1823713.3599999999,1796200.7452076925,1.2766844217989915e-14,2.6680244418790283e-07
2019-11-26,1658805.72,1632988.64,1658805.72,1632988.643630669,0.0,2.2233278297846582e-07
2019-11-27,1673862.79,1730384.96,1673862.79,1730384.9569653687,0.0,1.7537318724812015e-07
2019-11-28,2283224.58,2385990.97,2283224.58,2385990.9676130125,0.0,1.0004177320844409e-07
2019-11-29,1727675.92,1763358.52,1727675.92,1763358.5232333366,0.0,1.833624061157774e-07
2019-11-30,1706944.78,1590980.52,1706944.78,1590980.5200795648,0.0,5.000988333568632e-09
2019-12-01,1570052.1,1541270.84,1570052.1,1541270.840429789,0.0,2.7885354478603117e-08
2019-12-02,939051.09,913949.28,939051.09,913949.2839515364,0.0,4.3235838810419873e-07
2019-12-03,1049432.49,1050128.15,1049432.49,1050128.1511122617,0.0,1.0591676711617749e-07
2019-12-04,808148.29,776278.66,808148.29,776278.6633807879,0.0,4.355121533418929e-07
2019-12-05,584316.21,549261.88,584316.21,549261.8793121076,0.0,1.2523942719720297e-07
2019-12-06,1028672.61,965955.9,1028672.61,965955.8997121335,0.0,2.9801212366337033e-08
2019-12-07,1004670.88,991134.01,1004670.88,991134.009378871,0.0,6.26685245281911e-08
2019-12-08,992442.58,1015934.13,992442.58,1015934.1282295267,0.0,1.742704832816751e-07
2019-12-09,1419175.87,1414450.62,1419175.87,1414450.6182697918,0.0,1.223236966132414e-07
2019-12-10,902926.09,843652.61,902926.09,843652.6050620117,0.0,5.853106102844637e-07
2019-12-11,1013400.28,984737.87,1013400.28,984737.8744846195,0.0,4.5541251293873944e-07
2019-12-12,928048.97,925066.67,928048.97,925066.669898836,0.0,1.0935871223244218e-08
2019-12-13,1377941.74,1350365.69,1377941.74,1350365.6894295292,0.0,4.224564532889307e-08
2019-12-14,1133983.1,1100467.71,1133983.1,1100467.7115683297,0.0,1.4251483611038363e-07
2019-12-15,1178357.1,1177403.13,1178357.1,1177403.133846997,0.0,3.2673576826037234e-07
2019-12-16,2441615.29,2435335.9,2441615.29,2435335.903871348,0.0,1.5896567782928826e-07
2019-12-17,1509802.09,1466889.03,1509802.09,1466889.0279609533,0.0,1.3900483837269075e-07
2019-12-18,1081751.46,1118946.01,1081751.46,1118946.0078883904,0.0,1.8871415963190018e-07
2019-12-19,1755344.65,1729566.17,1755344.65,1729566.174271531,0.0,2.4697123972477135e-07
2019-12-20,1591897.49,1519651.21,1591897.49,1519651.206921509,0.0,2.0257878525579894e-07
2019-12-21,1604411.0,1557139.8,1604411.0,1557139.799444371,0.0,3.568267560121367e-08
2019-12-22,1998393.15,2053342.91,1998393.15,2053342.9106636404,0.0,3.232000071705684e-08
2019-12-23,1553261.7,1489890.38,1553261.7,1489890.384880597,0.0,3.2758095373604827e-07
2019-12-24,1516895.67,1497007.31,1516895.67,1497007.3149865125,0.0,3.330987391581748e-07
2019-12-25,1299670.93,1288364.93,1299670.93,1288364.9320048161,0.0,1.5560934252214417e-07
2019-12-26,962186.25,831064.78,962186.25,831064.7762653539,0.0,4.4938086922849237e-07
2019-12-27,2014300.3,2077708.75,2014300.3,2077708.7465655664,0.0,1.6529908736229884e-07
2019-12-28,3502828.06,3565984.26,3502828.06,3565984.258377319,0.0,4.5504423360958214e-08
2019-12-29,3313547.73,3269447.73,3313547.73,3269447.731367187,0.0,4.181706637869907e-08
2019-12-30,3576704.95,3493583.35,3576704.95,3493583.3537126393,0.0,1.062702343314161e-07
2019-12-31,2778326.07,2777906.18,2778326.07,2777906.1763841985,0.0,1.3016284402677997e-07
2020-01-01,1871817.88,1823332.03,1871817.88,1823332.025655754,0.0,2.3825864109885368e-07
2020-01-02,306693.87,273455.38,306693.87,273455.37879126,0.0,4.420245802041853e-07
2020-01-03,766406.86,609099.87,766406.86,609099.8673714654,0.0,4.3154410238357984e-07
2020-01-04,888245.03,704147.35,888245.03,704147.3477091362,0.0,3.2533869176380475e-07
2020-01-05,1285208.07,1020467.61,1285208.07,1020467.6082144828,0.0,1.749704926502164e-07
2020-01-06,970782.47,779316.08,970782.47,779316.0802803924,0.0,3.597930029009915e-08
2020-01-07,764267.46,602605.56,764267.46,602605.5641975461,0.0,6.965661000688181e-07
2020-01-08,1107287.26,894624.14,1107287.26,894624.1361171589,0.0,4.3401926206369957e-07
2020-01-09,1056334.6,871321.63,1056334.6,871321.6276304176,0.0,2.7195266806529416e-07
2020-01-10,1052535.45,809623.15,1052535.45,809623.1480291624,0.0,2.434265363108711e-07
2020-01-11,1482481.4,1217653.88,1482481.4,1217653.880137498,0.0,1.1292054242030807e-08
2020-01-12,1377373.92,1076992.76,1377373.92,1076992.7608954015,0.0,8.313904198506956e-08
2020-01-13,1823598.04,1448101.5,1823598.04,1448101.4974391374,0.0,1.7684275396881352e-07
2020-01-14,1243925.22,978766.56,1243925.22,978766.5566333653,0.0,3.439670758008408e-07
2020-01-15,1380005.06,1018100.72,1380005.06,1018100.7240085447,0.0,3.937277173682715e-07
2020-01-16,1030944.9,795470.95,1030944.9,795470.9487094915,0.0,1.6223199973799574e-07
2020-01-17,1830660.94,1431085.31,1830660.94,1431085.310703494,0.0,4.915806393674916e-08
2020-01-18,1766837.19,1324243.87,1766837.19,1324243.8676662417,0.0,1.7623327936496283e-07
2020-01-19,1524971.65,1235381.65,1524971.65,1235381.6527903962,0.0,2.2587322181800492e-07
2020-01-20,1754063.39,1357099.14,1754063.39,1357099.1402222614,0.0,1.6377692893965422e-08
2020-01-21,1339757.99,1058996.46,1339757.99,1058996.4613133054,0.0,1.2401415014329622e-07
2020-01-22,1519425.6,1259362.61,1519425.5999999999,1259362.6051937325,1.5323596209901268e-14,3.816428664063355e-07
2020-01-23,1004242.27,765471.69,1004242.27,765471.6850462173,0.0,6.471542606925192e-07
2020-01-24,1704378.2,1375285.81,1704378.2,1375285.8144328378,0.0,3.223211989402518e-07
2020-01-25,1822074.98,1406914.83,1822074.98,1406914.8291149125,0.0,6.290981601636684e-08
2020-01-26,2456410.62,1973809.59,2456410.62,1973809.5912067548,0.0,6.113835462720515e-08
2020-01-27,3063079.4,2398030.81,3063079.4,2398030.8130868548,0.0,1.287245639568903e-07
2020-01-28,2756106.46,2116903.62,2756106.46,2116903.623755475,0.0,1.7740415261638075e-07
2020-01-29,2649423.01,2056424.25,2649423.0100000002,2056424.2451959297,1.757595089761598e-14,2.3361280341201383e-07
2020-01-30,2487204.75,2078176.85,2487204.75,2078176.8533044497,0.0,1.5900714169486948e-07
2020-01-31,1641713.06,1229647.19,1641713.06,1229647.1893875336,0.0,4.980830015447831e-08
2020-02-01,1463943.76,1142123.1,1463943.76,1142123.102416994,0.0,2.1162289397814398e-07
2020-02-02,1093114.88,845764.23,1093114.8800000001,845764.2255050599,2.1299741492300393e-14,5.314649033043571e-07
2020-02-03,1316072.4,1043180.49,1316072.4,1043180.4934045032,0.0,3.2635802291077376e-07
2020-02-04,1029616.88,806175.81,1029616.88,806175.8132045364,0.0,3.974984552590523e-07
2020-02-05,1584431.42,1282491.8,1584431.42,1282491.7978632834,0.0,1.6660664958122533e-07
2020-02-06,1426441.72,1176781.21,1426441.72,1176781.2129754408,0.0,2.52845710967273e-07
2020-02-07,1459386.86,1149577.39,1459386.86,1149577.3872237373,0.0,2.4150288683140024e-07
2020-02-08,2184212.09,1826022.53,2184212.09,1826022.533263988,0.0,1.7874851009996368e-07
2020-02-09,2055783.58,1523755.95,2055783.58,1523755.9530020528,0.0,1.9701664783406608e-07
2020-02-10,2291998.17,1847054.74,2291998.17,1847054.7390368793,0.0,5.214359382118663e-08
2020-02-11,1213349.37,971610.69,1213349.37,971610.6859659711,0.0,4.1518983845485536e-07
2020-02-12,1321005.73,1096334.73,1321005.73,1096334.733639174,0.0,3.319400386764714e-07
2020-02-13,1581431.75,1352362.12,1581431.75,1352362.1186043164,0.0,1.0320340350919135e-07
2020-02-14,2037539.68,1651978.34,2037539.68,1651978.3445422857,0.0,2.749603591329621e-07
2020-02-15,2021731.66,1579252.08,2021731.66,1579252.0751071046,0.0,3.0982358838204436e-07
2020-02-16,2850540.94,2254151.72,2850540.94,2254151.718685332,0.0,5.832207180993362e-08
2020-02-17,3027388.85,2358428.94,3027388.85,2358428.944270326,0.0,1.8106654850061727e-07
2020-02-18,1906269.53,1488503.07,1906269.53,1488503.0689448027,0.0,7.088983193053112e-08
2020-02-19,2587869.93,2040282.29,2587869.93,2040282.287357614,0.0,1.295108103527825e-07
2020-02-20,2179252.94,1655887.69,2179252.94,1655887.6910434123,0.0,6.301226677665632e-08
2020-02-21,1875282.27,1484938.15,1875282.27,1484938.1547446086,0.0,3.195155740129172e-07
2020-02-22,2816611.42,2298912.93,2816611.42,2298912.9297776143,0.0,9.673522562664304e-09
2020-02-23,3660447.62,2943311.48,3660447.62,2943311.4809863823,0.0,3.3512673460803594e-08
2020-02-24,4913668.98,3894010.08,4913668.98,3894010.078114002,0.0,4.8433312293568584e-08
2020-02-25,3883383.17,3094926.07,3883383.17,3094926.0688530696,0.0,3.7058406047708407e-08
2020-02-26,3776016.2,3155920.72,3776016.2,3155920.7187547693,0.0,3.945697666278386e-08
2020-02-27,2799802.2,2267130.6,2799802.2,2267130.5985660385,0.0,6.325006415982556e-08
2020-02-28,1651589.28,1198881.14,1651589.28,1198881.1414111939,0.0,1.177092486221529e-07
2020-02-29,440505.08,389641.44,440505.08,389641.4384908535,0.0,3.8731672735737595e-07
2020-03-01,574193.42,436323.03,574193.42,436323.02674506267,0.0,7.459925636446985e-07
2020-03-02,723891.53,597321.16,723891.53,597321.1575130488,0.0,4.163507590335001e-07
2020-03-03,943222.71,762767.07,943222.71,762767.067269543,0.0,3.5796734064277133e-07
2020-03-04,1909614.63,1505586.81,1909614.63,1505586.8121620822,0.0,1.4360394939805407e-07
2020-03-05,2333220.72,1843371.65,2333220.7199999997,1843371.6464249338,1.9957875537284755e-14,1.9394168856460867e-07
2020-03-06,1511362.89,1171921.71,1511362.89,1171921.7060109386,0.0,3.403863335452382e-07
2020-03-07,1871812.61,1532326.46,1871812.6099999999,1532326.4637184066,1.2438779523654861e-14,2.426641291883903e-07
2020-03-08,2407053.63,1849597.49,2407053.63,1849597.4944490758,0.0,2.405429186864252e-07
2020-03-09,2614688.4,2090705.98,2614688.4,2090705.975755142,0.0,2.0303466742713672e-07
2020-03-10,2160515.74,1668007.68,2160515.74,1668007.6793501126,0.0,3.896189314581845e-08
2020-03-11,3433278.78,2692451.6,3433278.7800000003,2692451.602667596,1.3563165625243496e-14,9.907684498527564e-08
2020-03-12,4588363.52,3791750.44,4588363.52,3791750.443346681,0.0,8.826216762270213e-08
2020-03-13,3021810.51,2369481.88,3021810.5100000002,2369481.8752871086,1.5410009521336244e-14,1.98899655619124e-07
2020-03-14,2973651.06,2401421.48,2973651.06,2401421.4760133103,0.0,1.660137448155665e-07
2020-03-15,3221293.98,2639677.91,3221293.98,2639677.90868213,0.0,4.992542205712019e-08
2020-03-16,3825962.41,3158330.02,3825962.41,3158330.015044629,0.0,1.5689845200109003e-07
2020-03-17,3337087.52,2593918.94,3337087.52,2593918.9438937646,0.0,1.5011127100080872e-07
2020-03-18,4361415.01,3636509.4,4361415.01,3636509.3987770528,0.0,3.362969848898331e-08
2020-03-19,4192556.63,3408251.62,4192556.63,3408251.620367004,0.0,1.0768100468834665e-08
2020-03-20,4714923.6,4026187.52,4714923.6,4026187.518902201,0.0,2.726646008615197e-08
2020-03-21,3786624.27,3364585.08,3786624.27,3364585.080950132,0.0,2.8239203598730216e-08
2020-03-22,3660217.49,3308325.46,3660217.49,3308325.4601442344,0.0,4.359740132459231e-09
2020-03-23,4599846.79,4217636.5,4599846.79,4217636.50440982,0.0,1.0455665966910348e-07
2020-03-24,3777061.29,3491500.34,3777061.29,3491500.341515607,0.0,4.340848351670405e-08
2020-03-25,5473119.8,4913905.47,5473119.8,4913905.467761149,0.0,4.556154069853791e-08
2020-03-26,4976074.87,4486016.71,4976074.87,4486016.712834436,0.0,6.318381466040508e-08
2020-03-27,5292649.55,4770553.08,5292649.55,4770553.079987472,0.0,2.626142307534584e-10
2020-03-28,4107108.15,3626441.43,4107108.15,3626441.426804006,0.0,8.813030982654353e-08
2020-03-29,4853424.1,4204693.19,4853424.1,4204693.1896121735,0.0,9.223667861883288e-09
2020-03-30,8661154.35,7724558.44,8661154.35,7724558.439686857,0.0,4.053865969273908e-09
2020-03-31,7897174.25,7105527.86,7897174.25,7105527.860277521,0.0,3.905706855104329e-09
2020-04-01,8755809.46,7957568.75,8755809.459999999,7957568.754487783,2.1273249009589077e-14,5.639640520543537e-08
2020-04-02,7577709.18,6681340.51,7577709.18,6681340.508421039,0.0,2.3632391813432416e-08
2020-04-03,6784809.88,6004344.42,6784809.88,6004344.417162578,0.0,4.725615496679684e-08
2020-04-04,2596249.84,2421613.19,2596249.84,2421613.194438711,0.0,1.832956181013088e-07
2020-04-05,2270549.35,2115323.24,2270549.35,2115323.237678604,0.0,1.097419051206117e-07
2020-04-06,2174513.69,1986210.77,2174513.69,1986210.7676914048,0.0,1.1623113024795468e-07
2020-04-07,2970609.75,2686271.15,2970609.75,2686271.149387509,0.0,2.280078131553815e-08
2020-04-08,4245321.13,3850661.27,4245321.13,3850661.2650625035,0.0,1.2822463872425762e-07
2020-04-09,3887991.65,3427172.36,3887991.65,3427172.3648061473,0.0,1.4023652497715392e-07
2020-04-10,3023393.36,2760209.97,3023393.36,2760209.9659769437,0.0,1.4575182761579086e-07
2020-04-11,3732689.24,3332780.74,3732689.24,3332780.7353090798,0.0,1.4075094746316225e-07
2020-04-12,2907846.49,2591717.12,2907846.49,2591717.1154730152,0.0,1.7467125725065195e-07
2020-04-13,3947462.22,3605060.08,3947462.22,3605060.0816949653,0.0,4.701628096817497e-08
2020-04-14,3808658.46,3373247.72,3808658.46,3373247.7203134056,0.0,9.290910101929592e-09
2020-04-15,4628778.3,3891917.12,4628778.3,3891917.117468526,0.0,6.504439617999305e-08
2020-04-16,4375989.59,3596667.75,4375989.59,3596667.748574949,0.0,3.962142820543834e-08
2020-04-17,4558971.27,3709799.59,4558971.27,3709799.589283498,0.0,1.9313761553074166e-08
2020-04-18,3884483.75,3074401.15,3884483.75,3074401.1519621406,0.0,6.382188180561815e-08
2020-04-19,5420905.61,4354985.3,5420905.61,4354985.299699809,0.0,6.893029271719547e-09
2020-04-20,3709374.1,2922517.52,3709374.1,2922517.515112221,0.0,1.6724550699324547e-07
2020-04-21,3772726.0,2994859.61,3772726.0,2994859.6084131743,0.0,5.298497403874673e-08
2020-04-22,5657450.97,4439369.34,5657450.97,4439369.335689577,0.0,9.709538105166761e-08
2020-04-23,5173024.12,4119922.93,5173024.12,4119922.933800208,0.0,9.223977762635312e-08
2020-04-24,3753095.45,2970279.3,3753095.45,2970279.30103314,0.0,3.4782599279734076e-08
2020-04-25,3664845.35,2858437.84,3664845.35,2858437.8386275326,0.0,4.8014591802624355e-08
2020-04-26,4605371.55,3664887.11,4605371.55,3664887.1132505327,0.0,8.86939402498514e-08
2020-04-27,5455531.12,4305091.4,5455531.12,4305091.40171441,0.0,3.982283230960288e-08
2020-04-28,5014129.21,3953650.56,5014129.21,3953650.5554907774,0.0,1.1405213043768142e-07
2020-04-29,10020939.03,8067774.24,10020939.03,8067774.23817054,0.0,2.2676145970741223e-08
2020-04-30,7581421.63,6073119.3,7581421.63,6073119.298747742,0.0,2.0619687093469773e-08
2020-05-01,6232298.35,4980016.59,6232298.35,4980016.589652655,0.0,6.974778694582908e-09
2020-05-02,4883269.9,3978529.52,4883269.9,3978529.522788268,0.0,7.008287900525088e-08
2020-05-03,4614868.43,3622251.36,4614868.43,3622251.355652164,0.0,1.2003130747478979e-07
2020-05-04,1696650.37,1285985.68,1696650.3699999999,1285985.6798106572,1.3722959530776492e-14,1.4723551887672925e-08
2020-05-05,2127409.75,1664266.24,2127409.75,1664266.2387038963,0.0,7.787838676177196e-08
2020-05-06,2719040.36,2101438.95,2719040.36,2101438.950638615,0.0,3.038940885402087e-08
2020-05-07,3735794.57,3081283.21,3735794.57,3081283.213014876,0.0,9.784482100758812e-08
2020-05-08,3885246.63,3057670.15,3885246.63,3057670.1535520595,0.0,1.1616883014574224e-07
2020-05-09,2045722.89,1564919.31,2045722.8900000001,1564919.309401336,1.138133834215785e-14,3.8255273537426455e-08
2020-05-10,3584812.06,2817308.7,3584812.06,2817308.7013317943,0.0,4.727185471964283e-08
2020-05-11,2782658.98,2126531.87,2782658.98,2126531.8711822024,0.0,5.559297118671427e-08
2020-05-12,3333481.33,2554876.05,3333481.33,2554876.0506358244,0.0,2.4886711506008103e-08
2020-05-13,3150929.25,2367805.02,3150929.25,2367805.0194986137,0.0,2.1175153839681517e-08
2020-05-14,4015255.86,3222738.56,4015255.86,3222738.5611356325,0.0,3.523811735272512e-08
2020-05-15,5094966.3,4205637.32,5094966.3,4205637.317659018,0.0,5.566297067436589e-08
2020-05-16,3808061.0,3113947.78,3808061.0,3113947.775479087,0.0,1.451826740234512e-07
2020-05-17,3532524.59,2826498.79,3532524.59,2826498.7853963356,0.0,1.6287515873101715e-07
2020-05-18,3000875.02,2429735.03,3000875.02,2429735.0303057996,0.0,1.2585724928820423e-08
2020-05-19,3027466.21,2447172.14,3027466.21,2447172.144257331,0.0,1.7396939926558647e-07
2020-05-20,3689172.21,3019892.02,3689172.21,3019892.019876407,0.0,4.092630600397968e-09
2020-05-21,4498828.44,3647887.78,4498828.44,3647887.7822085684,0.0,6.054376545066912e-08
2020-05-22,5108046.04,3839020.41,5108046.04,3839020.4073543646,0.0,6.891433827324041e-08
2020-05-23,4015420.66,3313265.28,4015420.66,3313265.2808667943,0.0,2.6161336922873355e-08
2020-05-24,4700650.04,3764671.03,4700650.04,3764671.029716426,0.0,7.532497577399054e-09
2020-05-25,4378883.27,3340216.53,4378883.27,3340216.533200243,0.0,9.580945422073636e-08
2020-05-26,3938416.11,3225312.26,3938416.11,3225312.263142995,0.0,9.744778306158465e-08
2020-05-27,4400378.84,3586763.01,4400378.84,3586763.0107579352,0.0,2.1131461845079948e-08
2020-05-28,7125254.26,5586999.34,7125254.26,5586999.342671496,0.0,4.7816293662149895e-08
2020-05-29,8058075.78,6156826.89,8058075.78,6156826.890761207,0.0,1.2363628322449313e-08
2020-05-30,8571150.17,6917398.63,8571150.17,6917398.631141338,0.0,1.6499521552604498e-08
2020-05-31,7068160.11,5722407.19,7068160.11,5722407.194750682,0.0,8.301894435878135e-08
2020-06-01,7434640.87,6007912.51,7434640.87,6007912.509069128,0.0,1.549409737475296e-08
2020-06-02,3295138.19,2630884.15,3295138.19,2630884.1547236103,0.0,1.795445974483552e-07
2020-06-03,3497127.32,2854677.4,3497127.32,2854677.39701337,0.0,1.0462232822510357e-07
2020-06-04,2962471.81,2212520.77,2962471.81,2212520.767128449,0.0,1.2978640129391828e-07
2020-06-05,2452274.28,2042840.96,2452274.28,2042840.9568521276,0.0,1.5409287650449844e-07
2020-06-06,2258600.23,1840555.75,2258600.23,1840555.7452487051,0.0,2.581445767835666e-07
2020-06-07,2693731.83,2065838.19,2693731.83,2065838.1915813372,0.0,7.65470069523307e-08
2020-06-08,3084455.23,2459766.38,3084455.23,2459766.38380156,0.0,1.5454963773378652e-07
2020-06-09,3331413.85,2608681.96,3331413.85,2608681.955078332,0.0,1.8866492040579165e-07
2020-06-10,3810023.86,3037801.06,3810023.86,3037801.062483268,0.0,8.174557035492982e-08
2020-06-11,4027121.39,3106482.9,4027121.39,3106482.9010471036,0.0,3.370704747060093e-08
2020-06-12,2833219.35,2245340.12,2833219.35,2245340.123790964,0.0,1.6883695583699747e-07
2020-06-13,2840132.87,2324352.25,2840132.87,2324352.2475350355,0.0,1.0604952498857201e-07
2020-06-14,3797554.63,3078986.36,3797554.63,3078986.3638695716,0.0,1.2567680627997063e-07
2020-06-15,3921468.12,3112876.56,3921468.12,3112876.559775636,0.0,7.207609611350612e-09
2020-06-16,3620819.64,2950472.85,3620819.64,2950472.8523179144,0.0,7.856077284662522e-08
2020-06-17,4864660.1,3741174.91,4864660.1,3741174.9100870434,0.0,2.3266292692183124e-09
2020-06-18,4188150.34,3329563.04,4188150.34,3329563.044738449,0.0,1.423144437304731e-07
2020-06-19,2960897.79,2329260.25,2960897.79,2329260.247767154,0.0,9.58607297162526e-08
2020-06-20,2189006.74,1795056.75,2189006.7399999998,1795056.7537108734,2.1272720581378348e-14,2.0672735973427394e-07
2020-06-21,3477329.48,2740967.86,3477329.48,2740967.8584562973,0.0,5.631961542529693e-08
2020-06-22,3068801.79,2472668.81,3068801.79,2472668.8093147734,0.0,2.7712026580303462e-08
2020-06-23,3277142.11,2715748.0,3277142.11,2715747.9981347406,0.0,6.868308000955548e-08
2020-06-24,4983800.13,4272479.54,4983800.13,4272479.541739486,0.0,4.071373787412523e-08
2020-06-25,4480875.32,3949301.47,4480875.32,3949301.472116621,0.0,5.3594819801897364e-08
2020-06-26,3538964.96,3128909.95,3538964.96,3128909.95077132,0.0,2.465139526667034e-08
2020-06-27,2952009.99,2893474.01,2952009.9899999998,2893474.0060919006,1.5774380469076232e-14,1.3506598391640295e-07
2020-06-28,4033143.22,4037949.63,4033143.22,4037949.6334271026,0.0,8.487234884479085e-08
2020-06-29,5223388.62,5021085.51,5223388.62,5021085.510533289,0.0,1.062099569906433e-08
2020-06-30,5506677.04,5509880.9,5506677.04,5509880.900017505,0.0,3.1768758903478143e-10
2020-07-01,4785799.65,4637675.06,4785799.65,4637675.061808988,0.0,3.900637363195591e-08
2020-07-02,4866951.38,4707883.99,4866951.38,4707883.993603879,0.0,7.654985634049507e-08
2020-07-03,3696972.88,3771036.88,3696972.88,3771036.875018636,0.0,1.3209533124115052e-07
2020-07-04,706367.78,665027.87,706367.78,665027.8743211946,0.0,6.497764677302726e-07
2020-07-05,1406074.5,1343687.36,1406074.5,1343687.3565552328,0.0,2.5636672836260935e-07
2020-07-06,2077312.99,1986626.45,2077312.99,1986626.44757436,0.0,1.2209843929815463e-07
2020-07-07,2024009.16,2068227.77,2024009.16,2068227.7726342794,0.0,1.2736892271360264e-07
2020-07-08,1848400.71,1796794.0,1848400.71,1796793.99565732,0.0,2.4169048307646436e-07
2020-07-09,2881762.16,2884926.26,2881762.16,2884926.2581170257,0.0,6.526939993224173e-08
2020-07-10,2456330.77,2270775.74,2456330.77,2270775.744340512,0.0,1.9114664958964984e-07
2020-07-11,2777782.43,2617463.18,2777782.43,2617463.178596418,0.0,5.362376415030864e-08
2020-07-12,2353469.99,2352864.85,2353469.99,2352864.8507828945,0.0,3.327409291145637e-08
2020-07-13,2674159.75,2528820.54,2674159.75,2528820.542282565,0.0,9.026203947029568e-08
2020-07-14,2241406.69,2199143.63,2241406.69,2199143.6291993605,0.0,3.6406871294051615e-08
2020-07-15,2628917.79,2573366.47,2628917.79,2573366.473882923,0.0,1.508888354254619e-07
2020-07-16,3496916.1,3417273.9,3496916.1,3417273.8986275396,0.0,4.016243110885677e-08
2020-07-17,2963494.21,2910103.21,2963494.21,2910103.21047786,0.0,1.6420730866495285e-08
2020-07-18,2167217.41,2102740.45,2167217.41,2102740.4512050715,0.0,5.7309561969303745e-08
2020-07-19,2598183.41,2439859.2,2598183.41,2439859.20048593,0.0,1.991629928887273e-08
2020-07-20,2378509.49,2153084.64,2378509.49,2153084.6397007992,0.0,1.3896382692719148e-08
2020-07-21,3060145.15,2555988.41,3060145.15,2555988.407920677,0.0,8.13510314059169e-08
2020-07-22,3102912.51,2421357.03,3102912.5100000002,2421357.0348626394,1.5007232263462667e-14,2.00822907449239e-07
2020-07-23,3882974.91,3066175.92,3882974.91,3066175.9208387136,0.0,2.7353737760776118e-08
2020-07-24,3897982.79,3118044.81,3897982.79,3118044.8062509648,0.0,1.2023673575186079e-07
2020-07-25,2726776.18,2185291.86,2726776.18,2185291.860335019,0.0,1.533063331096554e-08
2020-07-26,2852671.37,2228931.73,2852671.37,2228931.7314629927,0.0,6.563649871783877e-08
2020-07-27,2831486.13,2289596.5,2831486.13,2289596.497372418,0.0,1.147617854769266e-07
2020-07-28,2395619.59,1857411.18,2395619.59,1857411.177915014,0.0,1.1225224998729928e-07
2020-07-29,3158908.2,2317187.54,3158908.2,2317187.539014399,0.0,4.253436411912707e-08
2020-07-30,4151632.35,3350026.58,4151632.35,3350026.5767672746,0.0,9.649850092472908e-08
2020-07-31,5610491.95,4496247.74,5610491.95,4496247.739989828,0.0,2.2623097631960677e-10
2020-08-01,6132541.37,4909626.33,6132541.37,4909626.329200407,0.0,1.6286239765504545e-08
2020-08-02,5345584.67,4186394.94,5345584.67,4186394.93855772,0.0,3.4451602225649156e-08
2020-08-03,4397713.48,3443554.44,4397713.48,3443554.442518822,0.0,7.314598962325755e-08
2020-08-04,3298352.62,2591360.98,3298352.62,2591360.9804661586,0.0,1.79889493266424e-08
2020-08-05,2223462.81,1734678.05,2223462.81,1734678.0457546052,0.0,2.4473675912579424e-07
2020-08-06,2991469.99,2308279.85,2991469.99,2308279.845725494,0.0,1.8518145110844575e-07
2020-08-07,3277756.91,2547914.06,3277756.91,2547914.0595792527,0.0,1.6513403314095027e-08
2020-08-08,2449651.51,2088845.7,2449651.51,2088845.696885135,0.0,1.4911895735754325e-07
2020-08-09,2935305.67,2352528.07,2935305.67,2352528.0736729926,0.0,1.5612960616478243e-07
2020-08-10,2914723.92,2318822.04,2914723.92,2318822.040869476,0.0,3.749644240666701e-08
2020-08-11,2533038.45,2110648.66,2533038.45,2110648.6557588098,0.0,2.0094250954459768e-07
2020-08-12,4245177.97,3574622.62,4245177.97,3574622.6164269587,0.0,9.995576565937118e-08
2020-08-13,3438121.83,2662240.38,3438121.83,2662240.3783158804,0.0,6.325948144628581e-08
2020-08-14,3685522.51,2879232.79,3685522.5100000002,2879232.789182888,1.2634878393613157e-14,2.837951004940958e-08
2020-08-15,2556409.43,2072000.19,2556409.43,2072000.1918115062,0.0,8.742789867499101e-08
2020-08-16,2596444.46,2077063.06,2596444.46,2077063.0563720528,0.0,1.7466717157879095e-07
2020-08-17,3646382.12,2892437.08,3646382.12,2892437.0842373567,0.0,1.4649779678854825e-07
2020-08-18,3240488.83,2493505.46,3240488.83,2493505.4571663584,0.0,1.1364088209631463e-07
2020-08-19,3279887.27,2543910.75,3279887.27,2543910.749196689,0.0,3.1577793747312834e-08
2020-08-20,3569013.59,2909846.44,3569013.59,2909846.4367693556,0.0,1.1102456629934711e-07
2020-08-21,3939388.46,3133654.06,3939388.46,3133654.0592074613,0.0,2.5291201007408877e-08
2020-08-22,2465099.71,2000862.66,2465099.71,2000862.6577213851,0.0,1.1388161890369392e-07
2020-08-23,2832425.22,2280579.88,2832425.22,2280579.8758658203,0.0,1.812775599250203e-07
2020-08-24,3217603.07,2631929.43,3217603.07,2631929.4269748307,0.0,1.1494113215327747e-07
2020-08-25,2428315.18,1917538.84,2428315.18,1917538.8407677463,0.0,4.003810643873238e-08
2020-08-26,3194953.82,2616197.98,3194953.82,2616197.9764301367,0.0,1.3645233649206466e-07
2020-08-27,4445347.68,3675387.97,4445347.68,3675387.9670830085,0.0,7.936554547363449e-08
2020-08-28,7296538.72,5928088.7,7296538.72,5928088.70358607,0.0,6.049284790138802e-08
2020-08-29,7517051.79,6089417.86,7517051.79,6089417.864319527,0.0,7.09349621661662e-08
2020-08-30,8480394.59,6775599.46,8480394.59,6775599.457459387,0.0,3.7496499140655966e-08
2020-08-31,7490849.71,6294569.34,7490849.71,6294569.337501399,0.0,3.969454456676596e-08
2020-09-01,6047477.92,5072223.86,6047477.92,5072223.861781903,0.0,3.513059212610381e-08
2020-09-02,1434923.77,1282633.72,1434923.77,1282633.7195420968,0.0,3.5700226049768024e-08
2020-09-03,1557705.54,1435356.63,1557705.54,1435356.628581585,0.0,9.88196913368479e-08
2020-09-04,1425115.38,1249060.77,1425115.38,1249060.7651877927,0.0,3.8526606722296584e-07
2020-09-05,1581867.47,1449235.72,1581867.47,1449235.7199031399,0.0,6.683530329841026e-09
2020-09-06,2654105.11,2377874.42,2654105.11,2377874.4151804685,0.0,2.0268233758792506e-07
2020-09-07,2479133.84,2159138.36,2479133.84,2159138.361439654,0.0,6.667725862294324e-08
2020-09-08,2542645.13,2183405.0,2542645.13,2183405.001480096,0.0,6.778843227914555e-08
2020-09-09,1979410.07,1799215.01,1979410.07,1799215.0124362211,0.0,1.3540466803719187e-07
2020-09-10,3146008.14,2761931.92,3146008.14,2761931.9207163616,0.0,2.593697830401422e-08
2020-09-11,1990335.39,1821328.74,1990335.39,1821328.7355367537,0.0,2.4505440599542304e-07
2020-09-12,2806228.3,2605429.08,2806228.3,2605429.076533705,0.0,1.330412370463293e-07
2020-09-13,2240095.92,1957201.32,2240095.92,1957201.3201818953,0.0,9.293638482948048e-09
2020-09-14,2832905.03,2603630.98,2832905.03,2603630.9815149307,0.0,5.818530949129003e-08
2020-09-15,2914536.51,2476205.19,2914536.51,2476205.189563924,0.0,1.7610655402912282e-08
2020-09-16,1994638.41,1821831.75,1994638.41,1821831.753717303,0.0,2.0404206059266276e-07
2020-09-17,1827659.24,1626961.14,1827659.24,1626961.140055554,0.0,3.4145923158155e-09
2020-09-18,2600220.08,2233677.06,2600220.08,2233677.059309584,0.0,3.090939060169382e-08
2020-09-19,1806587.98,1582702.76,1806587.98,1582702.7575271474,0.0,1.5624238815142618e-07
2020-09-20,2334885.81,2132834.58,2334885.81,2132834.58225029,0.0,1.0550701077457422e-07
2020-09-21,3082015.84,2723671.97,3082015.84,2723671.96602265,0.0,1.460289810514574e-07
2020-09-22,2827707.7,2426080.5,2827707.7,2426080.4952099016,0.0,1.9744185761249282e-07
2020-09-23,2254030.17,2095482.45,2254030.17,2095482.4464442662,0.0,1.6968568314792712e-07
2020-09-24,2021614.99,1879290.21,2021614.99,1879290.2144653257,0.0,2.3760703438716874e-07
2020-09-25,2587034.31,2341681.4,2587034.31,2341681.4007152985,0.0,3.0546366305131e-08
2020-09-26,2219447.23,2025784.18,2219447.23,2025784.175625842,0.0,2.1592417955343868e-07
2020-09-27,3907778.93,3495826.9,3907778.93,3495826.8988850205,0.0,3.18945822611998e-08
2020-09-28,4681424.38,4163962.01,4681424.38,4163962.012839807,0.0,6.819964769488878e-08
2020-09-29,3862957.51,3418321.41,3862957.51,3418321.40872628,0.0,3.726156515937008e-08
2020-09-30,3185317.6,2835582.57,3185317.6,2835582.569937113,0.0,2.217767389095482e-09
2020-10-01,2053948.94,1801442.13,2053948.94,1801442.133956045,0.0,2.1960433578274125e-07
2020-10-02,844947.12,672777.16,844947.12,672777.1624356309,0.0,3.6202639309042025e-07
2020-10-03,1819620.17,1400911.62,1819620.1700000002,1400911.6204807863,1.2795562914312477e-14,3.431952393614511e-08
2020-10-04,1305849.84,1031248.84,1305849.84,1031248.8441851292,0.0,4.058311658186981e-07
2020-10-05,1476045.28,1106750.78,1476045.28,1106750.776337634,0.0,3.3091153135390666e-07
2020-10-06,2225510.95,1785750.97,2225510.95,1785750.9710630684,0.0,5.9530607302044964e-08
2020-10-07,2084609.48,1633404.7,2084609.48,1633404.698440603,0.0,9.546911263814578e-08
2020-10-08,1798621.9,1415449.28,1798621.9,1415449.2830553066,0.0,2.1585419275288847e-07
2020-10-09,1682037.65,1404182.57,1682037.65,1404182.5677993994,0.0,1.5671756210018315e-07
2020-10-10,2023437.43,1582185.76,2023437.43,1582185.7637584037,0.0,2.3754503424635873e-07
2020-10-11,1446988.51,1177371.98,1446988.51,1177371.9805475178,0.0,4.650338200912288e-08
2020-10-12,1856496.7,1470316.91,1856496.7,1470316.9088116807,0.0,8.082061549815616e-08
2020-10-13,3071390.97,2435896.58,3071390.97,2435896.5797147444,0.0,1.1710502204553753e-08
2020-10-14,2627129.58,2030216.9,2627129.58,2030216.9024665044,0.0,1.2148970201476073e-07
2020-10-15,1826480.99,1499468.55,1826480.99,1499468.5470371277,0.0,1.9759483358145116e-07
2020-10-16,2213689.11,1814772.4,2213689.11,1814772.3989959832,0.0,5.5324663596737864e-08
2020-10-17,2024181.52,1623856.95,2024181.52,1623856.9460003225,0.0,2.4630725549548567e-07
2020-10-18,2416150.55,2000897.4,2416150.55,2000897.4008608293,0.0,4.302216455271375e-08
2020-10-19,1798941.77,1455468.16,1798941.77,1455468.1567492068,0.0,2.233503402937726e-07
2020-10-20,2361849.87,1800189.76,2361849.87,1800189.7612146942,0.0,6.747589941565832e-08
2020-10-21,2168284.88,1762213.02,2168284.88,1762213.019278901,0.0,4.0920086265647306e-08
2020-10-22,2384359.77,1939167.59,2384359.77,1939167.5888421983,0.0,5.970612530405968e-08
2020-10-23,1313373.58,984874.54,1313373.58,984874.5353415089,0.0,4.730035074193052e-07
2020-10-24,2435210.66,1935814.16,2435210.66,1935814.1581492636,0.0,9.560506197915967e-08
2020-10-25,2045855.5,1595051.09,2045855.5,1595051.0949223249,0.0,3.0859981993119957e-07
2020-10-26,2383306.02,1881515.76,2383306.02,1881515.7620322816,0.0,1.0801299894911453e-07
2020-10-27,3242319.66,2668015.76,3242319.66,2668015.756323293,0.0,1.378067918547274e-07
2020-10-28,4138715.4,3246854.44,4138715.4,3246854.4409271777,0.0,2.8556183858280767e-08
2020-10-29,3361148.04,2777298.73,3361148.04,2777298.731566512,0.0,5.6404160906348955e-08
2020-10-30,2606337.42,2045887.36,2606337.42,2045887.3560738354,0.0,1.919052231420818e-07
2020-10-31,3099623.67,2419274.6,3099623.67,2419274.6011624574,0.0,4.8049827822809914e-08
2020-11-01,2000351.9,1651707.88,2000351.9,1651707.8815689,0.0,9.498654135083159e-08
2020-11-02,1609265.54,1276568.22,1609265.54,1276568.222314729,0.0,1.8132434140919009e-07
2020-11-03,1148970.3,951051.1,1148970.3,951051.0983953757,0.0,1.6872114709814557e-07
2020-11-04,1475675.48,1140886.92,1475675.48,1140886.9236133054,0.0,3.167102232141524e-07
2020-11-05,1340308.97,1063954.02,1340308.97,1063954.0183028816,0.0,1.5951050159825743e-07
2020-11-06,717152.89,537123.9,717152.89,537123.9046297186,0.0,8.619461180984376e-07
2020-11-07,1261006.58,1012158.51,1261006.58,1012158.5072088785,0.0,2.7575932604104554e-07
2020-11-08,1462906.75,1152752.12,1462906.75,1152752.118865934,0.0,9.837901178654644e-08
2020-11-09,1841341.67,1500031.86,1841341.67,1500031.8632743428,0.0,2.1828487987447685e-07
2020-11-10,1423817.05,1131446.53,1423817.05,1131446.5273312363,0.0,2.3587183953920459e-07
2020-11-11,1850484.56,1510899.02,1850484.56,1510899.0164208887,0.0,2.3688620197358593e-07
2020-11-12,1742209.81,1490266.12,1742209.81,1490266.117168744,0.0,1.89983250581372e-07
2020-11-13,1874908.56,1475799.13,1874908.56,1475799.126841212,0.0,2.1403915341188007e-07
2020-11-14,1505407.33,1170919.18,1505407.33,1170919.1796807402,0.0,2.726573382157961e-08
2020-11-15,1822943.34,1452200.16,1822943.34,1452200.1600988612,0.0,6.807690220836705e-09
2020-11-16,1677772.33,1289405.39,1677772.33,1289405.392710061,0.0,2.1017913906882526e-07
2020-11-17,1698265.63,1375791.27,1698265.63,1375791.2650894893,0.0,3.569226552703009e-07
2020-11-18,1708292.62,1460231.18,1708292.6199999999,1460231.1839711848,1.3629435667401618e-14,2.7195589925018305e-07
2020-11-19,1389140.38,1147069.41,1389140.38,1147069.4101454539,0.0,1.2680484584053676e-08
2020-11-20,1761075.99,1653768.63,1761075.99,1653768.632112602,0.0,1.2774472064693078e-07
2020-11-21,1277317.49,1191035.2,1277317.49,1191035.2006567777,0.0,5.5143438247159946e-08
2020-11-22,1402812.95,1422457.39,1402812.95,1422457.3904304064,0.0,3.025795640226226e-08
2020-11-23,1254495.47,1331674.56,1254495.47,1331674.564858458,0.0,3.648382341262506e-07
2020-11-24,1234768.03,1251831.61,1234768.03,1251831.6079886027,0.0,1.6067635389334856e-07
2020-11-25,1016787.85,1011073.66,1016787.85,1011073.6600780342,0.0,7.717946241737622e-09
2020-11-26,1003033.14,1066907.31,1003033.14,1066907.3051346568,0.0,4.5602304635129454e-07
2020-11-27,2064673.72,2076697.24,2064673.72,2076697.23891151,0.0,5.241447767179132e-08
2020-11-28,2102733.52,2118368.35,2102733.52,2118368.3525060304,0.0,1.1830002359085854e-07
2020-11-29,1696662.48,1642786.66,1696662.48,1642786.6563361455,0.0,2.2302679525497158e-07
2020-11-30,1376299.12,1423882.94,1376299.1199999999,1423882.9389616305,1.6917154146975667e-14,7.292520056695901e-08
2020-12-01,1160032.88,1083886.83,1160032.88,1083886.8320948447,0.0,1.9327152346798798e-07
2020-12-02,370653.23,366277.85,370653.23000000004,366277.84622518293,1.5704074914838165e-14,1.030588402615591e-06
2020-12-03,528608.48,509665.44,528608.48,509665.43699474906,0.0,5.896517015491645e-07
2020-12-04,645703.05,632473.93,645703.05,632473.9332529457,0.0,5.143208997607364e-07
2020-12-05,653591.96,700683.81,653591.96,700683.8124899986,0.0,3.553669361087666e-07
2020-12-06,755648.75,731905.7,755648.75,731905.7047823094,0.0,6.534051321689365e-07
2020-12-07,832522.38,856716.78,832522.38,856716.7844747166,0.0,5.223099062300622e-07
2020-12-08,1297656.34,1226584.15,1297656.34,1226584.1477235013,0.0,1.8559660921163402e-07
2020-12-09,1154833.63,1135523.17,1154833.6300000001,1135523.170776531,2.0161401400638952e-14,6.838532187581327e-08
2020-12-10,696601.42,694712.49,696601.42,694712.4859771868,0.0,5.790615869430612e-07
2020-12-11,708701.4,714731.83,708701.4,714731.8272912729,0.0,3.7898508426872384e-07
2020-12-12,1122552.93,1114505.97,1122552.93,1114505.9707743581,0.0,6.947994781775074e-08
2020-12-13,937152.62,894184.44,937152.62,894184.440915363,0.0,1.0236848694559057e-07
2020-12-14,1601200.69,1536265.51,1601200.69,1536265.5082149918,0.0,1.1619138912816324e-07
2020-12-15,1355809.66,1345601.61,1355809.66,1345601.6069700671,0.0,2.2517310799411253e-07
2020-12-16,1368150.26,1378715.06,1368150.26,1378715.0573961947,0.0,1.8885739821525778e-07
2020-12-17,1104685.57,1105268.19,1104685.57,1105268.1883367372,0.0,1.5048498980267936e-07
2020-12-18,1251306.12,1173503.24,1251306.12,1173503.2431830154,0.0,2.712404432192226e-07
2020-12-19,1648432.09,1604918.15,1648432.0899999999,1604918.1494543583,1.4124369761199543e-14,3.399809767253308e-08
2020-12-20,1777867.4,1748875.07,1777867.4000000001,1748875.0698279734,1.3096063500228962e-14,9.836419489530371e-09
2020-12-21,2040125.86,2025685.77,2040125.86,2025685.774761873,0.0,2.3507461603663371e-07
2020-12-22,2050706.5,1957791.36,2050706.5,1957791.3584736357,0.0,7.796358638246407e-08
2020-12-23,1964805.24,2036033.68,1964805.24,2036033.6807431155,0.0,3.6498195532422557e-08
2020-12-24,1223063.47,1196024.1,1223063.47,1196024.1001193204,0.0,9.976416843757926e-09
2020-12-25,1200258.49,1181002.97,1200258.49,1181002.9653406132,0.0,3.945279508794026e-07
2020-12-26,1099988.0,1121806.33,1099988.0,1121806.3306376298,0.0,5.6839558739149176e-08
2020-12-27,1517374.4,1548752.98,1517374.4,1548752.9792551878,0.0,4.809109006735757e-08
2020-12-28,3627797.75,3660309.96,3627797.75,3660309.961796089,0.0,4.9069317418097474e-08
2020-12-29,2940732.69,2915164.04,2940732.69,2915164.0431629284,0.0,1.0849915640589432e-07
2020-12-30,2881135.64,2881761.18,2881135.64,2881761.1800125423,0.0,4.3522416775517284e-10
2020-12-31,2153864.87,2157011.11,2153864.87,2157011.1144626183,0.0,2.0688898448858654e-07
2021-01-01,1553431.51,1547553.58,1553431.51,1547553.5778610609,0.0,1.38214227158343e-07
2021-01-02,378420.41,311258.46,378420.41,311258.4630949779,0.0,9.943433742630363e-07
2021-01-03,677894.56,516308.19,677894.56,516308.1906624822,0.0,1.2831138103602785e-07
2021-01-04,819877.04,631242.67,819877.0399999999,631242.6702681826,1.4199119642005686e-14,4.248486574083731e-08
2021-01-05,1174326.91,961163.6,1174326.91,961163.5963838277,0.0,3.76228587750624e-07
2021-01-06,1114251.05,906466.26,1114251.05,906466.2626375082,0.0,2.9096595485676843e-07
2021-01-07,837846.02,690390.14,837846.02,690390.1360925908,0.0,5.659711860564452e-07
2021-01-08,1023293.14,849565.94,1023293.14,849565.9384560285,0.0,1.8173650853710205e-07
2021-01-09,853729.27,699954.28,853729.27,699954.2842653359,0.0,6.093734942434961e-07
2021-01-10,1180728.66,984866.85,1180728.6600000001,984866.8540238618,1.9719233685228718e-14,4.085691216538227e-07
2021-01-11,1515387.6,1201417.37,1515387.5999999999,1201417.3693676926,1.536442845737088e-14,5.2630127380009486e-08
2021-01-12,1062807.64,869052.09,1062807.6400000001,869052.0872263933,2.1907129276363658e-14,3.191530997939266e-07
2021-01-13,1070756.5,856031.34,1070756.5,856031.3353396193,0.0,5.444170601240279e-07
2021-01-14,764427.24,629061.31,764427.24,629061.3101038379,0.0,1.650678698659003e-08
2021-01-15,977003.78,779003.57,977003.78,779003.573006728,0.0,3.8597101894813866e-07
2021-01-16,1185774.61,916210.38,1185774.6099999999,916210.3785276111,1.9635320379635182e-14,1.6070423256263997e-07
2021-01-17,1224098.2,966990.57,1224098.2,966990.5741602413,0.0,4.302256370801041e-07
2021-01-18,2502006.18,1916159.06,2502006.18,1916159.0569645371,0.0,1.5841393287430116e-07
2021-01-19,2011018.39,1652010.17,2011018.39,1652010.1674752783,0.0,1.5282724736695597e-07
2021-01-20,1595354.2,1216527.62,1595354.2,1216527.6222257083,0.0,1.8295583099286775e-07
2021-01-21,1698207.91,1250048.47,1698207.91,1250048.4737286428,0.0,2.9827986005213754e-07
2021-01-22,1620041.5,1267935.48,1620041.5,1267935.4788988398,0.0,8.684670525481807e-08
2021-01-23,1744298.27,1412867.08,1744298.27,1412867.0782986023,0.0,1.2042164796614712e-07
2021-01-24,1862707.42,1491339.57,1862707.42,1491339.5696140672,0.0,2.587826843290298e-08
2021-01-25,2346216.5,1913189.53,2346216.5,1913189.5299177682,0.0,4.298153629222748e-09
2021-01-26,2993616.58,2282478.29,2993616.58,2282478.2860081084,0.0,1.7489286305518005e-07
2021-01-27,2258351.94,1690062.59,2258351.94,1690062.5896508296,0.0,2.0660212847635458e-08
2021-01-28,2405871.45,1845885.39,2405871.45,1845885.391871899,0.0,1.014092756410505e-07
2021-01-29,2246568.53,1778946.6,2246568.53,1778946.6032706543,0.0,1.8385342430307445e-07
2021-01-30,2167603.39,1754979.72,2167603.39,1754979.7224934737,0.0,1.420799153838101e-07
2021-01-31,1607178.02,1317474.79,1607178.02,1317474.7888939425,0.0,8.3952843522378e-08
2021-02-01,1551374.11,1281321.59,1551374.1099999999,1281321.5875094791,1.5008026893904373e-14,1.9437126185910977e-07
2021-02-02,958876.9,764858.08,958876.9,764858.0776256948,0.0,3.1042427596383444e-07
2021-02-03,1095535.11,933310.92,1095535.11,933310.9249324355,0.0,5.284879193582461e-07
2021-02-04,1345207.17,1009834.12,1345207.17,1009834.1189381356,0.0,1.051523620616844e-07
2021-02-05,1749418.05,1399602.15,1749418.05,1399602.1505955805,0.0,4.2553560927007353e-08
2021-02-06,1240787.91,940727.48,1240787.91,940727.4811360092,0.0,1.2075858910181698e-07
2021-02-07,1814367.53,1394396.68,1814367.53,1394396.6777247433,0.0,1.6317140635146186e-07
2021-02-08,1325809.68,1131072.08,1325809.68,1131072.0840492172,0.0,3.5799814770413023e-07
2021-02-09,1448124.96,1194857.77,1448124.96,1194857.7702508136,0.0,2.0991080071992157e-08
2021-02-10,1851743.73,1575581.32,1851743.73,1575581.3173074936,0.0,1.7088971426555487e-07
2021-02-11,1689417.95,1396084.38,1689417.95,1396084.3778999331,0.0,1.5042548843046248e-07
2021-02-12,1983824.96,1679342.84,1983824.96,1679342.844557397,0.0,2.713797847095839e-07
2021-02-13,1986462.63,1556559.62,1986462.63,1556559.6215077688,0.0,9.686546027030246e-08
2021-02-14,2942830.48,2472928.79,2942830.48,2472928.785985631,0.0,1.623325797558554e-07
2021-02-15,3142099.08,2531323.24,3142099.08,2531323.2448209412,0.0,1.9045141844776784e-07
2021-02-16,1874868.49,1645455.89,1874868.49,1645455.8879550316,0.0,1.242797403106491e-07
2021-02-17,2468895.03,1948858.13,2468895.03,1948858.134839002,0.0,2.4829935439002496e-07
2021-02-18,1729200.62,1374282.0,1729200.62,1374282.0017249365,0.0,1.2551547162222173e-07
2021-02-19,2485137.46,1894234.27,2485137.46,1894234.2671492994,0.0,1.5049356252344643e-07
2021-02-20,2510521.11,1978226.96,2510521.11,1978226.957689984,0.0,1.1677203912260802e-07
2021-02-21,2673937.37,2158355.9,2673937.37,2158355.8991173333,0.0,4.089532027721969e-08
2021-02-22,3295922.4,2680528.93,3295922.4,2680528.934938782,0.0,1.842465370110883e-07
2021-02-23,4952064.84,3886168.63,4952064.84,3886168.6321704015,0.0,5.5849393888376284e-08
2021-02-24,2880648.13,2377495.5,2880648.13,2377495.5014104955,0.0,5.932694677385253e-08
2021-02-25,5675843.97,4598510.35,5675843.97,4598510.348355688,0.0,3.575748117591063e-08
2021-02-26,3813868.44,3118356.14,3813868.44,3118356.1408157493,0.0,2.6159589596972594e-08
2021-02-27,3241854.71,2733660.27,3241854.71,2733660.2733024363,0.0,1.2080639127750138e-07
2021-02-28,2348995.75,1901704.24,2348995.75,1901704.2400552465,0.0,2.905105832202251e-09
2021-03-01,1942260.67,1595206.21,1942260.67,1595206.207635088,0.0,1.482511825436009e-07
2021-03-02,679248.37,536287.19,679248.37,536287.193098392,0.0,5.777486581758634e-07
2021-03-03,1202803.22,982110.07,1202803.22,982110.0743001107,0.0,4.378440738915462e-07
2021-03-04,2188811.67,1718125.54,2188811.67,1718125.5393941773,0.0,3.5260681454644373e-08
2021-03-05,1350969.16,1101818.84,1350969.16,1101818.844531368,0.0,4.112625188684531e-07
2021-03-06,1702498.76,1385168.73,1702498.76,1385168.7295608784,0.0,3.170167007232149e-08
2021-03-07,2475099.15,2022240.35,2475099.15,2022240.3481631451,0.0,9.083267300519965e-08
2021-03-08,2765984.78,2054703.58,2765984.78,2054703.5776545235,0.0,1.141515766646472e-07
2021-03-09,2910840.37,2318282.64,2910840.37,2318282.639488842,0.0,2.2049005108490765e-08
2021-03-10,2793536.43,2183321.72,2793536.43,2183321.7213350874,0.0,6.114935879865191e-08
2021-03-11,4291688.17,3434300.04,4291688.17,3434300.0445560813,0.0,1.3266404229959256e-07
2021-03-12,4134860.06,3361961.81,4134860.06,3361961.811710332,0.0,5.0873034716758684e-08
2021-03-13,2417371.88,1968099.73,2417371.88,1968099.7284974724,0.0,7.634407949977324e-08
2021-03-14,2889680.59,2334076.0,2889680.59,2334076.0014086952,0.0,6.035344364532292e-08
2021-03-15,3654509.31,2866925.36,3654509.31,2866925.364916852,0.0,1.715026281710451e-07
2021-03-16,4008350.11,3320217.27,4008350.11,3320217.2686624886,0.0,4.028385362122469e-08
2021-03-17,4400411.89,3480694.63,4400411.89,3480694.627046888,0.0,8.484259533377799e-08
2021-03-18,5516765.31,4537155.51,5516765.31,4537155.511098575,0.0,2.4212859093744704e-08
2021-03-19,3614457.51,2975958.79,3614457.51,2975958.7922909576,0.0,7.69821684032423e-08
2021-03-20,3232018.55,2766387.35,3232018.5500000003,2766387.3489369624,1.4407754166749424e-14,3.842692758475043e-08
2021-03-21,2822145.24,2475231.8,2822145.2399999998,2475231.796186348,1.6500259473099947e-14,1.5407251377567928e-07
2021-03-22,3923103.49,3698730.81,3923103.4899999998,3698730.810777428,1.1869717138350059e-14,2.1018778558212864e-08
2021-03-23,4222620.69,3768846.71,4222620.69,3768846.7071282947,0.0,7.619586149603813e-08
2021-03-24,4003647.57,3639438.17,4003647.57,3639438.1742509487,0.0,1.168023355376922e-07
2021-03-25,4847687.37,4322456.49,4847687.37,4322456.48779258,0.0,5.106864210519867e-08
2021-03-26,4034615.27,3623284.41,4034615.27,3623284.4055535723,0.0,1.2271815569362346e-07
2021-03-27,3612774.77,3405524.2,3612774.77,3405524.197016115,0.0,8.761897365370242e-08
2021-03-28,3528929.89,3193051.24,3528929.89,3193051.243419647,0.0,1.0709652731033082e-07
2021-03-29,4090090.6,3735223.94,4090090.6,3735223.9413399254,0.0,3.58726939693695e-08
2021-03-30,10795905.35,9875208.04,10795905.35,9875208.04356919,0.0,3.6142948151304104e-08
2021-03-31,9220320.43,8547874.84,9220320.43,8547874.841949373,0.0,2.2805360035775264e-08
2021-04-01,9027075.84,8225391.38,9027075.84,8225391.3795573255,0.0,5.381803285342029e-09
2021-04-02,7866035.23,7228630.89,7866035.23,7228630.891791758,0.0,2.478696851523255e-08
2021-04-03,7594752.42,7064149.71,7594752.42,7064149.707808037,0.0,3.1029391565090985e-08
2021-04-04,1720555.46,1597615.49,1720555.46,1597615.4860341507,0.0,2.4823553067018564e-07
2021-04-05,2665962.66,2489752.36,2665962.66,2489752.360316975,0.0,1.2731192776501308e-08
2021-04-06,2627509.32,2395678.58,2627509.32,2395678.5834219335,0.0,1.4283775038803987e-07
2021-04-07,3504391.02,3200078.0,3504391.02,3200078.0033026133,0.0,1.0320414918833158e-07
2021-04-08,3026850.22,2768519.33,3026850.22,2768519.3314090986,0.0,5.089718864176455e-08
2021-04-09,3110153.27,2714930.73,3110153.27,2714930.7274953304,0.0,9.225537756205543e-08
2021-04-10,2505766.01,2142941.81,2505766.0100000002,2142941.808162597,1.8583590225479165e-14,8.574208778118275e-08
2021-04-11,2755337.37,2528446.54,2755337.37,2528446.5370810446,0.0,1.1544461621527575e-07
2021-04-12,3206411.87,3006280.88,3206411.87,3006280.8796968334,0.0,1.0084435383671373e-08
2021-04-13,3231903.43,2897501.76,3231903.43,2897501.7620956358,0.0,7.232561544216838e-08
2021-04-14,5218947.03,4826353.96,5218947.03,4826353.960625383,0.0,1.2957671858246671e-08
2021-04-15,4270735.63,3783812.65,4270735.63,3783812.6535519823,0.0,9.387310291900603e-08
2021-04-16,3735241.12,3308841.35,3735241.12,3308841.3471141327,0.0,8.721685540711946e-08
2021-04-17,3800876.52,3259298.49,3800876.52,3259298.4932149514,0.0,9.863935901567068e-08
2021-04-18,4448113.81,3495208.68,4448113.81,3495208.6821324807,0.0,6.101153589499871e-08
2021-04-19,3468512.12,2925337.15,3468512.12,2925337.1465620557,0.0,1.175230083220199e-07
2021-04-20,4030055.78,3186833.6,4030055.78,3186833.6001270423,0.0,3.986470396966592e-09
2021-04-21,5244905.44,4141247.89,5244905.4399999995,4141247.89118728,1.775670858644648e-14,2.8669614859549005e-08
2021-04-22,4635126.49,3691630.05,4635126.49,3691630.0536181726,0.0,9.801016858551829e-08
2021-04-23,2503702.41,1966755.8,2503702.41,1966755.7980674936,0.0,9.825858652714221e-08
2021-04-24,3966260.92,3199689.13,3966260.92,3199689.127921264,0.0,6.496680304900123e-08
2021-04-25,4545990.29,3630097.75,4545990.29,3630097.746105486,0.0,1.0728399637657094e-07
2021-04-26,4718077.11,3814996.18,4718077.11,3814996.1797834667,0.0,5.675849193659569e-09
2021-04-27,5303542.87,4355535.28,5303542.87,4355535.284705008,0.0,1.0802364845830639e-07
2021-04-28,5606431.49,4335482.99,5606431.49,4335482.993151911,0.0,7.27003285862044e-08
2021-04-29,9535515.05,7714922.63,9535515.05,7714922.634744545,0.0,6.149829083386234e-08
2021-04-30,6962149.33,5622679.65,6962149.33,5622679.653822527,0.0,6.798407756539699e-08
2021-05-01,6555221.49,5276005.92,6555221.49,5276005.923738324,0.0,7.085519263203665e-08
2021-05-02,5301495.07,4383106.98,5301495.07,4383106.983410929,0.0,7.781988662887898e-08
2021-05-03,3778243.02,3051862.47,3778243.02,3051862.4746751287,0.0,1.5318935709391002e-07
2021-05-04,1930133.97,1605646.92,1930133.97,1605646.919310624,0.0,4.2934464867944253e-08
2021-05-05,2491751.76,1992920.65,2491751.76,1992920.6461901434,0.0,1.9116950209296052e-07
2021-05-06,3090364.98,2462408.5,3090364.98,2462408.4988475293,0.0,4.680257999001269e-08
2021-05-07,3099539.75,2583097.98,3099539.75,2583097.9796386696,0.0,1.3988255356373574e-08
2021-05-08,2448108.31,2024581.03,2448108.31,2024581.0330684585,0.0,1.515601735011144e-07
2021-05-09,3801718.87,3192875.3,3801718.87,3192875.2977074576,0.0,7.180180988244671e-08
2021-05-10,3546216.71,2807669.46,3546216.71,2807669.457156703,0.0,1.012689394946118e-07
2021-05-11,3323078.36,2752138.51,3323078.36,2752138.514458616,0.0,1.6200550974524094e-07
2021-05-12,4782841.68,3847828.01,4782841.68,3847828.012990767,0.0,7.772611852611316e-08
2021-05-13,5666923.8,4709813.19,5666923.8,4709813.1944411835,0.0,9.42963740013569e-08
2021-05-14,5250104.11,4258778.21,5250104.11,4258778.211710942,0.0,4.017448034824621e-08
2021-05-15,3858160.76,3146686.62,3858160.76,3146686.6174241146,0.0,8.186024906681609e-08
2021-05-16,3981359.06,3199505.04,3981359.06,3199505.037876994,0.0,6.635420564462519e-08
2021-05-17,4684806.7,3826508.17,4684806.7,3826508.1687405887,0.0,3.2912806233664874e-08
2021-05-18,3549112.31,2889339.05,3549112.31,2889339.0463656923,0.0,1.257833528918172e-07
2021-05-19,4795038.58,3840346.57,4795038.58,3840346.574705707,0.0,1.2253339617046491e-07
2021-05-20,5057797.75,4088691.43,5057797.75,4088691.428376162,0.0,3.971535236680308e-08
2021-05-21,5434543.62,4271132.76,5434543.62,4271132.7631870955,0.0,7.461944934715567e-08
2021-05-22,4310539.38,3526722.84,4310539.38,3526722.8361660233,0.0,1.0871215993378475e-07
2021-05-23,3846392.54,3086892.89,3846392.54,3086892.8927145377,0.0,8.79375361081582e-08
2021-05-24,3987573.28,3177252.48,3987573.2800000003,3177252.4840078205,1.1677811405831752e-14,1.2614107726336092e-07
2021-05-25,3822459.48,3142554.15,3822459.48,3142554.145684779,0.0,1.3731571660804383e-07
2021-05-26,4915453.17,4056932.97,4915453.17,4056932.966894426,0.0,7.654980524546737e-08
2021-05-27,7320510.07,6048379.93,7320510.07,6048379.93156787,0.0,2.5922154306438595e-08
2021-05-28,6925957.27,5561587.62,6925957.2700000005,5561587.623343296,1.3446842628520555e-14,6.011406212979714e-08
2021-05-29,4630943.52,3787091.31,4630943.52,3787091.307007781,0.0,7.901100293159078e-08
2021-05-30,8887935.6,7274840.31,8887935.6,7274840.307697932,0.0,3.164423212365303e-08
2021-05-31,7996369.9,6466327.4,7996369.899999999,6466327.395848994,1.16468170715249e-14,6.419418585612941e-08
2021-06-01,7479521.04,6141761.22,7479521.04,6141761.219734146,0.0,4.328619592680701e-09
2021-06-02,6960798.21,5572082.02,6960798.21,5572082.015998797,0.0,7.180804192639867e-08
2021-06-03,6367799.03,5139667.32,6367799.03,5139667.316632092,0.0,6.552774896273381e-08
2021-06-04,2524112.16,2097669.41,2524112.16,2097669.410646807,0.0,3.0834543547043525e-08
2021-06-05,2884765.01,2262050.61,2884765.01,2262050.6056131385,0.0,1.939329440085673e-07
2021-06-06,3795966.84,3084551.9,3795966.84,3084551.8993748613,0.0,2.0266756953528885e-08
2021-06-07,3757477.99,3136794.28,3757477.9899999998,3136794.2783506564,1.2392921223944129e-14,5.258054119647908e-08
2021-06-08,3948452.32,3177527.58,3948452.32,3177527.575017993,0.0,1.5678879494606958e-07
2021-06-09,3733884.76,3009506.21,3733884.7600000002,3009506.2092404733,1.2471228150805043e-14,2.5237582797688315e-08
2021-06-10,3994102.54,3220973.51,3994102.54,3220973.5065717134,0.0,1.0643634281682987e-07
2021-06-11,3221511.31,2622379.46,3221511.31,2622379.460011734,0.0,4.474637998753896e-10
2021-06-12,3618435.07,2920008.48,3618435.07,2920008.4793476905,0.0,2.233930180680765e-08
2021-06-13,3349171.43,2778202.9,3349171.43,2778202.9035229557,0.0,1.2680700219965317e-07
2021-06-14,4007931.92,3159812.63,4007931.92,3159812.630799846,0.0,2.5313080165511656e-08
2021-06-15,4162142.95,3326425.2,4162142.95,3326425.20481265,0.0,1.4467933675037936e-07
2021-06-16,4740156.23,3752544.13,4740156.23,3752544.1340928148,0.0,1.09067734440032e-07
2021-06-17,5807751.43,4698668.17,5807751.43,4698668.174630815,0.0,9.855591138202346e-08
2021-06-18,4316861.14,3463681.18,4316861.14,3463681.179067226,0.0,2.6930135667048224e-08
2021-06-19,3596996.21,3016398.92,3596996.21,3016398.9237423437,0.0,1.2406660542517694e-07
2021-06-20,3113780.62,2502341.31,3113780.62,2502341.308313384,0.0,6.740151164282564e-08
2021-06-21,3454322.45,2831163.45,3454322.45,2831163.450689813,0.0,2.4364998632938947e-08
2021-06-22,3814525.81,3072656.32,3814525.81,3072656.316839127,0.0,1.0287102211046536e-07
2021-06-23,5129834.24,4258385.56,5129834.24,4258385.560917109,0.0,2.153655764332133e-08
2021-06-24,5015283.26,4491924.42,5015283.26,4491924.423336927,0.0,7.428724551429809e-08
2021-06-25,3255836.16,2807033.14,3255836.16,2807033.140296849,0.0,1.0575180673155964e-08
2021-06-26,3202321.56,2946230.91,3202321.56,2946230.9143383903,0.0,1.4725221228093097e-07
2021-06-27,3938214.81,3832008.26,3938214.81,3832008.260673771,0.0,1.7582722282605492e-08
2021-06-28,4255543.96,4082242.05,4255543.96,4082242.0518807475,0.0,4.6071440858707666e-08
2021-06-29,5907160.01,5911751.11,5907160.01,5911751.109052446,0.0,1.602832355654519e-08
2021-06-30,5094915.79,4949985.1,5094915.79,4949985.098757604,0.0,2.5098974346568113e-08
2021-07-01,4975867.15,5024857.74,4975867.15,5024857.739208187,0.0,1.5757923664238975e-08
2021-07-02,4397949.68,4326458.07,4397949.68,4326458.074450252,0.0,1.0286130770976521e-07
2021-07-03,3132513.38,3101143.37,3132513.38,3101143.368700582,0.0,4.1901256675701933e-08
2021-07-04,730601.15,647312.84,730601.15,647312.842511361,0.0,3.8796712757822906e-07
2021-07-05,1878817.85,1927429.12,1878817.85,1927429.1198555857,0.0,7.492590486519727e-09
2021-07-06,1616214.16,1626948.22,1616214.16,1626948.215092165,0.0,3.0165895765902895e-07
2021-07-07,1741509.6,1715092.93,1741509.6,1715092.93419707,0.0,2.4471386178789936e-07
2021-07-08,2563149.38,2518109.42,2563149.38,2518109.423842011,0.0,1.5257522423681346e-07
2021-07-09,2685812.87,2706650.91,2685812.87,2706650.9097779267,0.0,8.204730112601537e-09
2021-07-10,2524108.8,2448068.41,2524108.8,2448068.4118508417,0.0,7.560416038048056e-08
2021-07-11,2592712.85,2553763.2,2592712.85,2553763.2001627237,0.0,6.371909275086282e-09
2021-07-12,3123873.5,3108780.0,3123873.5,3108779.998371102,0.0,5.239669851722109e-08
2021-07-13,2650746.43,2549076.58,2650746.43,2549076.577277302,0.0,1.0681115997793938e-07
2021-07-14,2970833.54,2785803.91,2970833.54,2785803.9063955075,0.0,1.2938788065166174e-07
2021-07-15,3628282.86,3639556.87,3628282.86,3639556.8663201584,0.0,1.0110686240824363e-07
2021-07-16,2768513.94,2780496.25,2768513.94,2780496.250108487,0.0,3.901712607928648e-09
2021-07-17,2453122.24,2399937.97,2453122.2399999998,2399937.969577919,1.8982392304581578e-14,1.7587162002823868e-08
2021-07-18,2827723.47,2930478.35,2827723.47,2930478.351429246,0.0,4.877175793605411e-08
2021-07-19,2859598.56,2696150.18,2859598.56,2696150.1838135878,0.0,1.414456666051646e-07
2021-07-20,3389960.06,3045138.98,3389960.06,3045138.9794929205,0.0,1.6652098109076328e-08
2021-07-21,3336465.66,2928248.05,3336465.66,2928248.0478113564,0.0,7.474241946833056e-08
2021-07-22,4388007.92,3796262.13,4388007.92,3796262.1303036953,0.0,7.999854425691324e-09
2021-07-23,4385215.41,3753800.99,4385215.41,3753800.988026491,0.0,5.257362678813445e-08
2021-07-24,2294305.45,1930929.33,2294305.45,1930929.3288842922,0.0,5.778087763645103e-08
2021-07-25,2549303.61,2173412.06,2549303.61,2173412.0619941587,0.0,9.175244049102547e-08
2021-07-26,3676952.36,2918564.14,3676952.36,2918564.136496303,0.0,1.2004865491814598e-07
2021-07-27,3460197.23,2857159.07,3460197.23,2857159.0723242243,0.0,8.134739413350747e-08
2021-07-28,4046860.27,3235448.81,4046860.27,3235448.810754946,0.0,2.3333576137372895e-08
2021-07-29,5547857.68,4566302.38,5547857.68,4566302.383034111,0.0,6.644568974769003e-08
2021-07-30,6548042.77,6322433.77,6548042.7700000005,6322433.767117571,1.4222915263815216e-14,4.5590488918221e-08
2021-07-31,5256382.47,5446793.9,5256382.47,5446793.901653172,0.0,3.035128749315159e-08
2021-08-01,3652376.75,4109973.08,3652376.75,4109973.0842404272,0.0,1.0317408614811476e-07
2021-08-02,4399616.65,4886236.3,4399616.65,4886236.295100187,0.0,1.0027785316639375e-07
2021-08-03,2422462.49,3359505.36,2422462.49,3359505.3582566283,0.0,5.1893698970687976e-08
2021-08-04,1157658.1,1697391.73,1157658.1,1697391.7338960997,0.0,2.2953450751700724e-07
2021-08-05,1482037.52,2026425.65,1482037.52,2026425.6502952068,0.0,1.4567862601389592e-08
2021-08-06,1591502.8,2374360.64,1591502.8,2374360.636893306,0.0,1.3084340055730247e-07
2021-08-07,1632328.25,2336736.46,1632328.25,2336736.4620377105,0.0,8.720326596839686e-08
2021-08-08,1411882.22,1918090.72,1411882.22,1918090.7168146134,0.0,1.6607069224770084e-07
2021-08-09,1376421.76,2167285.81,1376421.76,2167285.8125480954,0.0,1.1757080181865529e-07
2021-08-10,1581357.61,2246981.07,1581357.6099999999,2246981.06709379,1.4723465595733885e-14,1.2933841891318286e-07
2021-08-11,1740229.21,2604985.61,1740229.21,2604985.6087173824,0.0,4.9237026294377e-08
2021-08-12,2480973.68,3548924.53,2480973.68,3548924.531329326,0.0,3.745715243048933e-08
2021-08-13,2199306.57,3444159.74,2199306.57,3444159.73830992,0.0,4.907090602541143e-08
2021-08-14,1494099.71,1993428.41,1494099.71,1993428.4056773908,0.0,2.1684295979725646e-07
2021-08-15,1862118.62,2645589.05,1862118.62,2645589.0455394504,0.0,1.6860326238821861e-07
2021-08-16,2220064.67,3319453.91,2220064.67,3319453.912752832,0.0,8.293025738643129e-08
2021-08-17,2263302.37,3320429.89,2263302.37,3320429.891464808,0.0,4.4115007472146244e-08
2021-08-18,1875383.97,2630473.94,1875383.97,2630473.9383426327,0.0,6.300641086319977e-08
2021-08-19,2535597.13,3644326.12,2535597.13,3644326.1227186657,0.0,7.459995476683358e-08
2021-08-20,2553183.49,3860236.79,2553183.49,3860236.7940684054,0.0,1.0539263751833278e-07
2021-08-21,1453356.23,2098001.94,1453356.23,2098001.9359000726,0.0,1.9542057129631385e-07
2021-08-22,1640268.07,2295711.5,1640268.07,2295711.5031913235,0.0,1.3901239268198288e-07
2021-08-23,1883869.71,2626041.33,1883869.71,2626041.3342333636,0.0,1.612070420139334e-07
2021-08-24,1836322.27,2808012.6,1836322.27,2808012.6040393584,0.0,1.438511475217149e-07
2021-08-25,1939866.54,2821994.79,1939866.54,2821994.7866876987,0.0,1.1737446745411656e-07
2021-08-26,1886569.08,2959216.09,1886569.08,2959216.0935279806,0.0,1.192201129004123e-07
2021-08-27,1662732.77,2371412.62,1662732.77,2371412.6203371417,0.0,1.4216908653312601e-08
2021-08-28,1664938.51,2453257.65,1664938.51,2453257.648509381,0.0,6.076080242020474e-08
2021-08-29,4443078.33,6342118.62,4443078.33,6342118.616043823,0.0,6.237942726940924e-08
2021-08-30,3996164.3,5499176.03,3996164.3,5499176.0283880755,0.0,2.9312113695718496e-08
2021-08-31,3940957.44,5240978.22,3940957.44,5240978.21590057,0.0,7.821878689355851e-08
2021-09-01,3579634.39,4583108.31,3579634.39,4583108.311091866,0.0,2.3823717009110324e-08
2021-09-02,3917618.96,4722341.9,3917618.96,4722341.89831307,0.0,3.572233210037387e-08
2021-09-03,1070973.42,1003268.02,1070973.42,1003268.021983534,0.0,1.9770728490176883e-07
2021-09-04,1839742.83,1710231.68,1839742.83,1710231.6791337188,0.0,5.0652850816102674e-08
2021-09-05,1682890.37,1626164.36,1682890.3699999999,1626164.3618214445,1.383516406085737e-14,1.1200862684338642e-07
2021-09-06,2097434.58,1931198.13,2097434.58,1931198.1308761553,0.0,4.536849096252423e-08
2021-09-07,2244132.38,1986738.71,2244132.38,1986738.7107165891,0.0,3.606861610910542e-08
2021-09-08,3716975.63,3437593.72,3716975.63,3437593.717788871,0.0,6.43220075712067e-08
2021-09-09,2187074.96,2082447.03,2187074.96,2082447.028717411,0.0,6.159047629758493e-08
2021-09-10,1980857.12,1821707.08,1980857.1199999999,1821707.0771598888,1.1754035225613326e-14,1.5590383855559134e-07
2021-09-11,1547495.48,1455524.4,1547495.48,1455524.403542107,0.0,2.4335607594602567e-07
2021-09-12,2102573.99,1909199.54,2102573.9899999998,1909199.536336599,2.2147200979487967e-14,1.9188152116415195e-07
2021-09-13,2488502.06,2265837.09,2488502.06,2265837.094986496,0.0,2.2007302283901857e-07
2021-09-14,2715006.68,2532491.32,2715006.68,2532491.3240299257,0.0,1.591289131296465e-07
2021-09-15,3275643.47,3007258.03,3275643.47,3007258.0333876,0.0,1.1264747320292097e-07
2021-09-16,1853200.26,1657780.29,1853200.26,1657780.2853951827,0.0,2.777700637332437e-07
2021-09-17,2031900.2,1889074.28,2031900.2,1889074.2827007365,0.0,1.4296613648042123e-07
2021-09-18,1910747.73,1785651.61,1910747.73,1785651.6100531623,0.0,2.9771888630329214e-09
2021-09-19,1952437.84,1794752.16,1952437.8399999999,1794752.1641181658,1.1925124522984538e-14,2.2945596747997395e-07
2021-09-20,2307149.39,2140377.91,2307149.39,2140377.9052065145,0.0,2.2395510644091494e-07
2021-09-21,3210995.34,2839955.92,3210995.34,2839955.9246217334,0.0,1.6273961905979797e-07
2021-09-22,2518917.94,2299264.05,2518917.94,2299264.0481897495,0.0,7.873172888372487e-08
2021-09-23,2220736.52,2001371.7,2220736.52,2001371.6951303135,0.0,2.4331744271358335e-07
2021-09-24,2008968.22,1790130.16,2008968.22,1790130.1636337482,0.0,2.029879366032536e-07
2021-09-25,2281967.32,2112780.84,2281967.32,2112780.835705921,0.0,2.0324298269866812e-07
2021-09-26,1602075.57,1461503.99,1602075.57,1461503.988903895,0.0,7.499842475297314e-08
2021-09-27,3058684.14,2864098.57,3058684.14,2864098.5729951262,0.0,1.0457483713781782e-07
2021-09-28,4749132.81,4287087.43,4749132.81,4287087.429049835,0.0,2.2163417668976697e-08
2021-09-29,3184253.74,2793067.38,3184253.7399999998,2793067.381091351,1.4623875021584782e-14,3.9073574621403116e-08
2021-09-30,3504126.92,3102295.47,3504126.92,3102295.473240644,0.0,1.0445955363725035e-07
2021-10-01,2465559.4,2269641.63,2465559.4,2269641.628160652,0.0,8.104134550206286e-08
2021-10-02,2584886.96,2309451.71,2584886.96,2309451.705325804,0.0,2.023941768249766e-07
2021-10-03,920334.15,789349.71,920334.15,789349.7106071707,0.0,7.692037369111375e-08
2021-10-04,1043382.83,864297.5,1043382.83,864297.5014346266,0.0,1.6598759568558688e-07
2021-10-05,1440909.2,1238586.01,1440909.2,1238586.0098174943,0.0,1.4735003910785948e-08
2021-10-06,1793088.31,1465294.6,1793088.31,1465294.5988118884,0.0,8.108347115535503e-08
2021-10-07,1826196.69,1497790.82,1826196.69,1497790.8234698984,0.0,2.3166775487634411e-07
2021-10-08,1613264.94,1325310.58,1613264.94,1325310.5806955826,0.0,5.248448852181578e-08
2021-10-09,1794510.68,1447840.15,1794510.68,1447840.1453943155,0.0,3.1810724612155007e-07
2021-10-10,1883117.98,1559914.53,1883117.98,1559914.5299149228,0.0,5.453968591067523e-09
2021-10-11,2300450.29,1848634.77,2300450.29,1848634.7666559524,0.0,1.8089282080185998e-07
2021-10-12,1567144.44,1334199.42,1567144.44,1334199.4239799127,0.0,2.982996894278794e-07
2021-10-13,1918678.27,1624278.45,1918678.27,1624278.4479867583,0.0,1.23946829397434e-07
2021-10-14,2148334.67,1733671.89,2148334.67,1733671.8908664824,0.0,4.997961292357847e-08
2021-10-15,1900056.41,1665667.16,1900056.41,1665667.1613874256,0.0,8.329549454165495e-08
2021-10-16,2106301.79,1750771.11,2106301.79,1750771.1139113086,0.0,2.2340490177291216e-07
2021-10-17,2495144.25,2124471.09,2495144.25,2124471.093182251,0.0,1.4979027115708234e-07
2021-10-18,2029589.44,1714394.15,2029589.44,1714394.1478820061,0.0,1.2354182238402803e-07
2021-10-19,1794195.22,1443278.64,1794195.22,1443278.6387299106,0.0,8.800028374886153e-08
2021-10-20,2748359.42,2249708.28,2748359.42,2249708.281548073,0.0,6.881217748488091e-08
2021-10-21,1715238.6,1425166.31,1715238.6,1425166.3122976464,0.0,1.612195257450185e-07
2021-10-22,2513749.87,2045877.61,2513749.87,2045877.605283145,0.0,2.305541145325456e-07
2021-10-23,1853822.02,1521941.02,1853822.02,1521941.0175143955,0.0,1.6331805624667465e-07
2021-10-24,2201542.06,1879343.83,2201542.06,1879343.8288862847,0.0,5.926086174264631e-08
2021-10-25,2021989.32,1646748.37,2021989.32,1646748.368995029,0.0,6.102760545952647e-08
2021-10-26,2162674.08,1776598.49,2162674.08,1776598.4853968434,0.0,2.590994314708086e-07
2021-10-27,2151921.73,1803290.61,2151921.73,1803290.605929305,0.0,2.257370498914602e-07
2021-10-28,2489853.45,2036708.17,2489853.45,2036708.167932937,0.0,1.0149038699925566e-07
2021-10-29,3746325.95,3090953.59,3746325.95,3090953.5939019,0.0,1.2623613212889612e-07
2021-10-30,3434826.63,2965454.49,3434826.63,2965454.494959118,0.0,1.672295979556036e-07
2021-10-31,3026687.11,2545466.76,3026687.11,2545466.761654345,0.0,6.499181613870974e-08
2021-11-01,2926691.09,2398381.34,2926691.09,2398381.3354699207,0.0,1.888806888873872e-07
2021-11-02,3072730.67,2536221.43,3072730.67,2536221.4258389175,0.0,1.6406622168703434e-07
2021-11-03,1262904.96,1055921.75,1262904.96,1055921.7541118807,0.0,3.894114946841746e-07
2021-11-04,1344901.28,1136391.76,1344901.28,1136391.7577159982,0.0,2.0098718349116966e-07
2021-11-05,1257605.18,1084704.98,1257605.18,1084704.9785331942,0.0,1.3522624500480039e-07
2021-11-06,2093872.9,1714441.6,2093872.9,1714441.595192855,0.0,2.803913006981149e-07
2021-11-07,942802.49,782264.44,942802.49,782264.4360048324,0.0,5.107182881980582e-07
2021-11-08,2064680.43,1687466.21,2064680.43,1687466.20579484,0.0,2.491996610586135e-07
2021-11-09,2462296.67,2100076.52,2462296.67,2100076.5173757975,0.0,1.249574715332386e-07
2021-11-10,1774844.23,1518855.62,1774844.23,1518855.6152747713,0.0,3.1110453818211624e-07
2021-11-11,1412638.65,1123822.69,1412638.65,1123822.6898962397,0.0,9.23279791160081e-09
2021-11-12,1777590.33,1460783.5,1777590.33,1460783.5001626355,0.0,1.1133440665316872e-08
2021-11-13,1291079.97,1073274.92,1291079.97,1073274.91594304,0.0,3.779982000001722e-07
2021-11-14,1228705.01,1065683.97,1228705.01,1065683.9653149853,0.0,4.3962514695078977e-07
2021-11-15,1206377.91,983743.19,1206377.91,983743.1944165073,0.0,4.4894921402680675e-07
2021-11-16,2106714.51,1725304.97,2106714.51,1725304.9714448377,0.0,8.374390626974438e-08
2021-11-17,1531889.09,1349321.43,1531889.09,1349321.4330986792,0.0,2.2964722651688634e-07
2021-11-18,1661241.07,1433114.76,1661241.07,1433114.757796803,0.0,1.537348610970333e-07
2021-11-19,1253389.32,1095039.04,1253389.32,1095039.043000641,0.0,2.740213726844854e-07
2021-11-20,1071404.44,1040227.2,1071404.4400000002,1040227.1986639112,2.1731349522302675e-14,1.2844201279349122e-07
2021-11-21,1222908.7,1238315.19,1222908.7,1238315.1901940412,0.0,1.5669782040853316e-08
2021-11-22,1558297.56,1613383.51,1558297.56,1613383.5110379371,0.0,6.433294482651848e-08
2021-11-23,1613168.79,1629011.23,1613168.79,1629011.2288467279,0.0,7.079583551850825e-08
2021-11-24,1665269.85,1709718.17,1665269.85,1709718.1669046315,0.0,1.8104553389873792e-07
2021-11-25,1278003.36,1305823.05,1278003.3599999999,1305823.0472378302,1.821831232539714e-14,2.115271138774877e-07
2021-11-26,970756.2,1019443.98,970756.2,1019443.9834572055,0.0,3.3912657824355116e-07
2021-11-27,1407280.07,1519826.79,1407280.07,1519826.7946309352,0.0,3.047015078305091e-07
2021-11-28,2359645.42,2324536.28,2359645.42,2324536.2791486033,0.0,3.662650820240062e-08
2021-11-29,1830856.99,1894919.03,1830856.99,1894919.0309314225,0.0,4.915368119774522e-08
2021-11-30,2987950.32,3045686.15,2987950.32,3045686.146895837,0.0,1.0191998502906565e-07
2021-12-01,1881588.13,1920538.46,1881588.1300000001,1920538.4571264572,1.2374155637018694e-14,1.4962172215959195e-07
2021-12-02,1911470.99,1996362.17,1911470.99,1996362.1686085248,0.0,6.970053379113908e-08
2021-12-03,586748.17,626899.33,586748.17,626899.3325293197,0.0,4.034650547480037e-07
2021-12-04,819389.63,787101.35,819389.63,787101.3479153442,0.0,2.648522713915134e-07
2021-12-05,1101768.07,1082761.55,1101768.07,1082761.545553319,0.0,4.106796296217649e-07
2021-12-06,1167887.5,1132700.46,1167887.5,1132700.459142462,0.0,7.570740087633407e-08
2021-12-07,708706.53,724333.47,708706.53,724333.4720164081,0.0,2.783811903810655e-07
2021-12-08,919265.14,968146.91,919265.14,968146.9120717185,0.0,2.1398802507135168e-07
2021-12-09,999032.78,1047782.72,999032.78,1047782.721987071,0.0,1.8964533117637244e-07
2021-12-10,1214991.34,1243394.6,1214991.34,1243394.6046243077,0.0,3.719099006277185e-07
2021-12-11,948995.31,997983.77,948995.31,997983.773200239,0.0,3.2067044900261586e-07
2021-12-12,1285064.15,1307106.22,1285064.15,1307106.2193371656,0.0,5.071006268697169e-08
2021-12-13,1112918.62,1168775.11,1112918.62,1168775.1069865075,0.0,2.57833396356017e-07
2021-12-14,1821860.68,1884666.84,1821860.68,1884666.8351112134,0.0,2.593979263457256e-07
2021-12-15,1773908.51,1816537.46,1773908.51,1816537.4570299163,0.0,1.6350247006048232e-07
2021-12-16,1771984.63,1846296.05,1771984.6300000001,1846296.0489756337,1.3139540812714027e-14,5.548223733850473e-08
2021-12-17,1463605.82,1523555.95,1463605.82,1523555.9530411682,0.0,1.9960988037002085e-07
2021-12-18,1214550.47,1217310.4,1214550.47,1217310.402468162,0.0,2.027553517505054e-07
2021-12-19,1546435.59,1510053.63,1546435.59,1510053.626128546,0.0,2.5637857153240423e-07
2021-12-20,1676753.39,1642291.41,1676753.39,1642291.411301708,0.0,7.926170456899561e-08
2021-12-21,2017237.85,2127476.27,2017237.85,2127476.271092359,0.0,5.134529458117541e-08
2021-12-22,2327738.57,2283587.28,2327738.57,2283587.275505264,0.0,1.968278598527304e-07
2021-12-23,2415914.18,2480623.5,2415914.18,2480623.504355168,0.0,1.7556747205133315e-07
2021-12-24,1448810.25,1505101.29,1448810.25,1505101.2889583402,0.0,6.920862133403853e-08
2021-12-25,1120986.7,1156338.1,1120986.7,1156338.098313545,0.0,1.458444535753099e-07
2021-12-26,1317218.46,1338753.3,1317218.46,1338753.3002105388,0.0,1.5726477711652864e-08
2021-12-27,1025037.51,986082.95,1025037.51,986082.9490588149,0.0,9.544684327520448e-08
2021-12-28,1855064.19,1847193.9,1855064.19,1847193.8952593135,0.0,2.566425965723631e-07
2021-12-29,4065184.9,4208667.7,4065184.9,4208667.701259018,0.0,2.9914876285425923e-08
2021-12-30,3842586.5,3948015.94,3842586.5,3948015.935143965,0.0,1.229993796158446e-07
2021-12-31,3041203.79,3121467.33,3041203.79,3121467.3303181683,0.0,1.019290491267686e-08
2022-01-01,2932155.47,3019583.5,2932155.47,3019583.4978058287,0.0,7.266470047097026e-08
2022-01-02,2361965.0,2368851.11,2361965.0,2368851.113041773,0.0,1.284071037785717e-07
2022-01-03,545563.72,476501.31,545563.72,476501.31482548866,0.0,1.0126915840398934e-06
2022-01-04,1242319.38,1057834.07,1242319.3800000001,1057834.0677140553,1.874160923528937e-14,2.1609672333308603e-07
2022-01-05,809977.6,684605.3,809977.6,684605.3019578925,0.0,2.859885017336933e-07
2022-01-06,993048.62,827696.4,993048.62,827696.3980357584,0.0,2.3731426347832078e-07
2022-01-07,1294963.64,1109631.82,1294963.6400000001,1109631.820737006,1.797970510228918e-14,6.641895369513262e-08
2022-01-08,1641747.05,1369252.03,1641747.05,1369252.032677567,0.0,1.9554961480320397e-07
2022-01-09,1706485.37,1491356.56,1706485.3699999999,1491356.5631742005,1.364386989464021e-14,2.1283980681314753e-07
2022-01-10,2569113.21,2158709.88,2569113.21,2158709.881396816,0.0,6.470606526615735e-08
2022-01-11,1640806.35,1336967.26,1640806.35,1336967.2629218174,0.0,2.1854068128663164e-07
2022-01-12,1775526.5,1506945.6,1775526.5,1506945.60179109,0.0,1.1885565119329749e-07
2022-01-13,1173172.99,946254.56,1173172.99,946254.5554064679,0.0,4.854435980955876e-07
2022-01-14,1548726.82,1300219.1,1548726.82,1300219.1003775003,0.0,2.903358341058404e-08
2022-01-15,1461990.71,1263054.33,1461990.71,1263054.3339462145,0.0,3.1243425994672866e-07
2022-01-16,2064339.13,1781850.02,2064339.1300000001,1781850.0194104007,1.1278701269101537e-14,3.3089169156399065e-08
2022-01-17,1621773.2,1340632.16,1621773.2,1340632.1612047919,0.0,8.986745062672388e-08
2022-01-18,1861205.18,1606509.55,1861205.18,1606509.5489116504,0.0,6.774622748382562e-08
2022-01-19,2020862.53,1738187.82,2020862.53,1738187.8188012377,0.0,6.896621386377437e-08
2022-01-20,1249233.56,1043117.49,1249233.56,1043117.4870543798,0.0,2.823862360279815e-07
2022-01-21,1580948.85,1245282.02,1580948.8499999999,1245282.018991423,1.4727272400613695e-14,8.099185004960168e-08
2022-01-22,1758593.8,1468639.94,1758593.8,1468639.9439485031,0.0,2.6885440510951444e-07
2022-01-23,1785338.17,1512426.38,1785338.17,1512426.3764492618,0.0,2.347709708843602e-07
2022-01-24,1915906.28,1601822.71,1915906.28,1601822.7119728047,0.0,1.231599954856552e-07
2022-01-25,2471179.3,1957064.07,2471179.3,1957064.0696858403,0.0,1.6052606007223267e-08
2022-01-26,2278973.82,1903209.07,2278973.82,1903209.0686591417,0.0,7.04525018607623e-08
2022-01-27,1604489.99,1290075.13,1604489.99,1290075.1328821108,0.0,2.2340643728832822e-07
2022-01-28,2792317.48,2306948.5,2792317.48,2306948.497169998,0.0,1.2267295915978058e-07
2022-01-29,3897632.5,3247780.03,3897632.5,3247780.0304285013,0.0,1.3193674221236642e-08
2022-01-30,3903300.55,3262713.48,3903300.55,3262713.4836021853,0.0,1.104045852834591e-07
2022-01-31,3159829.55,2627738.4,3159829.55,2627738.4045767216,0.0,1.741696089047692e-07
2022-02-01,3672475.88,3092119.13,3672475.88,3092119.134960058,0.0,1.6040967532139543e-07
2022-02-02,3072419.17,2457270.01,3072419.17,2457270.0141817066,0.0,1.701769359986912e-07
2022-02-03,1056919.3,915391.24,1056919.3,915391.2374742959,0.0,2.7591525760439517e-07
2022-02-04,1135262.35,959597.02,1135262.35,959597.0189669037,0.0,1.0765939450460566e-07
2022-02-05,1325806.77,1094262.79,1325806.77,1094262.7900775538,0.0,7.087309614659481e-09
2022-02-06,1360544.32,1086414.25,1360544.32,1086414.2491118046,0.0,8.175475924505521e-08
2022-02-07,1777072.87,1505671.69,1777072.87,1505671.6864516279,0.0,2.3566705111101424e-07
2022-02-08,2324022.32,1858719.97,2324022.32,1858719.97026115,0.0,1.4049995259486745e-08
2022-02-09,2087968.13,1716217.3,2087968.13,1716217.3033560973,0.0,1.95552000674856e-07
2022-02-10,1681958.09,1377183.24,1681958.09,1377183.2402924562,0.0,2.1235826482116433e-08
2022-02-11,1868277.55,1450465.3,1868277.55,1450465.303529725,0.0,2.4335121273268495e-07
2022-02-12,2483675.48,2002526.57,2483675.48,2002526.571576016,0.0,7.870137566077304e-08
2022-02-13,2471088.82,2037847.39,2471088.82,2037847.3942603488,0.0,2.0906123174348604e-07
2022-02-14,2477651.08,2066561.36,2477651.08,2066561.3648323254,0.0,2.3383410548232892e-07
2022-02-15,2911470.49,2304155.38,2911470.49,2304155.377277788,0.0,1.181435999094834e-07
2022-02-16,3189077.73,2624063.44,3189077.73,2624063.444643834,0.0,1.7697110996794703e-07
2022-02-17,2365001.98,1930644.21,2365001.98,1930644.2086353218,0.0,7.068511833441109e-08
2022-02-18,2218074.92,1902787.38,2218074.92,1902787.384417113,0.0,2.3213907527948296e-07
2022-02-19,2497284.24,2073056.25,2497284.2399999998,2073056.254437614,1.8646707485237614e-14,2.1406143704354707e-07
2022-02-20,3274514.0,2808978.4,3274514.0,2808978.404050795,0.0,1.4420883367670684e-07
2022-02-21,3231879.49,2662096.96,3231879.49,2662096.9604677274,0.0,1.7569886952559522e-08
2022-02-22,3646117.64,3080342.28,3646117.64,3080342.2793166446,0.0,2.2184390013839096e-08
2022-02-23,3297595.34,2768284.27,3297595.34,2768284.2684167093,0.0,5.7193936662561693e-08
2022-02-24,2768850.97,2337359.85,2768850.97,2337359.8473542444,0.0,1.1319419439579515e-07
2022-02-25,2943786.98,2445090.2,2943786.98,2445090.201125354,0.0,4.602504456275601e-08
2022-02-26,6304749.98,4896174.07,6304749.98,4896174.072490531,0.0,5.0866874548094706e-08
2022-02-27,5652340.75,4889448.26,5652340.75,4889448.264926907,0.0,1.0076611177020094e-07
2022-02-28,6007208.86,4942844.92,6007208.86,4942844.917011865,0.0,6.045373786105237e-08
2022-03-01,4532724.33,3774772.1,4532724.33,3774772.1007484733,0.0,1.9828302205939737e-08
2022-03-02,5221766.09,4446394.75,5221766.09,4446394.746340754,0.0,8.229691162897891e-08
2022-03-03,1113577.08,936517.95,1113577.08,936517.9547149844,0.0,5.034590577536706e-07
2022-03-04,1265611.41,1001621.35,1265611.41,1001621.3463211281,0.0,3.6729168170931445e-07
2022-03-05,1917604.21,1671253.56,1917604.21,1671253.5636614321,0.0,2.1908297808847217e-07
2022-03-06,2406752.08,1881208.83,2406752.08,1881208.8283714906,0.0,8.656718296497722e-08
2022-03-07,3077438.94,2603663.56,3077438.94,2603663.5642481297,0.0,1.6315970061726728e-07
2022-03-08,3777839.97,3199498.52,3777839.97,3199498.5232726797,0.0,1.0228726826828666e-07
2022-03-09,4138590.91,3354044.48,4138590.91,3354044.480057114,0.0,1.702834380705098e-09
2022-03-10,3544992.79,2897669.69,3544992.79,2897669.6949007083,0.0,1.6912584432397898e-07
2022-03-11,3499825.21,2868355.02,3499825.21,2868355.021129083,0.0,3.9363428232058265e-08
2022-03-12,3731020.06,3230097.43,3731020.06,3230097.434674487,0.0,1.4471658880981223e-07
2022-03-13,4026635.22,3346220.86,4026635.2199999997,3346220.8571697176,1.1564526257427888e-14,8.458145584978303e-08
2022-03-14,4709281.9,3928279.43,4709281.9,3928279.427477508,0.0,6.42136681101676e-08
2022-03-15,4619237.89,3907599.13,4619237.89,3907599.132275729,0.0,5.823855033589556e-08
2022-03-16,4519934.96,3787149.37,4519934.96,3787149.367219814,0.0,7.341104722223501e-08
2022-03-17,5222281.22,4421275.88,5222281.22,4421275.880475328,0.0,1.0750933181583049e-08
2022-03-18,4426435.98,3648313.01,4426435.98,3648313.011021303,0.0,2.7993849038861048e-08
2022-03-19,4313906.61,3587200.12,4313906.61,3587200.1215140643,0.0,4.220740681923338e-08
2022-03-20,4198964.15,3744253.09,4198964.15,3744253.089252439,0.0,1.9965557112264062e-08
2022-03-21,4036051.82,3737447.21,4036051.82,3737447.212672822,0.0,7.151464795306176e-08
2022-03-22,4626820.15,4342565.79,4626820.15,4342565.788951482,0.0,2.414513436214264e-08
2022-03-23,5301842.45,4915987.31,5301842.45,4915987.308358799,0.0,3.3384969323168094e-08
2022-03-24,5052034.89,4744310.26,5052034.89,4744310.261498207,0.0,3.157903610446052e-08
2022-03-25,4122489.22,4014534.97,4122489.2199999997,4014534.9747649664,1.1295633838133827e-14,1.1869285575153847e-07
2022-03-26,4325007.4,4010228.32,4325007.4,4010228.3197872895,0.0,5.304195516525524e-09
2022-03-27,5169170.11,4775502.11,5169170.11,4775502.11221357,0.0,4.635259930795462e-08
2022-03-28,4855258.01,4607293.73,4855258.01,4607293.730770221,0.0,1.6717417602401134e-08
2022-03-29,4908504.49,4613958.54,4908504.49,4613958.542104736,0.0,4.5616706673836484e-08
2022-03-30,11643208.73,10896036.48,11643208.73,10896036.481406227,0.0,1.290585168042409e-08
2022-03-31,9233141.0,8773718.15,9233141.0,8773718.147686806,0.0,2.6365045661319603e-08
2022-04-01,8299060.74,8041756.19,8299060.74,8041756.1948698955,0.0,6.055760633412195e-08
2022-04-02,8289456.22,7808017.19,8289456.22,7808017.18715709,0.0,3.641014765475469e-08
2022-04-03,6547965.12,6148445.74,6547965.12,6148445.741903889,0.0,3.096536669522277e-08
2022-04-04,1974536.55,1802524.97,1974536.55,1802524.9677117423,0.0,1.2694735114737863e-07
2022-04-05,3017582.3,2782222.29,3017582.3,2782222.2874519406,0.0,9.15836041483161e-08
2022-04-06,2934004.6,2645021.55,2934004.6,2645021.5536835506,0.0,1.3926354395766964e-07
2022-04-07,1947894.58,1833343.52,1947894.58,1833343.520921835,0.0,5.0281627456115096e-08
2022-04-08,2516364.3,2311523.71,2516364.3,2311523.708049541,0.0,8.437980024570734e-08
2022-04-09,3523261.24,3380510.41,3523261.2399999998,3380510.408147605,1.3216768657998782e-14,5.4796311453297344e-08
2022-04-10,3747690.93,3511278.1,3747690.93,3511278.0991048524,0.0,2.549349986009302e-08
2022-04-11,4187283.4,3982564.11,4187283.4,3982564.108634605,0.0,3.428431431267337e-08
2022-04-12,4300020.35,4061975.74,4300020.35,4061975.73794966,0.0,5.0476425928350375e-08
2022-04-13,4888627.31,4546028.85,4888627.31,4546028.849692942,0.0,6.754422250824429e-09
2022-04-14,4670014.27,4407778.78,4670014.27,4407778.7771596955,0.0,6.443845957314251e-08
2022-04-15,4908291.49,4288050.23,4908291.49,4288050.227516872,0.0,5.7908103609602506e-08
2022-04-16,5147946.06,4540748.11,5147946.06,4540748.105238138,0.0,1.0486956010773435e-07
2022-04-17,4470361.38,3877207.22,4470361.38,3877207.221656022,0.0,4.271172080471796e-08
2022-04-18,3680888.01,2995894.73,3680888.0100000002,2995894.734655303,1.2650786604826351e-14,1.5538940408217202e-07
2022-04-19,4426735.65,3630694.51,4426735.65,3630694.5119611565,0.0,5.4016021465917383e-08
2022-04-20,4874458.71,4017615.85,4874458.71,4017615.848510065,0.0,3.708505324479947e-08
2022-04-21,2926459.0,2418771.53,2926459.0,2418771.5284899883,0.0,6.242886023571597e-08
2022-04-22,4609506.19,3890393.56,4609506.19,3890393.557581022,0.0,6.217823730301749e-08
2022-04-23,4709847.04,3925675.06,4709847.04,3925675.0625927923,0.0,6.604704233575711e-08
2022-04-24,5020542.99,4173556.86,5020542.99,4173556.863530732,0.0,8.459768189217548e-08
2022-04-25,4873788.42,3954819.04,4873788.42,3954819.0386329545,0.0,3.456657694354654e-08
2022-04-26,5688161.6,4770812.83,5688161.600000001,4770812.8266054895,1.6372997817352422e-14,7.115161960756664e-08
2022-04-27,5361513.76,4376745.35,5361513.76,4376745.349174649,0.0,1.8857623800701752e-08
2022-04-28,5590934.3,4645081.23,5590934.3,4645081.227395409,0.0,5.607203687590948e-08
2022-04-29,7579535.07,6187238.79,7579535.07,6187238.789879699,0.0,1.94433742888127e-09
2022-04-30,6592777.23,5405333.92,6592777.23,5405333.924607357,0.0,8.523723331325901e-08
2022-05-01,5680859.44,4706859.17,5680859.44,4706859.172958459,0.0,6.28542036514255e-08
2022-05-02,4291036.44,3434252.59,4291036.44,3434252.592042436,0.0,5.9472504931208355e-08
2022-05-03,5504853.65,4531490.74,5504853.65,4531490.738155993,0.0,4.0693176432878506e-08
2022-05-04,1792730.62,1492900.17,1792730.62,1492900.168395398,0.0,1.0748220181847397e-07
2022-05-05,3556300.98,2916616.09,3556300.98,2916616.093838231,0.0,1.315987844469529e-07
2022-05-06,2532060.94,2027456.78,2532060.94,2027456.7767738858,0.0,1.5912123187915347e-07
2022-05-07,3620303.23,3000039.1,3620303.23,3000039.102707027,0.0,9.023305392456156e-08
2022-05-08,2468343.71,1923320.47,2468343.71,1923320.4716811758,0.0,8.741007063757361e-08
2022-05-09,2985986.67,2430054.67,2985986.67,2430054.674300326,0.0,1.7696417130123642e-07
2022-05-10,3668495.19,2955983.75,3668495.19,2955983.7519042883,0.0,6.442147413132137e-08
2022-05-11,4347378.73,3521156.43,4347378.73,3521156.430164134,0.0,4.661365250500824e-09
2022-05-12,4753134.02,3878195.49,4753134.0200000005,3878195.4906530012,1.9593863137389057e-14,1.6837753945797828e-08
2022-05-13,3479131.38,2953956.65,3479131.38,2953956.6502347398,0.0,7.946624908386226e-09
2022-05-14,4406804.98,3730445.32,4406804.98,3730445.317391501,0.0,6.992460149672825e-08
2022-05-15,4455089.7,3604418.84,4455089.7,3604418.8370228745,0.0,8.259654271090799e-08
2022-05-16,4323621.35,3469983.75,4323621.35,3469983.751646694,0.0,4.745537485353983e-08
2022-05-17,4158982.96,3363524.3,4158982.96,3363524.2951746066,0.0,1.434624154089193e-07
2022-05-18,6094171.87,4997123.61,6094171.87,4997123.611353255,0.0,2.70806697486261e-08
2022-05-19,5824908.18,4737898.72,5824908.18,4737898.717762556,0.0,4.722439090448701e-08
2022-05-20,2226534.2,1797128.71,2226534.2,1797128.7075611046,0.0,1.3571066951230425e-07
2022-05-21,4033154.28,3341369.82,4033154.2800000003,3341369.815356624,1.1545833731600747e-14,1.38966239460569e-07
2022-05-22,5000275.74,4124194.76,5000275.74,4124194.755150979,0.0,1.1757497255934489e-07
2022-05-23,3647180.26,3055864.88,3647180.26,3055864.877645739,0.0,7.704074270814513e-08
2022-05-24,4442598.36,3584450.45,4442598.36,3584450.4465398896,0.0,9.653113298971849e-08
2022-05-25,6573956.43,5501922.55,6573956.43,5501922.553555316,0.0,6.461952973172973e-08
2022-05-26,6284218.49,5141408.99,6284218.49,5141408.989974419,0.0,4.975594925300421e-10
2022-05-27,3652675.9,2933129.2,3652675.9,2933129.199618528,0.0,1.3005634217167677e-08
2022-05-28,3223975.84,2664148.14,3223975.84,2664148.1373610166,0.0,9.905543541722682e-08
2022-05-29,5327455.25,4413502.81,5327455.25,4413502.806632505,0.0,7.629982208499239e-08
2022-05-30,8158502.0,6931185.72,8158502.0,6931185.721438932,0.0,2.076026457027396e-08
2022-05-31,8513166.37,6787523.6,8513166.37,6787523.5991851,0.0,1.2005848527848167e-08
2022-06-01,8373363.4,7038218.52,8373363.4,7038218.524982287,0.0,7.078903631702926e-08
2022-06-02,8325437.52,6796380.79,8325437.52,6796380.793180886,0.0,4.680264078420532e-08
2022-06-03,6585522.44,5345747.87,6585522.44,5345747.865881204,0.0,7.704808640701464e-08
2022-06-04,2998952.42,2492875.15,2998952.42,2492875.1488143215,0.0,4.7562687255924086e-08
2022-06-05,2945501.79,2481566.23,2945501.79,2481566.2261601607,0.0,1.547345061126706e-07
2022-06-06,3100859.0,2519872.17,3100859.0,2519872.172162777,0.0,8.582883342915128e-08
2022-06-07,3673238.8,3096187.02,3673238.8,3096187.015893787,0.0,1.3262160349124607e-07
2022-06-08,3686799.9,3086016.13,3686799.9,3086016.127515917,0.0,8.049480642208738e-08
2022-06-09,2619038.14,2169844.13,2619038.14,2169844.1305612004,0.0,2.5863634175574665e-08
2022-06-10,3369544.01,2830537.04,3369544.01,2830537.0356590007,0.0,1.5336309798201366e-07
2022-06-11,4463584.56,3478666.52,4463584.56,3478666.5217224504,0.0,4.9514673459023184e-08
2022-06-12,4561669.81,3820200.11,4561669.81,3820200.1091322717,0.0,2.2714206558421234e-08
2022-06-13,4221162.05,3579316.15,4221162.05,3579316.148208228,0.0,5.00590585429009e-08
2022-06-14,4843640.76,3943051.0,4843640.76,3943051.004554483,0.0,1.1550657367156764e-07
2022-06-15,4969823.53,4197066.37,4969823.53,4197066.366339563,0.0,8.721417287608893e-08
2022-06-16,4143877.35,3546880.86,4143877.35,3546880.8550438993,0.0,1.3973123985063677e-07
2022-06-17,4914374.7,4127718.74,4914374.7,4127718.7350810166,0.0,1.1916954573833688e-07
2022-06-18,4817780.87,3824360.06,4817780.87,3824360.0555971446,0.0,1.1512659221663122e-07
2022-06-19,3795086.21,3161112.99,3795086.21,3161112.989249587,0.0,2.3738890918176948e-08
2022-06-20,3323030.57,2753309.16,3323030.57,2753309.1550027975,0.0,1.8149805817260395e-07
2022-06-21,4271838.09,3517936.59,4271838.09,3517936.58684023,0.0,8.981883925134022e-08
2022-06-22,5182306.11,4283552.22,5182306.11,4283552.221640336,0.0,3.829383893970816e-08
2022-06-23,3276933.23,2698817.37,3276933.23,2698817.370515208,0.0,1.9090143692774957e-08
2022-06-24,4334289.08,3840132.24,4334289.08,3840132.236792092,0.0,8.353639436054691e-08
2022-06-25,3650772.37,3465656.03,3650772.37,3465656.0273314114,0.0,7.700096025510146e-08
2022-06-26,3313898.55,3251613.07,3313898.55,3251613.0685048196,0.0,4.5982721612206995e-08
2022-06-27,3481464.68,3545701.77,3481464.68,3545701.7689349577,0.0,3.0037561098661044e-08
2022-06-28,5799352.35,5797836.84,5799352.35,5797836.843162888,0.0,5.455289560573409e-08
2022-06-29,7265484.49,7471904.08,7265484.49,7471904.078796487,0.0,1.6107176430960656e-08
2022-06-30,5503799.91,5548808.71,5503799.91,5548808.714506197,0.0,8.121016712245601e-08
2022-07-01,5150082.22,5158929.6,5150082.22,5158929.603398201,0.0,6.587028108221882e-08
2022-07-02,4591824.74,4681370.69,4591824.74,4681370.688796353,0.0,2.5711439969114402e-08
2022-07-03,3487232.0,3467227.39,3487232.0,3467227.3944829656,0.0,1.2929539792121623e-07
2022-07-04,1208545.64,1210803.29,1208545.64,1210803.2930069377,0.0,2.4834237779168787e-07
2022-07-05,1079245.09,1067117.75,1079245.09,1067117.7546397832,0.0,4.3479580165002035e-07
2022-07-06,2003115.26,1958001.67,2003115.26,1958001.6651180536,0.0,2.493331055231229e-07
2022-07-07,2178171.4,2191625.58,2178171.4,2191625.576369762,0.0,1.656413464344031e-07
2022-07-08,1881078.1,1982500.01,1881078.1,1982500.0113094859,0.0,6.605225052218032e-08
2022-07-09,1988747.3,2091746.39,1988747.3,2091746.3877479827,0.0,1.076620549510818e-07
2022-07-10,2250020.87,2249417.16,2250020.87,2249417.163769303,0.0,1.6756797306076799e-07
2022-07-11,3085208.06,3120714.69,3085208.06,3120714.686579688,0.0,1.0960027741586761e-07
2022-07-12,3275001.85,3465716.5,3275001.85,3465716.4957861854,0.0,1.215856699084847e-07
2022-07-13,3331997.68,3265956.0,3331997.68,3265956.001737716,0.0,5.3206967334776545e-08
2022-07-14,3428606.64,3482102.84,3428606.64,3482102.842898522,0.0,8.324056813394849e-08
2022-07-15,3272104.3,3382105.17,3272104.3,3382105.1727433926,0.0,8.111494407174894e-08
2022-07-16,3060600.17,3054594.29,3060600.17,3054594.2874604757,0.0,8.313786060487763e-08
2022-07-17,3238870.01,3239433.47,3238870.0100000002,3239433.467216651,1.437727620651683e-14,8.592086472181684e-08
2022-07-18,3305333.1,3363292.96,3305333.1,3363292.963193526,0.0,9.495236071003475e-08
2022-07-19,3101945.44,3019090.18,3101945.44,3019090.178678348,0.0,4.377649868114557e-08
2022-07-20,3436240.82,3222539.9,3436240.82,3222539.8996352386,0.0,1.1319063385766333e-08
2022-07-21,3596036.01,3119249.05,3596036.01,3119249.0518096043,0.0,5.801410650302054e-08
2022-07-22,2771453.13,2364982.84,2771453.13,2364982.839347217,0.0,2.7602002346853446e-08
2022-07-23,4190232.53,3612754.83,4190232.53,3612754.833980514,0.0,1.1017947010152154e-07
2022-07-24,3833852.9,3118207.38,3833852.9,3118207.383097488,0.0,9.933553807508648e-08
2022-07-25,2614143.21,2099890.98,2614143.21,2099890.9771749377,0.0,1.345337583337974e-07
2022-07-26,3176075.37,2651641.17,3176075.37,2651641.169688517,0.0,1.1746789167755153e-08
2022-07-27,4214912.76,3467925.47,4214912.76,3467925.465846092,0.0,1.1978078151617032e-07
2022-07-28,4859620.98,3942867.94,4859620.98,3942867.9381894795,0.0,4.591887045837986e-08
2022-07-29,3226100.81,2681143.22,3226100.81,2681143.2173781623,0.0,9.778805817162869e-08
2022-07-30,2682461.47,2137462.32,2682461.47,2137462.316912109,0.0,1.4446527413351757e-07
2022-07-31,4622917.86,3735517.99,4622917.86,3735517.993355267,0.0,8.982066211392347e-08
2022-08-01,4081818.17,3201046.8,4081818.17,3201046.798671718,0.0,4.149522564236474e-08
2022-08-02,4490226.96,3711709.11,4490226.96,3711709.11388531,0.0,1.0467711849413612e-07
2022-08-03,5085558.26,4209543.55,5085558.26,4209543.547493151,0.0,5.955154982713222e-08
2022-08-04,4345026.44,3614349.89,4345026.44,3614349.8939679456,0.0,1.0978310303973924e-07
2022-08-05,2114789.45,1780212.48,2114789.45,1780212.4798904068,0.0,6.1561837347209696e-09
2022-08-06,2325289.52,2017328.21,2325289.52,2017328.2086777056,0.0,6.554681315719749e-08
2022-08-07,2331541.43,1882527.46,2331541.43,1882527.4563706224,0.0,1.9279280937840087e-07
2022-08-08,3054473.91,2576748.48,3054473.91,2576748.477716005,0.0,8.863864895967908e-08
2022-08-09,2488386.71,1932711.49,2488386.71,1932711.490920223,0.0,4.761305952453417e-08
2022-08-10,2963483.62,2399743.47,2963483.62,2399743.472206164,0.0,9.19333242956658e-08
2022-08-11,3674343.1,3109434.98,3674343.1,3109434.9765256247,0.0,1.1173654555896716e-07
2022-08-12,2787707.25,2241846.4,2787707.25,2241846.399964323,0.0,1.5914161286147773e-09
2022-08-13,1789226.45,1446390.99,1789226.45,1446390.9935950867,0.0,2.485556651537077e-07
2022-08-14,2557373.24,2109123.95,2557373.24,2109123.949167684,0.0,3.946264040169585e-08
2022-08-15,3869248.63,3309171.5,3869248.63,3309171.497414411,0.0,7.813402703332528e-08
2022-08-16,3139997.28,2622848.5,3139997.2800000003,2622848.5014810036,1.4829990149155138e-14,5.646546469052408e-08
2022-08-17,3480892.06,2948849.64,3480892.06,2948849.6386371357,0.0,4.621681537282085e-08
2022-08-18,4171974.77,3471070.42,4171974.77,3471070.4207766573,0.0,2.2375154491616413e-08
2022-08-19,2011108.63,1643391.76,2011108.63,1643391.7596287031,0.0,2.259332796459775e-08
2022-08-20,2479005.37,2092133.98,2479005.37,2092133.9752336184,0.0,2.27823916827733e-07
2022-08-21,2235990.02,1905397.24,2235990.02,1905397.2371086034,0.0,1.5174770789559725e-07
2022-08-22,3743695.22,3095599.8,3743695.22,3095599.795283639,0.0,1.5235693391404386e-07
2022-08-23,2422220.1,1951701.71,2422220.1,1951701.7116127699,0.0,8.26340366058173e-08
2022-08-24,3292983.26,2679505.93,3292983.2600000002,2679505.9334554053,1.4141015928144723e-14,1.2895680076109473e-07
2022-08-25,3512475.16,2996327.54,3512475.16,2996327.536847075,0.0,1.0522631499338831e-07
2022-08-26,3544046.7,2980867.4,3544046.7,2980867.3969386807,0.0,1.0269894043969518e-07
2022-08-27,2367664.33,1897436.06,2367664.33,1897436.0635465244,0.0,1.8691140123311111e-07
2022-08-28,7051722.27,5879145.36,7051722.27,5879145.357945819,0.0,3.494012860954974e-08
2022-08-29,7928796.83,6503005.43,7928796.83,6503005.431011028,0.0,1.554708765664978e-08
2022-08-30,6574345.89,5482415.72,6574345.89,5482415.724919391,0.0,8.973035568051739e-08
2022-08-31,7627532.44,6341793.09,7627532.44,6341793.094137435,0.0,6.524077556533029e-08
2022-09-01,6284732.49,5155753.38,6284732.49,5155753.381023959,0.0,1.986051878352899e-08
2022-09-02,1902817.9,1746845.19,1902817.9,1746845.1938336608,0.0,2.1946196937401878e-07
2022-09-03,1443083.36,1319555.66,1443083.36,1319555.6561816996,0.0,2.893625813279861e-07
2022-09-04,1814811.35,1668265.18,1814811.35,1668265.1836072332,0.0,2.1622661259204463e-07
2022-09-05,2214621.47,2091481.45,2214621.47,2091481.4516845355,0.0,8.054269511220567e-08
2022-09-06,1440405.44,1324005.11,1440405.44,1324005.1102220374,0.0,1.6770125117266895e-08
2022-09-07,1890879.55,1717460.94,1890879.55,1717460.9439658602,0.0,2.3091414426640985e-07
2022-09-08,3137260.99,2854328.48,3137260.99,2854328.4779784204,0.0,7.08250487533472e-08
2022-09-09,1905843.43,1773901.8,1905843.43,1773901.79523177,0.0,2.6879898430679247e-07
2022-09-10,3003150.84,2629180.97,3003150.84,2629180.969749494,0.0,9.527918300637053e-09
2022-09-11,3574194.77,3355823.68,3574194.77,3355823.6774141705,0.0,7.705499298683754e-08
2022-09-12,3415849.51,3102681.39,3415849.51,3102681.386357717,0.0,1.173914577922646e-07
2022-09-13,2521208.91,2449598.89,2521208.91,2449598.887020403,0.0,1.2163612128243753e-07
2022-09-14,2125189.04,1992207.12,2125189.04,1992207.1205560106,0.0,2.7909272811237238e-08
2022-09-15,3154006.65,2833555.37,3154006.65,2833555.3727142797,0.0,9.579059587640065e-08
2022-09-16,2557894.76,2402816.85,2557894.7600000002,2402816.8467566646,1.8204864976842883e-14,1.349805551226793e-07
2022-09-17,1810510.0,1735920.18,1810510.0,1735920.1776703838,0.0,1.3420064676644577e-07
2022-09-18,2355578.71,2098692.33,2355578.71,2098692.3303464437,0.0,1.6507594319639335e-08
2022-09-19,2832515.44,2618684.64,2832515.44,2618684.6442524306,0.0,1.6238803452203612e-07
2022-09-20,1813002.77,1685796.46,1813002.77,1685796.458517096,0.0,8.796459077669099e-08
2022-09-21,2262085.02,2156585.58,2262085.02,2156585.578891806,0.0,5.138651792859942e-08
2022-09-22,3106149.95,2910964.29,3106149.95,2910964.2947628945,0.0,1.63619130963985e-07
2022-09-23,2634119.24,2453809.45,2634119.24,2453809.449664866,0.0,1.365770680233314e-08
2022-09-24,2896411.14,2694695.72,2896411.14,2694695.717460273,0.0,9.424913367161239e-08
2022-09-25,3041369.47,2753150.12,3041369.47,2753150.1154529443,0.0,1.651582954978832e-07
2022-09-26,5205389.57,4849044.63,5205389.57,4849044.6313138185,0.0,2.70943808297183e-08
2022-09-27,4259834.95,3803492.23,4259834.95,3803492.2300653527,0.0,1.7182306089768812e-09
2022-09-28,4257301.76,3860995.61,4257301.76,3860995.6083116895,0.0,4.3727333086177697e-08
2022-09-29,4352754.23,4023586.93,4352754.23,4023586.9257234954,0.0,1.0628587910536285e-07
2022-09-30,2551313.88,2332362.64,2551313.88,2332362.641842424,0.0,7.899388269354282e-08
2022-10-01,1469771.93,1293984.1,1469771.93,1293984.1003615316,0.0,2.7939408778194762e-08
2022-10-02,1289798.82,1015484.47,1289798.82,1015484.4674499294,0.0,2.5111861368833893e-07
2022-10-03,2179072.88,1799910.69,2179072.88,1799910.6867286998,0.0,1.81747912882756e-07
2022-10-04,2751920.12,2302490.12,2751920.12,2302490.1173924655,0.0,1.1324846160631231e-07
2022-10-05,1527341.84,1209546.76,1527341.84,1209546.7576897626,0.0,1.9100025381468462e-07
2022-10-06,2026518.43,1678609.18,2026518.43,1678609.1813153918,0.0,7.836200772560853e-08
2022-10-07,1406363.3,1112130.94,1406363.3,1112130.9427524216,0.0,2.474907906638658e-07
2022-10-08,2137543.63,1805932.34,2137543.63,1805932.335399109,0.0,2.547654218843114e-07
2022-10-09,1805775.79,1488842.7,1805775.79,1488842.695687252,0.0,2.896711557642774e-07
2022-10-10,2356440.12,1975941.69,2356440.12,1975941.686588998,0.0,1.7262665233206294e-07
2022-10-11,2270162.6,1955651.17,2270162.6,1955651.170769324,0.0,3.933851531586159e-08
2022-10-12,1976207.14,1617749.24,1976207.14,1617749.243156402,0.0,1.9511070303304399e-07
2022-10-13,2430819.33,1940628.06,2430819.33,1940628.058678463,0.0,6.809841523637098e-08
2022-10-14,1927818.67,1586067.15,1927818.67,1586067.153383239,0.0,2.133099492477767e-07
2022-10-15,1986495.19,1576156.75,1986495.19,1576156.747421087,0.0,1.6362033797359352e-07
2022-10-16,1897952.11,1655869.65,1897952.11,1655869.64985947,0.0,8.486768534033445e-09
2022-10-17,2507328.8,2119354.36,2507328.8,2119354.3646945073,0.0,2.2150649018014723e-07
2022-10-18,3170696.65,2645141.42,3170696.65,2645141.416726589,0.0,1.2375182278962365e-07
2022-10-19,2324314.45,1931007.25,2324314.45,1931007.245837006,0.0,2.1558665720036147e-07
2022-10-20,2591151.06,2095872.66,2591151.06,2095872.655797548,0.0,2.0051084699880062e-07
2022-10-21,2662328.56,2201489.2,2662328.56,2201489.2045966196,0.0,2.0879590965638619e-07
2022-10-22,2407124.47,1949055.98,2407124.47,1949055.982689156,0.0,1.3797222914075967e-07
2022-10-23,1971627.46,1628494.03,1971627.46,1628494.0289532726,0.0,6.427579052586122e-08
2022-10-24,2678456.17,2245907.36,2678456.17,2245907.3630608562,0.0,1.3628595831275544e-07
2022-10-25,3003375.87,2373976.27,3003375.87,2373976.265727906,0.0,1.7995521060560565e-07
2022-10-26,2345490.55,1902512.75,2345490.5500000003,1902512.74863406,1.9853471049275356e-14,7.179663245586974e-08
2022-10-27,2493935.72,2087492.57,2493935.72,2087492.569824766,0.0,8.394480809097857e-09
2022-10-28,4210212.53,3513694.7,4210212.53,3513694.695324336,0.0,1.3306972878616138e-07
2022-10-29,3626939.26,2918150.87,3626939.26,2918150.865199648,0.0,1.644997973638344e-07
2022-10-30,3130677.4,2518990.77,3130677.4,2518990.770032553,0.0,1.2923026157742582e-09
2022-10-31,4630791.46,3823758.6,4630791.46,3823758.5974474936,0.0,6.675386134191642e-08
2022-11-01,3025164.28,2504688.31,3025164.2800000003,2504688.306590338,1.5392925613538555e-14,1.3613120124942828e-07
2022-11-02,1338326.56,1136192.76,1338326.56,1136192.7600424017,0.0,3.731912517941129e-09
2022-11-03,1253721.23,994106.82,1253721.23,994106.8179297516,0.0,2.0825210311043698e-07
2022-11-04,1065066.0,908402.36,1065066.0,908402.3585571526,0.0,1.5883351780226178e-07
2022-11-05,1826120.07,1592683.79,1826120.0699999998,1592683.794991346,1.2750018330058091e-14,3.1339215418761585e-07
2022-11-06,2207719.98,1750011.7,2207719.98,1750011.6963695076,0.0,2.0745531990304217e-07
2022-11-07,1655852.99,1340974.43,1655852.99,1340974.4344577044,0.0,3.324227808020675e-07
2022-11-08,1781413.12,1480654.53,1781413.12,1480654.5287489197,0.0,8.449508517337104e-08
2022-11-09,845358.47,699535.31,845358.47,699535.3117776349,0.0,2.54116527659956e-07
2022-11-10,2079598.87,1694276.76,2079598.8699999999,1694276.7623990958,1.1195940092709784e-14,1.4159999454716783e-07
2022-11-11,1581745.15,1307363.48,1581745.15,1307363.4782883553,0.0,1.3092339843655334e-07
2022-11-12,1354235.95,1091940.76,1354235.95,1091940.7631134081,0.0,2.851261003674351e-07
2022-11-13,2903552.41,2399414.44,2903552.41,2399414.4351190673,0.0,2.034218242590529e-07
2022-11-14,1656739.7,1428653.75,1656739.7,1428653.7536933601,0.0,2.5852031234453174e-07
2022-11-15,1547150.37,1239694.48,1547150.3699999999,1239694.4788811489,1.504899899638518e-14,9.025216657437815e-08
2022-11-16,1436853.58,1152791.3,1436853.58,1152791.2950800438,0.0,4.267863754187549e-07
2022-11-17,1542318.91,1326508.48,1542318.91,1326508.475885055,0.0,3.1020871826401157e-07
2022-11-18,2067584.69,1767319.2,2067584.69,1767319.2042719882,0.0,2.417213761551045e-07
2022-11-19,1496563.56,1377725.1,1496563.56,1377725.1025684814,0.0,1.864291546394371e-07
2022-11-20,1857748.24,1631718.89,1857748.24,1631718.8918566161,0.0,1.1378284849936278e-07
2022-11-21,1349907.06,1276634.29,1349907.06,1276634.2908564443,0.0,6.708610651656505e-08
2022-11-22,853188.02,904694.78,853188.02,904694.7751064699,0.0,5.40903989762014e-07
2022-11-23,1060969.69,1157743.64,1060969.69,1157743.6424362904,0.0,2.1043436654919887e-07
2022-11-24,1729664.2,1775190.25,1729664.2,1775190.246104838,0.0,2.1942222284384853e-07
2022-11-25,1527923.9,1576795.62,1527923.9000000001,1576795.6240674346,1.5238366495469418e-14,2.579557180435336e-07
2022-11-26,2035639.78,2105948.81,2035639.78,2105948.808440355,0.0,7.405901464030642e-08
2022-11-27,3138619.13,3283279.48,3138619.13,3283279.4816726856,0.0,5.0945575062439535e-08
2022-11-28,2104917.42,2152332.4,2104917.42,2152332.4026418743,0.0,1.2274471942663487e-07
2022-11-29,2558728.79,2694391.19,2558728.79,2694391.1869210345,0.0,1.1427314198554876e-07
2022-11-30,1317689.52,1346354.39,1317689.52,1346354.3894501142,0.0,4.084256576559562e-08
2022-12-01,1668445.9,1683082.9,1668445.9,1683082.9048284634,0.0,2.868820984007269e-07
2022-12-02,720381.04,726739.78,720381.04,726739.7803743003,0.0,5.1504032016492644e-08
2022-12-03,753704.17,751384.0,753704.17,751383.9986209681,0.0,1.835322446053647e-07
2022-12-04,664409.51,678890.04,664409.51,678890.0435632989,0.0,5.248712801562122e-07
2022-12-05,1607335.1,1688255.85,1607335.1,1688255.849786257,0.0,1.2660592142306239e-08
2022-12-06,1436188.44,1460346.38,1436188.44,1460346.3818247227,0.0,1.2495137339579896e-07
2022-12-07,760218.13,731672.82,760218.13,731672.8152303206,0.0,6.518869174006839e-07
2022-12-08,818209.67,832757.07,818209.6699999999,832757.068720349,1.4228054995602144e-14,1.5366437591813456e-07
2022-12-09,1323267.85,1366777.35,1323267.85,1366777.3480576128,0.0,1.4211439166561918e-07
2022-12-10,1598936.84,1616981.65,1598936.84,1616981.6529147783,0.0,1.8026045147539356e-07
2022-12-11,1420910.74,1526398.5,1420910.74,1526398.4983351224,0.0,1.0907227937908363e-07
2022-12-12,1983085.06,2071778.79,1983085.06,2071778.7880888751,0.0,9.224560663746934e-08
2022-12-13,1652309.19,1687562.98,1652309.19,1687562.9833813908,0.0,2.003712372886571e-07
2022-12-14,1662243.59,1688191.22,1662243.59,1688191.2157856538,0.0,2.4963677846952377e-07
2022-12-15,1494318.64,1554407.68,1494318.64,1554407.681639569,0.0,1.054787105930672e-07
2022-12-16,1482192.97,1521540.05,1482192.97,1521540.054920714,0.0,3.234035192933527e-07
2022-12-17,1302193.74,1321522.92,1302193.74,1321522.9196758172,0.0,2.4530991714774043e-08
2022-12-18,2201374.59,2308997.06,2201374.59,2308997.062017301,0.0,8.736698181992881e-08
2022-12-19,2250767.39,2245767.23,2250767.39,2245767.228718006,0.0,5.7084897854562245e-08
2022-12-20,2026810.08,2053084.16,2026810.08,2053084.1605828812,0.0,2.8390520135284756e-08
2022-12-21,1795395.02,1806884.57,1795395.02,1806884.5685047584,0.0,8.275247229401942e-08
2022-12-22,1791622.46,1773829.08,1791622.46,1773829.0804652157,0.0,2.6226633371902196e-08
2022-12-23,1501209.11,1499234.75,1501209.1099999999,1499234.7534969286,1.5509541082778907e-14,2.3324756888021286e-07
2022-12-24,1390870.89,1401661.67,1390870.89,1401661.6701919944,0.0,1.369763339989296e-08
2022-12-25,1136772.53,1160100.63,1136772.53,1160100.627779932,0.0,1.9136856206053797e-07
2022-12-26,2110830.12,2160963.69,2110830.12,2160963.6861058236,0.0,1.8020554219227465e-07
2022-12-27,2100553.66,2184872.24,2100553.66,2184872.244360387,0.0,1.9957169834828232e-07
2022-12-28,3448729.2,3513621.0,3448729.2,3513621.0035285796,0.0,1.0042573185555994e-07
2022-12-29,3083944.33,3170787.1,3083944.33,3170787.0950983115,0.0,1.5458901500962667e-07
2022-12-30,2884668.76,3022292.15,2884668.76,3022292.1463502347,0.0,1.207614942167242e-07
2022-12-31,2383037.48,2279288.13,2383037.48,2279288.1290654894,0.0,4.10001034747804e-08
